[
{"observadores":"2018_orosw_gorobale_blackcumin_1","name_user":"Sheik Ahmed Dube","name_family":"None","village":"W/Gobu","district":"Goro","telephone":"0","gender":"M","age":"45","location_longitude_seed_delivery_point":"40.58333333","location_latitude_seed_delivery_point":"6.75","location_altitude":"1312","location_longitude":"40.58333333","location_latitude":"6.75","planting_date":"2018-09-25","harvest_date":"2019-01-11","weight_of_all_yield_of_the_variety_a_in_kg":"1","weight_of_all_yield_of_the_variety_b_in_kg":"0.5","weight_of_all_yield_of_the_variety_c_in_kg":"1.2","from_the_3_varieties_which_one_would_you_like_to_grow_again":"C","codigo_paquetes":"package_2018_orosw_gorobale_blackcumin_01","caracteristica_1":"Disease_resistance-(A/B/C)","best_variedad_1":"C","worst_variedad_1":"B","caracteristica_2":"Yield-(A/B/C)","best_variedad_2":"C","worst_variedad_2":"B","caracteristica_3":"Value_in_the_market-(A/B/C)","best_variedad_3":"C","worst_variedad_3":"B","caracteristica_4":"Tillering_Capacity-(A/B/C)","better_variedad_4":"C","worse_variedad_4":"B","caracteristica_5":"Seed_Color-(A/B/C)","better_variedad_5":"C","worse_variedad_5":"B","caracteristica_6":"Overall_performance-(A/B/C)","best_variedad_6":"C","worst_variedad_6":"B","evaluation":"1"},
{"observadores":"2018_orosw_gorobale_blackcumin_10","name_user":"Husein Aman","name_family":"None","village":"W/Gobu","district":"Goro","telephone":"0","gender":"M","age":"51","location_longitude_seed_delivery_point":"40.58333333","location_latitude_seed_delivery_point":"6.75","location_altitude":"1312","location_longitude":"40.58333333","location_latitude":"6.75","planting_date":"2018-09-10","harvest_date":"2019-01-15","weight_of_all_yield_of_the_variety_a_in_kg":"1","weight_of_all_yield_of_the_variety_b_in_kg":"0.9","weight_of_all_yield_of_the_variety_c_in_kg":"0.15","from_the_3_varieties_which_one_would_you_like_to_grow_again":"A","codigo_paquetes":"package_2018_orosw_gorobale_blackcumin_10","caracteristica_1":"Disease_resistance-(A/B/C)","best_variedad_1":"A","worst_variedad_1":"C","caracteristica_2":"Yield-(A/B/C)","best_variedad_2":"A","worst_variedad_2":"C","caracteristica_3":"Value_in_the_market-(A/B/C)","best_variedad_3":"A","worst_variedad_3":"B","caracteristica_4":"Tillering_Capacity-(A/B/C)","better_variedad_4":"A","worse_variedad_4":"B","caracteristica_5":"Seed_Color-(A/B/C)","better_variedad_5":"A","worse_variedad_5":"C","caracteristica_6":"Overall_performance-(A/B/C)","best_variedad_6":"A","worst_variedad_6":"C","evaluation":"1"},
{"observadores":"2018_orosw_gorobale_blackcumin_11","name_user":"muhammed-husein  Abdi","name_family":"None","village":"W/Gobu","district":"Goro","telephone":"0","gender":"M","age":"49","location_longitude_seed_delivery_point":"40.58333333","location_latitude_seed_delivery_point":"6.75","location_altitude":"1312","location_longitude":"40.58333333","location_latitude":"6.75","planting_date":"2018-09-23","harvest_date":"2019-01-08","weight_of_all_yield_of_the_variety_a_in_kg":"0.5","weight_of_all_yield_of_the_variety_b_in_kg":"0.66","weight_of_all_yield_of_the_variety_c_in_kg":"1","from_the_3_varieties_which_one_would_you_like_to_grow_again":"C","codigo_paquetes":"package_2018_orosw_gorobale_blackcumin_11","caracteristica_1":"Disease_resistance-(A/B/C)","best_variedad_1":"C","worst_variedad_1":"A","caracteristica_2":"Yield-(A/B/C)","best_variedad_2":"C","worst_variedad_2":"A","caracteristica_3":"Value_in_the_market-(A/B/C)","best_variedad_3":"A","worst_variedad_3":"B","caracteristica_4":"Tillering_Capacity-(A/B/C)","better_variedad_4":"A","worse_variedad_4":"B","caracteristica_5":"Seed_Color-(A/B/C)","better_variedad_5":"C","worse_variedad_5":"A","caracteristica_6":"Overall_performance-(A/B/C)","best_variedad_6":"C","worst_variedad_6":"A","evaluation":"1"},
{"observadores":"2018_orosw_gorobale_blackcumin_12","name_user":"Ahmed  H/Husein ","name_family":"None","village":"W/Gobu","district":"Goro","telephone":"0","gender":"M","age":"34","location_longitude_seed_delivery_point":"40.58333333","location_latitude_seed_delivery_point":"6.75","location_altitude":"1312","location_longitude":"40.58333333","location_latitude":"6.75","planting_date":"2018-09-09","harvest_date":"2019-01-28","weight_of_all_yield_of_the_variety_a_in_kg":"0.66","weight_of_all_yield_of_the_variety_b_in_kg":"0.83","weight_of_all_yield_of_the_variety_c_in_kg":"1","from_the_3_varieties_which_one_would_you_like_to_grow_again":"C","codigo_paquetes":"package_2018_orosw_gorobale_blackcumin_12","caracteristica_1":"Disease_resistance-(A/B/C)","best_variedad_1":"C","worst_variedad_1":"A","caracteristica_2":"Yield-(A/B/C)","best_variedad_2":"C","worst_variedad_2":"A","caracteristica_3":"Value_in_the_market-(A/B/C)","best_variedad_3":"C","worst_variedad_3":"A","caracteristica_4":"Tillering_Capacity-(A/B/C)","better_variedad_4":"C","worse_variedad_4":"A","caracteristica_5":"Seed_Color-(A/B/C)","better_variedad_5":"C","worse_variedad_5":"A","caracteristica_6":"Overall_performance-(A/B/C)","best_variedad_6":"C","worst_variedad_6":"A","evaluation":"1"},
{"observadores":"2018_orosw_gorobale_blackcumin_13","name_user":"Muhammed  Hasi","name_family":"None","village":"W/Gobu","district":"Goro","telephone":"0","gender":"M","age":"26","location_longitude_seed_delivery_point":"40.58333333","location_latitude_seed_delivery_point":"6.75","location_altitude":"1312","location_longitude":"40.58333333","location_latitude":"6.75","planting_date":"2018-09-23","harvest_date":"2019-01-12","weight_of_all_yield_of_the_variety_a_in_kg":"0.5","weight_of_all_yield_of_the_variety_b_in_kg":"0.66","weight_of_all_yield_of_the_variety_c_in_kg":"0.5","from_the_3_varieties_which_one_would_you_like_to_grow_again":"B","codigo_paquetes":"package_2018_orosw_gorobale_blackcumin_13","caracteristica_1":"Disease_resistance-(A/B/C)","best_variedad_1":"B","worst_variedad_1":"A","caracteristica_2":"Yield-(A/B/C)","best_variedad_2":"B","worst_variedad_2":"A","caracteristica_3":"Value_in_the_market-(A/B/C)","best_variedad_3":"B","worst_variedad_3":"A","caracteristica_4":"Tillering_Capacity-(A/B/C)","better_variedad_4":"B","worse_variedad_4":"A","caracteristica_5":"Seed_Color-(A/B/C)","better_variedad_5":"B","worse_variedad_5":"A","caracteristica_6":"Overall_performance-(A/B/C)","best_variedad_6":"B","worst_variedad_6":"A","evaluation":"1"},
{"observadores":"2018_orosw_gorobale_blackcumin_14","name_user":"Alo Aman Dube","name_family":"None","village":"W/Gobu","district":"Goro","telephone":"0","gender":"M","age":"36","location_longitude_seed_delivery_point":"40.58333333","location_latitude_seed_delivery_point":"6.75","location_altitude":"1312","location_longitude":"40.58333333","location_latitude":"6.75","planting_date":"2018-09-15","harvest_date":"2019-01-26","weight_of_all_yield_of_the_variety_a_in_kg":"0.5","weight_of_all_yield_of_the_variety_b_in_kg":"0.66","weight_of_all_yield_of_the_variety_c_in_kg":"0.83","from_the_3_varieties_which_one_would_you_like_to_grow_again":"C","codigo_paquetes":"package_2018_orosw_gorobale_blackcumin_14","caracteristica_1":"Disease_resistance-(A/B/C)","best_variedad_1":"C","worst_variedad_1":"A","caracteristica_2":"Yield-(A/B/C)","best_variedad_2":"C","worst_variedad_2":"A","caracteristica_3":"Value_in_the_market-(A/B/C)","best_variedad_3":"A","worst_variedad_3":"C","caracteristica_4":"Tillering_Capacity-(A/B/C)","better_variedad_4":"A","worse_variedad_4":"C","caracteristica_5":"Seed_Color-(A/B/C)","better_variedad_5":"C","worse_variedad_5":"A","caracteristica_6":"Overall_performance-(A/B/C)","best_variedad_6":"C","worst_variedad_6":"A","evaluation":"1"},
{"observadores":"2018_orosw_gorobale_blackcumin_15","name_user":"Aman Ahmed ","name_family":"None","village":"W/Gobu","district":"Goro","telephone":"0","gender":"M","age":"41","location_longitude_seed_delivery_point":"40.58333333","location_latitude_seed_delivery_point":"6.75","location_altitude":"1312","location_longitude":"40.58333333","location_latitude":"6.75","planting_date":"2018-09-27","harvest_date":"2019-01-21","weight_of_all_yield_of_the_variety_a_in_kg":"0.9","weight_of_all_yield_of_the_variety_b_in_kg":"1.5","weight_of_all_yield_of_the_variety_c_in_kg":"1","from_the_3_varieties_which_one_would_you_like_to_grow_again":"B","codigo_paquetes":"package_2018_orosw_gorobale_blackcumin_15","caracteristica_1":"Disease_resistance-(A/B/C)","best_variedad_1":"B","worst_variedad_1":"A","caracteristica_2":"Yield-(A/B/C)","best_variedad_2":"B","worst_variedad_2":"A","caracteristica_3":"Value_in_the_market-(A/B/C)","best_variedad_3":"C","worst_variedad_3":"A","caracteristica_4":"Tillering_Capacity-(A/B/C)","better_variedad_4":"B","worse_variedad_4":"A","caracteristica_5":"Seed_Color-(A/B/C)","better_variedad_5":"B","worse_variedad_5":"A","caracteristica_6":"Overall_performance-(A/B/C)","best_variedad_6":"B","worst_variedad_6":"A","evaluation":"1"},
{"observadores":"2018_orosw_gorobale_blackcumin_16","name_user":"Abdushe Jemal","name_family":"None","village":"W/Gobu","district":"Goro","telephone":"0","gender":"M","age":"26","location_longitude_seed_delivery_point":"40.58333333","location_latitude_seed_delivery_point":"6.75","location_altitude":"1312","location_longitude":"40.58333333","location_latitude":"6.75","planting_date":"2018-09-21","harvest_date":"2019-01-23","weight_of_all_yield_of_the_variety_a_in_kg":"1","weight_of_all_yield_of_the_variety_b_in_kg":"0.5","weight_of_all_yield_of_the_variety_c_in_kg":"0.66","from_the_3_varieties_which_one_would_you_like_to_grow_again":"A","codigo_paquetes":"package_2018_orosw_gorobale_blackcumin_16","caracteristica_1":"Disease_resistance-(A/B/C)","best_variedad_1":"A","worst_variedad_1":"C","caracteristica_2":"Yield-(A/B/C)","best_variedad_2":"A","worst_variedad_2":"C","caracteristica_3":"Value_in_the_market-(A/B/C)","best_variedad_3":"A","worst_variedad_3":"C","caracteristica_4":"Tillering_Capacity-(A/B/C)","better_variedad_4":"A","worse_variedad_4":"C","caracteristica_5":"Seed_Color-(A/B/C)","better_variedad_5":"A","worse_variedad_5":"C","caracteristica_6":"Overall_performance-(A/B/C)","best_variedad_6":"A","worst_variedad_6":"C","evaluation":"1"},
{"observadores":"2018_orosw_gorobale_blackcumin_17","name_user":"Musa Adem","name_family":"None","village":"W/Gobu","district":"Goro","telephone":"0","gender":"M","age":"27","location_longitude_seed_delivery_point":"40.58333333","location_latitude_seed_delivery_point":"6.75","location_altitude":"1312","location_longitude":"40.58333333","location_latitude":"6.75","planting_date":"2018-09-12","harvest_date":"2019-01-28","weight_of_all_yield_of_the_variety_a_in_kg":"0.83","weight_of_all_yield_of_the_variety_b_in_kg":"0.66","weight_of_all_yield_of_the_variety_c_in_kg":"0.83","from_the_3_varieties_which_one_would_you_like_to_grow_again":"A","codigo_paquetes":"package_2018_orosw_gorobale_blackcumin_17","caracteristica_1":"Disease_resistance-(A/B/C)","best_variedad_1":"A","worst_variedad_1":"B","caracteristica_2":"Yield-(A/B/C)","best_variedad_2":"A","worst_variedad_2":"B","caracteristica_3":"Value_in_the_market-(A/B/C)","best_variedad_3":"A","worst_variedad_3":"B","caracteristica_4":"Tillering_Capacity-(A/B/C)","better_variedad_4":"A","worse_variedad_4":"B","caracteristica_5":"Seed_Color-(A/B/C)","better_variedad_5":"A","worse_variedad_5":"B","caracteristica_6":"Overall_performance-(A/B/C)","best_variedad_6":"A","worst_variedad_6":"B","evaluation":"1"},
{"observadores":"2018_orosw_gorobale_blackcumin_18","name_user":"Zawde Metasha","name_family":"None","village":"W/Gobu","district":"Goro","telephone":"0","gender":"M","age":"29","location_longitude_seed_delivery_point":"40.58333333","location_latitude_seed_delivery_point":"6.75","location_altitude":"1312","location_longitude":"40.58333333","location_latitude":"6.75","planting_date":"2018-09-23","harvest_date":"2019-01-13","weight_of_all_yield_of_the_variety_a_in_kg":"1","weight_of_all_yield_of_the_variety_b_in_kg":"0.83","weight_of_all_yield_of_the_variety_c_in_kg":"0.66","from_the_3_varieties_which_one_would_you_like_to_grow_again":"A","codigo_paquetes":"package_2018_orosw_gorobale_blackcumin_18","caracteristica_1":"Disease_resistance-(A/B/C)","best_variedad_1":"B","worst_variedad_1":"A","caracteristica_2":"Yield-(A/B/C)","best_variedad_2":"B","worst_variedad_2":"A","caracteristica_3":"Value_in_the_market-(A/B/C)","best_variedad_3":"B","worst_variedad_3":"A","caracteristica_4":"Tillering_Capacity-(A/B/C)","better_variedad_4":"B","worse_variedad_4":"A","caracteristica_5":"Seed_Color-(A/B/C)","better_variedad_5":"B","worse_variedad_5":"A","caracteristica_6":"Overall_performance-(A/B/C)","best_variedad_6":"B","worst_variedad_6":"A","evaluation":"1"},
{"observadores":"2018_orosw_gorobale_blackcumin_19","name_user":"Mekida Adem","name_family":"None","village":"W/Gobu","district":"Goro","telephone":"0","gender":"F","age":"29","location_longitude_seed_delivery_point":"40.58333333","location_latitude_seed_delivery_point":"6.75","location_altitude":"1312","location_longitude":"40.58333333","location_latitude":"6.75","planting_date":"2018-09-26","harvest_date":"2019-01-21","weight_of_all_yield_of_the_variety_a_in_kg":"1","weight_of_all_yield_of_the_variety_b_in_kg":"1.3","weight_of_all_yield_of_the_variety_c_in_kg":"2","from_the_3_varieties_which_one_would_you_like_to_grow_again":"B","codigo_paquetes":"package_2018_orosw_gorobale_blackcumin_19","caracteristica_1":"Disease_resistance-(A/B/C)","best_variedad_1":"B","worst_variedad_1":"A","caracteristica_2":"Yield-(A/B/C)","best_variedad_2":"B","worst_variedad_2":"A","caracteristica_3":"Value_in_the_market-(A/B/C)","best_variedad_3":"C","worst_variedad_3":"A","caracteristica_4":"Tillering_Capacity-(A/B/C)","better_variedad_4":"B","worse_variedad_4":"C","caracteristica_5":"Seed_Color-(A/B/C)","better_variedad_5":"B","worse_variedad_5":"C","caracteristica_6":"Overall_performance-(A/B/C)","best_variedad_6":"B","worst_variedad_6":"A","evaluation":"1"},
{"observadores":"2018_orosw_gorobale_blackcumin_2","name_user":"Baye Terefa","name_family":"None","village":"W/Gobu","district":"Goro","telephone":"0","gender":"F","age":"26","location_longitude_seed_delivery_point":"40.58333333","location_latitude_seed_delivery_point":"6.75","location_altitude":"1312","location_longitude":"40.58333333","location_latitude":"6.75","planting_date":"2018-09-15","harvest_date":"2019-01-28","weight_of_all_yield_of_the_variety_a_in_kg":"1.3","weight_of_all_yield_of_the_variety_b_in_kg":"0.7","weight_of_all_yield_of_the_variety_c_in_kg":"0.35","from_the_3_varieties_which_one_would_you_like_to_grow_again":"A","codigo_paquetes":"package_2018_orosw_gorobale_blackcumin_02","caracteristica_1":"Disease_resistance-(A/B/C)","best_variedad_1":"A","worst_variedad_1":"C","caracteristica_2":"Yield-(A/B/C)","best_variedad_2":"A","worst_variedad_2":"C","caracteristica_3":"Value_in_the_market-(A/B/C)","best_variedad_3":"A","worst_variedad_3":"C","caracteristica_4":"Tillering_Capacity-(A/B/C)","better_variedad_4":"A","worse_variedad_4":"C","caracteristica_5":"Seed_Color-(A/B/C)","better_variedad_5":"A","worse_variedad_5":"C","caracteristica_6":"Overall_performance-(A/B/C)","best_variedad_6":"A","worst_variedad_6":"C","evaluation":"1"},
{"observadores":"2018_orosw_gorobale_blackcumin_20","name_user":"Suleiman Geda","name_family":"None","village":"W/Gobu","district":"Goro","telephone":"0","gender":"M","age":"36","location_longitude_seed_delivery_point":"40.58333333","location_latitude_seed_delivery_point":"6.75","location_altitude":"1312","location_longitude":"40.58333333","location_latitude":"6.75","planting_date":"2018-09-21","harvest_date":"2019-01-27","weight_of_all_yield_of_the_variety_a_in_kg":"0.83","weight_of_all_yield_of_the_variety_b_in_kg":"0.66","weight_of_all_yield_of_the_variety_c_in_kg":"0.83","from_the_3_varieties_which_one_would_you_like_to_grow_again":"A","codigo_paquetes":"package_2018_orosw_gorobale_blackcumin_20","caracteristica_1":"Disease_resistance-(A/B/C)","best_variedad_1":"A","worst_variedad_1":"B","caracteristica_2":"Yield-(A/B/C)","best_variedad_2":"A","worst_variedad_2":"B","caracteristica_3":"Value_in_the_market-(A/B/C)","best_variedad_3":"A","worst_variedad_3":"B","caracteristica_4":"Tillering_Capacity-(A/B/C)","better_variedad_4":"A","worse_variedad_4":"B","caracteristica_5":"Seed_Color-(A/B/C)","better_variedad_5":"A","worse_variedad_5":"B","caracteristica_6":"Overall_performance-(A/B/C)","best_variedad_6":"A","worst_variedad_6":"B","evaluation":"1"},
{"observadores":"2018_orosw_gorobale_blackcumin_21","name_user":"Umar Aga","name_family":"None","village":"W/Gobu","district":"Goro","telephone":"0","gender":"M","age":"41","location_longitude_seed_delivery_point":"40.58333333","location_latitude_seed_delivery_point":"6.75","location_altitude":"1312","location_longitude":"40.58333333","location_latitude":"6.75","planting_date":"2018-09-17","harvest_date":"2019-01-10","weight_of_all_yield_of_the_variety_a_in_kg":"0.83","weight_of_all_yield_of_the_variety_b_in_kg":"0.5","weight_of_all_yield_of_the_variety_c_in_kg":"1","from_the_3_varieties_which_one_would_you_like_to_grow_again":"C","codigo_paquetes":"package_2018_orosw_gorobale_blackcumin_21","caracteristica_1":"Disease_resistance-(A/B/C)","best_variedad_1":"C","worst_variedad_1":"B","caracteristica_2":"Yield-(A/B/C)","best_variedad_2":"C","worst_variedad_2":"B","caracteristica_3":"Value_in_the_market-(A/B/C)","best_variedad_3":"C","worst_variedad_3":"B","caracteristica_4":"Tillering_Capacity-(A/B/C)","better_variedad_4":"C","worse_variedad_4":"B","caracteristica_5":"Seed_Color-(A/B/C)","better_variedad_5":"C","worse_variedad_5":"B","caracteristica_6":"Overall_performance-(A/B/C)","best_variedad_6":"C","worst_variedad_6":"B","evaluation":"1"},
{"observadores":"2018_orosw_gorobale_blackcumin_22","name_user":"Tilahun Geredo","name_family":"None","village":"W/Gobu","district":"Goro","telephone":"0","gender":"M","age":"28","location_longitude_seed_delivery_point":"40.58333333","location_latitude_seed_delivery_point":"6.75","location_altitude":"1312","location_longitude":"40.58333333","location_latitude":"6.75","planting_date":"2018-09-16","harvest_date":"2019-01-18","weight_of_all_yield_of_the_variety_a_in_kg":"0.5","weight_of_all_yield_of_the_variety_b_in_kg":"0.7","weight_of_all_yield_of_the_variety_c_in_kg":"0.83","from_the_3_varieties_which_one_would_you_like_to_grow_again":"C","codigo_paquetes":"package_2018_orosw_gorobale_blackcumin_22","caracteristica_1":"Disease_resistance-(A/B/C)","best_variedad_1":"C","worst_variedad_1":"A","caracteristica_2":"Yield-(A/B/C)","best_variedad_2":"C","worst_variedad_2":"A","caracteristica_3":"Value_in_the_market-(A/B/C)","best_variedad_3":"C","worst_variedad_3":"A","caracteristica_4":"Tillering_Capacity-(A/B/C)","better_variedad_4":"C","worse_variedad_4":"A","caracteristica_5":"Seed_Color-(A/B/C)","better_variedad_5":"C","worse_variedad_5":"A","caracteristica_6":"Overall_performance-(A/B/C)","best_variedad_6":"C","worst_variedad_6":"A","evaluation":"1"},
{"observadores":"2018_orosw_gorobale_blackcumin_23","name_user":"Melaku Garedew","name_family":"None","village":"W/Gobu","district":"Goro","telephone":"0","gender":"M","age":"51","location_longitude_seed_delivery_point":"40.58333333","location_latitude_seed_delivery_point":"6.75","location_altitude":"1312","location_longitude":"40.58333333","location_latitude":"6.75","planting_date":"2018-09-25","harvest_date":"2019-01-28","weight_of_all_yield_of_the_variety_a_in_kg":"0.6","weight_of_all_yield_of_the_variety_b_in_kg":"1.35","weight_of_all_yield_of_the_variety_c_in_kg":"1","from_the_3_varieties_which_one_would_you_like_to_grow_again":"B","codigo_paquetes":"package_2018_orosw_gorobale_blackcumin_23","caracteristica_1":"Disease_resistance-(A/B/C)","best_variedad_1":"B","worst_variedad_1":"A","caracteristica_2":"Yield-(A/B/C)","best_variedad_2":"B","worst_variedad_2":"A","caracteristica_3":"Value_in_the_market-(A/B/C)","best_variedad_3":"B","worst_variedad_3":"A","caracteristica_4":"Tillering_Capacity-(A/B/C)","better_variedad_4":"B","worse_variedad_4":"A","caracteristica_5":"Seed_Color-(A/B/C)","better_variedad_5":"B","worse_variedad_5":"A","caracteristica_6":"Overall_performance-(A/B/C)","best_variedad_6":"B","worst_variedad_6":"A","evaluation":"1"},
{"observadores":"2018_orosw_gorobale_blackcumin_24","name_user":"Mamud adem","name_family":"None","village":"W/Gobu","district":"Goro","telephone":"0","gender":"M","age":"52","location_longitude_seed_delivery_point":"40.58333333","location_latitude_seed_delivery_point":"6.75","location_altitude":"1312","location_longitude":"40.58333333","location_latitude":"6.75","planting_date":"2018-09-18","harvest_date":"2019-01-26","weight_of_all_yield_of_the_variety_a_in_kg":"2","weight_of_all_yield_of_the_variety_b_in_kg":"1.5","weight_of_all_yield_of_the_variety_c_in_kg":"1","from_the_3_varieties_which_one_would_you_like_to_grow_again":"A","codigo_paquetes":"package_2018_orosw_gorobale_blackcumin_24","caracteristica_1":"Disease_resistance-(A/B/C)","best_variedad_1":"A","worst_variedad_1":"C","caracteristica_2":"Yield-(A/B/C)","best_variedad_2":"A","worst_variedad_2":"C","caracteristica_3":"Value_in_the_market-(A/B/C)","best_variedad_3":"B","worst_variedad_3":"A","caracteristica_4":"Tillering_Capacity-(A/B/C)","better_variedad_4":"A","worse_variedad_4":"B","caracteristica_5":"Seed_Color-(A/B/C)","better_variedad_5":"A","worse_variedad_5":"B","caracteristica_6":"Overall_performance-(A/B/C)","best_variedad_6":"A","worst_variedad_6":"C","evaluation":"1"},
{"observadores":"2018_orosw_gorobale_blackcumin_25","name_user":"A/Qadir Sani","name_family":"None","village":"W/Gobu","district":"Goro","telephone":"0","gender":"M","age":"36","location_longitude_seed_delivery_point":"40.58333333","location_latitude_seed_delivery_point":"6.75","location_altitude":"1312","location_longitude":"40.58333333","location_latitude":"6.75","planting_date":"2018-09-13","harvest_date":"2019-01-19","weight_of_all_yield_of_the_variety_a_in_kg":"0.5","weight_of_all_yield_of_the_variety_b_in_kg":"0.2","weight_of_all_yield_of_the_variety_c_in_kg":"0.9","from_the_3_varieties_which_one_would_you_like_to_grow_again":"C","codigo_paquetes":"package_2018_orosw_gorobale_blackcumin_25","caracteristica_1":"Disease_resistance-(A/B/C)","best_variedad_1":"C","worst_variedad_1":"B","caracteristica_2":"Yield-(A/B/C)","best_variedad_2":"C","worst_variedad_2":"B","caracteristica_3":"Value_in_the_market-(A/B/C)","best_variedad_3":"B","worst_variedad_3":"A","caracteristica_4":"Tillering_Capacity-(A/B/C)","better_variedad_4":"C","worse_variedad_4":"B","caracteristica_5":"Seed_Color-(A/B/C)","better_variedad_5":"A","worse_variedad_5":"B","caracteristica_6":"Overall_performance-(A/B/C)","best_variedad_6":"C","worst_variedad_6":"B","evaluation":"1"},
{"observadores":"2018_orosw_gorobale_blackcumin_26","name_user":"Muktar H/Muhamed","name_family":"None","village":"W/Gobu","district":"Goro","telephone":"0","gender":"M","age":"38","location_longitude_seed_delivery_point":"40.58333333","location_latitude_seed_delivery_point":"6.75","location_altitude":"1312","location_longitude":"40.58333333","location_latitude":"6.75","planting_date":"2018-09-21","harvest_date":"2019-01-28","weight_of_all_yield_of_the_variety_a_in_kg":"0.65","weight_of_all_yield_of_the_variety_b_in_kg":"1","weight_of_all_yield_of_the_variety_c_in_kg":"1.2","from_the_3_varieties_which_one_would_you_like_to_grow_again":"C","codigo_paquetes":"package_2018_orosw_gorobale_blackcumin_26","caracteristica_1":"Disease_resistance-(A/B/C)","best_variedad_1":"C","worst_variedad_1":"A","caracteristica_2":"Yield-(A/B/C)","best_variedad_2":"C","worst_variedad_2":"A","caracteristica_3":"Value_in_the_market-(A/B/C)","best_variedad_3":"C","worst_variedad_3":"A","caracteristica_4":"Tillering_Capacity-(A/B/C)","better_variedad_4":"B","worse_variedad_4":"C","caracteristica_5":"Seed_Color-(A/B/C)","better_variedad_5":"B","worse_variedad_5":"C","caracteristica_6":"Overall_performance-(A/B/C)","best_variedad_6":"C","worst_variedad_6":"A","evaluation":"1"},
{"observadores":"2018_orosw_gorobale_blackcumin_27","name_user":"Bediru Ibrahim","name_family":"None","village":"W/Gobu","district":"Goro","telephone":"0","gender":"M","age":"49","location_longitude_seed_delivery_point":"40.58333333","location_latitude_seed_delivery_point":"6.75","location_altitude":"1312","location_longitude":"40.58333333","location_latitude":"6.75","planting_date":"2018-09-22","harvest_date":"2019-01-23","weight_of_all_yield_of_the_variety_a_in_kg":"1.3","weight_of_all_yield_of_the_variety_b_in_kg":"2","weight_of_all_yield_of_the_variety_c_in_kg":"1","from_the_3_varieties_which_one_would_you_like_to_grow_again":"B","codigo_paquetes":"package_2018_orosw_gorobale_blackcumin_27","caracteristica_1":"Disease_resistance-(A/B/C)","best_variedad_1":"B","worst_variedad_1":"C","caracteristica_2":"Yield-(A/B/C)","best_variedad_2":"B","worst_variedad_2":"C","caracteristica_3":"Value_in_the_market-(A/B/C)","best_variedad_3":"A","worst_variedad_3":"C","caracteristica_4":"Tillering_Capacity-(A/B/C)","better_variedad_4":"A","worse_variedad_4":"C","caracteristica_5":"Seed_Color-(A/B/C)","better_variedad_5":"B","worse_variedad_5":"C","caracteristica_6":"Overall_performance-(A/B/C)","best_variedad_6":"B","worst_variedad_6":"C","evaluation":"1"},
{"observadores":"2018_orosw_gorobale_blackcumin_28","name_user":"A/Jabar Mudi","name_family":"None","village":"W/Gobu","district":"Goro","telephone":"0","gender":"M","age":"45","location_longitude_seed_delivery_point":"40.58333333","location_latitude_seed_delivery_point":"6.75","location_altitude":"1312","location_longitude":"40.58333333","location_latitude":"6.75","planting_date":"2018-09-25","harvest_date":"2019-01-15","weight_of_all_yield_of_the_variety_a_in_kg":"1.5","weight_of_all_yield_of_the_variety_b_in_kg":"1","weight_of_all_yield_of_the_variety_c_in_kg":"0.6","from_the_3_varieties_which_one_would_you_like_to_grow_again":"A","codigo_paquetes":"package_2018_orosw_gorobale_blackcumin_28","caracteristica_1":"Disease_resistance-(A/B/C)","best_variedad_1":"A","worst_variedad_1":"C","caracteristica_2":"Yield-(A/B/C)","best_variedad_2":"A","worst_variedad_2":"C","caracteristica_3":"Value_in_the_market-(A/B/C)","best_variedad_3":"A","worst_variedad_3":"C","caracteristica_4":"Tillering_Capacity-(A/B/C)","better_variedad_4":"A","worse_variedad_4":"C","caracteristica_5":"Seed_Color-(A/B/C)","better_variedad_5":"A","worse_variedad_5":"C","caracteristica_6":"Overall_performance-(A/B/C)","best_variedad_6":"A","worst_variedad_6":"C","evaluation":"1"},
{"observadores":"2018_orosw_gorobale_blackcumin_29","name_user":"Husen Amin","name_family":"None","village":"W/Gobu","district":"Goro","telephone":"0","gender":"M","age":"28","location_longitude_seed_delivery_point":"40.58333333","location_latitude_seed_delivery_point":"6.75","location_altitude":"1312","location_longitude":"40.58333333","location_latitude":"6.75","planting_date":"2018-09-08","harvest_date":"2019-01-23","weight_of_all_yield_of_the_variety_a_in_kg":"1","weight_of_all_yield_of_the_variety_b_in_kg":"0.5","weight_of_all_yield_of_the_variety_c_in_kg":"0.8","from_the_3_varieties_which_one_would_you_like_to_grow_again":"A","codigo_paquetes":"package_2018_orosw_gorobale_blackcumin_29","caracteristica_1":"Disease_resistance-(A/B/C)","best_variedad_1":"A","worst_variedad_1":"B","caracteristica_2":"Yield-(A/B/C)","best_variedad_2":"A","worst_variedad_2":"B","caracteristica_3":"Value_in_the_market-(A/B/C)","best_variedad_3":"A","worst_variedad_3":"B","caracteristica_4":"Tillering_Capacity-(A/B/C)","better_variedad_4":"A","worse_variedad_4":"B","caracteristica_5":"Seed_Color-(A/B/C)","better_variedad_5":"A","worse_variedad_5":"B","caracteristica_6":"Overall_performance-(A/B/C)","best_variedad_6":"A","worst_variedad_6":"B","evaluation":"1"},
{"observadores":"2018_orosw_gorobale_blackcumin_3","name_user":"Jemal Goshe","name_family":"None","village":"W/Gobu","district":"Goro","telephone":"0","gender":"M","age":"51","location_longitude_seed_delivery_point":"40.58333333","location_latitude_seed_delivery_point":"6.75","location_altitude":"1312","location_longitude":"40.58333333","location_latitude":"6.75","planting_date":"2018-09-21","harvest_date":"2019-01-17","weight_of_all_yield_of_the_variety_a_in_kg":"0.5","weight_of_all_yield_of_the_variety_b_in_kg":"0.6","weight_of_all_yield_of_the_variety_c_in_kg":"0.6","from_the_3_varieties_which_one_would_you_like_to_grow_again":"B","codigo_paquetes":"package_2018_orosw_gorobale_blackcumin_03","caracteristica_1":"Disease_resistance-(A/B/C)","best_variedad_1":"C","worst_variedad_1":"A","caracteristica_2":"Yield-(A/B/C)","best_variedad_2":"B","worst_variedad_2":"A","caracteristica_3":"Value_in_the_market-(A/B/C)","best_variedad_3":"B","worst_variedad_3":"A","caracteristica_4":"Tillering_Capacity-(A/B/C)","better_variedad_4":"B","worse_variedad_4":"A","caracteristica_5":"Seed_Color-(A/B/C)","better_variedad_5":"C","worse_variedad_5":"A","caracteristica_6":"Overall_performance-(A/B/C)","best_variedad_6":"B","worst_variedad_6":"A","evaluation":"1"},
{"observadores":"2018_orosw_gorobale_blackcumin_30","name_user":"Mogos Fantaye","name_family":"None","village":"W/Gobu","district":"Goro","telephone":"0","gender":"M","age":"29","location_longitude_seed_delivery_point":"40.58333333","location_latitude_seed_delivery_point":"6.75","location_altitude":"1312","location_longitude":"40.58333333","location_latitude":"6.75","planting_date":"2018-09-25","harvest_date":"2019-02-18","weight_of_all_yield_of_the_variety_a_in_kg":"0.53","weight_of_all_yield_of_the_variety_b_in_kg":"0.75","weight_of_all_yield_of_the_variety_c_in_kg":"0.9","from_the_3_varieties_which_one_would_you_like_to_grow_again":"C","codigo_paquetes":"package_2018_orosw_gorobale_blackcumin_30","caracteristica_1":"Disease_resistance-(A/B/C)","best_variedad_1":"C","worst_variedad_1":"A","caracteristica_2":"Yield-(A/B/C)","best_variedad_2":"C","worst_variedad_2":"A","caracteristica_3":"Value_in_the_market-(A/B/C)","best_variedad_3":"B","worst_variedad_3":"A","caracteristica_4":"Tillering_Capacity-(A/B/C)","better_variedad_4":"B","worse_variedad_4":"A","caracteristica_5":"Seed_Color-(A/B/C)","better_variedad_5":"C","worse_variedad_5":"A","caracteristica_6":"Overall_performance-(A/B/C)","best_variedad_6":"C","worst_variedad_6":"A","evaluation":"1"},
{"observadores":"2018_orosw_gorobale_blackcumin_31","name_user":"Sukare Biru","name_family":"None","village":"W/Gobu","district":"Goro","telephone":"0","gender":"F","age":"27","location_longitude_seed_delivery_point":"40.58333333","location_latitude_seed_delivery_point":"6.75","location_altitude":"1312","location_longitude":"40.58333333","location_latitude":"6.75","planting_date":"2018-09-22","harvest_date":"2019-01-19","weight_of_all_yield_of_the_variety_a_in_kg":"1","weight_of_all_yield_of_the_variety_b_in_kg":"1.6","weight_of_all_yield_of_the_variety_c_in_kg":"1.3","from_the_3_varieties_which_one_would_you_like_to_grow_again":"B","codigo_paquetes":"package_2018_orosw_gorobale_blackcumin_31","caracteristica_1":"Disease_resistance-(A/B/C)","best_variedad_1":"B","worst_variedad_1":"A","caracteristica_2":"Yield-(A/B/C)","best_variedad_2":"B","worst_variedad_2":"A","caracteristica_3":"Value_in_the_market-(A/B/C)","best_variedad_3":"B","worst_variedad_3":"A","caracteristica_4":"Tillering_Capacity-(A/B/C)","better_variedad_4":"B","worse_variedad_4":"C","caracteristica_5":"Seed_Color-(A/B/C)","better_variedad_5":"B","worse_variedad_5":"A","caracteristica_6":"Overall_performance-(A/B/C)","best_variedad_6":"B","worst_variedad_6":"A","evaluation":"1"},
{"observadores":"2018_orosw_gorobale_blackcumin_32","name_user":"A/kadir Aliyi","name_family":"None","village":"W/Gobu","district":"Goro","telephone":"0","gender":"M","age":"32","location_longitude_seed_delivery_point":"40.58333333","location_latitude_seed_delivery_point":"6.75","location_altitude":"1312","location_longitude":"40.58333333","location_latitude":"6.75","planting_date":"2018-09-17","harvest_date":"2019-01-25","weight_of_all_yield_of_the_variety_a_in_kg":"0.9","weight_of_all_yield_of_the_variety_b_in_kg":"0.4","weight_of_all_yield_of_the_variety_c_in_kg":"1","from_the_3_varieties_which_one_would_you_like_to_grow_again":"C","codigo_paquetes":"package_2018_orosw_gorobale_blackcumin_32","caracteristica_1":"Disease_resistance-(A/B/C)","best_variedad_1":"C","worst_variedad_1":"B","caracteristica_2":"Yield-(A/B/C)","best_variedad_2":"C","worst_variedad_2":"B","caracteristica_3":"Value_in_the_market-(A/B/C)","best_variedad_3":"A","worst_variedad_3":"B","caracteristica_4":"Tillering_Capacity-(A/B/C)","better_variedad_4":"A","worse_variedad_4":"B","caracteristica_5":"Seed_Color-(A/B/C)","better_variedad_5":"C","worse_variedad_5":"B","caracteristica_6":"Overall_performance-(A/B/C)","best_variedad_6":"C","worst_variedad_6":"B","evaluation":"1"},
{"observadores":"2018_orosw_gorobale_blackcumin_33","name_user":"Umer Aga","name_family":"None","village":"W/Gobu","district":"Goro","telephone":"0","gender":"M","age":"38","location_longitude_seed_delivery_point":"40.58333333","location_latitude_seed_delivery_point":"6.75","location_altitude":"1312","location_longitude":"40.58333333","location_latitude":"6.75","planting_date":"2018-09-25","harvest_date":"2019-01-18","weight_of_all_yield_of_the_variety_a_in_kg":"1","weight_of_all_yield_of_the_variety_b_in_kg":"1.5","weight_of_all_yield_of_the_variety_c_in_kg":"1","from_the_3_varieties_which_one_would_you_like_to_grow_again":"B","codigo_paquetes":"package_2018_orosw_gorobale_blackcumin_33","caracteristica_1":"Disease_resistance-(A/B/C)","best_variedad_1":"B","worst_variedad_1":"C","caracteristica_2":"Yield-(A/B/C)","best_variedad_2":"B","worst_variedad_2":"C","caracteristica_3":"Value_in_the_market-(A/B/C)","best_variedad_3":"B","worst_variedad_3":"A","caracteristica_4":"Tillering_Capacity-(A/B/C)","better_variedad_4":"B","worse_variedad_4":"A","caracteristica_5":"Seed_Color-(A/B/C)","better_variedad_5":"B","worse_variedad_5":"C","caracteristica_6":"Overall_performance-(A/B/C)","best_variedad_6":"B","worst_variedad_6":"C","evaluation":"1"},
{"observadores":"2018_orosw_gorobale_blackcumin_34","name_user":"Awal Wale","name_family":"None","village":"W/Gobu","district":"Goro","telephone":"0","gender":"M","age":"51","location_longitude_seed_delivery_point":"40.58333333","location_latitude_seed_delivery_point":"6.75","location_altitude":"1312","location_longitude":"40.58333333","location_latitude":"6.75","planting_date":"2018-09-08","harvest_date":"2019-01-21","weight_of_all_yield_of_the_variety_a_in_kg":"1.23","weight_of_all_yield_of_the_variety_b_in_kg":"0.8","weight_of_all_yield_of_the_variety_c_in_kg":"1","from_the_3_varieties_which_one_would_you_like_to_grow_again":"A","codigo_paquetes":"package_2018_orosw_gorobale_blackcumin_34","caracteristica_1":"Disease_resistance-(A/B/C)","best_variedad_1":"A","worst_variedad_1":"B","caracteristica_2":"Yield-(A/B/C)","best_variedad_2":"A","worst_variedad_2":"B","caracteristica_3":"Value_in_the_market-(A/B/C)","best_variedad_3":"C","worst_variedad_3":"B","caracteristica_4":"Tillering_Capacity-(A/B/C)","better_variedad_4":"C","worse_variedad_4":"B","caracteristica_5":"Seed_Color-(A/B/C)","better_variedad_5":"C","worse_variedad_5":"B","caracteristica_6":"Overall_performance-(A/B/C)","best_variedad_6":"A","worst_variedad_6":"B","evaluation":"1"},
{"observadores":"2018_orosw_gorobale_blackcumin_4","name_user":"Tahir Sufa","name_family":"None","village":"W/Gobu","district":"Goro","telephone":"0","gender":"M","age":"26","location_longitude_seed_delivery_point":"40.58333333","location_latitude_seed_delivery_point":"6.75","location_altitude":"1312","location_longitude":"40.58333333","location_latitude":"6.75","planting_date":"2018-09-13","harvest_date":"2019-01-19","weight_of_all_yield_of_the_variety_a_in_kg":"0.9","weight_of_all_yield_of_the_variety_b_in_kg":"1.5","weight_of_all_yield_of_the_variety_c_in_kg":"1","from_the_3_varieties_which_one_would_you_like_to_grow_again":"B","codigo_paquetes":"package_2018_orosw_gorobale_blackcumin_04","caracteristica_1":"Disease_resistance-(A/B/C)","best_variedad_1":"B","worst_variedad_1":"A","caracteristica_2":"Yield-(A/B/C)","best_variedad_2":"B","worst_variedad_2":"A","caracteristica_3":"Value_in_the_market-(A/B/C)","best_variedad_3":"B","worst_variedad_3":"A","caracteristica_4":"Tillering_Capacity-(A/B/C)","better_variedad_4":"B","worse_variedad_4":"A","caracteristica_5":"Seed_Color-(A/B/C)","better_variedad_5":"B","worse_variedad_5":"A","caracteristica_6":"Overall_performance-(A/B/C)","best_variedad_6":"B","worst_variedad_6":"A","evaluation":"1"},
{"observadores":"2018_orosw_gorobale_blackcumin_5","name_user":"Umar Ahmed","name_family":"None","village":"W/Gobu","district":"Goro","telephone":"0","gender":"M","age":"35","location_longitude_seed_delivery_point":"40.58333333","location_latitude_seed_delivery_point":"6.75","location_altitude":"1312","location_longitude":"40.58333333","location_latitude":"6.75","planting_date":"2018-09-17","harvest_date":"2019-01-25","weight_of_all_yield_of_the_variety_a_in_kg":"0.6","weight_of_all_yield_of_the_variety_b_in_kg":"1","weight_of_all_yield_of_the_variety_c_in_kg":"0.5","from_the_3_varieties_which_one_would_you_like_to_grow_again":"B","codigo_paquetes":"package_2018_orosw_gorobale_blackcumin_05","caracteristica_1":"Disease_resistance-(A/B/C)","best_variedad_1":"B","worst_variedad_1":"C","caracteristica_2":"Yield-(A/B/C)","best_variedad_2":"B","worst_variedad_2":"C","caracteristica_3":"Value_in_the_market-(A/B/C)","best_variedad_3":"B","worst_variedad_3":"C","caracteristica_4":"Tillering_Capacity-(A/B/C)","better_variedad_4":"A","worse_variedad_4":"C","caracteristica_5":"Seed_Color-(A/B/C)","better_variedad_5":"A","worse_variedad_5":"C","caracteristica_6":"Overall_performance-(A/B/C)","best_variedad_6":"B","worst_variedad_6":"C","evaluation":"1"},
{"observadores":"2018_orosw_gorobale_blackcumin_6","name_user":"Amin H/Aman","name_family":"None","village":"W/Gobu","district":"Goro","telephone":"0","gender":"M","age":"25","location_longitude_seed_delivery_point":"40.58333333","location_latitude_seed_delivery_point":"6.75","location_altitude":"1312","location_longitude":"40.58333333","location_latitude":"6.75","planting_date":"2018-09-22","harvest_date":"2019-01-19","weight_of_all_yield_of_the_variety_a_in_kg":"0.5","weight_of_all_yield_of_the_variety_b_in_kg":"0.6","weight_of_all_yield_of_the_variety_c_in_kg":"0.5","from_the_3_varieties_which_one_would_you_like_to_grow_again":"C","codigo_paquetes":"package_2018_orosw_gorobale_blackcumin_06","caracteristica_1":"Disease_resistance-(A/B/C)","best_variedad_1":"C","worst_variedad_1":"A","caracteristica_2":"Yield-(A/B/C)","best_variedad_2":"C","worst_variedad_2":"A","caracteristica_3":"Value_in_the_market-(A/B/C)","best_variedad_3":"B","worst_variedad_3":"C","caracteristica_4":"Tillering_Capacity-(A/B/C)","better_variedad_4":"B","worse_variedad_4":"C","caracteristica_5":"Seed_Color-(A/B/C)","better_variedad_5":"B","worse_variedad_5":"C","caracteristica_6":"Overall_performance-(A/B/C)","best_variedad_6":"C","worst_variedad_6":"A","evaluation":"1"},
{"observadores":"2018_orosw_gorobale_blackcumin_7","name_user":"Muhammed-husein  Aliyi","name_family":"None","village":"W/Gobu","district":"Goro","telephone":"0","gender":"M","age":"27","location_longitude_seed_delivery_point":"40.58333333","location_latitude_seed_delivery_point":"6.75","location_altitude":"1312","location_longitude":"40.58333333","location_latitude":"6.75","planting_date":"2018-09-25","harvest_date":"2019-01-18","weight_of_all_yield_of_the_variety_a_in_kg":"1","weight_of_all_yield_of_the_variety_b_in_kg":"0.8","weight_of_all_yield_of_the_variety_c_in_kg":"0.5","from_the_3_varieties_which_one_would_you_like_to_grow_again":"A","codigo_paquetes":"package_2018_orosw_gorobale_blackcumin_07","caracteristica_1":"Disease_resistance-(A/B/C)","best_variedad_1":"A","worst_variedad_1":"C","caracteristica_2":"Yield-(A/B/C)","best_variedad_2":"A","worst_variedad_2":"C","caracteristica_3":"Value_in_the_market-(A/B/C)","best_variedad_3":"B","worst_variedad_3":"C","caracteristica_4":"Tillering_Capacity-(A/B/C)","better_variedad_4":"B","worse_variedad_4":"C","caracteristica_5":"Seed_Color-(A/B/C)","better_variedad_5":"A","worse_variedad_5":"B","caracteristica_6":"Overall_performance-(A/B/C)","best_variedad_6":"A","worst_variedad_6":"C","evaluation":"1"},
{"observadores":"2018_orosw_gorobale_blackcumin_8","name_user":"Jemal Husein","name_family":"None","village":"W/Gobu","district":"Goro","telephone":"0","gender":"M","age":"41","location_longitude_seed_delivery_point":"40.58333333","location_latitude_seed_delivery_point":"6.75","location_altitude":"1312","location_longitude":"40.58333333","location_latitude":"6.75","planting_date":"2018-09-12","harvest_date":"2019-01-08","weight_of_all_yield_of_the_variety_a_in_kg":"0.9","weight_of_all_yield_of_the_variety_b_in_kg":"0.5","weight_of_all_yield_of_the_variety_c_in_kg":"0.41","from_the_3_varieties_which_one_would_you_like_to_grow_again":"A","codigo_paquetes":"package_2018_orosw_gorobale_blackcumin_08","caracteristica_1":"Disease_resistance-(A/B/C)","best_variedad_1":"A","worst_variedad_1":"C","caracteristica_2":"Yield-(A/B/C)","best_variedad_2":"A","worst_variedad_2":"C","caracteristica_3":"Value_in_the_market-(A/B/C)","best_variedad_3":"A","worst_variedad_3":"C","caracteristica_4":"Tillering_Capacity-(A/B/C)","better_variedad_4":"A","worse_variedad_4":"C","caracteristica_5":"Seed_Color-(A/B/C)","better_variedad_5":"B","worse_variedad_5":"A","caracteristica_6":"Overall_performance-(A/B/C)","best_variedad_6":"A","worst_variedad_6":"C","evaluation":"1"},
{"observadores":"2018_orosw_gorobale_blackcumin_9","name_user":"Muhammed Abdi","name_family":"None","village":"W/Gobu","district":"Goro","telephone":"0","gender":"M","age":"35","location_longitude_seed_delivery_point":"40.58333333","location_latitude_seed_delivery_point":"6.75","location_altitude":"1312","location_longitude":"40.58333333","location_latitude":"6.75","planting_date":"2018-09-19","harvest_date":"2019-01-25","weight_of_all_yield_of_the_variety_a_in_kg":"1.5","weight_of_all_yield_of_the_variety_b_in_kg":"1","weight_of_all_yield_of_the_variety_c_in_kg":"2","from_the_3_varieties_which_one_would_you_like_to_grow_again":"C","codigo_paquetes":"package_2018_orosw_gorobale_blackcumin_09","caracteristica_1":"Disease_resistance-(A/B/C)","best_variedad_1":"C","worst_variedad_1":"B","caracteristica_2":"Yield-(A/B/C)","best_variedad_2":"C","worst_variedad_2":"B","caracteristica_3":"Value_in_the_market-(A/B/C)","best_variedad_3":"A","worst_variedad_3":"C","caracteristica_4":"Tillering_Capacity-(A/B/C)","better_variedad_4":"A","worse_variedad_4":"B","caracteristica_5":"Seed_Color-(A/B/C)","better_variedad_5":"A","worse_variedad_5":"B","caracteristica_6":"Overall_performance-(A/B/C)","best_variedad_6":"C","worst_variedad_6":"B","evaluation":"1"}
]
