[
{"observadores":"2019_amhara_metema_sesame_1","name_user":"seid hajj","name_family":"none","village":"Godie","district":"Metema","telephone":"0","gender":"M","age":"50","location_longitude_seed_delivery_point":"36.200199","location_latitude_seed_delivery_point":"12.932961","location_altitude":"742","location_longitude":"36.200199","location_latitude":"12.932961","planting_date":"","harvest_date":"2012-05-02","irrigation":"No","fertilization":"No","slope":"Average","soil_quality":"Regular","soil_texture":"Loamy","soil_affected_by_salt":"No","how_much_did_it_rain_during_the_crop_season":"A lot","how_was_the_rain":"Erratic","weight_of_all_yield_of_the_variety_a_in_kg":"1","weight_of_all_yield_of_the_variety_b_in_kg":"0.5","weight_of_all_yield_of_the_variety_c_in_kg":"0.5","from_the_3_varieties_which_one_would_you_like_to_grow_again":"A","codigo_paquetes":"package_2019_amhara_metema_sesame_01","caracteristica_1":"Pest_resistance-(A/B/C)","best_variedad_1":"B","worst_variedad_1":"A","caracteristica_2":"Drought_resistance-(A/B/C)","best_variedad_2":"C","worst_variedad_2":"B","caracteristica_3":"Water_Lodging_resistance-(A/B/C)","better_variedad_3":"B","worse_variedad_3":"A","caracteristica_4":"Maturity_Uniformity-(A/B/C)","better_variedad_4":"A","worse_variedad_4":"C","caracteristica_5":"Seed_whiteness-(A/B/C)","better_variedad_5":"A","worse_variedad_5":"B","caracteristica_6":"Overall_performance-(A/B/C)","best_variedad_6":"A","worst_variedad_6":"C","evaluation":"1"},
{"observadores":"2019_amhara_metema_sesame_10","name_user":"fisha taddese","name_family":"none","village":"Godie","district":"Metema","telephone":"0","gender":"M","age":"45","location_longitude_seed_delivery_point":"36.200199","location_latitude_seed_delivery_point":"12.932961","location_altitude":"742","location_longitude":"36.200199","location_latitude":"12.932961","planting_date":"2011-01-11","harvest_date":"","irrigation":"No","fertilization":"No","slope":"Average","soil_quality":"Regular","soil_texture":"Loamy","soil_affected_by_salt":"No","how_much_did_it_rain_during_the_crop_season":"A lot","how_was_the_rain":"Erratic","weight_of_all_yield_of_the_variety_a_in_kg":"0.4","weight_of_all_yield_of_the_variety_b_in_kg":"0.5","weight_of_all_yield_of_the_variety_c_in_kg":"0.6","from_the_3_varieties_which_one_would_you_like_to_grow_again":"C","codigo_paquetes":"package_2019_amhara_metema_sesame_10","caracteristica_1":"Pest_resistance-(A/B/C)","best_variedad_1":"C","worst_variedad_1":"A","caracteristica_2":"Drought_resistance-(A/B/C)","best_variedad_2":"B","worst_variedad_2":"A","caracteristica_3":"Water_Lodging_resistance-(A/B/C)","better_variedad_3":"C","worse_variedad_3":"A","caracteristica_4":"Maturity_Uniformity-(A/B/C)","better_variedad_4":"C","worse_variedad_4":"A","caracteristica_5":"Seed_whiteness-(A/B/C)","better_variedad_5":"C","worse_variedad_5":"A","caracteristica_6":"Overall_performance-(A/B/C)","best_variedad_6":"C","worst_variedad_6":"A","evaluation":"1"},
{"observadores":"2019_amhara_metema_sesame_11","name_user":"huluagersh wasie","name_family":"none","village":"Godie","district":"Metema","telephone":"0","gender":"F","age":"35","location_longitude_seed_delivery_point":"36.200199","location_latitude_seed_delivery_point":"12.932961","location_altitude":"742","location_longitude":"36.200199","location_latitude":"12.932961","planting_date":"2011-10-11","harvest_date":"","irrigation":"No","fertilization":"No","slope":"Average","soil_quality":"Regular","soil_texture":"Loamy","soil_affected_by_salt":"No","how_much_did_it_rain_during_the_crop_season":"A lot","how_was_the_rain":"Erratic","weight_of_all_yield_of_the_variety_a_in_kg":"0.4","weight_of_all_yield_of_the_variety_b_in_kg":"0.5","weight_of_all_yield_of_the_variety_c_in_kg":"0.4","from_the_3_varieties_which_one_would_you_like_to_grow_again":"B","codigo_paquetes":"package_2019_amhara_metema_sesame_11","caracteristica_1":"Pest_resistance-(A/B/C)","best_variedad_1":"C","worst_variedad_1":"A","caracteristica_2":"Drought_resistance-(A/B/C)","best_variedad_2":"A","worst_variedad_2":"C","caracteristica_3":"Water_Lodging_resistance-(A/B/C)","better_variedad_3":"C","worse_variedad_3":"A","caracteristica_4":"Maturity_Uniformity-(A/B/C)","better_variedad_4":"B","worse_variedad_4":"A","caracteristica_5":"Seed_whiteness-(A/B/C)","better_variedad_5":"B","worse_variedad_5":"C","caracteristica_6":"Overall_performance-(A/B/C)","best_variedad_6":"B","worst_variedad_6":"A","evaluation":"1"},
{"observadores":"2019_amhara_metema_sesame_12","name_user":"altaseb meles","name_family":"none","village":"Godie","district":"Metema","telephone":"0","gender":"M","age":"55","location_longitude_seed_delivery_point":"36.200199","location_latitude_seed_delivery_point":"12.932961","location_altitude":"742","location_longitude":"36.200199","location_latitude":"12.932961","planting_date":"2011-08-11","harvest_date":"2012-10-02","irrigation":"No","fertilization":"No","slope":"Flat","soil_quality":"Regular","soil_texture":"Loamy","soil_affected_by_salt":"No","how_much_did_it_rain_during_the_crop_season":"A lot","how_was_the_rain":"Steady","weight_of_all_yield_of_the_variety_a_in_kg":"0.5","weight_of_all_yield_of_the_variety_b_in_kg":"0.5","weight_of_all_yield_of_the_variety_c_in_kg":"1","from_the_3_varieties_which_one_would_you_like_to_grow_again":"C","codigo_paquetes":"package_2019_amhara_metema_sesame_12","caracteristica_1":"Pest_resistance-(A/B/C)","best_variedad_1":"C","worst_variedad_1":"B","caracteristica_2":"Drought_resistance-(A/B/C)","best_variedad_2":"B","worst_variedad_2":"C","caracteristica_3":"Water_Lodging_resistance-(A/B/C)","better_variedad_3":"C","worse_variedad_3":"B","caracteristica_4":"Maturity_Uniformity-(A/B/C)","better_variedad_4":"A","worse_variedad_4":"B","caracteristica_5":"Seed_whiteness-(A/B/C)","better_variedad_5":"A","worse_variedad_5":"C","caracteristica_6":"Overall_performance-(A/B/C)","best_variedad_6":"C","worst_variedad_6":"A","evaluation":"1"},
{"observadores":"2019_amhara_metema_sesame_13","name_user":"bizuye adem","name_family":"none","village":"Godie","district":"Metema","telephone":"0","gender":"F","age":"41","location_longitude_seed_delivery_point":"36.200199","location_latitude_seed_delivery_point":"12.932961","location_altitude":"742","location_longitude":"36.200199","location_latitude":"12.932961","planting_date":"2011-02-11","harvest_date":"2012-02-02","irrigation":"No","fertilization":"No","slope":"Average","soil_quality":"Regular","soil_texture":"Loamy","soil_affected_by_salt":"No","how_much_did_it_rain_during_the_crop_season":"A lot","how_was_the_rain":"Erratic","weight_of_all_yield_of_the_variety_a_in_kg":"0.5","weight_of_all_yield_of_the_variety_b_in_kg":"0.5","weight_of_all_yield_of_the_variety_c_in_kg":"1","from_the_3_varieties_which_one_would_you_like_to_grow_again":"C","codigo_paquetes":"package_2019_amhara_metema_sesame_13","caracteristica_1":"Pest_resistance-(A/B/C)","best_variedad_1":"C","worst_variedad_1":"A","caracteristica_2":"Drought_resistance-(A/B/C)","best_variedad_2":"A","worst_variedad_2":"C","caracteristica_3":"Water_Lodging_resistance-(A/B/C)","better_variedad_3":"C","worse_variedad_3":"A","caracteristica_4":"Maturity_Uniformity-(A/B/C)","better_variedad_4":"B","worse_variedad_4":"A","caracteristica_5":"Seed_whiteness-(A/B/C)","better_variedad_5":"B","worse_variedad_5":"C","caracteristica_6":"Overall_performance-(A/B/C)","best_variedad_6":"C","worst_variedad_6":"A","evaluation":"1"},
{"observadores":"2019_amhara_metema_sesame_14","name_user":"abinet kasie","name_family":"none","village":"ch/matbekia","district":"Metema","telephone":"0","gender":"F","age":"48","location_longitude_seed_delivery_point":"36.200199","location_latitude_seed_delivery_point":"12.932961","location_altitude":"742","location_longitude":"36.200199","location_latitude":"12.932961","planting_date":"","harvest_date":"","irrigation":"No","fertilization":"No","slope":"Average","soil_quality":"Regular","soil_texture":"Loamy","soil_affected_by_salt":"No","how_much_did_it_rain_during_the_crop_season":"A lot","how_was_the_rain":"Erratic","weight_of_all_yield_of_the_variety_a_in_kg":"0.5","weight_of_all_yield_of_the_variety_b_in_kg":"1","weight_of_all_yield_of_the_variety_c_in_kg":"0.5","from_the_3_varieties_which_one_would_you_like_to_grow_again":"B","codigo_paquetes":"package_2019_amhara_metema_sesame_14","caracteristica_1":"Pest_resistance-(A/B/C)","best_variedad_1":"B","worst_variedad_1":"A","caracteristica_2":"Drought_resistance-(A/B/C)","best_variedad_2":"C","worst_variedad_2":"B","caracteristica_3":"Water_Lodging_resistance-(A/B/C)","better_variedad_3":"B","worse_variedad_3":"A","caracteristica_4":"Maturity_Uniformity-(A/B/C)","better_variedad_4":"B","worse_variedad_4":"C","caracteristica_5":"Seed_whiteness-(A/B/C)","better_variedad_5":"A","worse_variedad_5":"C","caracteristica_6":"Overall_performance-(A/B/C)","best_variedad_6":"B","worst_variedad_6":"A","evaluation":"1"},
{"observadores":"2019_amhara_metema_sesame_15","name_user":"teshale adbaru","name_family":"none","village":"ketena 5","district":"Metema","telephone":"0","gender":"M","age":"50","location_longitude_seed_delivery_point":"36.200199","location_latitude_seed_delivery_point":"12.932961","location_altitude":"742","location_longitude":"36.200199","location_latitude":"12.932961","planting_date":"2011-06-11","harvest_date":"2012-06-02","irrigation":"No","fertilization":"No","slope":"Average","soil_quality":"Regular","soil_texture":"Loamy","soil_affected_by_salt":"No","how_much_did_it_rain_during_the_crop_season":"A lot","how_was_the_rain":"Erratic","weight_of_all_yield_of_the_variety_a_in_kg":"1","weight_of_all_yield_of_the_variety_b_in_kg":"0.5","weight_of_all_yield_of_the_variety_c_in_kg":"0.4","from_the_3_varieties_which_one_would_you_like_to_grow_again":"A","codigo_paquetes":"package_2019_amhara_metema_sesame_15","caracteristica_1":"Pest_resistance-(A/B/C)","best_variedad_1":"C","worst_variedad_1":"A","caracteristica_2":"Drought_resistance-(A/B/C)","best_variedad_2":"B","worst_variedad_2":"C","caracteristica_3":"Water_Lodging_resistance-(A/B/C)","better_variedad_3":"C","worse_variedad_3":"A","caracteristica_4":"Maturity_Uniformity-(A/B/C)","better_variedad_4":"A","worse_variedad_4":"C","caracteristica_5":"Seed_whiteness-(A/B/C)","better_variedad_5":"A","worse_variedad_5":"B","caracteristica_6":"Overall_performance-(A/B/C)","best_variedad_6":"A","worst_variedad_6":"B","evaluation":"1"},
{"observadores":"2019_amhara_metema_sesame_16","name_user":"asregaw workiye","name_family":"none","village":"Godie","district":"Metema","telephone":"0","gender":"M","age":"50","location_longitude_seed_delivery_point":"36.200199","location_latitude_seed_delivery_point":"12.932961","location_altitude":"742","location_longitude":"36.200199","location_latitude":"12.932961","planting_date":"2011-05-11","harvest_date":"2012-05-02","irrigation":"No","fertilization":"No","slope":"Average","soil_quality":"Regular","soil_texture":"Loamy","soil_affected_by_salt":"No","how_much_did_it_rain_during_the_crop_season":"A lot","how_was_the_rain":"Erratic","weight_of_all_yield_of_the_variety_a_in_kg":"0.5","weight_of_all_yield_of_the_variety_b_in_kg":"0.4","weight_of_all_yield_of_the_variety_c_in_kg":"1","from_the_3_varieties_which_one_would_you_like_to_grow_again":"C","codigo_paquetes":"package_2019_amhara_metema_sesame_16","caracteristica_1":"Pest_resistance-(A/B/C)","best_variedad_1":"C","worst_variedad_1":"B","caracteristica_2":"Drought_resistance-(A/B/C)","best_variedad_2":"B","worst_variedad_2":"C","caracteristica_3":"Water_Lodging_resistance-(A/B/C)","better_variedad_3":"C","worse_variedad_3":"B","caracteristica_4":"Maturity_Uniformity-(A/B/C)","better_variedad_4":"A","worse_variedad_4":"B","caracteristica_5":"Seed_whiteness-(A/B/C)","better_variedad_5":"A","worse_variedad_5":"C","caracteristica_6":"Overall_performance-(A/B/C)","best_variedad_6":"C","worst_variedad_6":"B","evaluation":"1"},
{"observadores":"2019_amhara_metema_sesame_17","name_user":"saba demilie","name_family":"none","village":"Godie","district":"Metema","telephone":"0","gender":"F","age":"21","location_longitude_seed_delivery_point":"36.200199","location_latitude_seed_delivery_point":"12.932961","location_altitude":"742","location_longitude":"36.200199","location_latitude":"12.932961","planting_date":"","harvest_date":"","irrigation":"No","fertilization":"No","slope":"Average","soil_quality":"Regular","soil_texture":"Loamy","soil_affected_by_salt":"No","how_much_did_it_rain_during_the_crop_season":"A lot","how_was_the_rain":"Erratic","weight_of_all_yield_of_the_variety_a_in_kg":"0.5","weight_of_all_yield_of_the_variety_b_in_kg":"0.4","weight_of_all_yield_of_the_variety_c_in_kg":"0.4","from_the_3_varieties_which_one_would_you_like_to_grow_again":"A","codigo_paquetes":"package_2019_amhara_metema_sesame_17","caracteristica_1":"Pest_resistance-(A/B/C)","best_variedad_1":"C","worst_variedad_1":"A","caracteristica_2":"Drought_resistance-(A/B/C)","best_variedad_2":"C","worst_variedad_2":"B","caracteristica_3":"Water_Lodging_resistance-(A/B/C)","better_variedad_3":"C","worse_variedad_3":"A","caracteristica_4":"Maturity_Uniformity-(A/B/C)","better_variedad_4":"A","worse_variedad_4":"C","caracteristica_5":"Seed_whiteness-(A/B/C)","better_variedad_5":"A","worse_variedad_5":"B","caracteristica_6":"Overall_performance-(A/B/C)","best_variedad_6":"A","worst_variedad_6":"B","evaluation":"1"},
{"observadores":"2019_amhara_metema_sesame_18","name_user":"kes alemu tsegaye","name_family":"none","village":"ch/matbekia","district":"Metema","telephone":"0","gender":"M","age":"45","location_longitude_seed_delivery_point":"36.200199","location_latitude_seed_delivery_point":"12.932961","location_altitude":"742","location_longitude":"36.200199","location_latitude":"12.932961","planting_date":"2011-10-11","harvest_date":"2012-12-02","irrigation":"No","fertilization":"No","slope":"Flat","soil_quality":"Regular","soil_texture":"Loamy","soil_affected_by_salt":"No","how_much_did_it_rain_during_the_crop_season":"A lot","how_was_the_rain":"Erratic","weight_of_all_yield_of_the_variety_a_in_kg":"0.5","weight_of_all_yield_of_the_variety_b_in_kg":"1","weight_of_all_yield_of_the_variety_c_in_kg":"0.5","from_the_3_varieties_which_one_would_you_like_to_grow_again":"B","codigo_paquetes":"package_2019_amhara_metema_sesame_18","caracteristica_1":"Pest_resistance-(A/B/C)","best_variedad_1":"B","worst_variedad_1":"C","caracteristica_2":"Drought_resistance-(A/B/C)","best_variedad_2":"C","worst_variedad_2":"B","caracteristica_3":"Water_Lodging_resistance-(A/B/C)","better_variedad_3":"B","worse_variedad_3":"C","caracteristica_4":"Maturity_Uniformity-(A/B/C)","better_variedad_4":"B","worse_variedad_4":"C","caracteristica_5":"Seed_whiteness-(A/B/C)","better_variedad_5":"A","worse_variedad_5":"B","caracteristica_6":"Overall_performance-(A/B/C)","best_variedad_6":"B","worst_variedad_6":"C","evaluation":"1"},
{"observadores":"2019_amhara_metema_sesame_19","name_user":"kassie abegaz","name_family":"none","village":"Godie","district":"Metema","telephone":"0","gender":"F","age":"48","location_longitude_seed_delivery_point":"36.200199","location_latitude_seed_delivery_point":"12.932961","location_altitude":"742","location_longitude":"36.200199","location_latitude":"12.932961","planting_date":"2011-03-11","harvest_date":"2012-08-02","irrigation":"No","fertilization":"No","slope":"Average","soil_quality":"Regular","soil_texture":"Loamy","soil_affected_by_salt":"No","how_much_did_it_rain_during_the_crop_season":"A lot","how_was_the_rain":"Erratic","weight_of_all_yield_of_the_variety_a_in_kg":"1","weight_of_all_yield_of_the_variety_b_in_kg":"0.5","weight_of_all_yield_of_the_variety_c_in_kg":"0.4","from_the_3_varieties_which_one_would_you_like_to_grow_again":"A","codigo_paquetes":"package_2019_amhara_metema_sesame_19","caracteristica_1":"Pest_resistance-(A/B/C)","best_variedad_1":"A","worst_variedad_1":"B","caracteristica_2":"Drought_resistance-(A/B/C)","best_variedad_2":"A","worst_variedad_2":"C","caracteristica_3":"Water_Lodging_resistance-(A/B/C)","better_variedad_3":"A","worse_variedad_3":"B","caracteristica_4":"Maturity_Uniformity-(A/B/C)","better_variedad_4":"B","worse_variedad_4":"A","caracteristica_5":"Seed_whiteness-(A/B/C)","better_variedad_5":"B","worse_variedad_5":"C","caracteristica_6":"Overall_performance-(A/B/C)","best_variedad_6":"A","worst_variedad_6":"C","evaluation":"1"},
{"observadores":"2019_amhara_metema_sesame_2","name_user":"kasie mekonen","name_family":"none","village":"ketena 6","district":"Metema","telephone":"0","gender":"M","age":"50","location_longitude_seed_delivery_point":"36.200199","location_latitude_seed_delivery_point":"12.932961","location_altitude":"742","location_longitude":"36.200199","location_latitude":"12.932961","planting_date":"","harvest_date":"","irrigation":"No","fertilization":"No","slope":"Average","soil_quality":"Regular","soil_texture":"Loamy","soil_affected_by_salt":"No","how_much_did_it_rain_during_the_crop_season":"A lot","how_was_the_rain":"Erratic","weight_of_all_yield_of_the_variety_a_in_kg":"1","weight_of_all_yield_of_the_variety_b_in_kg":"0.5","weight_of_all_yield_of_the_variety_c_in_kg":"0.5","from_the_3_varieties_which_one_would_you_like_to_grow_again":"A","codigo_paquetes":"package_2019_amhara_metema_sesame_02","caracteristica_1":"Pest_resistance-(A/B/C)","best_variedad_1":"C","worst_variedad_1":"A","caracteristica_2":"Drought_resistance-(A/B/C)","best_variedad_2":"B","worst_variedad_2":"C","caracteristica_3":"Water_Lodging_resistance-(A/B/C)","better_variedad_3":"C","worse_variedad_3":"A","caracteristica_4":"Maturity_Uniformity-(A/B/C)","better_variedad_4":"A","worse_variedad_4":"C","caracteristica_5":"Seed_whiteness-(A/B/C)","better_variedad_5":"A","worse_variedad_5":"B","caracteristica_6":"Overall_performance-(A/B/C)","best_variedad_6":"A","worst_variedad_6":"B","evaluation":"1"},
{"observadores":"2019_amhara_metema_sesame_20","name_user":"zemed meles","name_family":"none","village":"Godie","district":"Metema","telephone":"0","gender":"F","age":"50","location_longitude_seed_delivery_point":"36.200199","location_latitude_seed_delivery_point":"12.932961","location_altitude":"742","location_longitude":"36.200199","location_latitude":"12.932961","planting_date":"","harvest_date":"","irrigation":"No","fertilization":"No","slope":"Average","soil_quality":"Regular","soil_texture":"Loamy","soil_affected_by_salt":"No","how_much_did_it_rain_during_the_crop_season":"A lot","how_was_the_rain":"Erratic","weight_of_all_yield_of_the_variety_a_in_kg":"0.5","weight_of_all_yield_of_the_variety_b_in_kg":"0.5","weight_of_all_yield_of_the_variety_c_in_kg":"0.4","from_the_3_varieties_which_one_would_you_like_to_grow_again":"A","codigo_paquetes":"package_2019_amhara_metema_sesame_20","caracteristica_1":"Pest_resistance-(A/B/C)","best_variedad_1":"C","worst_variedad_1":"A","caracteristica_2":"Drought_resistance-(A/B/C)","best_variedad_2":"B","worst_variedad_2":"C","caracteristica_3":"Water_Lodging_resistance-(A/B/C)","better_variedad_3":"C","worse_variedad_3":"A","caracteristica_4":"Maturity_Uniformity-(A/B/C)","better_variedad_4":"B","worse_variedad_4":"C","caracteristica_5":"Seed_whiteness-(A/B/C)","better_variedad_5":"A","worse_variedad_5":"C","caracteristica_6":"Overall_performance-(A/B/C)","best_variedad_6":"A","worst_variedad_6":"C","evaluation":"1"},
{"observadores":"2019_amhara_metema_sesame_21","name_user":"ayal gizaw","name_family":"none","village":"Godie","district":"Metema","telephone":"0","gender":"F","age":"48","location_longitude_seed_delivery_point":"36.200199","location_latitude_seed_delivery_point":"12.932961","location_altitude":"742","location_longitude":"36.200199","location_latitude":"12.932961","planting_date":"2011-03-11","harvest_date":"2012-02-02","irrigation":"No","fertilization":"No","slope":"Flat","soil_quality":"Regular","soil_texture":"Loamy","soil_affected_by_salt":"No","how_much_did_it_rain_during_the_crop_season":"A lot","how_was_the_rain":"Erratic","weight_of_all_yield_of_the_variety_a_in_kg":"0.5","weight_of_all_yield_of_the_variety_b_in_kg":"0.4","weight_of_all_yield_of_the_variety_c_in_kg":"0.4","from_the_3_varieties_which_one_would_you_like_to_grow_again":"A","codigo_paquetes":"package_2019_amhara_metema_sesame_21","caracteristica_1":"Pest_resistance-(A/B/C)","best_variedad_1":"C","worst_variedad_1":"B","caracteristica_2":"Drought_resistance-(A/B/C)","best_variedad_2":"B","worst_variedad_2":"A","caracteristica_3":"Water_Lodging_resistance-(A/B/C)","better_variedad_3":"C","worse_variedad_3":"B","caracteristica_4":"Maturity_Uniformity-(A/B/C)","better_variedad_4":"A","worse_variedad_4":"C","caracteristica_5":"Seed_whiteness-(A/B/C)","better_variedad_5":"A","worse_variedad_5":"C","caracteristica_6":"Overall_performance-(A/B/C)","best_variedad_6":"A","worst_variedad_6":"C","evaluation":"1"},
{"observadores":"2019_amhara_metema_sesame_22","name_user":"alemnesh ali","name_family":"none","village":"Godie","district":"Metema","telephone":"0","gender":"F","age":"40","location_longitude_seed_delivery_point":"36.200199","location_latitude_seed_delivery_point":"12.932961","location_altitude":"742","location_longitude":"36.200199","location_latitude":"12.932961","planting_date":"2011-02-11","harvest_date":"2012-02-02","irrigation":"No","fertilization":"No","slope":"Average","soil_quality":"Regular","soil_texture":"Loamy","soil_affected_by_salt":"No","how_much_did_it_rain_during_the_crop_season":"A lot","how_was_the_rain":"Erratic","weight_of_all_yield_of_the_variety_a_in_kg":"0.4","weight_of_all_yield_of_the_variety_b_in_kg":"0.5","weight_of_all_yield_of_the_variety_c_in_kg":"0.5","from_the_3_varieties_which_one_would_you_like_to_grow_again":"B","codigo_paquetes":"package_2019_amhara_metema_sesame_22","caracteristica_1":"Pest_resistance-(A/B/C)","best_variedad_1":"A","worst_variedad_1":"B","caracteristica_2":"Drought_resistance-(A/B/C)","best_variedad_2":"C","worst_variedad_2":"A","caracteristica_3":"Water_Lodging_resistance-(A/B/C)","better_variedad_3":"B","worse_variedad_3":"C","caracteristica_4":"Maturity_Uniformity-(A/B/C)","better_variedad_4":"B","worse_variedad_4":"C","caracteristica_5":"Seed_whiteness-(A/B/C)","better_variedad_5":"B","worse_variedad_5":"A","caracteristica_6":"Overall_performance-(A/B/C)","best_variedad_6":"B","worst_variedad_6":"A","evaluation":"1"},
{"observadores":"2019_amhara_metema_sesame_23","name_user":"fetene taddese","name_family":"none","village":"Godie","district":"Metema","telephone":"0","gender":"M","age":"55","location_longitude_seed_delivery_point":"36.200199","location_latitude_seed_delivery_point":"12.932961","location_altitude":"742","location_longitude":"36.200199","location_latitude":"12.932961","planting_date":"2011-08-11","harvest_date":"2012-08-02","irrigation":"No","fertilization":"No","slope":"Average","soil_quality":"Regular","soil_texture":"Loamy","soil_affected_by_salt":"No","how_much_did_it_rain_during_the_crop_season":"A lot","how_was_the_rain":"Erratic","weight_of_all_yield_of_the_variety_a_in_kg":"0.4","weight_of_all_yield_of_the_variety_b_in_kg":"0.5","weight_of_all_yield_of_the_variety_c_in_kg":"0.4","from_the_3_varieties_which_one_would_you_like_to_grow_again":"B","codigo_paquetes":"package_2019_amhara_metema_sesame_23","caracteristica_1":"Pest_resistance-(A/B/C)","best_variedad_1":"B","worst_variedad_1":"C","caracteristica_2":"Drought_resistance-(A/B/C)","best_variedad_2":"C","worst_variedad_2":"A","caracteristica_3":"Water_Lodging_resistance-(A/B/C)","better_variedad_3":"B","worse_variedad_3":"C","caracteristica_4":"Maturity_Uniformity-(A/B/C)","better_variedad_4":"B","worse_variedad_4":"C","caracteristica_5":"Seed_whiteness-(A/B/C)","better_variedad_5":"B","worse_variedad_5":"C","caracteristica_6":"Overall_performance-(A/B/C)","best_variedad_6":"B","worst_variedad_6":"A","evaluation":"1"},
{"observadores":"2019_amhara_metema_sesame_24","name_user":"bayush agid","name_family":"none","village":"Godie","district":"Metema","telephone":"0","gender":"F","age":"35","location_longitude_seed_delivery_point":"36.200199","location_latitude_seed_delivery_point":"12.932961","location_altitude":"742","location_longitude":"36.200199","location_latitude":"12.932961","planting_date":"","harvest_date":"","irrigation":"No","fertilization":"No","slope":"Average","soil_quality":"Regular","soil_texture":"Loamy","soil_affected_by_salt":"No","how_much_did_it_rain_during_the_crop_season":"A lot","how_was_the_rain":"Erratic","weight_of_all_yield_of_the_variety_a_in_kg":"0.4","weight_of_all_yield_of_the_variety_b_in_kg":"0.4","weight_of_all_yield_of_the_variety_c_in_kg":"0.5","from_the_3_varieties_which_one_would_you_like_to_grow_again":"C","codigo_paquetes":"package_2019_amhara_metema_sesame_24","caracteristica_1":"Pest_resistance-(A/B/C)","best_variedad_1":"C","worst_variedad_1":"B","caracteristica_2":"Drought_resistance-(A/B/C)","best_variedad_2":"B","worst_variedad_2":"C","caracteristica_3":"Water_Lodging_resistance-(A/B/C)","better_variedad_3":"C","worse_variedad_3":"B","caracteristica_4":"Maturity_Uniformity-(A/B/C)","better_variedad_4":"A","worse_variedad_4":"C","caracteristica_5":"Seed_whiteness-(A/B/C)","better_variedad_5":"A","worse_variedad_5":"B","caracteristica_6":"Overall_performance-(A/B/C)","best_variedad_6":"C","worst_variedad_6":"B","evaluation":"1"},
{"observadores":"2019_amhara_metema_sesame_25","name_user":"baye adem","name_family":"none","village":"Godie","district":"Metema","telephone":"0","gender":"M","age":"50","location_longitude_seed_delivery_point":"36.200199","location_latitude_seed_delivery_point":"12.932961","location_altitude":"742","location_longitude":"36.200199","location_latitude":"12.932961","planting_date":"","harvest_date":"","irrigation":"No","fertilization":"No","slope":"Average","soil_quality":"Regular","soil_texture":"Loamy","soil_affected_by_salt":"No","how_much_did_it_rain_during_the_crop_season":"A lot","how_was_the_rain":"Erratic","weight_of_all_yield_of_the_variety_a_in_kg":"0.5","weight_of_all_yield_of_the_variety_b_in_kg":"0.5","weight_of_all_yield_of_the_variety_c_in_kg":"0.4","from_the_3_varieties_which_one_would_you_like_to_grow_again":"B","codigo_paquetes":"package_2019_amhara_metema_sesame_25","caracteristica_1":"Pest_resistance-(A/B/C)","best_variedad_1":"C","worst_variedad_1":"A","caracteristica_2":"Drought_resistance-(A/B/C)","best_variedad_2":"B","worst_variedad_2":"C","caracteristica_3":"Water_Lodging_resistance-(A/B/C)","better_variedad_3":"C","worse_variedad_3":"A","caracteristica_4":"Maturity_Uniformity-(A/B/C)","better_variedad_4":"B","worse_variedad_4":"A","caracteristica_5":"Seed_whiteness-(A/B/C)","better_variedad_5":"B","worse_variedad_5":"C","caracteristica_6":"Overall_performance-(A/B/C)","best_variedad_6":"B","worst_variedad_6":"C","evaluation":"1"},
{"observadores":"2019_amhara_metema_sesame_26","name_user":"afrash demilie","name_family":"none","village":"Godie","district":"Metema","telephone":"0","gender":"M","age":"51","location_longitude_seed_delivery_point":"36.200199","location_latitude_seed_delivery_point":"12.932961","location_altitude":"742","location_longitude":"36.200199","location_latitude":"12.932961","planting_date":"2011-08-11","harvest_date":"2012-12-02","irrigation":"No","fertilization":"No","slope":"Average","soil_quality":"Regular","soil_texture":"Loamy","soil_affected_by_salt":"No","how_much_did_it_rain_during_the_crop_season":"A lot","how_was_the_rain":"Erratic","weight_of_all_yield_of_the_variety_a_in_kg":"0.5","weight_of_all_yield_of_the_variety_b_in_kg":"0.5","weight_of_all_yield_of_the_variety_c_in_kg":"0.4","from_the_3_varieties_which_one_would_you_like_to_grow_again":"B","codigo_paquetes":"package_2019_amhara_metema_sesame_26","caracteristica_1":"Pest_resistance-(A/B/C)","best_variedad_1":"C","worst_variedad_1":"A","caracteristica_2":"Drought_resistance-(A/B/C)","best_variedad_2":"B","worst_variedad_2":"C","caracteristica_3":"Water_Lodging_resistance-(A/B/C)","better_variedad_3":"C","worse_variedad_3":"A","caracteristica_4":"Maturity_Uniformity-(A/B/C)","better_variedad_4":"B","worse_variedad_4":"A","caracteristica_5":"Seed_whiteness-(A/B/C)","better_variedad_5":"B","worse_variedad_5":"C","caracteristica_6":"Overall_performance-(A/B/C)","best_variedad_6":"B","worst_variedad_6":"C","evaluation":"1"},
{"observadores":"2019_amhara_metema_sesame_27","name_user":"sisaynesh gedamu","name_family":"none","village":"Godie","district":"Metema","telephone":"0","gender":"F","age":"44","location_longitude_seed_delivery_point":"36.200199","location_latitude_seed_delivery_point":"12.932961","location_altitude":"742","location_longitude":"36.200199","location_latitude":"12.932961","planting_date":"2012-07-11","harvest_date":"2012-11-02","irrigation":"No","fertilization":"No","slope":"Average","soil_quality":"Regular","soil_texture":"Loamy","soil_affected_by_salt":"No","how_much_did_it_rain_during_the_crop_season":"A lot","how_was_the_rain":"Erratic","weight_of_all_yield_of_the_variety_a_in_kg":"1","weight_of_all_yield_of_the_variety_b_in_kg":"0.5","weight_of_all_yield_of_the_variety_c_in_kg":"0.4","from_the_3_varieties_which_one_would_you_like_to_grow_again":"A","codigo_paquetes":"package_2019_amhara_metema_sesame_27","caracteristica_1":"Pest_resistance-(A/B/C)","best_variedad_1":"C","worst_variedad_1":"B","caracteristica_2":"Drought_resistance-(A/B/C)","best_variedad_2":"A","worst_variedad_2":"C","caracteristica_3":"Water_Lodging_resistance-(A/B/C)","better_variedad_3":"C","worse_variedad_3":"B","caracteristica_4":"Maturity_Uniformity-(A/B/C)","better_variedad_4":"A","worse_variedad_4":"B","caracteristica_5":"Seed_whiteness-(A/B/C)","better_variedad_5":"A","worse_variedad_5":"C","caracteristica_6":"Overall_performance-(A/B/C)","best_variedad_6":"A","worst_variedad_6":"C","evaluation":"1"},
{"observadores":"2019_amhara_metema_sesame_28","name_user":"fenta gedefa","name_family":"none","village":"Godie","district":"Metema","telephone":"0","gender":"F","age":"40","location_longitude_seed_delivery_point":"36.200199","location_latitude_seed_delivery_point":"12.932961","location_altitude":"742","location_longitude":"36.200199","location_latitude":"12.932961","planting_date":"2011-05-11","harvest_date":"2012-06-02","irrigation":"No","fertilization":"No","slope":"Average","soil_quality":"Regular","soil_texture":"Loamy","soil_affected_by_salt":"No","how_much_did_it_rain_during_the_crop_season":"A lot","how_was_the_rain":"Steady","weight_of_all_yield_of_the_variety_a_in_kg":"0.6","weight_of_all_yield_of_the_variety_b_in_kg":"0.4","weight_of_all_yield_of_the_variety_c_in_kg":"0.5","from_the_3_varieties_which_one_would_you_like_to_grow_again":"A","codigo_paquetes":"package_2019_amhara_metema_sesame_28","caracteristica_1":"Pest_resistance-(A/B/C)","best_variedad_1":"C","worst_variedad_1":"A","caracteristica_2":"Drought_resistance-(A/B/C)","best_variedad_2":"B","worst_variedad_2":"C","caracteristica_3":"Water_Lodging_resistance-(A/B/C)","better_variedad_3":"C","worse_variedad_3":"A","caracteristica_4":"Maturity_Uniformity-(A/B/C)","better_variedad_4":"A","worse_variedad_4":"B","caracteristica_5":"Seed_whiteness-(A/B/C)","better_variedad_5":"A","worse_variedad_5":"C","caracteristica_6":"Overall_performance-(A/B/C)","best_variedad_6":"A","worst_variedad_6":"B","evaluation":"1"},
{"observadores":"2019_amhara_metema_sesame_29","name_user":"berhan melkamu","name_family":"none","village":"Godie","district":"Metema","telephone":"0","gender":"M","age":"41","location_longitude_seed_delivery_point":"36.200199","location_latitude_seed_delivery_point":"12.932961","location_altitude":"742","location_longitude":"36.200199","location_latitude":"12.932961","planting_date":"","harvest_date":"","irrigation":"No","fertilization":"No","slope":"Average","soil_quality":"Regular","soil_texture":"Loamy","soil_affected_by_salt":"No","how_much_did_it_rain_during_the_crop_season":"A lot","how_was_the_rain":"Erratic","weight_of_all_yield_of_the_variety_a_in_kg":"0.4","weight_of_all_yield_of_the_variety_b_in_kg":"0.5","weight_of_all_yield_of_the_variety_c_in_kg":"0.4","from_the_3_varieties_which_one_would_you_like_to_grow_again":"B","codigo_paquetes":"package_2019_amhara_metema_sesame_29","caracteristica_1":"Pest_resistance-(A/B/C)","best_variedad_1":"A","worst_variedad_1":"C","caracteristica_2":"Drought_resistance-(A/B/C)","best_variedad_2":"A","worst_variedad_2":"B","caracteristica_3":"Water_Lodging_resistance-(A/B/C)","better_variedad_3":"A","worse_variedad_3":"C","caracteristica_4":"Maturity_Uniformity-(A/B/C)","better_variedad_4":"B","worse_variedad_4":"C","caracteristica_5":"Seed_whiteness-(A/B/C)","better_variedad_5":"A","worse_variedad_5":"C","caracteristica_6":"Overall_performance-(A/B/C)","best_variedad_6":"C","worst_variedad_6":"A","evaluation":"1"},
{"observadores":"2019_amhara_metema_sesame_3","name_user":"kes abera kefyalew","name_family":"none","village":"Godie","district":"Metema","telephone":"0","gender":"M","age":"52","location_longitude_seed_delivery_point":"36.200199","location_latitude_seed_delivery_point":"12.932961","location_altitude":"742","location_longitude":"36.200199","location_latitude":"12.932961","planting_date":"2011-02-11","harvest_date":"","irrigation":"No","fertilization":"No","slope":"Average","soil_quality":"Regular","soil_texture":"Loamy","soil_affected_by_salt":"No","how_much_did_it_rain_during_the_crop_season":"A lot","how_was_the_rain":"Erratic","weight_of_all_yield_of_the_variety_a_in_kg":"0.6","weight_of_all_yield_of_the_variety_b_in_kg":"0.4","weight_of_all_yield_of_the_variety_c_in_kg":"0.5","from_the_3_varieties_which_one_would_you_like_to_grow_again":"A","codigo_paquetes":"package_2019_amhara_metema_sesame_03","caracteristica_1":"Pest_resistance-(A/B/C)","best_variedad_1":"C","worst_variedad_1":"B","caracteristica_2":"Drought_resistance-(A/B/C)","best_variedad_2":"B","worst_variedad_2":"C","caracteristica_3":"Water_Lodging_resistance-(A/B/C)","better_variedad_3":"C","worse_variedad_3":"B","caracteristica_4":"Maturity_Uniformity-(A/B/C)","better_variedad_4":"A","worse_variedad_4":"B","caracteristica_5":"Seed_whiteness-(A/B/C)","better_variedad_5":"B","worse_variedad_5":"C","caracteristica_6":"Overall_performance-(A/B/C)","best_variedad_6":"A","worst_variedad_6":"B","evaluation":"1"},
{"observadores":"2019_amhara_metema_sesame_30","name_user":"yezbie ferede","name_family":"none","village":"Godie","district":"Metema","telephone":"0","gender":"F","age":"39","location_longitude_seed_delivery_point":"36.200199","location_latitude_seed_delivery_point":"12.932961","location_altitude":"742","location_longitude":"36.200199","location_latitude":"12.932961","planting_date":"2011-09-11","harvest_date":"","irrigation":"No","fertilization":"No","slope":"Average","soil_quality":"Regular","soil_texture":"Loamy","soil_affected_by_salt":"No","how_much_did_it_rain_during_the_crop_season":"A lot","how_was_the_rain":"Erratic","weight_of_all_yield_of_the_variety_a_in_kg":"1","weight_of_all_yield_of_the_variety_b_in_kg":"0.5","weight_of_all_yield_of_the_variety_c_in_kg":"1","from_the_3_varieties_which_one_would_you_like_to_grow_again":"C","codigo_paquetes":"package_2019_amhara_metema_sesame_30","caracteristica_1":"Pest_resistance-(A/B/C)","best_variedad_1":"C","worst_variedad_1":"A","caracteristica_2":"Drought_resistance-(A/B/C)","best_variedad_2":"C","worst_variedad_2":"B","caracteristica_3":"Water_Lodging_resistance-(A/B/C)","better_variedad_3":"C","worse_variedad_3":"A","caracteristica_4":"Maturity_Uniformity-(A/B/C)","better_variedad_4":"B","worse_variedad_4":"C","caracteristica_5":"Seed_whiteness-(A/B/C)","better_variedad_5":"A","worse_variedad_5":"B","caracteristica_6":"Overall_performance-(A/B/C)","best_variedad_6":"C","worst_variedad_6":"B","evaluation":"1"},
{"observadores":"2019_amhara_metema_sesame_31","name_user":"tadewut meles","name_family":"none","village":"Godie","district":"Metema","telephone":"0","gender":"F","age":"50","location_longitude_seed_delivery_point":"36.200199","location_latitude_seed_delivery_point":"12.932961","location_altitude":"742","location_longitude":"36.200199","location_latitude":"12.932961","planting_date":"2011-09-11","harvest_date":"","irrigation":"No","fertilization":"No","slope":"Flat","soil_quality":"Regular","soil_texture":"Loamy","soil_affected_by_salt":"No","how_much_did_it_rain_during_the_crop_season":"A lot","how_was_the_rain":"Erratic","weight_of_all_yield_of_the_variety_a_in_kg":"0.5","weight_of_all_yield_of_the_variety_b_in_kg":"0.4","weight_of_all_yield_of_the_variety_c_in_kg":"0.4","from_the_3_varieties_which_one_would_you_like_to_grow_again":"A","codigo_paquetes":"package_2019_amhara_metema_sesame_31","caracteristica_1":"Pest_resistance-(A/B/C)","best_variedad_1":"B","worst_variedad_1":"A","caracteristica_2":"Drought_resistance-(A/B/C)","best_variedad_2":"C","worst_variedad_2":"B","caracteristica_3":"Water_Lodging_resistance-(A/B/C)","better_variedad_3":"B","worse_variedad_3":"A","caracteristica_4":"Maturity_Uniformity-(A/B/C)","better_variedad_4":"A","worse_variedad_4":"C","caracteristica_5":"Seed_whiteness-(A/B/C)","better_variedad_5":"A","worse_variedad_5":"C","caracteristica_6":"Overall_performance-(A/B/C)","best_variedad_6":"A","worst_variedad_6":"C","evaluation":"1"},
{"observadores":"2019_amhara_metema_sesame_32","name_user":"birtukan worku","name_family":"none","village":"ch/matbekia","district":"Metema","telephone":"0","gender":"F","age":"38","location_longitude_seed_delivery_point":"36.200199","location_latitude_seed_delivery_point":"12.932961","location_altitude":"742","location_longitude":"36.200199","location_latitude":"12.932961","planting_date":"2012-07-11","harvest_date":"2012-11-02","irrigation":"No","fertilization":"No","slope":"Average","soil_quality":"Regular","soil_texture":"Loamy","soil_affected_by_salt":"No","how_much_did_it_rain_during_the_crop_season":"A lot","how_was_the_rain":"Erratic","weight_of_all_yield_of_the_variety_a_in_kg":"0.5","weight_of_all_yield_of_the_variety_b_in_kg":"0.5","weight_of_all_yield_of_the_variety_c_in_kg":"0.4","from_the_3_varieties_which_one_would_you_like_to_grow_again":"B","codigo_paquetes":"package_2019_amhara_metema_sesame_32","caracteristica_1":"Pest_resistance-(A/B/C)","best_variedad_1":"C","worst_variedad_1":"B","caracteristica_2":"Drought_resistance-(A/B/C)","best_variedad_2":"B","worst_variedad_2":"A","caracteristica_3":"Water_Lodging_resistance-(A/B/C)","better_variedad_3":"C","worse_variedad_3":"B","caracteristica_4":"Maturity_Uniformity-(A/B/C)","better_variedad_4":"B","worse_variedad_4":"C","caracteristica_5":"Seed_whiteness-(A/B/C)","better_variedad_5":"B","worse_variedad_5":"A","caracteristica_6":"Overall_performance-(A/B/C)","best_variedad_6":"B","worst_variedad_6":"C","evaluation":"1"},
{"observadores":"2019_amhara_metema_sesame_33","name_user":"belaynesh muhiye","name_family":"none","village":"Godie","district":"Metema","telephone":"0","gender":"F","age":"41","location_longitude_seed_delivery_point":"36.200199","location_latitude_seed_delivery_point":"12.932961","location_altitude":"742","location_longitude":"36.200199","location_latitude":"12.932961","planting_date":"2011-10-11","harvest_date":"","irrigation":"No","fertilization":"No","slope":"Average","soil_quality":"Regular","soil_texture":"Loamy","soil_affected_by_salt":"No","how_much_did_it_rain_during_the_crop_season":"A lot","how_was_the_rain":"Erratic","weight_of_all_yield_of_the_variety_a_in_kg":"0.4","weight_of_all_yield_of_the_variety_b_in_kg":"1","weight_of_all_yield_of_the_variety_c_in_kg":"0.5","from_the_3_varieties_which_one_would_you_like_to_grow_again":"B","codigo_paquetes":"package_2019_amhara_metema_sesame_33","caracteristica_1":"Pest_resistance-(A/B/C)","best_variedad_1":"B","worst_variedad_1":"A","caracteristica_2":"Drought_resistance-(A/B/C)","best_variedad_2":"C","worst_variedad_2":"B","caracteristica_3":"Water_Lodging_resistance-(A/B/C)","better_variedad_3":"B","worse_variedad_3":"A","caracteristica_4":"Maturity_Uniformity-(A/B/C)","better_variedad_4":"B","worse_variedad_4":"C","caracteristica_5":"Seed_whiteness-(A/B/C)","better_variedad_5":"B","worse_variedad_5":"C","caracteristica_6":"Overall_performance-(A/B/C)","best_variedad_6":"B","worst_variedad_6":"A","evaluation":"1"},
{"observadores":"2019_amhara_metema_sesame_34","name_user":"getie asfaw","name_family":"none","village":"ch/matbekia","district":"Metema","telephone":"0","gender":"M","age":"41","location_longitude_seed_delivery_point":"36.200199","location_latitude_seed_delivery_point":"12.932961","location_altitude":"742","location_longitude":"36.200199","location_latitude":"12.932961","planting_date":"2011-02-11","harvest_date":"2012-02-02","irrigation":"No","fertilization":"No","slope":"Average","soil_quality":"Regular","soil_texture":"Loamy","soil_affected_by_salt":"No","how_much_did_it_rain_during_the_crop_season":"A lot","how_was_the_rain":"Erratic","weight_of_all_yield_of_the_variety_a_in_kg":"0.4","weight_of_all_yield_of_the_variety_b_in_kg":"0.5","weight_of_all_yield_of_the_variety_c_in_kg":"0.4","from_the_3_varieties_which_one_would_you_like_to_grow_again":"B","codigo_paquetes":"package_2019_amhara_metema_sesame_34","caracteristica_1":"Pest_resistance-(A/B/C)","best_variedad_1":"C","worst_variedad_1":"B","caracteristica_2":"Drought_resistance-(A/B/C)","best_variedad_2":"A","worst_variedad_2":"C","caracteristica_3":"Water_Lodging_resistance-(A/B/C)","better_variedad_3":"C","worse_variedad_3":"B","caracteristica_4":"Maturity_Uniformity-(A/B/C)","better_variedad_4":"B","worse_variedad_4":"C","caracteristica_5":"Seed_whiteness-(A/B/C)","better_variedad_5":"B","worse_variedad_5":"A","caracteristica_6":"Overall_performance-(A/B/C)","best_variedad_6":"B","worst_variedad_6":"C","evaluation":"1"},
{"observadores":"2019_amhara_metema_sesame_35","name_user":"beletu worku","name_family":"none","village":"Godie","district":"Metema","telephone":"0","gender":"F","age":"40","location_longitude_seed_delivery_point":"36.200199","location_latitude_seed_delivery_point":"12.932961","location_altitude":"742","location_longitude":"36.200199","location_latitude":"12.932961","planting_date":"2011-10-11","harvest_date":"","irrigation":"No","fertilization":"No","slope":"Average","soil_quality":"Regular","soil_texture":"Loamy","soil_affected_by_salt":"No","how_much_did_it_rain_during_the_crop_season":"A lot","how_was_the_rain":"Erratic","weight_of_all_yield_of_the_variety_a_in_kg":"0.5","weight_of_all_yield_of_the_variety_b_in_kg":"0.4","weight_of_all_yield_of_the_variety_c_in_kg":"0.4","from_the_3_varieties_which_one_would_you_like_to_grow_again":"A","codigo_paquetes":"package_2019_amhara_metema_sesame_35","caracteristica_1":"Pest_resistance-(A/B/C)","best_variedad_1":"B","worst_variedad_1":"A","caracteristica_2":"Drought_resistance-(A/B/C)","best_variedad_2":"C","worst_variedad_2":"B","caracteristica_3":"Water_Lodging_resistance-(A/B/C)","better_variedad_3":"B","worse_variedad_3":"A","caracteristica_4":"Maturity_Uniformity-(A/B/C)","better_variedad_4":"A","worse_variedad_4":"C","caracteristica_5":"Seed_whiteness-(A/B/C)","better_variedad_5":"A","worse_variedad_5":"C","caracteristica_6":"Overall_performance-(A/B/C)","best_variedad_6":"A","worst_variedad_6":"C","evaluation":"1"},
{"observadores":"2019_amhara_metema_sesame_36","name_user":"desta belachew","name_family":"none","village":"ch/matbekia","district":"Metema","telephone":"0","gender":"F","age":"33","location_longitude_seed_delivery_point":"36.200199","location_latitude_seed_delivery_point":"12.932961","location_altitude":"742","location_longitude":"36.200199","location_latitude":"12.932961","planting_date":"2011-03-11","harvest_date":"2012-02-02","irrigation":"No","fertilization":"No","slope":"Average","soil_quality":"Regular","soil_texture":"Loamy","soil_affected_by_salt":"No","how_much_did_it_rain_during_the_crop_season":"A lot","how_was_the_rain":"Erratic","weight_of_all_yield_of_the_variety_a_in_kg":"0.5","weight_of_all_yield_of_the_variety_b_in_kg":"0.4","weight_of_all_yield_of_the_variety_c_in_kg":"0.4","from_the_3_varieties_which_one_would_you_like_to_grow_again":"A","codigo_paquetes":"package_2019_amhara_metema_sesame_36","caracteristica_1":"Pest_resistance-(A/B/C)","best_variedad_1":"B","worst_variedad_1":"A","caracteristica_2":"Drought_resistance-(A/B/C)","best_variedad_2":"C","worst_variedad_2":"B","caracteristica_3":"Water_Lodging_resistance-(A/B/C)","better_variedad_3":"B","worse_variedad_3":"A","caracteristica_4":"Maturity_Uniformity-(A/B/C)","better_variedad_4":"A","worse_variedad_4":"C","caracteristica_5":"Seed_whiteness-(A/B/C)","better_variedad_5":"A","worse_variedad_5":"B","caracteristica_6":"Overall_performance-(A/B/C)","best_variedad_6":"A","worst_variedad_6":"B","evaluation":"1"},
{"observadores":"2019_amhara_metema_sesame_37","name_user":"asmar marye","name_family":"none","village":"Godie","district":"Metema","telephone":"0","gender":"F","age":"48","location_longitude_seed_delivery_point":"36.200199","location_latitude_seed_delivery_point":"12.932961","location_altitude":"742","location_longitude":"36.200199","location_latitude":"12.932961","planting_date":"2012-07-11","harvest_date":"2012-11-02","irrigation":"No","fertilization":"No","slope":"Average","soil_quality":"Regular","soil_texture":"Loamy","soil_affected_by_salt":"No","how_much_did_it_rain_during_the_crop_season":"A lot","how_was_the_rain":"Erratic","weight_of_all_yield_of_the_variety_a_in_kg":"0.5","weight_of_all_yield_of_the_variety_b_in_kg":"0.4","weight_of_all_yield_of_the_variety_c_in_kg":"0.4","from_the_3_varieties_which_one_would_you_like_to_grow_again":"A","codigo_paquetes":"package_2019_amhara_metema_sesame_37","caracteristica_1":"Pest_resistance-(A/B/C)","best_variedad_1":"C","worst_variedad_1":"A","caracteristica_2":"Drought_resistance-(A/B/C)","best_variedad_2":"B","worst_variedad_2":"A","caracteristica_3":"Water_Lodging_resistance-(A/B/C)","better_variedad_3":"C","worse_variedad_3":"A","caracteristica_4":"Maturity_Uniformity-(A/B/C)","better_variedad_4":"A","worse_variedad_4":"C","caracteristica_5":"Seed_whiteness-(A/B/C)","better_variedad_5":"A","worse_variedad_5":"C","caracteristica_6":"Overall_performance-(A/B/C)","best_variedad_6":"A","worst_variedad_6":"C","evaluation":"1"},
{"observadores":"2019_amhara_metema_sesame_38","name_user":"yirdaw ashagere","name_family":"none","village":"Godie","district":"Metema","telephone":"0","gender":"M","age":"42","location_longitude_seed_delivery_point":"36.200199","location_latitude_seed_delivery_point":"12.932961","location_altitude":"742","location_longitude":"36.200199","location_latitude":"12.932961","planting_date":"","harvest_date":"","irrigation":"No","fertilization":"No","slope":"Average","soil_quality":"Regular","soil_texture":"Loamy","soil_affected_by_salt":"No","how_much_did_it_rain_during_the_crop_season":"A lot","how_was_the_rain":"Erratic","weight_of_all_yield_of_the_variety_a_in_kg":"5","weight_of_all_yield_of_the_variety_b_in_kg":"2","weight_of_all_yield_of_the_variety_c_in_kg":"2","from_the_3_varieties_which_one_would_you_like_to_grow_again":"A","codigo_paquetes":"package_2019_amhara_metema_sesame_38","caracteristica_1":"Pest_resistance-(A/B/C)","best_variedad_1":"A","worst_variedad_1":"B","caracteristica_2":"Drought_resistance-(A/B/C)","best_variedad_2":"B","worst_variedad_2":"C","caracteristica_3":"Water_Lodging_resistance-(A/B/C)","better_variedad_3":"C","worse_variedad_3":"B","caracteristica_4":"Maturity_Uniformity-(A/B/C)","better_variedad_4":"A","worse_variedad_4":"B","caracteristica_5":"Seed_whiteness-(A/B/C)","better_variedad_5":"A","worse_variedad_5":"C","caracteristica_6":"Overall_performance-(A/B/C)","best_variedad_6":"A","worst_variedad_6":"C","evaluation":"1"},
{"observadores":"2019_amhara_metema_sesame_39","name_user":"abebe tsega","name_family":"none","village":"ch/matbekia","district":"Metema","telephone":"0","gender":"M","age":"50","location_longitude_seed_delivery_point":"36.200199","location_latitude_seed_delivery_point":"12.932961","location_altitude":"742","location_longitude":"36.200199","location_latitude":"12.932961","planting_date":"","harvest_date":"","irrigation":"No","fertilization":"No","slope":"Average","soil_quality":"Regular","soil_texture":"Loamy","soil_affected_by_salt":"No","how_much_did_it_rain_during_the_crop_season":"A lot","how_was_the_rain":"Erratic","weight_of_all_yield_of_the_variety_a_in_kg":"1","weight_of_all_yield_of_the_variety_b_in_kg":"1","weight_of_all_yield_of_the_variety_c_in_kg":"0.5","from_the_3_varieties_which_one_would_you_like_to_grow_again":"A","codigo_paquetes":"package_2019_amhara_metema_sesame_39","caracteristica_1":"Pest_resistance-(A/B/C)","best_variedad_1":"C","worst_variedad_1":"A","caracteristica_2":"Drought_resistance-(A/B/C)","best_variedad_2":"A","worst_variedad_2":"C","caracteristica_3":"Water_Lodging_resistance-(A/B/C)","better_variedad_3":"B","worse_variedad_3":"C","caracteristica_4":"Maturity_Uniformity-(A/B/C)","better_variedad_4":"A","worse_variedad_4":"B","caracteristica_5":"Seed_whiteness-(A/B/C)","better_variedad_5":"A","worse_variedad_5":"C","caracteristica_6":"Overall_performance-(A/B/C)","best_variedad_6":"A","worst_variedad_6":"C","evaluation":"1"},
{"observadores":"2019_amhara_metema_sesame_4","name_user":"debash dessie","name_family":"none","village":"Godie","district":"Metema","telephone":"0","gender":"M","age":"50","location_longitude_seed_delivery_point":"36.200199","location_latitude_seed_delivery_point":"12.932961","location_altitude":"742","location_longitude":"36.200199","location_latitude":"12.932961","planting_date":"2011-09-11","harvest_date":"","irrigation":"No","fertilization":"No","slope":"Average","soil_quality":"Regular","soil_texture":"Loamy","soil_affected_by_salt":"No","how_much_did_it_rain_during_the_crop_season":"A lot","how_was_the_rain":"Erratic","weight_of_all_yield_of_the_variety_a_in_kg":"0.5","weight_of_all_yield_of_the_variety_b_in_kg":"0.5","weight_of_all_yield_of_the_variety_c_in_kg":"1","from_the_3_varieties_which_one_would_you_like_to_grow_again":"C","codigo_paquetes":"package_2019_amhara_metema_sesame_04","caracteristica_1":"Pest_resistance-(A/B/C)","best_variedad_1":"C","worst_variedad_1":"B","caracteristica_2":"Drought_resistance-(A/B/C)","best_variedad_2":"C","worst_variedad_2":"B","caracteristica_3":"Water_Lodging_resistance-(A/B/C)","better_variedad_3":"A","worse_variedad_3":"B","caracteristica_4":"Maturity_Uniformity-(A/B/C)","better_variedad_4":"B","worse_variedad_4":"C","caracteristica_5":"Seed_whiteness-(A/B/C)","better_variedad_5":"A","worse_variedad_5":"C","caracteristica_6":"Overall_performance-(A/B/C)","best_variedad_6":"C","worst_variedad_6":"B","evaluation":"1"},
{"observadores":"2019_amhara_metema_sesame_40","name_user":"tibebu melkamu","name_family":"none","village":"Godie","district":"Metema","telephone":"0","gender":"F","age":"38","location_longitude_seed_delivery_point":"36.200199","location_latitude_seed_delivery_point":"12.932961","location_altitude":"742","location_longitude":"36.200199","location_latitude":"12.932961","planting_date":"","harvest_date":"2012-06-02","irrigation":"No","fertilization":"No","slope":"Average","soil_quality":"Regular","soil_texture":"Loamy","soil_affected_by_salt":"No","how_much_did_it_rain_during_the_crop_season":"A lot","how_was_the_rain":"Erratic","weight_of_all_yield_of_the_variety_a_in_kg":"0.5","weight_of_all_yield_of_the_variety_b_in_kg":"0.4","weight_of_all_yield_of_the_variety_c_in_kg":"0.4","from_the_3_varieties_which_one_would_you_like_to_grow_again":"A","codigo_paquetes":"package_2019_amhara_metema_sesame_40","caracteristica_1":"Pest_resistance-(A/B/C)","best_variedad_1":"A","worst_variedad_1":"C","caracteristica_2":"Drought_resistance-(A/B/C)","best_variedad_2":"B","worst_variedad_2":"A","caracteristica_3":"Water_Lodging_resistance-(A/B/C)","better_variedad_3":"A","worse_variedad_3":"B","caracteristica_4":"Maturity_Uniformity-(A/B/C)","better_variedad_4":"B","worse_variedad_4":"C","caracteristica_5":"Seed_whiteness-(A/B/C)","better_variedad_5":"A","worse_variedad_5":"C","caracteristica_6":"Overall_performance-(A/B/C)","best_variedad_6":"A","worst_variedad_6":"C","evaluation":"1"},
{"observadores":"2019_amhara_metema_sesame_41","name_user":"mulu yimer","name_family":"none","village":"Godie","district":"Metema","telephone":"0","gender":"F","age":"42","location_longitude_seed_delivery_point":"36.200199","location_latitude_seed_delivery_point":"12.932961","location_altitude":"742","location_longitude":"36.200199","location_latitude":"12.932961","planting_date":"2011-09-11","harvest_date":"2012-09-02","irrigation":"No","fertilization":"No","slope":"Average","soil_quality":"Regular","soil_texture":"Loamy","soil_affected_by_salt":"No","how_much_did_it_rain_during_the_crop_season":"Average","how_was_the_rain":"Erratic","weight_of_all_yield_of_the_variety_a_in_kg":"0.5","weight_of_all_yield_of_the_variety_b_in_kg":"0.4","weight_of_all_yield_of_the_variety_c_in_kg":"0.3","from_the_3_varieties_which_one_would_you_like_to_grow_again":"A","codigo_paquetes":"package_2019_amhara_metema_sesame_41","caracteristica_1":"Pest_resistance-(A/B/C)","best_variedad_1":"C","worst_variedad_1":"B","caracteristica_2":"Drought_resistance-(A/B/C)","best_variedad_2":"B","worst_variedad_2":"C","caracteristica_3":"Water_Lodging_resistance-(A/B/C)","better_variedad_3":"C","worse_variedad_3":"B","caracteristica_4":"Maturity_Uniformity-(A/B/C)","better_variedad_4":"A","worse_variedad_4":"B","caracteristica_5":"Seed_whiteness-(A/B/C)","better_variedad_5":"A","worse_variedad_5":"C","caracteristica_6":"Overall_performance-(A/B/C)","best_variedad_6":"A","worst_variedad_6":"C","evaluation":"1"},
{"observadores":"2019_amhara_metema_sesame_42","name_user":"eyayaw gismie","name_family":"none","village":"Godie","district":"Metema","telephone":"0","gender":"M","age":"41","location_longitude_seed_delivery_point":"36.200199","location_latitude_seed_delivery_point":"12.932961","location_altitude":"742","location_longitude":"36.200199","location_latitude":"12.932961","planting_date":"2011-01-11","harvest_date":"2012-01-02","irrigation":"No","fertilization":"No","slope":"Flat","soil_quality":"Regular","soil_texture":"Loamy","soil_affected_by_salt":"No","how_much_did_it_rain_during_the_crop_season":"A lot","how_was_the_rain":"Erratic","weight_of_all_yield_of_the_variety_a_in_kg":"0.5","weight_of_all_yield_of_the_variety_b_in_kg":"0.5","weight_of_all_yield_of_the_variety_c_in_kg":"1","from_the_3_varieties_which_one_would_you_like_to_grow_again":"C","codigo_paquetes":"package_2019_amhara_metema_sesame_42","caracteristica_1":"Pest_resistance-(A/B/C)","best_variedad_1":"C","worst_variedad_1":"B","caracteristica_2":"Drought_resistance-(A/B/C)","best_variedad_2":"A","worst_variedad_2":"C","caracteristica_3":"Water_Lodging_resistance-(A/B/C)","better_variedad_3":"C","worse_variedad_3":"B","caracteristica_4":"Maturity_Uniformity-(A/B/C)","better_variedad_4":"A","worse_variedad_4":"B","caracteristica_5":"Seed_whiteness-(A/B/C)","better_variedad_5":"A","worse_variedad_5":"C","caracteristica_6":"Overall_performance-(A/B/C)","best_variedad_6":"C","worst_variedad_6":"B","evaluation":"1"},
{"observadores":"2019_amhara_metema_sesame_43","name_user":"fentanesh mayke?","name_family":"none","village":"ch/matbekia","district":"Metema","telephone":"0","gender":"F","age":"35","location_longitude_seed_delivery_point":"36.200199","location_latitude_seed_delivery_point":"12.932961","location_altitude":"742","location_longitude":"36.200199","location_latitude":"12.932961","planting_date":"","harvest_date":"","irrigation":"No","fertilization":"No","slope":"Average","soil_quality":"Regular","soil_texture":"Loamy","soil_affected_by_salt":"No","how_much_did_it_rain_during_the_crop_season":"A lot","how_was_the_rain":"Erratic","weight_of_all_yield_of_the_variety_a_in_kg":"0.4","weight_of_all_yield_of_the_variety_b_in_kg":"0.5","weight_of_all_yield_of_the_variety_c_in_kg":"0.4","from_the_3_varieties_which_one_would_you_like_to_grow_again":"B","codigo_paquetes":"package_2019_amhara_metema_sesame_43","caracteristica_1":"Pest_resistance-(A/B/C)","best_variedad_1":"B","worst_variedad_1":"A","caracteristica_2":"Drought_resistance-(A/B/C)","best_variedad_2":"C","worst_variedad_2":"A","caracteristica_3":"Water_Lodging_resistance-(A/B/C)","better_variedad_3":"B","worse_variedad_3":"A","caracteristica_4":"Maturity_Uniformity-(A/B/C)","better_variedad_4":"B","worse_variedad_4":"C","caracteristica_5":"Seed_whiteness-(A/B/C)","better_variedad_5":"B","worse_variedad_5":"C","caracteristica_6":"Overall_performance-(A/B/C)","best_variedad_6":"B","worst_variedad_6":"C","evaluation":"1"},
{"observadores":"2019_amhara_metema_sesame_44","name_user":"nurya ahmed ","name_family":"none","village":"Godie","district":"Metema","telephone":"0","gender":"F","age":"50","location_longitude_seed_delivery_point":"36.200199","location_latitude_seed_delivery_point":"12.932961","location_altitude":"742","location_longitude":"36.200199","location_latitude":"12.932961","planting_date":"","harvest_date":"","irrigation":"No","fertilization":"No","slope":"Flat","soil_quality":"Regular","soil_texture":"Loamy","soil_affected_by_salt":"No","how_much_did_it_rain_during_the_crop_season":"A lot","how_was_the_rain":"Erratic","weight_of_all_yield_of_the_variety_a_in_kg":"0.6","weight_of_all_yield_of_the_variety_b_in_kg":"0.4","weight_of_all_yield_of_the_variety_c_in_kg":"0.5","from_the_3_varieties_which_one_would_you_like_to_grow_again":"A","codigo_paquetes":"package_2019_amhara_metema_sesame_44","caracteristica_1":"Pest_resistance-(A/B/C)","best_variedad_1":"C","worst_variedad_1":"B","caracteristica_2":"Drought_resistance-(A/B/C)","best_variedad_2":"A","worst_variedad_2":"C","caracteristica_3":"Water_Lodging_resistance-(A/B/C)","better_variedad_3":"C","worse_variedad_3":"B","caracteristica_4":"Maturity_Uniformity-(A/B/C)","better_variedad_4":"A","worse_variedad_4":"C","caracteristica_5":"Seed_whiteness-(A/B/C)","better_variedad_5":"A","worse_variedad_5":"B","caracteristica_6":"Overall_performance-(A/B/C)","best_variedad_6":"A","worst_variedad_6":"B","evaluation":"1"},
{"observadores":"2019_amhara_metema_sesame_45","name_user":"kasahun gebru","name_family":"none","village":"Godie","district":"Metema","telephone":"0","gender":"M","age":"40","location_longitude_seed_delivery_point":"36.200199","location_latitude_seed_delivery_point":"12.932961","location_altitude":"742","location_longitude":"36.200199","location_latitude":"12.932961","planting_date":"2011-03-11","harvest_date":"","irrigation":"No","fertilization":"No","slope":"Average","soil_quality":"Regular","soil_texture":"Loamy","soil_affected_by_salt":"No","how_much_did_it_rain_during_the_crop_season":"A lot","how_was_the_rain":"Erratic","weight_of_all_yield_of_the_variety_a_in_kg":"1","weight_of_all_yield_of_the_variety_b_in_kg":"0.5","weight_of_all_yield_of_the_variety_c_in_kg":"0.5","from_the_3_varieties_which_one_would_you_like_to_grow_again":"C","codigo_paquetes":"package_2019_amhara_metema_sesame_45","caracteristica_1":"Pest_resistance-(A/B/C)","best_variedad_1":"B","worst_variedad_1":"A","caracteristica_2":"Drought_resistance-(A/B/C)","best_variedad_2":"C","worst_variedad_2":"B","caracteristica_3":"Water_Lodging_resistance-(A/B/C)","better_variedad_3":"B","worse_variedad_3":"A","caracteristica_4":"Maturity_Uniformity-(A/B/C)","better_variedad_4":"A","worse_variedad_4":"C","caracteristica_5":"Seed_whiteness-(A/B/C)","better_variedad_5":"C","worse_variedad_5":"B","caracteristica_6":"Overall_performance-(A/B/C)","best_variedad_6":"C","worst_variedad_6":"B","evaluation":"1"},
{"observadores":"2019_amhara_metema_sesame_46","name_user":"jemal seid","name_family":"none","village":"Godie","district":"Metema","telephone":"0","gender":"M","age":"38","location_longitude_seed_delivery_point":"36.200199","location_latitude_seed_delivery_point":"12.932961","location_altitude":"742","location_longitude":"36.200199","location_latitude":"12.932961","planting_date":"2011-06-11","harvest_date":"2012-06-02","irrigation":"No","fertilization":"No","slope":"Flat","soil_quality":"Regular","soil_texture":"Loamy","soil_affected_by_salt":"No","how_much_did_it_rain_during_the_crop_season":"A lot","how_was_the_rain":"Erratic","weight_of_all_yield_of_the_variety_a_in_kg":"0.5","weight_of_all_yield_of_the_variety_b_in_kg":"0.4","weight_of_all_yield_of_the_variety_c_in_kg":"0.4","from_the_3_varieties_which_one_would_you_like_to_grow_again":"A","codigo_paquetes":"package_2019_amhara_metema_sesame_46","caracteristica_1":"Pest_resistance-(A/B/C)","best_variedad_1":"B","worst_variedad_1":"A","caracteristica_2":"Drought_resistance-(A/B/C)","best_variedad_2":"C","worst_variedad_2":"B","caracteristica_3":"Water_Lodging_resistance-(A/B/C)","better_variedad_3":"B","worse_variedad_3":"A","caracteristica_4":"Maturity_Uniformity-(A/B/C)","better_variedad_4":"A","worse_variedad_4":"C","caracteristica_5":"Seed_whiteness-(A/B/C)","better_variedad_5":"A","worse_variedad_5":"B","caracteristica_6":"Overall_performance-(A/B/C)","best_variedad_6":"A","worst_variedad_6":"B","evaluation":"1"},
{"observadores":"2019_amhara_metema_sesame_47","name_user":"tesfaye kasa","name_family":"none","village":"Godie","district":"Metema","telephone":"0","gender":"M","age":"50","location_longitude_seed_delivery_point":"36.200199","location_latitude_seed_delivery_point":"12.932961","location_altitude":"742","location_longitude":"36.200199","location_latitude":"12.932961","planting_date":"","harvest_date":"","irrigation":"No","fertilization":"No","slope":"Average","soil_quality":"Regular","soil_texture":"Loamy","soil_affected_by_salt":"No","how_much_did_it_rain_during_the_crop_season":"A lot","how_was_the_rain":"Erratic","weight_of_all_yield_of_the_variety_a_in_kg":"0.4","weight_of_all_yield_of_the_variety_b_in_kg":"0.4","weight_of_all_yield_of_the_variety_c_in_kg":"0.5","from_the_3_varieties_which_one_would_you_like_to_grow_again":"C","codigo_paquetes":"package_2019_amhara_metema_sesame_47","caracteristica_1":"Pest_resistance-(A/B/C)","best_variedad_1":"B","worst_variedad_1":"C","caracteristica_2":"Drought_resistance-(A/B/C)","best_variedad_2":"B","worst_variedad_2":"A","caracteristica_3":"Water_Lodging_resistance-(A/B/C)","better_variedad_3":"C","worse_variedad_3":"A","caracteristica_4":"Maturity_Uniformity-(A/B/C)","better_variedad_4":"B","worse_variedad_4":"A","caracteristica_5":"Seed_whiteness-(A/B/C)","better_variedad_5":"B","worse_variedad_5":"A","caracteristica_6":"Overall_performance-(A/B/C)","best_variedad_6":"C","worst_variedad_6":"A","evaluation":"1"},
{"observadores":"2019_amhara_metema_sesame_48","name_user":"dasash tsegaye","name_family":"none","village":"Godie","district":"Metema","telephone":"0","gender":"F","age":"30","location_longitude_seed_delivery_point":"36.200199","location_latitude_seed_delivery_point":"12.932961","location_altitude":"742","location_longitude":"36.200199","location_latitude":"12.932961","planting_date":"2011-10-11","harvest_date":"2012-12-02","irrigation":"No","fertilization":"No","slope":"Average","soil_quality":"Regular","soil_texture":"Loamy","soil_affected_by_salt":"No","how_much_did_it_rain_during_the_crop_season":"A lot","how_was_the_rain":"Erratic","weight_of_all_yield_of_the_variety_a_in_kg":"0.4","weight_of_all_yield_of_the_variety_b_in_kg":"0.5","weight_of_all_yield_of_the_variety_c_in_kg":"0.4","from_the_3_varieties_which_one_would_you_like_to_grow_again":"B","codigo_paquetes":"package_2019_amhara_metema_sesame_48","caracteristica_1":"Pest_resistance-(A/B/C)","best_variedad_1":"B","worst_variedad_1":"A","caracteristica_2":"Drought_resistance-(A/B/C)","best_variedad_2":"C","worst_variedad_2":"B","caracteristica_3":"Water_Lodging_resistance-(A/B/C)","better_variedad_3":"B","worse_variedad_3":"A","caracteristica_4":"Maturity_Uniformity-(A/B/C)","better_variedad_4":"B","worse_variedad_4":"C","caracteristica_5":"Seed_whiteness-(A/B/C)","better_variedad_5":"B","worse_variedad_5":"C","caracteristica_6":"Overall_performance-(A/B/C)","best_variedad_6":"B","worst_variedad_6":"C","evaluation":"1"},
{"observadores":"2019_amhara_metema_sesame_49","name_user":"dasash fentaw","name_family":"none","village":"Godie","district":"Metema","telephone":"0","gender":"F","age":"40","location_longitude_seed_delivery_point":"36.200199","location_latitude_seed_delivery_point":"12.932961","location_altitude":"742","location_longitude":"36.200199","location_latitude":"12.932961","planting_date":"2011-06-11","harvest_date":"2012-06-02","irrigation":"No","fertilization":"No","slope":"Average","soil_quality":"Regular","soil_texture":"Loamy","soil_affected_by_salt":"No","how_much_did_it_rain_during_the_crop_season":"A lot","how_was_the_rain":"Erratic","weight_of_all_yield_of_the_variety_a_in_kg":"1.5","weight_of_all_yield_of_the_variety_b_in_kg":"1.5","weight_of_all_yield_of_the_variety_c_in_kg":"1","from_the_3_varieties_which_one_would_you_like_to_grow_again":"B","codigo_paquetes":"package_2019_amhara_metema_sesame_49","caracteristica_1":"Pest_resistance-(A/B/C)","best_variedad_1":"B","worst_variedad_1":"C","caracteristica_2":"Drought_resistance-(A/B/C)","best_variedad_2":"A","worst_variedad_2":"B","caracteristica_3":"Water_Lodging_resistance-(A/B/C)","better_variedad_3":"B","worse_variedad_3":"C","caracteristica_4":"Maturity_Uniformity-(A/B/C)","better_variedad_4":"A","worse_variedad_4":"C","caracteristica_5":"Seed_whiteness-(A/B/C)","better_variedad_5":"B","worse_variedad_5":"C","caracteristica_6":"Overall_performance-(A/B/C)","best_variedad_6":"B","worst_variedad_6":"C","evaluation":"1"},
{"observadores":"2019_amhara_metema_sesame_5","name_user":"workie teshome","name_family":"none","village":"Godie","district":"Metema","telephone":"0","gender":"F","age":"50","location_longitude_seed_delivery_point":"36.200199","location_latitude_seed_delivery_point":"12.932961","location_altitude":"742","location_longitude":"36.200199","location_latitude":"12.932961","planting_date":"2012-07-11","harvest_date":"2012-11-02","irrigation":"No","fertilization":"No","slope":"Average","soil_quality":"Regular","soil_texture":"Loamy","soil_affected_by_salt":"No","how_much_did_it_rain_during_the_crop_season":"A lot","how_was_the_rain":"Erratic","weight_of_all_yield_of_the_variety_a_in_kg":"0.4","weight_of_all_yield_of_the_variety_b_in_kg":"0.5","weight_of_all_yield_of_the_variety_c_in_kg":"0.4","from_the_3_varieties_which_one_would_you_like_to_grow_again":"B","codigo_paquetes":"package_2019_amhara_metema_sesame_05","caracteristica_1":"Pest_resistance-(A/B/C)","best_variedad_1":"C","worst_variedad_1":"A","caracteristica_2":"Drought_resistance-(A/B/C)","best_variedad_2":"B","worst_variedad_2":"A","caracteristica_3":"Water_Lodging_resistance-(A/B/C)","better_variedad_3":"C","worse_variedad_3":"A","caracteristica_4":"Maturity_Uniformity-(A/B/C)","better_variedad_4":"B","worse_variedad_4":"C","caracteristica_5":"Seed_whiteness-(A/B/C)","better_variedad_5":"B","worse_variedad_5":"C","caracteristica_6":"Overall_performance-(A/B/C)","best_variedad_6":"B","worst_variedad_6":"A","evaluation":"1"},
{"observadores":"2019_amhara_metema_sesame_6","name_user":"bosie marie","name_family":"none","village":"Godie","district":"Metema","telephone":"0","gender":"F","age":"38","location_longitude_seed_delivery_point":"36.200199","location_latitude_seed_delivery_point":"12.932961","location_altitude":"742","location_longitude":"36.200199","location_latitude":"12.932961","planting_date":"2011-03-11","harvest_date":"2012-04-02","irrigation":"No","fertilization":"No","slope":"Average","soil_quality":"Regular","soil_texture":"Loamy","soil_affected_by_salt":"No","how_much_did_it_rain_during_the_crop_season":"A lot","how_was_the_rain":"Steady","weight_of_all_yield_of_the_variety_a_in_kg":"0.4","weight_of_all_yield_of_the_variety_b_in_kg":"0.5","weight_of_all_yield_of_the_variety_c_in_kg":"0.5","from_the_3_varieties_which_one_would_you_like_to_grow_again":"B","codigo_paquetes":"package_2019_amhara_metema_sesame_06","caracteristica_1":"Pest_resistance-(A/B/C)","best_variedad_1":"B","worst_variedad_1":"C","caracteristica_2":"Drought_resistance-(A/B/C)","best_variedad_2":"B","worst_variedad_2":"A","caracteristica_3":"Water_Lodging_resistance-(A/B/C)","better_variedad_3":"B","worse_variedad_3":"C","caracteristica_4":"Maturity_Uniformity-(A/B/C)","better_variedad_4":"A","worse_variedad_4":"C","caracteristica_5":"Seed_whiteness-(A/B/C)","better_variedad_5":"A","worse_variedad_5":"B","caracteristica_6":"Overall_performance-(A/B/C)","best_variedad_6":"B","worst_variedad_6":"A","evaluation":"1"},
{"observadores":"2019_amhara_metema_sesame_7","name_user":"demek misgan","name_family":"none","village":"ch/matbekia","district":"Metema","telephone":"0","gender":"F","age":"40","location_longitude_seed_delivery_point":"36.200199","location_latitude_seed_delivery_point":"12.932961","location_altitude":"742","location_longitude":"36.200199","location_latitude":"12.932961","planting_date":"2011-10-11","harvest_date":"2012-10-02","irrigation":"No","fertilization":"No","slope":"Average","soil_quality":"Regular","soil_texture":"Loamy","soil_affected_by_salt":"No","how_much_did_it_rain_during_the_crop_season":"A lot","how_was_the_rain":"Erratic","weight_of_all_yield_of_the_variety_a_in_kg":"1","weight_of_all_yield_of_the_variety_b_in_kg":"1","weight_of_all_yield_of_the_variety_c_in_kg":"0.5","from_the_3_varieties_which_one_would_you_like_to_grow_again":"A","codigo_paquetes":"package_2019_amhara_metema_sesame_07","caracteristica_1":"Pest_resistance-(A/B/C)","best_variedad_1":"C","worst_variedad_1":"B","caracteristica_2":"Drought_resistance-(A/B/C)","best_variedad_2":"A","worst_variedad_2":"C","caracteristica_3":"Water_Lodging_resistance-(A/B/C)","better_variedad_3":"C","worse_variedad_3":"B","caracteristica_4":"Maturity_Uniformity-(A/B/C)","better_variedad_4":"C","worse_variedad_4":"B","caracteristica_5":"Seed_whiteness-(A/B/C)","better_variedad_5":"C","worse_variedad_5":"A","caracteristica_6":"Overall_performance-(A/B/C)","best_variedad_6":"A","worst_variedad_6":"C","evaluation":"1"},
{"observadores":"2019_amhara_metema_sesame_8","name_user":"woynshet tesfaye","name_family":"none","village":"Godie","district":"Metema","telephone":"0","gender":"F","age":"41","location_longitude_seed_delivery_point":"36.200199","location_latitude_seed_delivery_point":"12.932961","location_altitude":"742","location_longitude":"36.200199","location_latitude":"12.932961","planting_date":"","harvest_date":"","irrigation":"No","fertilization":"No","slope":"Average","soil_quality":"Regular","soil_texture":"Loamy","soil_affected_by_salt":"No","how_much_did_it_rain_during_the_crop_season":"A lot","how_was_the_rain":"Erratic","weight_of_all_yield_of_the_variety_a_in_kg":"1.5","weight_of_all_yield_of_the_variety_b_in_kg":"1.5","weight_of_all_yield_of_the_variety_c_in_kg":"1.25","from_the_3_varieties_which_one_would_you_like_to_grow_again":"A","codigo_paquetes":"package_2019_amhara_metema_sesame_08","caracteristica_1":"Pest_resistance-(A/B/C)","best_variedad_1":"C","worst_variedad_1":"A","caracteristica_2":"Drought_resistance-(A/B/C)","best_variedad_2":"B","worst_variedad_2":"C","caracteristica_3":"Water_Lodging_resistance-(A/B/C)","better_variedad_3":"C","worse_variedad_3":"A","caracteristica_4":"Maturity_Uniformity-(A/B/C)","better_variedad_4":"C","worse_variedad_4":"A","caracteristica_5":"Seed_whiteness-(A/B/C)","better_variedad_5":"C","worse_variedad_5":"B","caracteristica_6":"Overall_performance-(A/B/C)","best_variedad_6":"A","worst_variedad_6":"C","evaluation":"1"},
{"observadores":"2019_amhara_metema_sesame_9","name_user":"gashaw yizew","name_family":"none","village":"ch/matbekia","district":"Metema","telephone":"0","gender":"M","age":"45","location_longitude_seed_delivery_point":"36.200199","location_latitude_seed_delivery_point":"12.932961","location_altitude":"742","location_longitude":"36.200199","location_latitude":"12.932961","planting_date":"","harvest_date":"","irrigation":"No","fertilization":"No","slope":"Average","soil_quality":"Regular","soil_texture":"Loamy","soil_affected_by_salt":"No","how_much_did_it_rain_during_the_crop_season":"A lot","how_was_the_rain":"Erratic","weight_of_all_yield_of_the_variety_a_in_kg":"1.5","weight_of_all_yield_of_the_variety_b_in_kg":"0.5","weight_of_all_yield_of_the_variety_c_in_kg":"1","from_the_3_varieties_which_one_would_you_like_to_grow_again":"A","codigo_paquetes":"package_2019_amhara_metema_sesame_09","caracteristica_1":"Pest_resistance-(A/B/C)","best_variedad_1":"B","worst_variedad_1":"C","caracteristica_2":"Drought_resistance-(A/B/C)","best_variedad_2":"C","worst_variedad_2":"B","caracteristica_3":"Water_Lodging_resistance-(A/B/C)","better_variedad_3":"B","worse_variedad_3":"C","caracteristica_4":"Maturity_Uniformity-(A/B/C)","better_variedad_4":"A","worse_variedad_4":"B","caracteristica_5":"Seed_whiteness-(A/B/C)","better_variedad_5":"C","worse_variedad_5":"B","caracteristica_6":"Overall_performance-(A/B/C)","best_variedad_6":"A","worst_variedad_6":"B","evaluation":"1"}
]
