[
{"observadores":"2019_orosw_gubilla_wheat_1","name_user":null,"name_family":null,"village":null,"district":null,"telephone":null,"gender":null,"age":null,"location_longitude_seed_delivery_point":null,"location_latitude_seed_delivery_point":null,"location_altitude":null,"location_longitude":null,"location_latitude":null,"planting_date":null,"harvest_date":null,"weight_of_all_yield_of_the_variety_a_in_kg":null,"weight_of_all_yield_of_the_variety_b_in_kg":null,"weight_of_all_yield_of_the_variety_c_in_kg":null,"from_the_3_varieties_which_one_would_you_like_to_grow_again":null,"codigo_paquetes":null,"caracteristica_1":"Faster_maturity-(A/B/C)","best_variedad_1":null,"worst_variedad_1":null,"caracteristica_2":"Drought_resistance-(A/B/C)","best_variedad_2":null,"worst_variedad_2":null,"caracteristica_3":"Yield-(A/B/C)","best_variedad_3":null,"worst_variedad_3":null,"caracteristica_4":"Value_in_the_market-(A/B/C)","best_variedad_4":null,"worst_variedad_4":null,"caracteristica_5":"Rust_Tolerance-(A/B/C)","better_variedad_5":null,"worse_variedad_5":null,"caracteristica_6":"Seed_Color-(A/B/C)","better_variedad_6":null,"worse_variedad_6":null,"caracteristica_7":"Overall_performance-(A/B/C)","best_variedad_7":null,"worst_variedad_7":null,"evaluation":null}
]
