[
{"observadores":"2019_osw_balegoro_tef_1","name_user":"Abdu M/Aliyi","name_family":"none","village":"W/Chafa","district":"Goro","telephone":"936256997","gender":"","age":"","location_longitude_seed_delivery_point":"40.479935","location_latitude_seed_delivery_point":"6.991395","location_altitude":"1797","location_longitude":"40.479935","location_latitude":"6.991395","planting_date":"","harvest_date":"","slope":"Average","soil_quality":"Good","weight_of_all_yield_of_the_variety_a_in_kg":"0.6","weight_of_all_yield_of_the_variety_b_in_kg":"0.85","weight_of_all_yield_of_the_variety_c_in_kg":"0.7","from_the_3_varieties_which_one_would_you_like_to_grow_again":"B","codigo_paquetes":"package_2019_osw_balegoro_tef_01","caracteristica_1":"Faster_maturity-(A/B/C)","best_variedad_1":"A","worst_variedad_1":"B","caracteristica_2":"Disease_resistance-(A/B/C)","best_variedad_2":"B","worst_variedad_2":"A","caracteristica_3":"Drought_resistance-(A/B/C)","best_variedad_3":"B","worst_variedad_3":"A","caracteristica_4":"Value_in_the_market-(A/B/C)","best_variedad_4":"B","worst_variedad_4":"A","caracteristica_5":"Lodging_Tolerance-(A/B/C)","better_variedad_5":"C","worse_variedad_5":"B","caracteristica_6":"Seed_Color-(A/B/C)","better_variedad_6":"B","worse_variedad_6":"C","caracteristica_7":"Straw_Biomass-(A/B/C)","better_variedad_7":"B","worse_variedad_7":"A","caracteristica_8":"Overall_performance-(A/B/C)","best_variedad_8":"B","worst_variedad_8":"A","evaluation":"1"},
{"observadores":"2019_osw_balegoro_tef_10","name_user":"A/qadir Yusuf","name_family":"none","village":"W/Chafa","district":"Goro","telephone":"920953185","gender":"","age":"","location_longitude_seed_delivery_point":"40.479935","location_latitude_seed_delivery_point":"6.991395","location_altitude":"1797","location_longitude":"40.479935","location_latitude":"6.991395","planting_date":"","harvest_date":"","slope":"Average","soil_quality":"Good","weight_of_all_yield_of_the_variety_a_in_kg":"1.26","weight_of_all_yield_of_the_variety_b_in_kg":"0.8","weight_of_all_yield_of_the_variety_c_in_kg":"0.9","from_the_3_varieties_which_one_would_you_like_to_grow_again":"A","codigo_paquetes":"package_2019_osw_balegoro_tef_10","caracteristica_1":"Faster_maturity-(A/B/C)","best_variedad_1":"A","worst_variedad_1":"B","caracteristica_2":"Disease_resistance-(A/B/C)","best_variedad_2":"A","worst_variedad_2":"B","caracteristica_3":"Drought_resistance-(A/B/C)","best_variedad_3":"A","worst_variedad_3":"B","caracteristica_4":"Value_in_the_market-(A/B/C)","best_variedad_4":"B","worst_variedad_4":"C","caracteristica_5":"Lodging_Tolerance-(A/B/C)","better_variedad_5":"B","worse_variedad_5":"C","caracteristica_6":"Seed_Color-(A/B/C)","better_variedad_6":"A","worse_variedad_6":"B","caracteristica_7":"Straw_Biomass-(A/B/C)","better_variedad_7":"A","worse_variedad_7":"B","caracteristica_8":"Overall_performance-(A/B/C)","best_variedad_8":"A","worst_variedad_8":"B","evaluation":"1"},
{"observadores":"2019_osw_balegoro_tef_11","name_user":"Abdu Mame","name_family":"none","village":"W/Chafa","district":"Goro","telephone":"927299182","gender":"","age":"","location_longitude_seed_delivery_point":"40.479935","location_latitude_seed_delivery_point":"6.991395","location_altitude":"1797","location_longitude":"40.479935","location_latitude":"6.991395","planting_date":"","harvest_date":"","slope":"Average","soil_quality":"Good","weight_of_all_yield_of_the_variety_a_in_kg":"0.8","weight_of_all_yield_of_the_variety_b_in_kg":"1.2","weight_of_all_yield_of_the_variety_c_in_kg":"0.5","from_the_3_varieties_which_one_would_you_like_to_grow_again":"B","codigo_paquetes":"package_2019_osw_balegoro_tef_11","caracteristica_1":"Faster_maturity-(A/B/C)","best_variedad_1":"B","worst_variedad_1":"C","caracteristica_2":"Disease_resistance-(A/B/C)","best_variedad_2":"B","worst_variedad_2":"C","caracteristica_3":"Drought_resistance-(A/B/C)","best_variedad_3":"B","worst_variedad_3":"C","caracteristica_4":"Value_in_the_market-(A/B/C)","best_variedad_4":"B","worst_variedad_4":"A","caracteristica_5":"Lodging_Tolerance-(A/B/C)","better_variedad_5":"B","worse_variedad_5":"A","caracteristica_6":"Seed_Color-(A/B/C)","better_variedad_6":"B","worse_variedad_6":"C","caracteristica_7":"Straw_Biomass-(A/B/C)","better_variedad_7":"B","worse_variedad_7":"C","caracteristica_8":"Overall_performance-(A/B/C)","best_variedad_8":"B","worst_variedad_8":"C","evaluation":"1"},
{"observadores":"2019_osw_balegoro_tef_12","name_user":"Abdulayi Ibro","name_family":"none","village":"W/Chafa","district":"Goro","telephone":"918115221","gender":"","age":"","location_longitude_seed_delivery_point":"40.479935","location_latitude_seed_delivery_point":"6.991395","location_altitude":"1797","location_longitude":"40.479935","location_latitude":"6.991395","planting_date":"","harvest_date":"","slope":"Average","soil_quality":"Good","weight_of_all_yield_of_the_variety_a_in_kg":"1","weight_of_all_yield_of_the_variety_b_in_kg":"1.5","weight_of_all_yield_of_the_variety_c_in_kg":"1.2","from_the_3_varieties_which_one_would_you_like_to_grow_again":"B","codigo_paquetes":"package_2019_osw_balegoro_tef_12","caracteristica_1":"Faster_maturity-(A/B/C)","best_variedad_1":"A","worst_variedad_1":"B","caracteristica_2":"Disease_resistance-(A/B/C)","best_variedad_2":"B","worst_variedad_2":"A","caracteristica_3":"Drought_resistance-(A/B/C)","best_variedad_3":"B","worst_variedad_3":"A","caracteristica_4":"Value_in_the_market-(A/B/C)","best_variedad_4":"B","worst_variedad_4":"A","caracteristica_5":"Lodging_Tolerance-(A/B/C)","better_variedad_5":"A","worse_variedad_5":"C","caracteristica_6":"Seed_Color-(A/B/C)","better_variedad_6":"B","worse_variedad_6":"A","caracteristica_7":"Straw_Biomass-(A/B/C)","better_variedad_7":"A","worse_variedad_7":"C","caracteristica_8":"Overall_performance-(A/B/C)","best_variedad_8":"B","worst_variedad_8":"A","evaluation":"1"},
{"observadores":"2019_osw_balegoro_tef_13","name_user":"Muhamedhusen kedir","name_family":"none","village":"W/Chafa","district":"Goro","telephone":"924457508","gender":"","age":"","location_longitude_seed_delivery_point":"40.479935","location_latitude_seed_delivery_point":"6.991395","location_altitude":"1797","location_longitude":"40.479935","location_latitude":"6.991395","planting_date":"","harvest_date":"","slope":"Average","soil_quality":"Good","weight_of_all_yield_of_the_variety_a_in_kg":"1.3","weight_of_all_yield_of_the_variety_b_in_kg":"1.1","weight_of_all_yield_of_the_variety_c_in_kg":"1.5","from_the_3_varieties_which_one_would_you_like_to_grow_again":"C","codigo_paquetes":"package_2019_osw_balegoro_tef_13","caracteristica_1":"Faster_maturity-(A/B/C)","best_variedad_1":"C","worst_variedad_1":"B","caracteristica_2":"Disease_resistance-(A/B/C)","best_variedad_2":"C","worst_variedad_2":"B","caracteristica_3":"Drought_resistance-(A/B/C)","best_variedad_3":"A","worst_variedad_3":"C","caracteristica_4":"Value_in_the_market-(A/B/C)","best_variedad_4":"C","worst_variedad_4":"B","caracteristica_5":"Lodging_Tolerance-(A/B/C)","better_variedad_5":"B","worse_variedad_5":"A","caracteristica_6":"Seed_Color-(A/B/C)","better_variedad_6":"C","worse_variedad_6":"B","caracteristica_7":"Straw_Biomass-(A/B/C)","better_variedad_7":"C","worse_variedad_7":"A","caracteristica_8":"Overall_performance-(A/B/C)","best_variedad_8":"C","worst_variedad_8":"B","evaluation":"1"},
{"observadores":"2019_osw_balegoro_tef_14","name_user":"Mpohammedseyif A/Rahiman","name_family":"none","village":"W/Chafa","district":"Goro","telephone":"946294679","gender":"","age":"","location_longitude_seed_delivery_point":"40.479935","location_latitude_seed_delivery_point":"6.991395","location_altitude":"1797","location_longitude":"40.479935","location_latitude":"6.991395","planting_date":"","harvest_date":"","slope":"Average","soil_quality":"Good","weight_of_all_yield_of_the_variety_a_in_kg":"1","weight_of_all_yield_of_the_variety_b_in_kg":"1.5","weight_of_all_yield_of_the_variety_c_in_kg":"0.9","from_the_3_varieties_which_one_would_you_like_to_grow_again":"B","codigo_paquetes":"package_2019_osw_balegoro_tef_14","caracteristica_1":"Faster_maturity-(A/B/C)","best_variedad_1":"B","worst_variedad_1":"C","caracteristica_2":"Disease_resistance-(A/B/C)","best_variedad_2":"B","worst_variedad_2":"C","caracteristica_3":"Drought_resistance-(A/B/C)","best_variedad_3":"B","worst_variedad_3":"C","caracteristica_4":"Value_in_the_market-(A/B/C)","best_variedad_4":"B","worst_variedad_4":"C","caracteristica_5":"Lodging_Tolerance-(A/B/C)","better_variedad_5":"B","worse_variedad_5":"C","caracteristica_6":"Seed_Color-(A/B/C)","better_variedad_6":"B","worse_variedad_6":"C","caracteristica_7":"Straw_Biomass-(A/B/C)","better_variedad_7":"B","worse_variedad_7":"C","caracteristica_8":"Overall_performance-(A/B/C)","best_variedad_8":"B","worst_variedad_8":"C","evaluation":"1"},
{"observadores":"2019_osw_balegoro_tef_15","name_user":"H/Jalil  sh/hasen","name_family":"none","village":"W/Chafa","district":"Goro","telephone":"90171","gender":"","age":"","location_longitude_seed_delivery_point":"40.479935","location_latitude_seed_delivery_point":"6.991395","location_altitude":"1797","location_longitude":"40.479935","location_latitude":"6.991395","planting_date":"","harvest_date":"","slope":"Average","soil_quality":"Good","weight_of_all_yield_of_the_variety_a_in_kg":"1.1","weight_of_all_yield_of_the_variety_b_in_kg":"1.3","weight_of_all_yield_of_the_variety_c_in_kg":"1.5","from_the_3_varieties_which_one_would_you_like_to_grow_again":"C","codigo_paquetes":"package_2019_osw_balegoro_tef_15","caracteristica_1":"Faster_maturity-(A/B/C)","best_variedad_1":"C","worst_variedad_1":"A","caracteristica_2":"Disease_resistance-(A/B/C)","best_variedad_2":"C","worst_variedad_2":"A","caracteristica_3":"Drought_resistance-(A/B/C)","best_variedad_3":"C","worst_variedad_3":"B","caracteristica_4":"Value_in_the_market-(A/B/C)","best_variedad_4":"C","worst_variedad_4":"B","caracteristica_5":"Lodging_Tolerance-(A/B/C)","better_variedad_5":"C","worse_variedad_5":"A","caracteristica_6":"Seed_Color-(A/B/C)","better_variedad_6":"C","worse_variedad_6":"B","caracteristica_7":"Straw_Biomass-(A/B/C)","better_variedad_7":"C","worse_variedad_7":"B","caracteristica_8":"Overall_performance-(A/B/C)","best_variedad_8":"C","worst_variedad_8":"B","evaluation":"1"},
{"observadores":"2019_osw_balegoro_tef_16","name_user":"Jeylan kedir","name_family":"none","village":"W/Chafa","district":"Goro","telephone":"980619917","gender":"","age":"","location_longitude_seed_delivery_point":"40.479935","location_latitude_seed_delivery_point":"6.991395","location_altitude":"1797","location_longitude":"40.479935","location_latitude":"6.991395","planting_date":"","harvest_date":"","slope":"Average","soil_quality":"Good","weight_of_all_yield_of_the_variety_a_in_kg":"1.3","weight_of_all_yield_of_the_variety_b_in_kg":"0.9","weight_of_all_yield_of_the_variety_c_in_kg":"0.7","from_the_3_varieties_which_one_would_you_like_to_grow_again":"A","codigo_paquetes":"package_2019_osw_balegoro_tef_16","caracteristica_1":"Faster_maturity-(A/B/C)","best_variedad_1":"A","worst_variedad_1":"C","caracteristica_2":"Disease_resistance-(A/B/C)","best_variedad_2":"A","worst_variedad_2":"C","caracteristica_3":"Drought_resistance-(A/B/C)","best_variedad_3":"A","worst_variedad_3":"C","caracteristica_4":"Value_in_the_market-(A/B/C)","best_variedad_4":"A","worst_variedad_4":"C","caracteristica_5":"Lodging_Tolerance-(A/B/C)","better_variedad_5":"A","worse_variedad_5":"C","caracteristica_6":"Seed_Color-(A/B/C)","better_variedad_6":"A","worse_variedad_6":"C","caracteristica_7":"Straw_Biomass-(A/B/C)","better_variedad_7":"B","worse_variedad_7":"C","caracteristica_8":"Overall_performance-(A/B/C)","best_variedad_8":"A","worst_variedad_8":"C","evaluation":"1"},
{"observadores":"2019_osw_balegoro_tef_17","name_user":"Sitina Mehamud","name_family":"none","village":"W/Chafa","district":"Goro","telephone":"0","gender":"F","age":"","location_longitude_seed_delivery_point":"40.479935","location_latitude_seed_delivery_point":"6.991395","location_altitude":"1797","location_longitude":"40.479935","location_latitude":"6.991395","planting_date":"","harvest_date":"","slope":"Average","soil_quality":"Good","weight_of_all_yield_of_the_variety_a_in_kg":"1.1","weight_of_all_yield_of_the_variety_b_in_kg":"1.16","weight_of_all_yield_of_the_variety_c_in_kg":"1.5","from_the_3_varieties_which_one_would_you_like_to_grow_again":"C","codigo_paquetes":"package_2019_osw_balegoro_tef_17","caracteristica_1":"Faster_maturity-(A/B/C)","best_variedad_1":"B","worst_variedad_1":"C","caracteristica_2":"Disease_resistance-(A/B/C)","best_variedad_2":"C","worst_variedad_2":"A","caracteristica_3":"Drought_resistance-(A/B/C)","best_variedad_3":"C","worst_variedad_3":"A","caracteristica_4":"Value_in_the_market-(A/B/C)","best_variedad_4":"C","worst_variedad_4":"A","caracteristica_5":"Lodging_Tolerance-(A/B/C)","better_variedad_5":"A","worse_variedad_5":"B","caracteristica_6":"Seed_Color-(A/B/C)","better_variedad_6":"A","worse_variedad_6":"B","caracteristica_7":"Straw_Biomass-(A/B/C)","better_variedad_7":"A","worse_variedad_7":"B","caracteristica_8":"Overall_performance-(A/B/C)","best_variedad_8":"C","worst_variedad_8":"A","evaluation":"1"},
{"observadores":"2019_osw_balegoro_tef_18","name_user":"A/Hamid Kebir Hasen","name_family":"none","village":"W/Chafa","district":"Goro","telephone":"0","gender":"","age":"","location_longitude_seed_delivery_point":"40.479935","location_latitude_seed_delivery_point":"6.991395","location_altitude":"1797","location_longitude":"40.479935","location_latitude":"6.991395","planting_date":"","harvest_date":"","slope":"Average","soil_quality":"Good","weight_of_all_yield_of_the_variety_a_in_kg":"1.6","weight_of_all_yield_of_the_variety_b_in_kg":"1.2","weight_of_all_yield_of_the_variety_c_in_kg":"1.1","from_the_3_varieties_which_one_would_you_like_to_grow_again":"A","codigo_paquetes":"package_2019_osw_balegoro_tef_18","caracteristica_1":"Faster_maturity-(A/B/C)","best_variedad_1":"A","worst_variedad_1":"C","caracteristica_2":"Disease_resistance-(A/B/C)","best_variedad_2":"A","worst_variedad_2":"C","caracteristica_3":"Drought_resistance-(A/B/C)","best_variedad_3":"A","worst_variedad_3":"C","caracteristica_4":"Value_in_the_market-(A/B/C)","best_variedad_4":"A","worst_variedad_4":"C","caracteristica_5":"Lodging_Tolerance-(A/B/C)","better_variedad_5":"A","worse_variedad_5":"C","caracteristica_6":"Seed_Color-(A/B/C)","better_variedad_6":"A","worse_variedad_6":"C","caracteristica_7":"Straw_Biomass-(A/B/C)","better_variedad_7":"B","worse_variedad_7":"C","caracteristica_8":"Overall_performance-(A/B/C)","best_variedad_8":"A","worst_variedad_8":"C","evaluation":"1"},
{"observadores":"2019_osw_balegoro_tef_19","name_user":"Xayu Safii","name_family":"none","village":"W/Chafa","district":"Goro","telephone":"0","gender":"F","age":"","location_longitude_seed_delivery_point":"40.479935","location_latitude_seed_delivery_point":"6.991395","location_altitude":"1797","location_longitude":"40.479935","location_latitude":"6.991395","planting_date":"","harvest_date":"","slope":"Average","soil_quality":"Good","weight_of_all_yield_of_the_variety_a_in_kg":"1.8","weight_of_all_yield_of_the_variety_b_in_kg":"1.5","weight_of_all_yield_of_the_variety_c_in_kg":"1.3","from_the_3_varieties_which_one_would_you_like_to_grow_again":"A","codigo_paquetes":"package_2019_osw_balegoro_tef_19","caracteristica_1":"Faster_maturity-(A/B/C)","best_variedad_1":"A","worst_variedad_1":"B","caracteristica_2":"Disease_resistance-(A/B/C)","best_variedad_2":"A","worst_variedad_2":"C","caracteristica_3":"Drought_resistance-(A/B/C)","best_variedad_3":"A","worst_variedad_3":"C","caracteristica_4":"Value_in_the_market-(A/B/C)","best_variedad_4":"A","worst_variedad_4":"C","caracteristica_5":"Lodging_Tolerance-(A/B/C)","better_variedad_5":"A","worse_variedad_5":"C","caracteristica_6":"Seed_Color-(A/B/C)","better_variedad_6":"A","worse_variedad_6":"C","caracteristica_7":"Straw_Biomass-(A/B/C)","better_variedad_7":"A","worse_variedad_7":"C","caracteristica_8":"Overall_performance-(A/B/C)","best_variedad_8":"A","worst_variedad_8":"C","evaluation":"1"},
{"observadores":"2019_osw_balegoro_tef_2","name_user":"Halu Abdulahi","name_family":"none","village":"W/Chafa","district":"Goro","telephone":"0","gender":"","age":"","location_longitude_seed_delivery_point":"40.479935","location_latitude_seed_delivery_point":"6.991395","location_altitude":"1797","location_longitude":"40.479935","location_latitude":"6.991395","planting_date":"","harvest_date":"","slope":"Average","soil_quality":"Good","weight_of_all_yield_of_the_variety_a_in_kg":"0.52","weight_of_all_yield_of_the_variety_b_in_kg":"1.1","weight_of_all_yield_of_the_variety_c_in_kg":"0.9","from_the_3_varieties_which_one_would_you_like_to_grow_again":"B","codigo_paquetes":"package_2019_osw_balegoro_tef_02","caracteristica_1":"Faster_maturity-(A/B/C)","best_variedad_1":"A","worst_variedad_1":"B","caracteristica_2":"Disease_resistance-(A/B/C)","best_variedad_2":"B","worst_variedad_2":"A","caracteristica_3":"Drought_resistance-(A/B/C)","best_variedad_3":"B","worst_variedad_3":"A","caracteristica_4":"Value_in_the_market-(A/B/C)","best_variedad_4":"C","worst_variedad_4":"A","caracteristica_5":"Lodging_Tolerance-(A/B/C)","better_variedad_5":"C","worse_variedad_5":"B","caracteristica_6":"Seed_Color-(A/B/C)","better_variedad_6":"B","worse_variedad_6":"A","caracteristica_7":"Straw_Biomass-(A/B/C)","better_variedad_7":"B","worse_variedad_7":"A","caracteristica_8":"Overall_performance-(A/B/C)","best_variedad_8":"B","worst_variedad_8":"A","evaluation":"1"},
{"observadores":"2019_osw_balegoro_tef_20","name_user":"Aliyi Beyan","name_family":"none","village":"W/Chafa","district":"Goro","telephone":"952139050","gender":"","age":"","location_longitude_seed_delivery_point":"40.479935","location_latitude_seed_delivery_point":"6.991395","location_altitude":"1797","location_longitude":"40.479935","location_latitude":"6.991395","planting_date":"","harvest_date":"","slope":"Average","soil_quality":"Good","weight_of_all_yield_of_the_variety_a_in_kg":"0.9","weight_of_all_yield_of_the_variety_b_in_kg":"1.3","weight_of_all_yield_of_the_variety_c_in_kg":"1.1","from_the_3_varieties_which_one_would_you_like_to_grow_again":"B","codigo_paquetes":"package_2019_osw_balegoro_tef_20","caracteristica_1":"Faster_maturity-(A/B/C)","best_variedad_1":"B","worst_variedad_1":"A","caracteristica_2":"Disease_resistance-(A/B/C)","best_variedad_2":"B","worst_variedad_2":"A","caracteristica_3":"Drought_resistance-(A/B/C)","best_variedad_3":"C","worst_variedad_3":"A","caracteristica_4":"Value_in_the_market-(A/B/C)","best_variedad_4":"C","worst_variedad_4":"A","caracteristica_5":"Lodging_Tolerance-(A/B/C)","better_variedad_5":"B","worse_variedad_5":"A","caracteristica_6":"Seed_Color-(A/B/C)","better_variedad_6":"B","worse_variedad_6":"A","caracteristica_7":"Straw_Biomass-(A/B/C)","better_variedad_7":"B","worse_variedad_7":"A","caracteristica_8":"Overall_performance-(A/B/C)","best_variedad_8":"B","worst_variedad_8":"A","evaluation":"1"},
{"observadores":"2019_osw_balegoro_tef_21","name_user":"Gezali Sh/A/Lakim","name_family":"none","village":"W/Chafa","district":"Goro","telephone":"923312706","gender":"","age":"","location_longitude_seed_delivery_point":"40.479935","location_latitude_seed_delivery_point":"6.991395","location_altitude":"1797","location_longitude":"40.479935","location_latitude":"6.991395","planting_date":"","harvest_date":"","slope":"Average","soil_quality":"Good","weight_of_all_yield_of_the_variety_a_in_kg":"0.8","weight_of_all_yield_of_the_variety_b_in_kg":"0.9","weight_of_all_yield_of_the_variety_c_in_kg":"0.65","from_the_3_varieties_which_one_would_you_like_to_grow_again":"B","codigo_paquetes":"package_2019_osw_balegoro_tef_21","caracteristica_1":"Faster_maturity-(A/B/C)","best_variedad_1":"B","worst_variedad_1":"C","caracteristica_2":"Disease_resistance-(A/B/C)","best_variedad_2":"B","worst_variedad_2":"C","caracteristica_3":"Drought_resistance-(A/B/C)","best_variedad_3":"B","worst_variedad_3":"C","caracteristica_4":"Value_in_the_market-(A/B/C)","best_variedad_4":"B","worst_variedad_4":"C","caracteristica_5":"Lodging_Tolerance-(A/B/C)","better_variedad_5":"A","worse_variedad_5":"B","caracteristica_6":"Seed_Color-(A/B/C)","better_variedad_6":"A","worse_variedad_6":"B","caracteristica_7":"Straw_Biomass-(A/B/C)","better_variedad_7":"B","worse_variedad_7":"C","caracteristica_8":"Overall_performance-(A/B/C)","best_variedad_8":"B","worst_variedad_8":"C","evaluation":"1"},
{"observadores":"2019_osw_balegoro_tef_22","name_user":"Kamila Ismael","name_family":"none","village":"W/Chafa","district":"Goro","telephone":"924070774","gender":"","age":"","location_longitude_seed_delivery_point":"40.479935","location_latitude_seed_delivery_point":"6.991395","location_altitude":"1797","location_longitude":"40.479935","location_latitude":"6.991395","planting_date":"","harvest_date":"","slope":"Average","soil_quality":"Good","weight_of_all_yield_of_the_variety_a_in_kg":"0.45","weight_of_all_yield_of_the_variety_b_in_kg":"0.7","weight_of_all_yield_of_the_variety_c_in_kg":"0.5","from_the_3_varieties_which_one_would_you_like_to_grow_again":"B","codigo_paquetes":"package_2019_osw_balegoro_tef_22","caracteristica_1":"Faster_maturity-(A/B/C)","best_variedad_1":"B","worst_variedad_1":"A","caracteristica_2":"Disease_resistance-(A/B/C)","best_variedad_2":"A","worst_variedad_2":"B","caracteristica_3":"Drought_resistance-(A/B/C)","best_variedad_3":"B","worst_variedad_3":"A","caracteristica_4":"Value_in_the_market-(A/B/C)","best_variedad_4":"A","worst_variedad_4":"C","caracteristica_5":"Lodging_Tolerance-(A/B/C)","better_variedad_5":"A","worse_variedad_5":"C","caracteristica_6":"Seed_Color-(A/B/C)","better_variedad_6":"B","worse_variedad_6":"A","caracteristica_7":"Straw_Biomass-(A/B/C)","better_variedad_7":"B","worse_variedad_7":"A","caracteristica_8":"Overall_performance-(A/B/C)","best_variedad_8":"B","worst_variedad_8":"C","evaluation":"1"},
{"observadores":"2019_osw_balegoro_tef_23","name_user":"Abdu Abdulahi","name_family":"none","village":"W/Chafa","district":"Goro","telephone":"0","gender":"","age":"","location_longitude_seed_delivery_point":"40.479935","location_latitude_seed_delivery_point":"6.991395","location_altitude":"1797","location_longitude":"40.479935","location_latitude":"6.991395","planting_date":"","harvest_date":"","slope":"Average","soil_quality":"Good","weight_of_all_yield_of_the_variety_a_in_kg":"1.2","weight_of_all_yield_of_the_variety_b_in_kg":"1.5","weight_of_all_yield_of_the_variety_c_in_kg":"0.5","from_the_3_varieties_which_one_would_you_like_to_grow_again":"B","codigo_paquetes":"package_2019_osw_balegoro_tef_23","caracteristica_1":"Faster_maturity-(A/B/C)","best_variedad_1":"B","worst_variedad_1":"C","caracteristica_2":"Disease_resistance-(A/B/C)","best_variedad_2":"B","worst_variedad_2":"C","caracteristica_3":"Drought_resistance-(A/B/C)","best_variedad_3":"A","worst_variedad_3":"B","caracteristica_4":"Value_in_the_market-(A/B/C)","best_variedad_4":"A","worst_variedad_4":"B","caracteristica_5":"Lodging_Tolerance-(A/B/C)","better_variedad_5":"B","worse_variedad_5":"C","caracteristica_6":"Seed_Color-(A/B/C)","better_variedad_6":"B","worse_variedad_6":"C","caracteristica_7":"Straw_Biomass-(A/B/C)","better_variedad_7":"B","worse_variedad_7":"C","caracteristica_8":"Overall_performance-(A/B/C)","best_variedad_8":"B","worst_variedad_8":"C","evaluation":"1"},
{"observadores":"2019_osw_balegoro_tef_24","name_user":"Mohammed Husa","name_family":"none","village":"W/Chafa","district":"Goro","telephone":"980429763","gender":"","age":"","location_longitude_seed_delivery_point":"40.479935","location_latitude_seed_delivery_point":"6.991395","location_altitude":"1797","location_longitude":"40.479935","location_latitude":"6.991395","planting_date":"","harvest_date":"","slope":"Average","soil_quality":"Good","weight_of_all_yield_of_the_variety_a_in_kg":"0.4","weight_of_all_yield_of_the_variety_b_in_kg":"0.6","weight_of_all_yield_of_the_variety_c_in_kg":"0.5","from_the_3_varieties_which_one_would_you_like_to_grow_again":"B","codigo_paquetes":"package_2019_osw_balegoro_tef_24","caracteristica_1":"Faster_maturity-(A/B/C)","best_variedad_1":"B","worst_variedad_1":"A","caracteristica_2":"Disease_resistance-(A/B/C)","best_variedad_2":"B","worst_variedad_2":"A","caracteristica_3":"Drought_resistance-(A/B/C)","best_variedad_3":"B","worst_variedad_3":"A","caracteristica_4":"Value_in_the_market-(A/B/C)","best_variedad_4":"B","worst_variedad_4":"A","caracteristica_5":"Lodging_Tolerance-(A/B/C)","better_variedad_5":"B","worse_variedad_5":"A","caracteristica_6":"Seed_Color-(A/B/C)","better_variedad_6":"B","worse_variedad_6":"A","caracteristica_7":"Straw_Biomass-(A/B/C)","better_variedad_7":"B","worse_variedad_7":"A","caracteristica_8":"Overall_performance-(A/B/C)","best_variedad_8":"B","worst_variedad_8":"A","evaluation":"1"},
{"observadores":"2019_osw_balegoro_tef_25","name_user":"Husen Abdo","name_family":"none","village":"W/Chafa","district":"Goro","telephone":"980429763","gender":"","age":"","location_longitude_seed_delivery_point":"40.479935","location_latitude_seed_delivery_point":"6.991395","location_altitude":"1797","location_longitude":"40.479935","location_latitude":"6.991395","planting_date":"","harvest_date":"","slope":"Average","soil_quality":"Good","weight_of_all_yield_of_the_variety_a_in_kg":"0.9","weight_of_all_yield_of_the_variety_b_in_kg":"1.1","weight_of_all_yield_of_the_variety_c_in_kg":"1.5","from_the_3_varieties_which_one_would_you_like_to_grow_again":"C","codigo_paquetes":"package_2019_osw_balegoro_tef_25","caracteristica_1":"Faster_maturity-(A/B/C)","best_variedad_1":"A","worst_variedad_1":"C","caracteristica_2":"Disease_resistance-(A/B/C)","best_variedad_2":"C","worst_variedad_2":"A","caracteristica_3":"Drought_resistance-(A/B/C)","best_variedad_3":"C","worst_variedad_3":"A","caracteristica_4":"Value_in_the_market-(A/B/C)","best_variedad_4":"C","worst_variedad_4":"A","caracteristica_5":"Lodging_Tolerance-(A/B/C)","better_variedad_5":"A","worse_variedad_5":"B","caracteristica_6":"Seed_Color-(A/B/C)","better_variedad_6":"A","worse_variedad_6":"C","caracteristica_7":"Straw_Biomass-(A/B/C)","better_variedad_7":"A","worse_variedad_7":"B","caracteristica_8":"Overall_performance-(A/B/C)","best_variedad_8":"C","worst_variedad_8":"A","evaluation":"1"},
{"observadores":"2019_osw_balegoro_tef_26","name_user":"Awol Mohammed","name_family":"none","village":"W/Chafa","district":"Goro","telephone":"0","gender":"","age":"","location_longitude_seed_delivery_point":"40.479935","location_latitude_seed_delivery_point":"6.991395","location_altitude":"1797","location_longitude":"40.479935","location_latitude":"6.991395","planting_date":"","harvest_date":"","slope":"Average","soil_quality":"Good","weight_of_all_yield_of_the_variety_a_in_kg":"0.8","weight_of_all_yield_of_the_variety_b_in_kg":"0.8","weight_of_all_yield_of_the_variety_c_in_kg":"0.9","from_the_3_varieties_which_one_would_you_like_to_grow_again":"C","codigo_paquetes":"package_2019_osw_balegoro_tef_26","caracteristica_1":"Faster_maturity-(A/B/C)","best_variedad_1":"C","worst_variedad_1":"B","caracteristica_2":"Disease_resistance-(A/B/C)","best_variedad_2":"C","worst_variedad_2":"A","caracteristica_3":"Drought_resistance-(A/B/C)","best_variedad_3":"C","worst_variedad_3":"A","caracteristica_4":"Value_in_the_market-(A/B/C)","best_variedad_4":"C","worst_variedad_4":"B","caracteristica_5":"Lodging_Tolerance-(A/B/C)","better_variedad_5":"C","worse_variedad_5":"B","caracteristica_6":"Seed_Color-(A/B/C)","better_variedad_6":"C","worse_variedad_6":"A","caracteristica_7":"Straw_Biomass-(A/B/C)","better_variedad_7":"C","worse_variedad_7":"A","caracteristica_8":"Overall_performance-(A/B/C)","best_variedad_8":"C","worst_variedad_8":"A","evaluation":"1"},
{"observadores":"2019_osw_balegoro_tef_27","name_user":"Ahmed Ibro","name_family":"none","village":"W/Chafa","district":"Goro","telephone":"0","gender":"","age":"","location_longitude_seed_delivery_point":"40.479935","location_latitude_seed_delivery_point":"6.991395","location_altitude":"1797","location_longitude":"40.479935","location_latitude":"6.991395","planting_date":"","harvest_date":"","slope":"Average","soil_quality":"Good","weight_of_all_yield_of_the_variety_a_in_kg":"1.1","weight_of_all_yield_of_the_variety_b_in_kg":"0.9","weight_of_all_yield_of_the_variety_c_in_kg":"1.4","from_the_3_varieties_which_one_would_you_like_to_grow_again":"C","codigo_paquetes":"package_2019_osw_balegoro_tef_27","caracteristica_1":"Faster_maturity-(A/B/C)","best_variedad_1":"C","worst_variedad_1":"A","caracteristica_2":"Disease_resistance-(A/B/C)","best_variedad_2":"C","worst_variedad_2":"B","caracteristica_3":"Drought_resistance-(A/B/C)","best_variedad_3":"C","worst_variedad_3":"A","caracteristica_4":"Value_in_the_market-(A/B/C)","best_variedad_4":"C","worst_variedad_4":"A","caracteristica_5":"Lodging_Tolerance-(A/B/C)","better_variedad_5":"C","worse_variedad_5":"A","caracteristica_6":"Seed_Color-(A/B/C)","better_variedad_6":"C","worse_variedad_6":"A","caracteristica_7":"Straw_Biomass-(A/B/C)","better_variedad_7":"C","worse_variedad_7":"A","caracteristica_8":"Overall_performance-(A/B/C)","best_variedad_8":"C","worst_variedad_8":"B","evaluation":"1"},
{"observadores":"2019_osw_balegoro_tef_28","name_user":"Muhammed Awol","name_family":"none","village":"W/Chafa","district":"Goro","telephone":"0","gender":"","age":"","location_longitude_seed_delivery_point":"40.479935","location_latitude_seed_delivery_point":"6.991395","location_altitude":"1797","location_longitude":"40.479935","location_latitude":"6.991395","planting_date":"","harvest_date":"","slope":"Average","soil_quality":"Good","weight_of_all_yield_of_the_variety_a_in_kg":"0.4","weight_of_all_yield_of_the_variety_b_in_kg":"0.4","weight_of_all_yield_of_the_variety_c_in_kg":"0.5","from_the_3_varieties_which_one_would_you_like_to_grow_again":"C","codigo_paquetes":"package_2019_osw_balegoro_tef_28","caracteristica_1":"Faster_maturity-(A/B/C)","best_variedad_1":"C","worst_variedad_1":"A","caracteristica_2":"Disease_resistance-(A/B/C)","best_variedad_2":"C","worst_variedad_2":"B","caracteristica_3":"Drought_resistance-(A/B/C)","best_variedad_3":"C","worst_variedad_3":"B","caracteristica_4":"Value_in_the_market-(A/B/C)","best_variedad_4":"C","worst_variedad_4":"A","caracteristica_5":"Lodging_Tolerance-(A/B/C)","better_variedad_5":"C","worse_variedad_5":"B","caracteristica_6":"Seed_Color-(A/B/C)","better_variedad_6":"C","worse_variedad_6":"A","caracteristica_7":"Straw_Biomass-(A/B/C)","better_variedad_7":"C","worse_variedad_7":"B","caracteristica_8":"Overall_performance-(A/B/C)","best_variedad_8":"C","worst_variedad_8":"B","evaluation":"1"},
{"observadores":"2019_osw_balegoro_tef_29","name_user":"Kedir Husen","name_family":"none","village":"W/Chafa","district":"Goro","telephone":"983816926","gender":"","age":"","location_longitude_seed_delivery_point":"40.479935","location_latitude_seed_delivery_point":"6.991395","location_altitude":"1797","location_longitude":"40.479935","location_latitude":"6.991395","planting_date":"","harvest_date":"","slope":"Average","soil_quality":"Good","weight_of_all_yield_of_the_variety_a_in_kg":"0.7","weight_of_all_yield_of_the_variety_b_in_kg":"0.9","weight_of_all_yield_of_the_variety_c_in_kg":"1","from_the_3_varieties_which_one_would_you_like_to_grow_again":"C","codigo_paquetes":"package_2019_osw_balegoro_tef_29","caracteristica_1":"Faster_maturity-(A/B/C)","best_variedad_1":"B","worst_variedad_1":"C","caracteristica_2":"Disease_resistance-(A/B/C)","best_variedad_2":"C","worst_variedad_2":"A","caracteristica_3":"Drought_resistance-(A/B/C)","best_variedad_3":"C","worst_variedad_3":"A","caracteristica_4":"Value_in_the_market-(A/B/C)","best_variedad_4":"C","worst_variedad_4":"A","caracteristica_5":"Lodging_Tolerance-(A/B/C)","better_variedad_5":"C","worse_variedad_5":"B","caracteristica_6":"Seed_Color-(A/B/C)","better_variedad_6":"C","worse_variedad_6":"B","caracteristica_7":"Straw_Biomass-(A/B/C)","better_variedad_7":"C","worse_variedad_7":"A","caracteristica_8":"Overall_performance-(A/B/C)","best_variedad_8":"C","worst_variedad_8":"A","evaluation":"1"},
{"observadores":"2019_osw_balegoro_tef_3","name_user":"Amane Adem ","name_family":"none","village":"W/Chafa","district":"Goro","telephone":"0","gender":"F","age":"","location_longitude_seed_delivery_point":"40.479935","location_latitude_seed_delivery_point":"6.991395","location_altitude":"1797","location_longitude":"40.479935","location_latitude":"6.991395","planting_date":"","harvest_date":"","slope":"Average","soil_quality":"Good","weight_of_all_yield_of_the_variety_a_in_kg":"0.57","weight_of_all_yield_of_the_variety_b_in_kg":"0.8","weight_of_all_yield_of_the_variety_c_in_kg":"1.65","from_the_3_varieties_which_one_would_you_like_to_grow_again":"C","codigo_paquetes":"package_2019_osw_balegoro_tef_03","caracteristica_1":"Faster_maturity-(A/B/C)","best_variedad_1":"B","worst_variedad_1":"C","caracteristica_2":"Disease_resistance-(A/B/C)","best_variedad_2":"C","worst_variedad_2":"A","caracteristica_3":"Drought_resistance-(A/B/C)","best_variedad_3":"C","worst_variedad_3":"A","caracteristica_4":"Value_in_the_market-(A/B/C)","best_variedad_4":"A","worst_variedad_4":"B","caracteristica_5":"Lodging_Tolerance-(A/B/C)","better_variedad_5":"A","worse_variedad_5":"C","caracteristica_6":"Seed_Color-(A/B/C)","better_variedad_6":"B","worse_variedad_6":"C","caracteristica_7":"Straw_Biomass-(A/B/C)","better_variedad_7":"C","worse_variedad_7":"A","caracteristica_8":"Overall_performance-(A/B/C)","best_variedad_8":"C","worst_variedad_8":"A","evaluation":"1"},
{"observadores":"2019_osw_balegoro_tef_30","name_user":"Abdu A/Rahman","name_family":"none","village":"W/Chafa","district":"Goro","telephone":"0","gender":"","age":"","location_longitude_seed_delivery_point":"40.479935","location_latitude_seed_delivery_point":"6.991395","location_altitude":"1797","location_longitude":"40.479935","location_latitude":"6.991395","planting_date":"","harvest_date":"","slope":"Average","soil_quality":"Good","weight_of_all_yield_of_the_variety_a_in_kg":"1.5","weight_of_all_yield_of_the_variety_b_in_kg":"1","weight_of_all_yield_of_the_variety_c_in_kg":"0.6","from_the_3_varieties_which_one_would_you_like_to_grow_again":"A","codigo_paquetes":"package_2019_osw_balegoro_tef_30","caracteristica_1":"Faster_maturity-(A/B/C)","best_variedad_1":"A","worst_variedad_1":"C","caracteristica_2":"Disease_resistance-(A/B/C)","best_variedad_2":"A","worst_variedad_2":"C","caracteristica_3":"Drought_resistance-(A/B/C)","best_variedad_3":"A","worst_variedad_3":"C","caracteristica_4":"Value_in_the_market-(A/B/C)","best_variedad_4":"A","worst_variedad_4":"C","caracteristica_5":"Lodging_Tolerance-(A/B/C)","better_variedad_5":"A","worse_variedad_5":"C","caracteristica_6":"Seed_Color-(A/B/C)","better_variedad_6":"A","worse_variedad_6":"C","caracteristica_7":"Straw_Biomass-(A/B/C)","better_variedad_7":"A","worse_variedad_7":"C","caracteristica_8":"Overall_performance-(A/B/C)","best_variedad_8":"A","worst_variedad_8":"C","evaluation":"1"},
{"observadores":"2019_osw_balegoro_tef_31","name_user":"Alo Husen","name_family":"none","village":"W/Chafa","district":"Goro","telephone":"0","gender":"","age":"","location_longitude_seed_delivery_point":"40.479935","location_latitude_seed_delivery_point":"6.991395","location_altitude":"1797","location_longitude":"40.479935","location_latitude":"6.991395","planting_date":"","harvest_date":"","slope":"Average","soil_quality":"Good","weight_of_all_yield_of_the_variety_a_in_kg":"0.8","weight_of_all_yield_of_the_variety_b_in_kg":"0.8","weight_of_all_yield_of_the_variety_c_in_kg":"0.5","from_the_3_varieties_which_one_would_you_like_to_grow_again":"A","codigo_paquetes":"package_2019_osw_balegoro_tef_31","caracteristica_1":"Faster_maturity-(A/B/C)","best_variedad_1":"A","worst_variedad_1":"B","caracteristica_2":"Disease_resistance-(A/B/C)","best_variedad_2":"A","worst_variedad_2":"B","caracteristica_3":"Drought_resistance-(A/B/C)","best_variedad_3":"A","worst_variedad_3":"C","caracteristica_4":"Value_in_the_market-(A/B/C)","best_variedad_4":"A","worst_variedad_4":"C","caracteristica_5":"Lodging_Tolerance-(A/B/C)","better_variedad_5":"A","worse_variedad_5":"C","caracteristica_6":"Seed_Color-(A/B/C)","better_variedad_6":"A","worse_variedad_6":"B","caracteristica_7":"Straw_Biomass-(A/B/C)","better_variedad_7":"A","worse_variedad_7":"B","caracteristica_8":"Overall_performance-(A/B/C)","best_variedad_8":"A","worst_variedad_8":"B","evaluation":"1"},
{"observadores":"2019_osw_balegoro_tef_32","name_user":"Awol Umer","name_family":"none","village":"W/Chafa","district":"Goro","telephone":"0","gender":"","age":"","location_longitude_seed_delivery_point":"40.479935","location_latitude_seed_delivery_point":"6.991395","location_altitude":"1797","location_longitude":"40.479935","location_latitude":"6.991395","planting_date":"","harvest_date":"","slope":"Average","soil_quality":"Good","weight_of_all_yield_of_the_variety_a_in_kg":"0.8","weight_of_all_yield_of_the_variety_b_in_kg":"1.5","weight_of_all_yield_of_the_variety_c_in_kg":"1.1","from_the_3_varieties_which_one_would_you_like_to_grow_again":"B","codigo_paquetes":"package_2019_osw_balegoro_tef_32","caracteristica_1":"Faster_maturity-(A/B/C)","best_variedad_1":"B","worst_variedad_1":"A","caracteristica_2":"Disease_resistance-(A/B/C)","best_variedad_2":"B","worst_variedad_2":"A","caracteristica_3":"Drought_resistance-(A/B/C)","best_variedad_3":"B","worst_variedad_3":"A","caracteristica_4":"Value_in_the_market-(A/B/C)","best_variedad_4":"B","worst_variedad_4":"A","caracteristica_5":"Lodging_Tolerance-(A/B/C)","better_variedad_5":"A","worse_variedad_5":"C","caracteristica_6":"Seed_Color-(A/B/C)","better_variedad_6":"A","worse_variedad_6":"B","caracteristica_7":"Straw_Biomass-(A/B/C)","better_variedad_7":"B","worse_variedad_7":"A","caracteristica_8":"Overall_performance-(A/B/C)","best_variedad_8":"B","worst_variedad_8":"A","evaluation":"1"},
{"observadores":"2019_osw_balegoro_tef_33","name_user":"M/sani Kedir","name_family":"none","village":"W/Chafa","district":"Goro","telephone":"0","gender":"","age":"","location_longitude_seed_delivery_point":"40.479935","location_latitude_seed_delivery_point":"6.991395","location_altitude":"1797","location_longitude":"40.479935","location_latitude":"6.991395","planting_date":"","harvest_date":"","slope":"Average","soil_quality":"Good","weight_of_all_yield_of_the_variety_a_in_kg":"1.2","weight_of_all_yield_of_the_variety_b_in_kg":"1.6","weight_of_all_yield_of_the_variety_c_in_kg":"1.1","from_the_3_varieties_which_one_would_you_like_to_grow_again":"B","codigo_paquetes":"package_2019_osw_balegoro_tef_33","caracteristica_1":"Faster_maturity-(A/B/C)","best_variedad_1":"B","worst_variedad_1":"A","caracteristica_2":"Disease_resistance-(A/B/C)","best_variedad_2":"B","worst_variedad_2":"C","caracteristica_3":"Drought_resistance-(A/B/C)","best_variedad_3":"B","worst_variedad_3":"C","caracteristica_4":"Value_in_the_market-(A/B/C)","best_variedad_4":"B","worst_variedad_4":"C","caracteristica_5":"Lodging_Tolerance-(A/B/C)","better_variedad_5":"B","worse_variedad_5":"C","caracteristica_6":"Seed_Color-(A/B/C)","better_variedad_6":"B","worse_variedad_6":"C","caracteristica_7":"Straw_Biomass-(A/B/C)","better_variedad_7":"B","worse_variedad_7":"C","caracteristica_8":"Overall_performance-(A/B/C)","best_variedad_8":"B","worst_variedad_8":"C","evaluation":"1"},
{"observadores":"2019_osw_balegoro_tef_34","name_user":"Amantu Aman ","name_family":"none","village":"W/Chafa","district":"Goro","telephone":"0","gender":"F","age":"","location_longitude_seed_delivery_point":"40.479935","location_latitude_seed_delivery_point":"6.991395","location_altitude":"1797","location_longitude":"40.479935","location_latitude":"6.991395","planting_date":"","harvest_date":"","slope":"Average","soil_quality":"Good","weight_of_all_yield_of_the_variety_a_in_kg":"0.7","weight_of_all_yield_of_the_variety_b_in_kg":"0.9","weight_of_all_yield_of_the_variety_c_in_kg":"0.9","from_the_3_varieties_which_one_would_you_like_to_grow_again":"B","codigo_paquetes":"package_2019_osw_balegoro_tef_34","caracteristica_1":"Faster_maturity-(A/B/C)","best_variedad_1":"C","worst_variedad_1":"A","caracteristica_2":"Disease_resistance-(A/B/C)","best_variedad_2":"B","worst_variedad_2":"A","caracteristica_3":"Drought_resistance-(A/B/C)","best_variedad_3":"B","worst_variedad_3":"A","caracteristica_4":"Value_in_the_market-(A/B/C)","best_variedad_4":"B","worst_variedad_4":"C","caracteristica_5":"Lodging_Tolerance-(A/B/C)","better_variedad_5":"B","worse_variedad_5":"A","caracteristica_6":"Seed_Color-(A/B/C)","better_variedad_6":"B","worse_variedad_6":"C","caracteristica_7":"Straw_Biomass-(A/B/C)","better_variedad_7":"B","worse_variedad_7":"A","caracteristica_8":"Overall_performance-(A/B/C)","best_variedad_8":"B","worst_variedad_8":"A","evaluation":"1"},
{"observadores":"2019_osw_balegoro_tef_4","name_user":"Husen Hasan","name_family":"none","village":"W/Chafa","district":"Goro","telephone":"974599891","gender":"","age":"","location_longitude_seed_delivery_point":"40.479935","location_latitude_seed_delivery_point":"6.991395","location_altitude":"1797","location_longitude":"40.479935","location_latitude":"6.991395","planting_date":"","harvest_date":"","slope":"Average","soil_quality":"Good","weight_of_all_yield_of_the_variety_a_in_kg":"0.8","weight_of_all_yield_of_the_variety_b_in_kg":"0.7","weight_of_all_yield_of_the_variety_c_in_kg":"0.65","from_the_3_varieties_which_one_would_you_like_to_grow_again":"A","codigo_paquetes":"package_2019_osw_balegoro_tef_04","caracteristica_1":"Faster_maturity-(A/B/C)","best_variedad_1":"B","worst_variedad_1":"A","caracteristica_2":"Disease_resistance-(A/B/C)","best_variedad_2":"A","worst_variedad_2":"C","caracteristica_3":"Drought_resistance-(A/B/C)","best_variedad_3":"A","worst_variedad_3":"C","caracteristica_4":"Value_in_the_market-(A/B/C)","best_variedad_4":"B","worst_variedad_4":"A","caracteristica_5":"Lodging_Tolerance-(A/B/C)","better_variedad_5":"B","worse_variedad_5":"A","caracteristica_6":"Seed_Color-(A/B/C)","better_variedad_6":"A","worse_variedad_6":"C","caracteristica_7":"Straw_Biomass-(A/B/C)","better_variedad_7":"A","worse_variedad_7":"C","caracteristica_8":"Overall_performance-(A/B/C)","best_variedad_8":"A","worst_variedad_8":"C","evaluation":"1"},
{"observadores":"2019_osw_balegoro_tef_5","name_user":"Safiya Abdulmanan","name_family":"none","village":"W/Chafa","district":"Goro","telephone":"0","gender":"F","age":"","location_longitude_seed_delivery_point":"40.479935","location_latitude_seed_delivery_point":"6.991395","location_altitude":"1797","location_longitude":"40.479935","location_latitude":"6.991395","planting_date":"","harvest_date":"","slope":"Average","soil_quality":"Good","weight_of_all_yield_of_the_variety_a_in_kg":"1.3","weight_of_all_yield_of_the_variety_b_in_kg":"0.7","weight_of_all_yield_of_the_variety_c_in_kg":"1","from_the_3_varieties_which_one_would_you_like_to_grow_again":"A","codigo_paquetes":"package_2019_osw_balegoro_tef_05","caracteristica_1":"Faster_maturity-(A/B/C)","best_variedad_1":"A","worst_variedad_1":"B","caracteristica_2":"Disease_resistance-(A/B/C)","best_variedad_2":"A","worst_variedad_2":"B","caracteristica_3":"Drought_resistance-(A/B/C)","best_variedad_3":"C","worst_variedad_3":"B","caracteristica_4":"Value_in_the_market-(A/B/C)","best_variedad_4":"A","worst_variedad_4":"C","caracteristica_5":"Lodging_Tolerance-(A/B/C)","better_variedad_5":"A","worse_variedad_5":"B","caracteristica_6":"Seed_Color-(A/B/C)","better_variedad_6":"A","worse_variedad_6":"B","caracteristica_7":"Straw_Biomass-(A/B/C)","better_variedad_7":"A","worse_variedad_7":"B","caracteristica_8":"Overall_performance-(A/B/C)","best_variedad_8":"A","worst_variedad_8":"B","evaluation":"1"},
{"observadores":"2019_osw_balegoro_tef_6","name_user":"Mohamed Ali","name_family":"none","village":"W/Chafa","district":"Goro","telephone":"972280386","gender":"","age":"","location_longitude_seed_delivery_point":"40.479935","location_latitude_seed_delivery_point":"6.991395","location_altitude":"1797","location_longitude":"40.479935","location_latitude":"6.991395","planting_date":"","harvest_date":"","slope":"Average","soil_quality":"Good","weight_of_all_yield_of_the_variety_a_in_kg":"1","weight_of_all_yield_of_the_variety_b_in_kg":"0.8","weight_of_all_yield_of_the_variety_c_in_kg":"0.9","from_the_3_varieties_which_one_would_you_like_to_grow_again":"A","codigo_paquetes":"package_2019_osw_balegoro_tef_06","caracteristica_1":"Faster_maturity-(A/B/C)","best_variedad_1":"B","worst_variedad_1":"A","caracteristica_2":"Disease_resistance-(A/B/C)","best_variedad_2":"A","worst_variedad_2":"B","caracteristica_3":"Drought_resistance-(A/B/C)","best_variedad_3":"A","worst_variedad_3":"B","caracteristica_4":"Value_in_the_market-(A/B/C)","best_variedad_4":"B","worst_variedad_4":"C","caracteristica_5":"Lodging_Tolerance-(A/B/C)","better_variedad_5":"B","worse_variedad_5":"C","caracteristica_6":"Seed_Color-(A/B/C)","better_variedad_6":"A","worse_variedad_6":"B","caracteristica_7":"Straw_Biomass-(A/B/C)","better_variedad_7":"A","worse_variedad_7":"B","caracteristica_8":"Overall_performance-(A/B/C)","best_variedad_8":"A","worst_variedad_8":"B","evaluation":"1"},
{"observadores":"2019_osw_balegoro_tef_7","name_user":"A/Rahiman Abdulyi","name_family":"none","village":"W/Chafa","district":"Goro","telephone":"921483082","gender":"","age":"","location_longitude_seed_delivery_point":"40.479935","location_latitude_seed_delivery_point":"6.991395","location_altitude":"1797","location_longitude":"40.479935","location_latitude":"6.991395","planting_date":"","harvest_date":"","slope":"Average","soil_quality":"Good","weight_of_all_yield_of_the_variety_a_in_kg":"1","weight_of_all_yield_of_the_variety_b_in_kg":"1.1","weight_of_all_yield_of_the_variety_c_in_kg":"1.3","from_the_3_varieties_which_one_would_you_like_to_grow_again":"C","codigo_paquetes":"package_2019_osw_balegoro_tef_07","caracteristica_1":"Faster_maturity-(A/B/C)","best_variedad_1":"A","worst_variedad_1":"B","caracteristica_2":"Disease_resistance-(A/B/C)","best_variedad_2":"C","worst_variedad_2":"A","caracteristica_3":"Drought_resistance-(A/B/C)","best_variedad_3":"C","worst_variedad_3":"A","caracteristica_4":"Value_in_the_market-(A/B/C)","best_variedad_4":"C","worst_variedad_4":"A","caracteristica_5":"Lodging_Tolerance-(A/B/C)","better_variedad_5":"C","worse_variedad_5":"A","caracteristica_6":"Seed_Color-(A/B/C)","better_variedad_6":"C","worse_variedad_6":"A","caracteristica_7":"Straw_Biomass-(A/B/C)","better_variedad_7":"C","worse_variedad_7":"A","caracteristica_8":"Overall_performance-(A/B/C)","best_variedad_8":"C","worst_variedad_8":"A","evaluation":"1"},
{"observadores":"2019_osw_balegoro_tef_8","name_user":"Zara Roba","name_family":"none","village":"W/Chafa","district":"Goro","telephone":"921483082","gender":"F","age":"","location_longitude_seed_delivery_point":"40.479935","location_latitude_seed_delivery_point":"6.991395","location_altitude":"1797","location_longitude":"40.479935","location_latitude":"6.991395","planting_date":"","harvest_date":"","slope":"Average","soil_quality":"Good","weight_of_all_yield_of_the_variety_a_in_kg":"1","weight_of_all_yield_of_the_variety_b_in_kg":"1.25","weight_of_all_yield_of_the_variety_c_in_kg":"0.9","from_the_3_varieties_which_one_would_you_like_to_grow_again":"B","codigo_paquetes":"package_2019_osw_balegoro_tef_08","caracteristica_1":"Faster_maturity-(A/B/C)","best_variedad_1":"B","worst_variedad_1":"C","caracteristica_2":"Disease_resistance-(A/B/C)","best_variedad_2":"B","worst_variedad_2":"C","caracteristica_3":"Drought_resistance-(A/B/C)","best_variedad_3":"B","worst_variedad_3":"C","caracteristica_4":"Value_in_the_market-(A/B/C)","best_variedad_4":"A","worst_variedad_4":"C","caracteristica_5":"Lodging_Tolerance-(A/B/C)","better_variedad_5":"B","worse_variedad_5":"C","caracteristica_6":"Seed_Color-(A/B/C)","better_variedad_6":"B","worse_variedad_6":"C","caracteristica_7":"Straw_Biomass-(A/B/C)","better_variedad_7":"B","worse_variedad_7":"C","caracteristica_8":"Overall_performance-(A/B/C)","best_variedad_8":"B","worst_variedad_8":"C","evaluation":"1"},
{"observadores":"2019_osw_balegoro_tef_9","name_user":"Suleyman Haji","name_family":"none","village":"W/Chafa","district":"Goro","telephone":"0","gender":"","age":"","location_longitude_seed_delivery_point":"40.479935","location_latitude_seed_delivery_point":"6.991395","location_altitude":"1797","location_longitude":"40.479935","location_latitude":"6.991395","planting_date":"","harvest_date":"","slope":"Average","soil_quality":"Good","weight_of_all_yield_of_the_variety_a_in_kg":"0.5","weight_of_all_yield_of_the_variety_b_in_kg":"0.7","weight_of_all_yield_of_the_variety_c_in_kg":"1","from_the_3_varieties_which_one_would_you_like_to_grow_again":"C","codigo_paquetes":"package_2019_osw_balegoro_tef_09","caracteristica_1":"Faster_maturity-(A/B/C)","best_variedad_1":"A","worst_variedad_1":"C","caracteristica_2":"Disease_resistance-(A/B/C)","best_variedad_2":"C","worst_variedad_2":"A","caracteristica_3":"Drought_resistance-(A/B/C)","best_variedad_3":"C","worst_variedad_3":"A","caracteristica_4":"Value_in_the_market-(A/B/C)","best_variedad_4":"C","worst_variedad_4":"A","caracteristica_5":"Lodging_Tolerance-(A/B/C)","better_variedad_5":"B","worse_variedad_5":"C","caracteristica_6":"Seed_Color-(A/B/C)","better_variedad_6":"B","worse_variedad_6":"C","caracteristica_7":"Straw_Biomass-(A/B/C)","better_variedad_7":"C","worse_variedad_7":"A","caracteristica_8":"Overall_performance-(A/B/C)","best_variedad_8":"C","worst_variedad_8":"A","evaluation":"1"}
]
