[
{"observadores":"2018_osw_dugda_chickpea_1","name_user":null,"name_family":null,"village":null,"district":null,"telephone":null,"gender":null,"age":null,"location_longitude_seed_delivery_point":null,"location_latitude_seed_delivery_point":null,"location_altitude":null,"location_longitude":null,"location_latitude":null,"planting_date":null,"harvest_date":null,"weight_of_all_yield_of_the_variety_a_in_kg":null,"weight_of_all_yield_of_the_variety_b_in_kg":null,"weight_of_all_yield_of_the_variety_c_in_kg":null,"codigo_paquetes":null,"caracteristica_1":"Pest_resistance-(A/B/C)","best_variedad_1":null,"worst_variedad_1":null,"caracteristica_2":"Disease_resistance-(A/B/C)","best_variedad_2":null,"worst_variedad_2":null,"caracteristica_3":"Yield-(A/B/C)","best_variedad_3":null,"worst_variedad_3":null,"caracteristica_4":"Value_in_the_market-(A/B/C)","best_variedad_4":null,"worst_variedad_4":null,"caracteristica_5":"Seed_Color-(A/B/C)","better_variedad_5":null,"worse_variedad_5":null,"caracteristica_6":"Overall_performance-(A/B/C)","best_variedad_6":null,"worst_variedad_6":null,"evaluation":null},
{"observadores":"2018_osw_dugda_chickpea_10","name_user":null,"name_family":null,"village":null,"district":null,"telephone":null,"gender":null,"age":null,"location_longitude_seed_delivery_point":null,"location_latitude_seed_delivery_point":null,"location_altitude":null,"location_longitude":null,"location_latitude":null,"planting_date":null,"harvest_date":null,"weight_of_all_yield_of_the_variety_a_in_kg":null,"weight_of_all_yield_of_the_variety_b_in_kg":null,"weight_of_all_yield_of_the_variety_c_in_kg":null,"codigo_paquetes":null,"caracteristica_1":"Pest_resistance-(A/B/C)","best_variedad_1":null,"worst_variedad_1":null,"caracteristica_2":"Disease_resistance-(A/B/C)","best_variedad_2":null,"worst_variedad_2":null,"caracteristica_3":"Yield-(A/B/C)","best_variedad_3":null,"worst_variedad_3":null,"caracteristica_4":"Value_in_the_market-(A/B/C)","best_variedad_4":null,"worst_variedad_4":null,"caracteristica_5":"Seed_Color-(A/B/C)","better_variedad_5":null,"worse_variedad_5":null,"caracteristica_6":"Overall_performance-(A/B/C)","best_variedad_6":null,"worst_variedad_6":null,"evaluation":null},
{"observadores":"2018_osw_dugda_chickpea_11","name_user":null,"name_family":null,"village":null,"district":null,"telephone":null,"gender":null,"age":null,"location_longitude_seed_delivery_point":null,"location_latitude_seed_delivery_point":null,"location_altitude":null,"location_longitude":null,"location_latitude":null,"planting_date":null,"harvest_date":null,"weight_of_all_yield_of_the_variety_a_in_kg":null,"weight_of_all_yield_of_the_variety_b_in_kg":null,"weight_of_all_yield_of_the_variety_c_in_kg":null,"codigo_paquetes":null,"caracteristica_1":"Pest_resistance-(A/B/C)","best_variedad_1":null,"worst_variedad_1":null,"caracteristica_2":"Disease_resistance-(A/B/C)","best_variedad_2":null,"worst_variedad_2":null,"caracteristica_3":"Yield-(A/B/C)","best_variedad_3":null,"worst_variedad_3":null,"caracteristica_4":"Value_in_the_market-(A/B/C)","best_variedad_4":null,"worst_variedad_4":null,"caracteristica_5":"Seed_Color-(A/B/C)","better_variedad_5":null,"worse_variedad_5":null,"caracteristica_6":"Overall_performance-(A/B/C)","best_variedad_6":null,"worst_variedad_6":null,"evaluation":null},
{"observadores":"2018_osw_dugda_chickpea_12","name_user":null,"name_family":null,"village":null,"district":null,"telephone":null,"gender":null,"age":null,"location_longitude_seed_delivery_point":null,"location_latitude_seed_delivery_point":null,"location_altitude":null,"location_longitude":null,"location_latitude":null,"planting_date":null,"harvest_date":null,"weight_of_all_yield_of_the_variety_a_in_kg":null,"weight_of_all_yield_of_the_variety_b_in_kg":null,"weight_of_all_yield_of_the_variety_c_in_kg":null,"codigo_paquetes":null,"caracteristica_1":"Pest_resistance-(A/B/C)","best_variedad_1":null,"worst_variedad_1":null,"caracteristica_2":"Disease_resistance-(A/B/C)","best_variedad_2":null,"worst_variedad_2":null,"caracteristica_3":"Yield-(A/B/C)","best_variedad_3":null,"worst_variedad_3":null,"caracteristica_4":"Value_in_the_market-(A/B/C)","best_variedad_4":null,"worst_variedad_4":null,"caracteristica_5":"Seed_Color-(A/B/C)","better_variedad_5":null,"worse_variedad_5":null,"caracteristica_6":"Overall_performance-(A/B/C)","best_variedad_6":null,"worst_variedad_6":null,"evaluation":null},
{"observadores":"2018_osw_dugda_chickpea_13","name_user":null,"name_family":null,"village":null,"district":null,"telephone":null,"gender":null,"age":null,"location_longitude_seed_delivery_point":null,"location_latitude_seed_delivery_point":null,"location_altitude":null,"location_longitude":null,"location_latitude":null,"planting_date":null,"harvest_date":null,"weight_of_all_yield_of_the_variety_a_in_kg":null,"weight_of_all_yield_of_the_variety_b_in_kg":null,"weight_of_all_yield_of_the_variety_c_in_kg":null,"codigo_paquetes":null,"caracteristica_1":"Pest_resistance-(A/B/C)","best_variedad_1":null,"worst_variedad_1":null,"caracteristica_2":"Disease_resistance-(A/B/C)","best_variedad_2":null,"worst_variedad_2":null,"caracteristica_3":"Yield-(A/B/C)","best_variedad_3":null,"worst_variedad_3":null,"caracteristica_4":"Value_in_the_market-(A/B/C)","best_variedad_4":null,"worst_variedad_4":null,"caracteristica_5":"Seed_Color-(A/B/C)","better_variedad_5":null,"worse_variedad_5":null,"caracteristica_6":"Overall_performance-(A/B/C)","best_variedad_6":null,"worst_variedad_6":null,"evaluation":null},
{"observadores":"2018_osw_dugda_chickpea_14","name_user":null,"name_family":null,"village":null,"district":null,"telephone":null,"gender":null,"age":null,"location_longitude_seed_delivery_point":null,"location_latitude_seed_delivery_point":null,"location_altitude":null,"location_longitude":null,"location_latitude":null,"planting_date":null,"harvest_date":null,"weight_of_all_yield_of_the_variety_a_in_kg":null,"weight_of_all_yield_of_the_variety_b_in_kg":null,"weight_of_all_yield_of_the_variety_c_in_kg":null,"codigo_paquetes":null,"caracteristica_1":"Pest_resistance-(A/B/C)","best_variedad_1":null,"worst_variedad_1":null,"caracteristica_2":"Disease_resistance-(A/B/C)","best_variedad_2":null,"worst_variedad_2":null,"caracteristica_3":"Yield-(A/B/C)","best_variedad_3":null,"worst_variedad_3":null,"caracteristica_4":"Value_in_the_market-(A/B/C)","best_variedad_4":null,"worst_variedad_4":null,"caracteristica_5":"Seed_Color-(A/B/C)","better_variedad_5":null,"worse_variedad_5":null,"caracteristica_6":"Overall_performance-(A/B/C)","best_variedad_6":null,"worst_variedad_6":null,"evaluation":null},
{"observadores":"2018_osw_dugda_chickpea_15","name_user":null,"name_family":null,"village":null,"district":null,"telephone":null,"gender":null,"age":null,"location_longitude_seed_delivery_point":null,"location_latitude_seed_delivery_point":null,"location_altitude":null,"location_longitude":null,"location_latitude":null,"planting_date":null,"harvest_date":null,"weight_of_all_yield_of_the_variety_a_in_kg":null,"weight_of_all_yield_of_the_variety_b_in_kg":null,"weight_of_all_yield_of_the_variety_c_in_kg":null,"codigo_paquetes":null,"caracteristica_1":"Pest_resistance-(A/B/C)","best_variedad_1":null,"worst_variedad_1":null,"caracteristica_2":"Disease_resistance-(A/B/C)","best_variedad_2":null,"worst_variedad_2":null,"caracteristica_3":"Yield-(A/B/C)","best_variedad_3":null,"worst_variedad_3":null,"caracteristica_4":"Value_in_the_market-(A/B/C)","best_variedad_4":null,"worst_variedad_4":null,"caracteristica_5":"Seed_Color-(A/B/C)","better_variedad_5":null,"worse_variedad_5":null,"caracteristica_6":"Overall_performance-(A/B/C)","best_variedad_6":null,"worst_variedad_6":null,"evaluation":null},
{"observadores":"2018_osw_dugda_chickpea_16","name_user":null,"name_family":null,"village":null,"district":null,"telephone":null,"gender":null,"age":null,"location_longitude_seed_delivery_point":null,"location_latitude_seed_delivery_point":null,"location_altitude":null,"location_longitude":null,"location_latitude":null,"planting_date":null,"harvest_date":null,"weight_of_all_yield_of_the_variety_a_in_kg":null,"weight_of_all_yield_of_the_variety_b_in_kg":null,"weight_of_all_yield_of_the_variety_c_in_kg":null,"codigo_paquetes":null,"caracteristica_1":"Pest_resistance-(A/B/C)","best_variedad_1":null,"worst_variedad_1":null,"caracteristica_2":"Disease_resistance-(A/B/C)","best_variedad_2":null,"worst_variedad_2":null,"caracteristica_3":"Yield-(A/B/C)","best_variedad_3":null,"worst_variedad_3":null,"caracteristica_4":"Value_in_the_market-(A/B/C)","best_variedad_4":null,"worst_variedad_4":null,"caracteristica_5":"Seed_Color-(A/B/C)","better_variedad_5":null,"worse_variedad_5":null,"caracteristica_6":"Overall_performance-(A/B/C)","best_variedad_6":null,"worst_variedad_6":null,"evaluation":null},
{"observadores":"2018_osw_dugda_chickpea_17","name_user":null,"name_family":null,"village":null,"district":null,"telephone":null,"gender":null,"age":null,"location_longitude_seed_delivery_point":null,"location_latitude_seed_delivery_point":null,"location_altitude":null,"location_longitude":null,"location_latitude":null,"planting_date":null,"harvest_date":null,"weight_of_all_yield_of_the_variety_a_in_kg":null,"weight_of_all_yield_of_the_variety_b_in_kg":null,"weight_of_all_yield_of_the_variety_c_in_kg":null,"codigo_paquetes":null,"caracteristica_1":"Pest_resistance-(A/B/C)","best_variedad_1":null,"worst_variedad_1":null,"caracteristica_2":"Disease_resistance-(A/B/C)","best_variedad_2":null,"worst_variedad_2":null,"caracteristica_3":"Yield-(A/B/C)","best_variedad_3":null,"worst_variedad_3":null,"caracteristica_4":"Value_in_the_market-(A/B/C)","best_variedad_4":null,"worst_variedad_4":null,"caracteristica_5":"Seed_Color-(A/B/C)","better_variedad_5":null,"worse_variedad_5":null,"caracteristica_6":"Overall_performance-(A/B/C)","best_variedad_6":null,"worst_variedad_6":null,"evaluation":null},
{"observadores":"2018_osw_dugda_chickpea_18","name_user":null,"name_family":null,"village":null,"district":null,"telephone":null,"gender":null,"age":null,"location_longitude_seed_delivery_point":null,"location_latitude_seed_delivery_point":null,"location_altitude":null,"location_longitude":null,"location_latitude":null,"planting_date":null,"harvest_date":null,"weight_of_all_yield_of_the_variety_a_in_kg":null,"weight_of_all_yield_of_the_variety_b_in_kg":null,"weight_of_all_yield_of_the_variety_c_in_kg":null,"codigo_paquetes":null,"caracteristica_1":"Pest_resistance-(A/B/C)","best_variedad_1":null,"worst_variedad_1":null,"caracteristica_2":"Disease_resistance-(A/B/C)","best_variedad_2":null,"worst_variedad_2":null,"caracteristica_3":"Yield-(A/B/C)","best_variedad_3":null,"worst_variedad_3":null,"caracteristica_4":"Value_in_the_market-(A/B/C)","best_variedad_4":null,"worst_variedad_4":null,"caracteristica_5":"Seed_Color-(A/B/C)","better_variedad_5":null,"worse_variedad_5":null,"caracteristica_6":"Overall_performance-(A/B/C)","best_variedad_6":null,"worst_variedad_6":null,"evaluation":null},
{"observadores":"2018_osw_dugda_chickpea_19","name_user":null,"name_family":null,"village":null,"district":null,"telephone":null,"gender":null,"age":null,"location_longitude_seed_delivery_point":null,"location_latitude_seed_delivery_point":null,"location_altitude":null,"location_longitude":null,"location_latitude":null,"planting_date":null,"harvest_date":null,"weight_of_all_yield_of_the_variety_a_in_kg":null,"weight_of_all_yield_of_the_variety_b_in_kg":null,"weight_of_all_yield_of_the_variety_c_in_kg":null,"codigo_paquetes":null,"caracteristica_1":"Pest_resistance-(A/B/C)","best_variedad_1":null,"worst_variedad_1":null,"caracteristica_2":"Disease_resistance-(A/B/C)","best_variedad_2":null,"worst_variedad_2":null,"caracteristica_3":"Yield-(A/B/C)","best_variedad_3":null,"worst_variedad_3":null,"caracteristica_4":"Value_in_the_market-(A/B/C)","best_variedad_4":null,"worst_variedad_4":null,"caracteristica_5":"Seed_Color-(A/B/C)","better_variedad_5":null,"worse_variedad_5":null,"caracteristica_6":"Overall_performance-(A/B/C)","best_variedad_6":null,"worst_variedad_6":null,"evaluation":null},
{"observadores":"2018_osw_dugda_chickpea_2","name_user":null,"name_family":null,"village":null,"district":null,"telephone":null,"gender":null,"age":null,"location_longitude_seed_delivery_point":null,"location_latitude_seed_delivery_point":null,"location_altitude":null,"location_longitude":null,"location_latitude":null,"planting_date":null,"harvest_date":null,"weight_of_all_yield_of_the_variety_a_in_kg":null,"weight_of_all_yield_of_the_variety_b_in_kg":null,"weight_of_all_yield_of_the_variety_c_in_kg":null,"codigo_paquetes":null,"caracteristica_1":"Pest_resistance-(A/B/C)","best_variedad_1":null,"worst_variedad_1":null,"caracteristica_2":"Disease_resistance-(A/B/C)","best_variedad_2":null,"worst_variedad_2":null,"caracteristica_3":"Yield-(A/B/C)","best_variedad_3":null,"worst_variedad_3":null,"caracteristica_4":"Value_in_the_market-(A/B/C)","best_variedad_4":null,"worst_variedad_4":null,"caracteristica_5":"Seed_Color-(A/B/C)","better_variedad_5":null,"worse_variedad_5":null,"caracteristica_6":"Overall_performance-(A/B/C)","best_variedad_6":null,"worst_variedad_6":null,"evaluation":null},
{"observadores":"2018_osw_dugda_chickpea_20","name_user":null,"name_family":null,"village":null,"district":null,"telephone":null,"gender":null,"age":null,"location_longitude_seed_delivery_point":null,"location_latitude_seed_delivery_point":null,"location_altitude":null,"location_longitude":null,"location_latitude":null,"planting_date":null,"harvest_date":null,"weight_of_all_yield_of_the_variety_a_in_kg":null,"weight_of_all_yield_of_the_variety_b_in_kg":null,"weight_of_all_yield_of_the_variety_c_in_kg":null,"codigo_paquetes":null,"caracteristica_1":"Pest_resistance-(A/B/C)","best_variedad_1":null,"worst_variedad_1":null,"caracteristica_2":"Disease_resistance-(A/B/C)","best_variedad_2":null,"worst_variedad_2":null,"caracteristica_3":"Yield-(A/B/C)","best_variedad_3":null,"worst_variedad_3":null,"caracteristica_4":"Value_in_the_market-(A/B/C)","best_variedad_4":null,"worst_variedad_4":null,"caracteristica_5":"Seed_Color-(A/B/C)","better_variedad_5":null,"worse_variedad_5":null,"caracteristica_6":"Overall_performance-(A/B/C)","best_variedad_6":null,"worst_variedad_6":null,"evaluation":null},
{"observadores":"2018_osw_dugda_chickpea_21","name_user":null,"name_family":null,"village":null,"district":null,"telephone":null,"gender":null,"age":null,"location_longitude_seed_delivery_point":null,"location_latitude_seed_delivery_point":null,"location_altitude":null,"location_longitude":null,"location_latitude":null,"planting_date":null,"harvest_date":null,"weight_of_all_yield_of_the_variety_a_in_kg":null,"weight_of_all_yield_of_the_variety_b_in_kg":null,"weight_of_all_yield_of_the_variety_c_in_kg":null,"codigo_paquetes":null,"caracteristica_1":"Pest_resistance-(A/B/C)","best_variedad_1":null,"worst_variedad_1":null,"caracteristica_2":"Disease_resistance-(A/B/C)","best_variedad_2":null,"worst_variedad_2":null,"caracteristica_3":"Yield-(A/B/C)","best_variedad_3":null,"worst_variedad_3":null,"caracteristica_4":"Value_in_the_market-(A/B/C)","best_variedad_4":null,"worst_variedad_4":null,"caracteristica_5":"Seed_Color-(A/B/C)","better_variedad_5":null,"worse_variedad_5":null,"caracteristica_6":"Overall_performance-(A/B/C)","best_variedad_6":null,"worst_variedad_6":null,"evaluation":null},
{"observadores":"2018_osw_dugda_chickpea_22","name_user":null,"name_family":null,"village":null,"district":null,"telephone":null,"gender":null,"age":null,"location_longitude_seed_delivery_point":null,"location_latitude_seed_delivery_point":null,"location_altitude":null,"location_longitude":null,"location_latitude":null,"planting_date":null,"harvest_date":null,"weight_of_all_yield_of_the_variety_a_in_kg":null,"weight_of_all_yield_of_the_variety_b_in_kg":null,"weight_of_all_yield_of_the_variety_c_in_kg":null,"codigo_paquetes":null,"caracteristica_1":"Pest_resistance-(A/B/C)","best_variedad_1":null,"worst_variedad_1":null,"caracteristica_2":"Disease_resistance-(A/B/C)","best_variedad_2":null,"worst_variedad_2":null,"caracteristica_3":"Yield-(A/B/C)","best_variedad_3":null,"worst_variedad_3":null,"caracteristica_4":"Value_in_the_market-(A/B/C)","best_variedad_4":null,"worst_variedad_4":null,"caracteristica_5":"Seed_Color-(A/B/C)","better_variedad_5":null,"worse_variedad_5":null,"caracteristica_6":"Overall_performance-(A/B/C)","best_variedad_6":null,"worst_variedad_6":null,"evaluation":null},
{"observadores":"2018_osw_dugda_chickpea_23","name_user":null,"name_family":null,"village":null,"district":null,"telephone":null,"gender":null,"age":null,"location_longitude_seed_delivery_point":null,"location_latitude_seed_delivery_point":null,"location_altitude":null,"location_longitude":null,"location_latitude":null,"planting_date":null,"harvest_date":null,"weight_of_all_yield_of_the_variety_a_in_kg":null,"weight_of_all_yield_of_the_variety_b_in_kg":null,"weight_of_all_yield_of_the_variety_c_in_kg":null,"codigo_paquetes":null,"caracteristica_1":"Pest_resistance-(A/B/C)","best_variedad_1":null,"worst_variedad_1":null,"caracteristica_2":"Disease_resistance-(A/B/C)","best_variedad_2":null,"worst_variedad_2":null,"caracteristica_3":"Yield-(A/B/C)","best_variedad_3":null,"worst_variedad_3":null,"caracteristica_4":"Value_in_the_market-(A/B/C)","best_variedad_4":null,"worst_variedad_4":null,"caracteristica_5":"Seed_Color-(A/B/C)","better_variedad_5":null,"worse_variedad_5":null,"caracteristica_6":"Overall_performance-(A/B/C)","best_variedad_6":null,"worst_variedad_6":null,"evaluation":null},
{"observadores":"2018_osw_dugda_chickpea_24","name_user":null,"name_family":null,"village":null,"district":null,"telephone":null,"gender":null,"age":null,"location_longitude_seed_delivery_point":null,"location_latitude_seed_delivery_point":null,"location_altitude":null,"location_longitude":null,"location_latitude":null,"planting_date":null,"harvest_date":null,"weight_of_all_yield_of_the_variety_a_in_kg":null,"weight_of_all_yield_of_the_variety_b_in_kg":null,"weight_of_all_yield_of_the_variety_c_in_kg":null,"codigo_paquetes":null,"caracteristica_1":"Pest_resistance-(A/B/C)","best_variedad_1":null,"worst_variedad_1":null,"caracteristica_2":"Disease_resistance-(A/B/C)","best_variedad_2":null,"worst_variedad_2":null,"caracteristica_3":"Yield-(A/B/C)","best_variedad_3":null,"worst_variedad_3":null,"caracteristica_4":"Value_in_the_market-(A/B/C)","best_variedad_4":null,"worst_variedad_4":null,"caracteristica_5":"Seed_Color-(A/B/C)","better_variedad_5":null,"worse_variedad_5":null,"caracteristica_6":"Overall_performance-(A/B/C)","best_variedad_6":null,"worst_variedad_6":null,"evaluation":null},
{"observadores":"2018_osw_dugda_chickpea_25","name_user":null,"name_family":null,"village":null,"district":null,"telephone":null,"gender":null,"age":null,"location_longitude_seed_delivery_point":null,"location_latitude_seed_delivery_point":null,"location_altitude":null,"location_longitude":null,"location_latitude":null,"planting_date":null,"harvest_date":null,"weight_of_all_yield_of_the_variety_a_in_kg":null,"weight_of_all_yield_of_the_variety_b_in_kg":null,"weight_of_all_yield_of_the_variety_c_in_kg":null,"codigo_paquetes":null,"caracteristica_1":"Pest_resistance-(A/B/C)","best_variedad_1":null,"worst_variedad_1":null,"caracteristica_2":"Disease_resistance-(A/B/C)","best_variedad_2":null,"worst_variedad_2":null,"caracteristica_3":"Yield-(A/B/C)","best_variedad_3":null,"worst_variedad_3":null,"caracteristica_4":"Value_in_the_market-(A/B/C)","best_variedad_4":null,"worst_variedad_4":null,"caracteristica_5":"Seed_Color-(A/B/C)","better_variedad_5":null,"worse_variedad_5":null,"caracteristica_6":"Overall_performance-(A/B/C)","best_variedad_6":null,"worst_variedad_6":null,"evaluation":null},
{"observadores":"2018_osw_dugda_chickpea_26","name_user":null,"name_family":null,"village":null,"district":null,"telephone":null,"gender":null,"age":null,"location_longitude_seed_delivery_point":null,"location_latitude_seed_delivery_point":null,"location_altitude":null,"location_longitude":null,"location_latitude":null,"planting_date":null,"harvest_date":null,"weight_of_all_yield_of_the_variety_a_in_kg":null,"weight_of_all_yield_of_the_variety_b_in_kg":null,"weight_of_all_yield_of_the_variety_c_in_kg":null,"codigo_paquetes":null,"caracteristica_1":"Pest_resistance-(A/B/C)","best_variedad_1":null,"worst_variedad_1":null,"caracteristica_2":"Disease_resistance-(A/B/C)","best_variedad_2":null,"worst_variedad_2":null,"caracteristica_3":"Yield-(A/B/C)","best_variedad_3":null,"worst_variedad_3":null,"caracteristica_4":"Value_in_the_market-(A/B/C)","best_variedad_4":null,"worst_variedad_4":null,"caracteristica_5":"Seed_Color-(A/B/C)","better_variedad_5":null,"worse_variedad_5":null,"caracteristica_6":"Overall_performance-(A/B/C)","best_variedad_6":null,"worst_variedad_6":null,"evaluation":null},
{"observadores":"2018_osw_dugda_chickpea_27","name_user":null,"name_family":null,"village":null,"district":null,"telephone":null,"gender":null,"age":null,"location_longitude_seed_delivery_point":null,"location_latitude_seed_delivery_point":null,"location_altitude":null,"location_longitude":null,"location_latitude":null,"planting_date":null,"harvest_date":null,"weight_of_all_yield_of_the_variety_a_in_kg":null,"weight_of_all_yield_of_the_variety_b_in_kg":null,"weight_of_all_yield_of_the_variety_c_in_kg":null,"codigo_paquetes":null,"caracteristica_1":"Pest_resistance-(A/B/C)","best_variedad_1":null,"worst_variedad_1":null,"caracteristica_2":"Disease_resistance-(A/B/C)","best_variedad_2":null,"worst_variedad_2":null,"caracteristica_3":"Yield-(A/B/C)","best_variedad_3":null,"worst_variedad_3":null,"caracteristica_4":"Value_in_the_market-(A/B/C)","best_variedad_4":null,"worst_variedad_4":null,"caracteristica_5":"Seed_Color-(A/B/C)","better_variedad_5":null,"worse_variedad_5":null,"caracteristica_6":"Overall_performance-(A/B/C)","best_variedad_6":null,"worst_variedad_6":null,"evaluation":null},
{"observadores":"2018_osw_dugda_chickpea_28","name_user":null,"name_family":null,"village":null,"district":null,"telephone":null,"gender":null,"age":null,"location_longitude_seed_delivery_point":null,"location_latitude_seed_delivery_point":null,"location_altitude":null,"location_longitude":null,"location_latitude":null,"planting_date":null,"harvest_date":null,"weight_of_all_yield_of_the_variety_a_in_kg":null,"weight_of_all_yield_of_the_variety_b_in_kg":null,"weight_of_all_yield_of_the_variety_c_in_kg":null,"codigo_paquetes":null,"caracteristica_1":"Pest_resistance-(A/B/C)","best_variedad_1":null,"worst_variedad_1":null,"caracteristica_2":"Disease_resistance-(A/B/C)","best_variedad_2":null,"worst_variedad_2":null,"caracteristica_3":"Yield-(A/B/C)","best_variedad_3":null,"worst_variedad_3":null,"caracteristica_4":"Value_in_the_market-(A/B/C)","best_variedad_4":null,"worst_variedad_4":null,"caracteristica_5":"Seed_Color-(A/B/C)","better_variedad_5":null,"worse_variedad_5":null,"caracteristica_6":"Overall_performance-(A/B/C)","best_variedad_6":null,"worst_variedad_6":null,"evaluation":null},
{"observadores":"2018_osw_dugda_chickpea_29","name_user":null,"name_family":null,"village":null,"district":null,"telephone":null,"gender":null,"age":null,"location_longitude_seed_delivery_point":null,"location_latitude_seed_delivery_point":null,"location_altitude":null,"location_longitude":null,"location_latitude":null,"planting_date":null,"harvest_date":null,"weight_of_all_yield_of_the_variety_a_in_kg":null,"weight_of_all_yield_of_the_variety_b_in_kg":null,"weight_of_all_yield_of_the_variety_c_in_kg":null,"codigo_paquetes":null,"caracteristica_1":"Pest_resistance-(A/B/C)","best_variedad_1":null,"worst_variedad_1":null,"caracteristica_2":"Disease_resistance-(A/B/C)","best_variedad_2":null,"worst_variedad_2":null,"caracteristica_3":"Yield-(A/B/C)","best_variedad_3":null,"worst_variedad_3":null,"caracteristica_4":"Value_in_the_market-(A/B/C)","best_variedad_4":null,"worst_variedad_4":null,"caracteristica_5":"Seed_Color-(A/B/C)","better_variedad_5":null,"worse_variedad_5":null,"caracteristica_6":"Overall_performance-(A/B/C)","best_variedad_6":null,"worst_variedad_6":null,"evaluation":null},
{"observadores":"2018_osw_dugda_chickpea_3","name_user":null,"name_family":null,"village":null,"district":null,"telephone":null,"gender":null,"age":null,"location_longitude_seed_delivery_point":null,"location_latitude_seed_delivery_point":null,"location_altitude":null,"location_longitude":null,"location_latitude":null,"planting_date":null,"harvest_date":null,"weight_of_all_yield_of_the_variety_a_in_kg":null,"weight_of_all_yield_of_the_variety_b_in_kg":null,"weight_of_all_yield_of_the_variety_c_in_kg":null,"codigo_paquetes":null,"caracteristica_1":"Pest_resistance-(A/B/C)","best_variedad_1":null,"worst_variedad_1":null,"caracteristica_2":"Disease_resistance-(A/B/C)","best_variedad_2":null,"worst_variedad_2":null,"caracteristica_3":"Yield-(A/B/C)","best_variedad_3":null,"worst_variedad_3":null,"caracteristica_4":"Value_in_the_market-(A/B/C)","best_variedad_4":null,"worst_variedad_4":null,"caracteristica_5":"Seed_Color-(A/B/C)","better_variedad_5":null,"worse_variedad_5":null,"caracteristica_6":"Overall_performance-(A/B/C)","best_variedad_6":null,"worst_variedad_6":null,"evaluation":null},
{"observadores":"2018_osw_dugda_chickpea_30","name_user":null,"name_family":null,"village":null,"district":null,"telephone":null,"gender":null,"age":null,"location_longitude_seed_delivery_point":null,"location_latitude_seed_delivery_point":null,"location_altitude":null,"location_longitude":null,"location_latitude":null,"planting_date":null,"harvest_date":null,"weight_of_all_yield_of_the_variety_a_in_kg":null,"weight_of_all_yield_of_the_variety_b_in_kg":null,"weight_of_all_yield_of_the_variety_c_in_kg":null,"codigo_paquetes":null,"caracteristica_1":"Pest_resistance-(A/B/C)","best_variedad_1":null,"worst_variedad_1":null,"caracteristica_2":"Disease_resistance-(A/B/C)","best_variedad_2":null,"worst_variedad_2":null,"caracteristica_3":"Yield-(A/B/C)","best_variedad_3":null,"worst_variedad_3":null,"caracteristica_4":"Value_in_the_market-(A/B/C)","best_variedad_4":null,"worst_variedad_4":null,"caracteristica_5":"Seed_Color-(A/B/C)","better_variedad_5":null,"worse_variedad_5":null,"caracteristica_6":"Overall_performance-(A/B/C)","best_variedad_6":null,"worst_variedad_6":null,"evaluation":null},
{"observadores":"2018_osw_dugda_chickpea_31","name_user":null,"name_family":null,"village":null,"district":null,"telephone":null,"gender":null,"age":null,"location_longitude_seed_delivery_point":null,"location_latitude_seed_delivery_point":null,"location_altitude":null,"location_longitude":null,"location_latitude":null,"planting_date":null,"harvest_date":null,"weight_of_all_yield_of_the_variety_a_in_kg":null,"weight_of_all_yield_of_the_variety_b_in_kg":null,"weight_of_all_yield_of_the_variety_c_in_kg":null,"codigo_paquetes":null,"caracteristica_1":"Pest_resistance-(A/B/C)","best_variedad_1":null,"worst_variedad_1":null,"caracteristica_2":"Disease_resistance-(A/B/C)","best_variedad_2":null,"worst_variedad_2":null,"caracteristica_3":"Yield-(A/B/C)","best_variedad_3":null,"worst_variedad_3":null,"caracteristica_4":"Value_in_the_market-(A/B/C)","best_variedad_4":null,"worst_variedad_4":null,"caracteristica_5":"Seed_Color-(A/B/C)","better_variedad_5":null,"worse_variedad_5":null,"caracteristica_6":"Overall_performance-(A/B/C)","best_variedad_6":null,"worst_variedad_6":null,"evaluation":null},
{"observadores":"2018_osw_dugda_chickpea_32","name_user":null,"name_family":null,"village":null,"district":null,"telephone":null,"gender":null,"age":null,"location_longitude_seed_delivery_point":null,"location_latitude_seed_delivery_point":null,"location_altitude":null,"location_longitude":null,"location_latitude":null,"planting_date":null,"harvest_date":null,"weight_of_all_yield_of_the_variety_a_in_kg":null,"weight_of_all_yield_of_the_variety_b_in_kg":null,"weight_of_all_yield_of_the_variety_c_in_kg":null,"codigo_paquetes":null,"caracteristica_1":"Pest_resistance-(A/B/C)","best_variedad_1":null,"worst_variedad_1":null,"caracteristica_2":"Disease_resistance-(A/B/C)","best_variedad_2":null,"worst_variedad_2":null,"caracteristica_3":"Yield-(A/B/C)","best_variedad_3":null,"worst_variedad_3":null,"caracteristica_4":"Value_in_the_market-(A/B/C)","best_variedad_4":null,"worst_variedad_4":null,"caracteristica_5":"Seed_Color-(A/B/C)","better_variedad_5":null,"worse_variedad_5":null,"caracteristica_6":"Overall_performance-(A/B/C)","best_variedad_6":null,"worst_variedad_6":null,"evaluation":null},
{"observadores":"2018_osw_dugda_chickpea_33","name_user":null,"name_family":null,"village":null,"district":null,"telephone":null,"gender":null,"age":null,"location_longitude_seed_delivery_point":null,"location_latitude_seed_delivery_point":null,"location_altitude":null,"location_longitude":null,"location_latitude":null,"planting_date":null,"harvest_date":null,"weight_of_all_yield_of_the_variety_a_in_kg":null,"weight_of_all_yield_of_the_variety_b_in_kg":null,"weight_of_all_yield_of_the_variety_c_in_kg":null,"codigo_paquetes":null,"caracteristica_1":"Pest_resistance-(A/B/C)","best_variedad_1":null,"worst_variedad_1":null,"caracteristica_2":"Disease_resistance-(A/B/C)","best_variedad_2":null,"worst_variedad_2":null,"caracteristica_3":"Yield-(A/B/C)","best_variedad_3":null,"worst_variedad_3":null,"caracteristica_4":"Value_in_the_market-(A/B/C)","best_variedad_4":null,"worst_variedad_4":null,"caracteristica_5":"Seed_Color-(A/B/C)","better_variedad_5":null,"worse_variedad_5":null,"caracteristica_6":"Overall_performance-(A/B/C)","best_variedad_6":null,"worst_variedad_6":null,"evaluation":null},
{"observadores":"2018_osw_dugda_chickpea_34","name_user":null,"name_family":null,"village":null,"district":null,"telephone":null,"gender":null,"age":null,"location_longitude_seed_delivery_point":null,"location_latitude_seed_delivery_point":null,"location_altitude":null,"location_longitude":null,"location_latitude":null,"planting_date":null,"harvest_date":null,"weight_of_all_yield_of_the_variety_a_in_kg":null,"weight_of_all_yield_of_the_variety_b_in_kg":null,"weight_of_all_yield_of_the_variety_c_in_kg":null,"codigo_paquetes":null,"caracteristica_1":"Pest_resistance-(A/B/C)","best_variedad_1":null,"worst_variedad_1":null,"caracteristica_2":"Disease_resistance-(A/B/C)","best_variedad_2":null,"worst_variedad_2":null,"caracteristica_3":"Yield-(A/B/C)","best_variedad_3":null,"worst_variedad_3":null,"caracteristica_4":"Value_in_the_market-(A/B/C)","best_variedad_4":null,"worst_variedad_4":null,"caracteristica_5":"Seed_Color-(A/B/C)","better_variedad_5":null,"worse_variedad_5":null,"caracteristica_6":"Overall_performance-(A/B/C)","best_variedad_6":null,"worst_variedad_6":null,"evaluation":null},
{"observadores":"2018_osw_dugda_chickpea_35","name_user":null,"name_family":null,"village":null,"district":null,"telephone":null,"gender":null,"age":null,"location_longitude_seed_delivery_point":null,"location_latitude_seed_delivery_point":null,"location_altitude":null,"location_longitude":null,"location_latitude":null,"planting_date":null,"harvest_date":null,"weight_of_all_yield_of_the_variety_a_in_kg":null,"weight_of_all_yield_of_the_variety_b_in_kg":null,"weight_of_all_yield_of_the_variety_c_in_kg":null,"codigo_paquetes":null,"caracteristica_1":"Pest_resistance-(A/B/C)","best_variedad_1":null,"worst_variedad_1":null,"caracteristica_2":"Disease_resistance-(A/B/C)","best_variedad_2":null,"worst_variedad_2":null,"caracteristica_3":"Yield-(A/B/C)","best_variedad_3":null,"worst_variedad_3":null,"caracteristica_4":"Value_in_the_market-(A/B/C)","best_variedad_4":null,"worst_variedad_4":null,"caracteristica_5":"Seed_Color-(A/B/C)","better_variedad_5":null,"worse_variedad_5":null,"caracteristica_6":"Overall_performance-(A/B/C)","best_variedad_6":null,"worst_variedad_6":null,"evaluation":null},
{"observadores":"2018_osw_dugda_chickpea_36","name_user":null,"name_family":null,"village":null,"district":null,"telephone":null,"gender":null,"age":null,"location_longitude_seed_delivery_point":null,"location_latitude_seed_delivery_point":null,"location_altitude":null,"location_longitude":null,"location_latitude":null,"planting_date":null,"harvest_date":null,"weight_of_all_yield_of_the_variety_a_in_kg":null,"weight_of_all_yield_of_the_variety_b_in_kg":null,"weight_of_all_yield_of_the_variety_c_in_kg":null,"codigo_paquetes":null,"caracteristica_1":"Pest_resistance-(A/B/C)","best_variedad_1":null,"worst_variedad_1":null,"caracteristica_2":"Disease_resistance-(A/B/C)","best_variedad_2":null,"worst_variedad_2":null,"caracteristica_3":"Yield-(A/B/C)","best_variedad_3":null,"worst_variedad_3":null,"caracteristica_4":"Value_in_the_market-(A/B/C)","best_variedad_4":null,"worst_variedad_4":null,"caracteristica_5":"Seed_Color-(A/B/C)","better_variedad_5":null,"worse_variedad_5":null,"caracteristica_6":"Overall_performance-(A/B/C)","best_variedad_6":null,"worst_variedad_6":null,"evaluation":null},
{"observadores":"2018_osw_dugda_chickpea_37","name_user":null,"name_family":null,"village":null,"district":null,"telephone":null,"gender":null,"age":null,"location_longitude_seed_delivery_point":null,"location_latitude_seed_delivery_point":null,"location_altitude":null,"location_longitude":null,"location_latitude":null,"planting_date":null,"harvest_date":null,"weight_of_all_yield_of_the_variety_a_in_kg":null,"weight_of_all_yield_of_the_variety_b_in_kg":null,"weight_of_all_yield_of_the_variety_c_in_kg":null,"codigo_paquetes":null,"caracteristica_1":"Pest_resistance-(A/B/C)","best_variedad_1":null,"worst_variedad_1":null,"caracteristica_2":"Disease_resistance-(A/B/C)","best_variedad_2":null,"worst_variedad_2":null,"caracteristica_3":"Yield-(A/B/C)","best_variedad_3":null,"worst_variedad_3":null,"caracteristica_4":"Value_in_the_market-(A/B/C)","best_variedad_4":null,"worst_variedad_4":null,"caracteristica_5":"Seed_Color-(A/B/C)","better_variedad_5":null,"worse_variedad_5":null,"caracteristica_6":"Overall_performance-(A/B/C)","best_variedad_6":null,"worst_variedad_6":null,"evaluation":null},
{"observadores":"2018_osw_dugda_chickpea_38","name_user":null,"name_family":null,"village":null,"district":null,"telephone":null,"gender":null,"age":null,"location_longitude_seed_delivery_point":null,"location_latitude_seed_delivery_point":null,"location_altitude":null,"location_longitude":null,"location_latitude":null,"planting_date":null,"harvest_date":null,"weight_of_all_yield_of_the_variety_a_in_kg":null,"weight_of_all_yield_of_the_variety_b_in_kg":null,"weight_of_all_yield_of_the_variety_c_in_kg":null,"codigo_paquetes":null,"caracteristica_1":"Pest_resistance-(A/B/C)","best_variedad_1":null,"worst_variedad_1":null,"caracteristica_2":"Disease_resistance-(A/B/C)","best_variedad_2":null,"worst_variedad_2":null,"caracteristica_3":"Yield-(A/B/C)","best_variedad_3":null,"worst_variedad_3":null,"caracteristica_4":"Value_in_the_market-(A/B/C)","best_variedad_4":null,"worst_variedad_4":null,"caracteristica_5":"Seed_Color-(A/B/C)","better_variedad_5":null,"worse_variedad_5":null,"caracteristica_6":"Overall_performance-(A/B/C)","best_variedad_6":null,"worst_variedad_6":null,"evaluation":null},
{"observadores":"2018_osw_dugda_chickpea_39","name_user":null,"name_family":null,"village":null,"district":null,"telephone":null,"gender":null,"age":null,"location_longitude_seed_delivery_point":null,"location_latitude_seed_delivery_point":null,"location_altitude":null,"location_longitude":null,"location_latitude":null,"planting_date":null,"harvest_date":null,"weight_of_all_yield_of_the_variety_a_in_kg":null,"weight_of_all_yield_of_the_variety_b_in_kg":null,"weight_of_all_yield_of_the_variety_c_in_kg":null,"codigo_paquetes":null,"caracteristica_1":"Pest_resistance-(A/B/C)","best_variedad_1":null,"worst_variedad_1":null,"caracteristica_2":"Disease_resistance-(A/B/C)","best_variedad_2":null,"worst_variedad_2":null,"caracteristica_3":"Yield-(A/B/C)","best_variedad_3":null,"worst_variedad_3":null,"caracteristica_4":"Value_in_the_market-(A/B/C)","best_variedad_4":null,"worst_variedad_4":null,"caracteristica_5":"Seed_Color-(A/B/C)","better_variedad_5":null,"worse_variedad_5":null,"caracteristica_6":"Overall_performance-(A/B/C)","best_variedad_6":null,"worst_variedad_6":null,"evaluation":null},
{"observadores":"2018_osw_dugda_chickpea_4","name_user":null,"name_family":null,"village":null,"district":null,"telephone":null,"gender":null,"age":null,"location_longitude_seed_delivery_point":null,"location_latitude_seed_delivery_point":null,"location_altitude":null,"location_longitude":null,"location_latitude":null,"planting_date":null,"harvest_date":null,"weight_of_all_yield_of_the_variety_a_in_kg":null,"weight_of_all_yield_of_the_variety_b_in_kg":null,"weight_of_all_yield_of_the_variety_c_in_kg":null,"codigo_paquetes":null,"caracteristica_1":"Pest_resistance-(A/B/C)","best_variedad_1":null,"worst_variedad_1":null,"caracteristica_2":"Disease_resistance-(A/B/C)","best_variedad_2":null,"worst_variedad_2":null,"caracteristica_3":"Yield-(A/B/C)","best_variedad_3":null,"worst_variedad_3":null,"caracteristica_4":"Value_in_the_market-(A/B/C)","best_variedad_4":null,"worst_variedad_4":null,"caracteristica_5":"Seed_Color-(A/B/C)","better_variedad_5":null,"worse_variedad_5":null,"caracteristica_6":"Overall_performance-(A/B/C)","best_variedad_6":null,"worst_variedad_6":null,"evaluation":null},
{"observadores":"2018_osw_dugda_chickpea_40","name_user":null,"name_family":null,"village":null,"district":null,"telephone":null,"gender":null,"age":null,"location_longitude_seed_delivery_point":null,"location_latitude_seed_delivery_point":null,"location_altitude":null,"location_longitude":null,"location_latitude":null,"planting_date":null,"harvest_date":null,"weight_of_all_yield_of_the_variety_a_in_kg":null,"weight_of_all_yield_of_the_variety_b_in_kg":null,"weight_of_all_yield_of_the_variety_c_in_kg":null,"codigo_paquetes":null,"caracteristica_1":"Pest_resistance-(A/B/C)","best_variedad_1":null,"worst_variedad_1":null,"caracteristica_2":"Disease_resistance-(A/B/C)","best_variedad_2":null,"worst_variedad_2":null,"caracteristica_3":"Yield-(A/B/C)","best_variedad_3":null,"worst_variedad_3":null,"caracteristica_4":"Value_in_the_market-(A/B/C)","best_variedad_4":null,"worst_variedad_4":null,"caracteristica_5":"Seed_Color-(A/B/C)","better_variedad_5":null,"worse_variedad_5":null,"caracteristica_6":"Overall_performance-(A/B/C)","best_variedad_6":null,"worst_variedad_6":null,"evaluation":null},
{"observadores":"2018_osw_dugda_chickpea_41","name_user":null,"name_family":null,"village":null,"district":null,"telephone":null,"gender":null,"age":null,"location_longitude_seed_delivery_point":null,"location_latitude_seed_delivery_point":null,"location_altitude":null,"location_longitude":null,"location_latitude":null,"planting_date":null,"harvest_date":null,"weight_of_all_yield_of_the_variety_a_in_kg":null,"weight_of_all_yield_of_the_variety_b_in_kg":null,"weight_of_all_yield_of_the_variety_c_in_kg":null,"codigo_paquetes":null,"caracteristica_1":"Pest_resistance-(A/B/C)","best_variedad_1":null,"worst_variedad_1":null,"caracteristica_2":"Disease_resistance-(A/B/C)","best_variedad_2":null,"worst_variedad_2":null,"caracteristica_3":"Yield-(A/B/C)","best_variedad_3":null,"worst_variedad_3":null,"caracteristica_4":"Value_in_the_market-(A/B/C)","best_variedad_4":null,"worst_variedad_4":null,"caracteristica_5":"Seed_Color-(A/B/C)","better_variedad_5":null,"worse_variedad_5":null,"caracteristica_6":"Overall_performance-(A/B/C)","best_variedad_6":null,"worst_variedad_6":null,"evaluation":null},
{"observadores":"2018_osw_dugda_chickpea_42","name_user":null,"name_family":null,"village":null,"district":null,"telephone":null,"gender":null,"age":null,"location_longitude_seed_delivery_point":null,"location_latitude_seed_delivery_point":null,"location_altitude":null,"location_longitude":null,"location_latitude":null,"planting_date":null,"harvest_date":null,"weight_of_all_yield_of_the_variety_a_in_kg":null,"weight_of_all_yield_of_the_variety_b_in_kg":null,"weight_of_all_yield_of_the_variety_c_in_kg":null,"codigo_paquetes":null,"caracteristica_1":"Pest_resistance-(A/B/C)","best_variedad_1":null,"worst_variedad_1":null,"caracteristica_2":"Disease_resistance-(A/B/C)","best_variedad_2":null,"worst_variedad_2":null,"caracteristica_3":"Yield-(A/B/C)","best_variedad_3":null,"worst_variedad_3":null,"caracteristica_4":"Value_in_the_market-(A/B/C)","best_variedad_4":null,"worst_variedad_4":null,"caracteristica_5":"Seed_Color-(A/B/C)","better_variedad_5":null,"worse_variedad_5":null,"caracteristica_6":"Overall_performance-(A/B/C)","best_variedad_6":null,"worst_variedad_6":null,"evaluation":null},
{"observadores":"2018_osw_dugda_chickpea_5","name_user":null,"name_family":null,"village":null,"district":null,"telephone":null,"gender":null,"age":null,"location_longitude_seed_delivery_point":null,"location_latitude_seed_delivery_point":null,"location_altitude":null,"location_longitude":null,"location_latitude":null,"planting_date":null,"harvest_date":null,"weight_of_all_yield_of_the_variety_a_in_kg":null,"weight_of_all_yield_of_the_variety_b_in_kg":null,"weight_of_all_yield_of_the_variety_c_in_kg":null,"codigo_paquetes":null,"caracteristica_1":"Pest_resistance-(A/B/C)","best_variedad_1":null,"worst_variedad_1":null,"caracteristica_2":"Disease_resistance-(A/B/C)","best_variedad_2":null,"worst_variedad_2":null,"caracteristica_3":"Yield-(A/B/C)","best_variedad_3":null,"worst_variedad_3":null,"caracteristica_4":"Value_in_the_market-(A/B/C)","best_variedad_4":null,"worst_variedad_4":null,"caracteristica_5":"Seed_Color-(A/B/C)","better_variedad_5":null,"worse_variedad_5":null,"caracteristica_6":"Overall_performance-(A/B/C)","best_variedad_6":null,"worst_variedad_6":null,"evaluation":null},
{"observadores":"2018_osw_dugda_chickpea_6","name_user":null,"name_family":null,"village":null,"district":null,"telephone":null,"gender":null,"age":null,"location_longitude_seed_delivery_point":null,"location_latitude_seed_delivery_point":null,"location_altitude":null,"location_longitude":null,"location_latitude":null,"planting_date":null,"harvest_date":null,"weight_of_all_yield_of_the_variety_a_in_kg":null,"weight_of_all_yield_of_the_variety_b_in_kg":null,"weight_of_all_yield_of_the_variety_c_in_kg":null,"codigo_paquetes":null,"caracteristica_1":"Pest_resistance-(A/B/C)","best_variedad_1":null,"worst_variedad_1":null,"caracteristica_2":"Disease_resistance-(A/B/C)","best_variedad_2":null,"worst_variedad_2":null,"caracteristica_3":"Yield-(A/B/C)","best_variedad_3":null,"worst_variedad_3":null,"caracteristica_4":"Value_in_the_market-(A/B/C)","best_variedad_4":null,"worst_variedad_4":null,"caracteristica_5":"Seed_Color-(A/B/C)","better_variedad_5":null,"worse_variedad_5":null,"caracteristica_6":"Overall_performance-(A/B/C)","best_variedad_6":null,"worst_variedad_6":null,"evaluation":null},
{"observadores":"2018_osw_dugda_chickpea_7","name_user":null,"name_family":null,"village":null,"district":null,"telephone":null,"gender":null,"age":null,"location_longitude_seed_delivery_point":null,"location_latitude_seed_delivery_point":null,"location_altitude":null,"location_longitude":null,"location_latitude":null,"planting_date":null,"harvest_date":null,"weight_of_all_yield_of_the_variety_a_in_kg":null,"weight_of_all_yield_of_the_variety_b_in_kg":null,"weight_of_all_yield_of_the_variety_c_in_kg":null,"codigo_paquetes":null,"caracteristica_1":"Pest_resistance-(A/B/C)","best_variedad_1":null,"worst_variedad_1":null,"caracteristica_2":"Disease_resistance-(A/B/C)","best_variedad_2":null,"worst_variedad_2":null,"caracteristica_3":"Yield-(A/B/C)","best_variedad_3":null,"worst_variedad_3":null,"caracteristica_4":"Value_in_the_market-(A/B/C)","best_variedad_4":null,"worst_variedad_4":null,"caracteristica_5":"Seed_Color-(A/B/C)","better_variedad_5":null,"worse_variedad_5":null,"caracteristica_6":"Overall_performance-(A/B/C)","best_variedad_6":null,"worst_variedad_6":null,"evaluation":null},
{"observadores":"2018_osw_dugda_chickpea_8","name_user":null,"name_family":null,"village":null,"district":null,"telephone":null,"gender":null,"age":null,"location_longitude_seed_delivery_point":null,"location_latitude_seed_delivery_point":null,"location_altitude":null,"location_longitude":null,"location_latitude":null,"planting_date":null,"harvest_date":null,"weight_of_all_yield_of_the_variety_a_in_kg":null,"weight_of_all_yield_of_the_variety_b_in_kg":null,"weight_of_all_yield_of_the_variety_c_in_kg":null,"codigo_paquetes":null,"caracteristica_1":"Pest_resistance-(A/B/C)","best_variedad_1":null,"worst_variedad_1":null,"caracteristica_2":"Disease_resistance-(A/B/C)","best_variedad_2":null,"worst_variedad_2":null,"caracteristica_3":"Yield-(A/B/C)","best_variedad_3":null,"worst_variedad_3":null,"caracteristica_4":"Value_in_the_market-(A/B/C)","best_variedad_4":null,"worst_variedad_4":null,"caracteristica_5":"Seed_Color-(A/B/C)","better_variedad_5":null,"worse_variedad_5":null,"caracteristica_6":"Overall_performance-(A/B/C)","best_variedad_6":null,"worst_variedad_6":null,"evaluation":null},
{"observadores":"2018_osw_dugda_chickpea_9","name_user":null,"name_family":null,"village":null,"district":null,"telephone":null,"gender":null,"age":null,"location_longitude_seed_delivery_point":null,"location_latitude_seed_delivery_point":null,"location_altitude":null,"location_longitude":null,"location_latitude":null,"planting_date":null,"harvest_date":null,"weight_of_all_yield_of_the_variety_a_in_kg":null,"weight_of_all_yield_of_the_variety_b_in_kg":null,"weight_of_all_yield_of_the_variety_c_in_kg":null,"codigo_paquetes":null,"caracteristica_1":"Pest_resistance-(A/B/C)","best_variedad_1":null,"worst_variedad_1":null,"caracteristica_2":"Disease_resistance-(A/B/C)","best_variedad_2":null,"worst_variedad_2":null,"caracteristica_3":"Yield-(A/B/C)","best_variedad_3":null,"worst_variedad_3":null,"caracteristica_4":"Value_in_the_market-(A/B/C)","best_variedad_4":null,"worst_variedad_4":null,"caracteristica_5":"Seed_Color-(A/B/C)","better_variedad_5":null,"worse_variedad_5":null,"caracteristica_6":"Overall_performance-(A/B/C)","best_variedad_6":null,"worst_variedad_6":null,"evaluation":null}
]
