[
{"observadores":"amhara_bdu_issd_meket_wheat_1","name_user":null,"name_family":null,"village":null,"district":null,"telephone":null,"gender":null,"age":null,"location_longitude_seed_delivery_point":null,"location_latitude_seed_delivery_point":null,"location_altitude":null,"location_longitude":null,"location_latitude":null,"planting_date":null,"harvest_date":null,"fertilization":null,"name_of_the_local_variety":null,"how_was_the_rain":null,"weight_of_all_yield_of_the_variety_a_in_kg":null,"weight_of_all_yield_of_the_variety_b_in_kg":null,"weight_of_all_yield_of_the_variety_c_in_kg":null,"from_the_3_varieties_which_one_would_you_like_to_grow_again":null,"codigo_paquetes":null,"caracteristica_1":"Vigor-(A/B/C)","best_variedad_1":null,"worst_variedad_1":null,"caracteristica_2":"Faster_maturity-(A/B/C)","best_variedad_2":null,"worst_variedad_2":null,"caracteristica_3":"Pest_resistance-(A/B/C)","best_variedad_3":null,"worst_variedad_3":null,"caracteristica_4":"Disease_resistance-(A/B/C)","best_variedad_4":null,"worst_variedad_4":null,"caracteristica_5":"Drought_resistance-(A/B/C)","best_variedad_5":null,"worst_variedad_5":null,"caracteristica_6":"Yield-(A/B/C)","best_variedad_6":null,"worst_variedad_6":null,"caracteristica_7":"Value_in_the_market-(A/B/C)","best_variedad_7":null,"worst_variedad_7":null,"caracteristica_8":"White_seed_color-(A/B/C)","better_variedad_8":null,"worse_variedad_8":null,"caracteristica_9":"Spike_length-(A/B/C)","better_variedad_9":null,"worse_variedad_9":null,"caracteristica_10":"Frost_resistance-(A/B/C)","better_variedad_10":null,"worse_variedad_10":null,"caracteristica_11":"Biomass-(A/B/C)","better_variedad_11":null,"worse_variedad_11":null,"caracteristica_12":"Overall_performance-(A/B/C)","best_variedad_12":null,"worst_variedad_12":null,"caracteristica_13":"Overall_performance_VS_Local-(Better/Worse)","variedad_a_13":null,"variedad_b_13":null,"variedad_c_13":null,"evaluation":null}
]
