[
{"observadores":"issdosw_borefood_barely2019_1","name_user":null,"name_family":null,"village":null,"district":null,"telephone":null,"gender":null,"age":null,"location_longitude_seed_delivery_point":null,"location_latitude_seed_delivery_point":null,"location_altitude":null,"location_longitude":null,"location_latitude":null,"planting_date":null,"harvest_date":null,"slope":null,"weight_of_all_yield_of_the_variety_a_in_kg":null,"weight_of_all_yield_of_the_variety_b_in_kg":null,"weight_of_all_yield_of_the_variety_c_in_kg":null,"from_the_3_varieties_which_one_would_you_like_to_grow_again":null,"codigo_paquetes":null,"caracteristica_1":"Faster_maturity-(A/B/C)","best_variedad_1":null,"worst_variedad_1":null,"caracteristica_2":"Disease_resistance-(A/B/C)","best_variedad_2":null,"worst_variedad_2":null,"caracteristica_3":"Drought_resistance-(A/B/C)","best_variedad_3":null,"worst_variedad_3":null,"caracteristica_4":"Yield-(A/B/C)","best_variedad_4":null,"worst_variedad_4":null,"caracteristica_5":"Value_in_the_market-(A/B/C)","best_variedad_5":null,"worst_variedad_5":null,"caracteristica_6":"Lodging_tolerance-(A/B/C)","better_variedad_6":null,"worse_variedad_6":null,"caracteristica_7":"Seed_size-(A/B/C)","better_variedad_7":null,"worse_variedad_7":null,"caracteristica_8":"high_straw_biomass-(A/B/C)","better_variedad_8":null,"worse_variedad_8":null,"caracteristica_9":"Overall_performance-(A/B/C)","best_variedad_9":null,"worst_variedad_9":null,"caracteristica_10":"Overall_performance_VS_Local-(Better/Worse)","variedad_a_10":null,"variedad_b_10":null,"variedad_c_10":null,"evaluation":null},
{"observadores":"issdosw_borefood_barely2019_10","name_user":null,"name_family":null,"village":null,"district":null,"telephone":null,"gender":null,"age":null,"location_longitude_seed_delivery_point":null,"location_latitude_seed_delivery_point":null,"location_altitude":null,"location_longitude":null,"location_latitude":null,"planting_date":null,"harvest_date":null,"slope":null,"weight_of_all_yield_of_the_variety_a_in_kg":null,"weight_of_all_yield_of_the_variety_b_in_kg":null,"weight_of_all_yield_of_the_variety_c_in_kg":null,"from_the_3_varieties_which_one_would_you_like_to_grow_again":null,"codigo_paquetes":null,"caracteristica_1":"Faster_maturity-(A/B/C)","best_variedad_1":null,"worst_variedad_1":null,"caracteristica_2":"Disease_resistance-(A/B/C)","best_variedad_2":null,"worst_variedad_2":null,"caracteristica_3":"Drought_resistance-(A/B/C)","best_variedad_3":null,"worst_variedad_3":null,"caracteristica_4":"Yield-(A/B/C)","best_variedad_4":null,"worst_variedad_4":null,"caracteristica_5":"Value_in_the_market-(A/B/C)","best_variedad_5":null,"worst_variedad_5":null,"caracteristica_6":"Lodging_tolerance-(A/B/C)","better_variedad_6":null,"worse_variedad_6":null,"caracteristica_7":"Seed_size-(A/B/C)","better_variedad_7":null,"worse_variedad_7":null,"caracteristica_8":"high_straw_biomass-(A/B/C)","better_variedad_8":null,"worse_variedad_8":null,"caracteristica_9":"Overall_performance-(A/B/C)","best_variedad_9":null,"worst_variedad_9":null,"caracteristica_10":"Overall_performance_VS_Local-(Better/Worse)","variedad_a_10":null,"variedad_b_10":null,"variedad_c_10":null,"evaluation":null},
{"observadores":"issdosw_borefood_barely2019_11","name_user":null,"name_family":null,"village":null,"district":null,"telephone":null,"gender":null,"age":null,"location_longitude_seed_delivery_point":null,"location_latitude_seed_delivery_point":null,"location_altitude":null,"location_longitude":null,"location_latitude":null,"planting_date":null,"harvest_date":null,"slope":null,"weight_of_all_yield_of_the_variety_a_in_kg":null,"weight_of_all_yield_of_the_variety_b_in_kg":null,"weight_of_all_yield_of_the_variety_c_in_kg":null,"from_the_3_varieties_which_one_would_you_like_to_grow_again":null,"codigo_paquetes":null,"caracteristica_1":"Faster_maturity-(A/B/C)","best_variedad_1":null,"worst_variedad_1":null,"caracteristica_2":"Disease_resistance-(A/B/C)","best_variedad_2":null,"worst_variedad_2":null,"caracteristica_3":"Drought_resistance-(A/B/C)","best_variedad_3":null,"worst_variedad_3":null,"caracteristica_4":"Yield-(A/B/C)","best_variedad_4":null,"worst_variedad_4":null,"caracteristica_5":"Value_in_the_market-(A/B/C)","best_variedad_5":null,"worst_variedad_5":null,"caracteristica_6":"Lodging_tolerance-(A/B/C)","better_variedad_6":null,"worse_variedad_6":null,"caracteristica_7":"Seed_size-(A/B/C)","better_variedad_7":null,"worse_variedad_7":null,"caracteristica_8":"high_straw_biomass-(A/B/C)","better_variedad_8":null,"worse_variedad_8":null,"caracteristica_9":"Overall_performance-(A/B/C)","best_variedad_9":null,"worst_variedad_9":null,"caracteristica_10":"Overall_performance_VS_Local-(Better/Worse)","variedad_a_10":null,"variedad_b_10":null,"variedad_c_10":null,"evaluation":null},
{"observadores":"issdosw_borefood_barely2019_12","name_user":null,"name_family":null,"village":null,"district":null,"telephone":null,"gender":null,"age":null,"location_longitude_seed_delivery_point":null,"location_latitude_seed_delivery_point":null,"location_altitude":null,"location_longitude":null,"location_latitude":null,"planting_date":null,"harvest_date":null,"slope":null,"weight_of_all_yield_of_the_variety_a_in_kg":null,"weight_of_all_yield_of_the_variety_b_in_kg":null,"weight_of_all_yield_of_the_variety_c_in_kg":null,"from_the_3_varieties_which_one_would_you_like_to_grow_again":null,"codigo_paquetes":null,"caracteristica_1":"Faster_maturity-(A/B/C)","best_variedad_1":null,"worst_variedad_1":null,"caracteristica_2":"Disease_resistance-(A/B/C)","best_variedad_2":null,"worst_variedad_2":null,"caracteristica_3":"Drought_resistance-(A/B/C)","best_variedad_3":null,"worst_variedad_3":null,"caracteristica_4":"Yield-(A/B/C)","best_variedad_4":null,"worst_variedad_4":null,"caracteristica_5":"Value_in_the_market-(A/B/C)","best_variedad_5":null,"worst_variedad_5":null,"caracteristica_6":"Lodging_tolerance-(A/B/C)","better_variedad_6":null,"worse_variedad_6":null,"caracteristica_7":"Seed_size-(A/B/C)","better_variedad_7":null,"worse_variedad_7":null,"caracteristica_8":"high_straw_biomass-(A/B/C)","better_variedad_8":null,"worse_variedad_8":null,"caracteristica_9":"Overall_performance-(A/B/C)","best_variedad_9":null,"worst_variedad_9":null,"caracteristica_10":"Overall_performance_VS_Local-(Better/Worse)","variedad_a_10":null,"variedad_b_10":null,"variedad_c_10":null,"evaluation":null},
{"observadores":"issdosw_borefood_barely2019_13","name_user":null,"name_family":null,"village":null,"district":null,"telephone":null,"gender":null,"age":null,"location_longitude_seed_delivery_point":null,"location_latitude_seed_delivery_point":null,"location_altitude":null,"location_longitude":null,"location_latitude":null,"planting_date":null,"harvest_date":null,"slope":null,"weight_of_all_yield_of_the_variety_a_in_kg":null,"weight_of_all_yield_of_the_variety_b_in_kg":null,"weight_of_all_yield_of_the_variety_c_in_kg":null,"from_the_3_varieties_which_one_would_you_like_to_grow_again":null,"codigo_paquetes":null,"caracteristica_1":"Faster_maturity-(A/B/C)","best_variedad_1":null,"worst_variedad_1":null,"caracteristica_2":"Disease_resistance-(A/B/C)","best_variedad_2":null,"worst_variedad_2":null,"caracteristica_3":"Drought_resistance-(A/B/C)","best_variedad_3":null,"worst_variedad_3":null,"caracteristica_4":"Yield-(A/B/C)","best_variedad_4":null,"worst_variedad_4":null,"caracteristica_5":"Value_in_the_market-(A/B/C)","best_variedad_5":null,"worst_variedad_5":null,"caracteristica_6":"Lodging_tolerance-(A/B/C)","better_variedad_6":null,"worse_variedad_6":null,"caracteristica_7":"Seed_size-(A/B/C)","better_variedad_7":null,"worse_variedad_7":null,"caracteristica_8":"high_straw_biomass-(A/B/C)","better_variedad_8":null,"worse_variedad_8":null,"caracteristica_9":"Overall_performance-(A/B/C)","best_variedad_9":null,"worst_variedad_9":null,"caracteristica_10":"Overall_performance_VS_Local-(Better/Worse)","variedad_a_10":null,"variedad_b_10":null,"variedad_c_10":null,"evaluation":null},
{"observadores":"issdosw_borefood_barely2019_14","name_user":null,"name_family":null,"village":null,"district":null,"telephone":null,"gender":null,"age":null,"location_longitude_seed_delivery_point":null,"location_latitude_seed_delivery_point":null,"location_altitude":null,"location_longitude":null,"location_latitude":null,"planting_date":null,"harvest_date":null,"slope":null,"weight_of_all_yield_of_the_variety_a_in_kg":null,"weight_of_all_yield_of_the_variety_b_in_kg":null,"weight_of_all_yield_of_the_variety_c_in_kg":null,"from_the_3_varieties_which_one_would_you_like_to_grow_again":null,"codigo_paquetes":null,"caracteristica_1":"Faster_maturity-(A/B/C)","best_variedad_1":null,"worst_variedad_1":null,"caracteristica_2":"Disease_resistance-(A/B/C)","best_variedad_2":null,"worst_variedad_2":null,"caracteristica_3":"Drought_resistance-(A/B/C)","best_variedad_3":null,"worst_variedad_3":null,"caracteristica_4":"Yield-(A/B/C)","best_variedad_4":null,"worst_variedad_4":null,"caracteristica_5":"Value_in_the_market-(A/B/C)","best_variedad_5":null,"worst_variedad_5":null,"caracteristica_6":"Lodging_tolerance-(A/B/C)","better_variedad_6":null,"worse_variedad_6":null,"caracteristica_7":"Seed_size-(A/B/C)","better_variedad_7":null,"worse_variedad_7":null,"caracteristica_8":"high_straw_biomass-(A/B/C)","better_variedad_8":null,"worse_variedad_8":null,"caracteristica_9":"Overall_performance-(A/B/C)","best_variedad_9":null,"worst_variedad_9":null,"caracteristica_10":"Overall_performance_VS_Local-(Better/Worse)","variedad_a_10":null,"variedad_b_10":null,"variedad_c_10":null,"evaluation":null},
{"observadores":"issdosw_borefood_barely2019_15","name_user":null,"name_family":null,"village":null,"district":null,"telephone":null,"gender":null,"age":null,"location_longitude_seed_delivery_point":null,"location_latitude_seed_delivery_point":null,"location_altitude":null,"location_longitude":null,"location_latitude":null,"planting_date":null,"harvest_date":null,"slope":null,"weight_of_all_yield_of_the_variety_a_in_kg":null,"weight_of_all_yield_of_the_variety_b_in_kg":null,"weight_of_all_yield_of_the_variety_c_in_kg":null,"from_the_3_varieties_which_one_would_you_like_to_grow_again":null,"codigo_paquetes":null,"caracteristica_1":"Faster_maturity-(A/B/C)","best_variedad_1":null,"worst_variedad_1":null,"caracteristica_2":"Disease_resistance-(A/B/C)","best_variedad_2":null,"worst_variedad_2":null,"caracteristica_3":"Drought_resistance-(A/B/C)","best_variedad_3":null,"worst_variedad_3":null,"caracteristica_4":"Yield-(A/B/C)","best_variedad_4":null,"worst_variedad_4":null,"caracteristica_5":"Value_in_the_market-(A/B/C)","best_variedad_5":null,"worst_variedad_5":null,"caracteristica_6":"Lodging_tolerance-(A/B/C)","better_variedad_6":null,"worse_variedad_6":null,"caracteristica_7":"Seed_size-(A/B/C)","better_variedad_7":null,"worse_variedad_7":null,"caracteristica_8":"high_straw_biomass-(A/B/C)","better_variedad_8":null,"worse_variedad_8":null,"caracteristica_9":"Overall_performance-(A/B/C)","best_variedad_9":null,"worst_variedad_9":null,"caracteristica_10":"Overall_performance_VS_Local-(Better/Worse)","variedad_a_10":null,"variedad_b_10":null,"variedad_c_10":null,"evaluation":null},
{"observadores":"issdosw_borefood_barely2019_16","name_user":null,"name_family":null,"village":null,"district":null,"telephone":null,"gender":null,"age":null,"location_longitude_seed_delivery_point":null,"location_latitude_seed_delivery_point":null,"location_altitude":null,"location_longitude":null,"location_latitude":null,"planting_date":null,"harvest_date":null,"slope":null,"weight_of_all_yield_of_the_variety_a_in_kg":null,"weight_of_all_yield_of_the_variety_b_in_kg":null,"weight_of_all_yield_of_the_variety_c_in_kg":null,"from_the_3_varieties_which_one_would_you_like_to_grow_again":null,"codigo_paquetes":null,"caracteristica_1":"Faster_maturity-(A/B/C)","best_variedad_1":null,"worst_variedad_1":null,"caracteristica_2":"Disease_resistance-(A/B/C)","best_variedad_2":null,"worst_variedad_2":null,"caracteristica_3":"Drought_resistance-(A/B/C)","best_variedad_3":null,"worst_variedad_3":null,"caracteristica_4":"Yield-(A/B/C)","best_variedad_4":null,"worst_variedad_4":null,"caracteristica_5":"Value_in_the_market-(A/B/C)","best_variedad_5":null,"worst_variedad_5":null,"caracteristica_6":"Lodging_tolerance-(A/B/C)","better_variedad_6":null,"worse_variedad_6":null,"caracteristica_7":"Seed_size-(A/B/C)","better_variedad_7":null,"worse_variedad_7":null,"caracteristica_8":"high_straw_biomass-(A/B/C)","better_variedad_8":null,"worse_variedad_8":null,"caracteristica_9":"Overall_performance-(A/B/C)","best_variedad_9":null,"worst_variedad_9":null,"caracteristica_10":"Overall_performance_VS_Local-(Better/Worse)","variedad_a_10":null,"variedad_b_10":null,"variedad_c_10":null,"evaluation":null},
{"observadores":"issdosw_borefood_barely2019_17","name_user":null,"name_family":null,"village":null,"district":null,"telephone":null,"gender":null,"age":null,"location_longitude_seed_delivery_point":null,"location_latitude_seed_delivery_point":null,"location_altitude":null,"location_longitude":null,"location_latitude":null,"planting_date":null,"harvest_date":null,"slope":null,"weight_of_all_yield_of_the_variety_a_in_kg":null,"weight_of_all_yield_of_the_variety_b_in_kg":null,"weight_of_all_yield_of_the_variety_c_in_kg":null,"from_the_3_varieties_which_one_would_you_like_to_grow_again":null,"codigo_paquetes":null,"caracteristica_1":"Faster_maturity-(A/B/C)","best_variedad_1":null,"worst_variedad_1":null,"caracteristica_2":"Disease_resistance-(A/B/C)","best_variedad_2":null,"worst_variedad_2":null,"caracteristica_3":"Drought_resistance-(A/B/C)","best_variedad_3":null,"worst_variedad_3":null,"caracteristica_4":"Yield-(A/B/C)","best_variedad_4":null,"worst_variedad_4":null,"caracteristica_5":"Value_in_the_market-(A/B/C)","best_variedad_5":null,"worst_variedad_5":null,"caracteristica_6":"Lodging_tolerance-(A/B/C)","better_variedad_6":null,"worse_variedad_6":null,"caracteristica_7":"Seed_size-(A/B/C)","better_variedad_7":null,"worse_variedad_7":null,"caracteristica_8":"high_straw_biomass-(A/B/C)","better_variedad_8":null,"worse_variedad_8":null,"caracteristica_9":"Overall_performance-(A/B/C)","best_variedad_9":null,"worst_variedad_9":null,"caracteristica_10":"Overall_performance_VS_Local-(Better/Worse)","variedad_a_10":null,"variedad_b_10":null,"variedad_c_10":null,"evaluation":null},
{"observadores":"issdosw_borefood_barely2019_18","name_user":null,"name_family":null,"village":null,"district":null,"telephone":null,"gender":null,"age":null,"location_longitude_seed_delivery_point":null,"location_latitude_seed_delivery_point":null,"location_altitude":null,"location_longitude":null,"location_latitude":null,"planting_date":null,"harvest_date":null,"slope":null,"weight_of_all_yield_of_the_variety_a_in_kg":null,"weight_of_all_yield_of_the_variety_b_in_kg":null,"weight_of_all_yield_of_the_variety_c_in_kg":null,"from_the_3_varieties_which_one_would_you_like_to_grow_again":null,"codigo_paquetes":null,"caracteristica_1":"Faster_maturity-(A/B/C)","best_variedad_1":null,"worst_variedad_1":null,"caracteristica_2":"Disease_resistance-(A/B/C)","best_variedad_2":null,"worst_variedad_2":null,"caracteristica_3":"Drought_resistance-(A/B/C)","best_variedad_3":null,"worst_variedad_3":null,"caracteristica_4":"Yield-(A/B/C)","best_variedad_4":null,"worst_variedad_4":null,"caracteristica_5":"Value_in_the_market-(A/B/C)","best_variedad_5":null,"worst_variedad_5":null,"caracteristica_6":"Lodging_tolerance-(A/B/C)","better_variedad_6":null,"worse_variedad_6":null,"caracteristica_7":"Seed_size-(A/B/C)","better_variedad_7":null,"worse_variedad_7":null,"caracteristica_8":"high_straw_biomass-(A/B/C)","better_variedad_8":null,"worse_variedad_8":null,"caracteristica_9":"Overall_performance-(A/B/C)","best_variedad_9":null,"worst_variedad_9":null,"caracteristica_10":"Overall_performance_VS_Local-(Better/Worse)","variedad_a_10":null,"variedad_b_10":null,"variedad_c_10":null,"evaluation":null},
{"observadores":"issdosw_borefood_barely2019_19","name_user":null,"name_family":null,"village":null,"district":null,"telephone":null,"gender":null,"age":null,"location_longitude_seed_delivery_point":null,"location_latitude_seed_delivery_point":null,"location_altitude":null,"location_longitude":null,"location_latitude":null,"planting_date":null,"harvest_date":null,"slope":null,"weight_of_all_yield_of_the_variety_a_in_kg":null,"weight_of_all_yield_of_the_variety_b_in_kg":null,"weight_of_all_yield_of_the_variety_c_in_kg":null,"from_the_3_varieties_which_one_would_you_like_to_grow_again":null,"codigo_paquetes":null,"caracteristica_1":"Faster_maturity-(A/B/C)","best_variedad_1":null,"worst_variedad_1":null,"caracteristica_2":"Disease_resistance-(A/B/C)","best_variedad_2":null,"worst_variedad_2":null,"caracteristica_3":"Drought_resistance-(A/B/C)","best_variedad_3":null,"worst_variedad_3":null,"caracteristica_4":"Yield-(A/B/C)","best_variedad_4":null,"worst_variedad_4":null,"caracteristica_5":"Value_in_the_market-(A/B/C)","best_variedad_5":null,"worst_variedad_5":null,"caracteristica_6":"Lodging_tolerance-(A/B/C)","better_variedad_6":null,"worse_variedad_6":null,"caracteristica_7":"Seed_size-(A/B/C)","better_variedad_7":null,"worse_variedad_7":null,"caracteristica_8":"high_straw_biomass-(A/B/C)","better_variedad_8":null,"worse_variedad_8":null,"caracteristica_9":"Overall_performance-(A/B/C)","best_variedad_9":null,"worst_variedad_9":null,"caracteristica_10":"Overall_performance_VS_Local-(Better/Worse)","variedad_a_10":null,"variedad_b_10":null,"variedad_c_10":null,"evaluation":null},
{"observadores":"issdosw_borefood_barely2019_2","name_user":null,"name_family":null,"village":null,"district":null,"telephone":null,"gender":null,"age":null,"location_longitude_seed_delivery_point":null,"location_latitude_seed_delivery_point":null,"location_altitude":null,"location_longitude":null,"location_latitude":null,"planting_date":null,"harvest_date":null,"slope":null,"weight_of_all_yield_of_the_variety_a_in_kg":null,"weight_of_all_yield_of_the_variety_b_in_kg":null,"weight_of_all_yield_of_the_variety_c_in_kg":null,"from_the_3_varieties_which_one_would_you_like_to_grow_again":null,"codigo_paquetes":null,"caracteristica_1":"Faster_maturity-(A/B/C)","best_variedad_1":null,"worst_variedad_1":null,"caracteristica_2":"Disease_resistance-(A/B/C)","best_variedad_2":null,"worst_variedad_2":null,"caracteristica_3":"Drought_resistance-(A/B/C)","best_variedad_3":null,"worst_variedad_3":null,"caracteristica_4":"Yield-(A/B/C)","best_variedad_4":null,"worst_variedad_4":null,"caracteristica_5":"Value_in_the_market-(A/B/C)","best_variedad_5":null,"worst_variedad_5":null,"caracteristica_6":"Lodging_tolerance-(A/B/C)","better_variedad_6":null,"worse_variedad_6":null,"caracteristica_7":"Seed_size-(A/B/C)","better_variedad_7":null,"worse_variedad_7":null,"caracteristica_8":"high_straw_biomass-(A/B/C)","better_variedad_8":null,"worse_variedad_8":null,"caracteristica_9":"Overall_performance-(A/B/C)","best_variedad_9":null,"worst_variedad_9":null,"caracteristica_10":"Overall_performance_VS_Local-(Better/Worse)","variedad_a_10":null,"variedad_b_10":null,"variedad_c_10":null,"evaluation":null},
{"observadores":"issdosw_borefood_barely2019_20","name_user":null,"name_family":null,"village":null,"district":null,"telephone":null,"gender":null,"age":null,"location_longitude_seed_delivery_point":null,"location_latitude_seed_delivery_point":null,"location_altitude":null,"location_longitude":null,"location_latitude":null,"planting_date":null,"harvest_date":null,"slope":null,"weight_of_all_yield_of_the_variety_a_in_kg":null,"weight_of_all_yield_of_the_variety_b_in_kg":null,"weight_of_all_yield_of_the_variety_c_in_kg":null,"from_the_3_varieties_which_one_would_you_like_to_grow_again":null,"codigo_paquetes":null,"caracteristica_1":"Faster_maturity-(A/B/C)","best_variedad_1":null,"worst_variedad_1":null,"caracteristica_2":"Disease_resistance-(A/B/C)","best_variedad_2":null,"worst_variedad_2":null,"caracteristica_3":"Drought_resistance-(A/B/C)","best_variedad_3":null,"worst_variedad_3":null,"caracteristica_4":"Yield-(A/B/C)","best_variedad_4":null,"worst_variedad_4":null,"caracteristica_5":"Value_in_the_market-(A/B/C)","best_variedad_5":null,"worst_variedad_5":null,"caracteristica_6":"Lodging_tolerance-(A/B/C)","better_variedad_6":null,"worse_variedad_6":null,"caracteristica_7":"Seed_size-(A/B/C)","better_variedad_7":null,"worse_variedad_7":null,"caracteristica_8":"high_straw_biomass-(A/B/C)","better_variedad_8":null,"worse_variedad_8":null,"caracteristica_9":"Overall_performance-(A/B/C)","best_variedad_9":null,"worst_variedad_9":null,"caracteristica_10":"Overall_performance_VS_Local-(Better/Worse)","variedad_a_10":null,"variedad_b_10":null,"variedad_c_10":null,"evaluation":null},
{"observadores":"issdosw_borefood_barely2019_21","name_user":null,"name_family":null,"village":null,"district":null,"telephone":null,"gender":null,"age":null,"location_longitude_seed_delivery_point":null,"location_latitude_seed_delivery_point":null,"location_altitude":null,"location_longitude":null,"location_latitude":null,"planting_date":null,"harvest_date":null,"slope":null,"weight_of_all_yield_of_the_variety_a_in_kg":null,"weight_of_all_yield_of_the_variety_b_in_kg":null,"weight_of_all_yield_of_the_variety_c_in_kg":null,"from_the_3_varieties_which_one_would_you_like_to_grow_again":null,"codigo_paquetes":null,"caracteristica_1":"Faster_maturity-(A/B/C)","best_variedad_1":null,"worst_variedad_1":null,"caracteristica_2":"Disease_resistance-(A/B/C)","best_variedad_2":null,"worst_variedad_2":null,"caracteristica_3":"Drought_resistance-(A/B/C)","best_variedad_3":null,"worst_variedad_3":null,"caracteristica_4":"Yield-(A/B/C)","best_variedad_4":null,"worst_variedad_4":null,"caracteristica_5":"Value_in_the_market-(A/B/C)","best_variedad_5":null,"worst_variedad_5":null,"caracteristica_6":"Lodging_tolerance-(A/B/C)","better_variedad_6":null,"worse_variedad_6":null,"caracteristica_7":"Seed_size-(A/B/C)","better_variedad_7":null,"worse_variedad_7":null,"caracteristica_8":"high_straw_biomass-(A/B/C)","better_variedad_8":null,"worse_variedad_8":null,"caracteristica_9":"Overall_performance-(A/B/C)","best_variedad_9":null,"worst_variedad_9":null,"caracteristica_10":"Overall_performance_VS_Local-(Better/Worse)","variedad_a_10":null,"variedad_b_10":null,"variedad_c_10":null,"evaluation":null},
{"observadores":"issdosw_borefood_barely2019_22","name_user":null,"name_family":null,"village":null,"district":null,"telephone":null,"gender":null,"age":null,"location_longitude_seed_delivery_point":null,"location_latitude_seed_delivery_point":null,"location_altitude":null,"location_longitude":null,"location_latitude":null,"planting_date":null,"harvest_date":null,"slope":null,"weight_of_all_yield_of_the_variety_a_in_kg":null,"weight_of_all_yield_of_the_variety_b_in_kg":null,"weight_of_all_yield_of_the_variety_c_in_kg":null,"from_the_3_varieties_which_one_would_you_like_to_grow_again":null,"codigo_paquetes":null,"caracteristica_1":"Faster_maturity-(A/B/C)","best_variedad_1":null,"worst_variedad_1":null,"caracteristica_2":"Disease_resistance-(A/B/C)","best_variedad_2":null,"worst_variedad_2":null,"caracteristica_3":"Drought_resistance-(A/B/C)","best_variedad_3":null,"worst_variedad_3":null,"caracteristica_4":"Yield-(A/B/C)","best_variedad_4":null,"worst_variedad_4":null,"caracteristica_5":"Value_in_the_market-(A/B/C)","best_variedad_5":null,"worst_variedad_5":null,"caracteristica_6":"Lodging_tolerance-(A/B/C)","better_variedad_6":null,"worse_variedad_6":null,"caracteristica_7":"Seed_size-(A/B/C)","better_variedad_7":null,"worse_variedad_7":null,"caracteristica_8":"high_straw_biomass-(A/B/C)","better_variedad_8":null,"worse_variedad_8":null,"caracteristica_9":"Overall_performance-(A/B/C)","best_variedad_9":null,"worst_variedad_9":null,"caracteristica_10":"Overall_performance_VS_Local-(Better/Worse)","variedad_a_10":null,"variedad_b_10":null,"variedad_c_10":null,"evaluation":null},
{"observadores":"issdosw_borefood_barely2019_23","name_user":null,"name_family":null,"village":null,"district":null,"telephone":null,"gender":null,"age":null,"location_longitude_seed_delivery_point":null,"location_latitude_seed_delivery_point":null,"location_altitude":null,"location_longitude":null,"location_latitude":null,"planting_date":null,"harvest_date":null,"slope":null,"weight_of_all_yield_of_the_variety_a_in_kg":null,"weight_of_all_yield_of_the_variety_b_in_kg":null,"weight_of_all_yield_of_the_variety_c_in_kg":null,"from_the_3_varieties_which_one_would_you_like_to_grow_again":null,"codigo_paquetes":null,"caracteristica_1":"Faster_maturity-(A/B/C)","best_variedad_1":null,"worst_variedad_1":null,"caracteristica_2":"Disease_resistance-(A/B/C)","best_variedad_2":null,"worst_variedad_2":null,"caracteristica_3":"Drought_resistance-(A/B/C)","best_variedad_3":null,"worst_variedad_3":null,"caracteristica_4":"Yield-(A/B/C)","best_variedad_4":null,"worst_variedad_4":null,"caracteristica_5":"Value_in_the_market-(A/B/C)","best_variedad_5":null,"worst_variedad_5":null,"caracteristica_6":"Lodging_tolerance-(A/B/C)","better_variedad_6":null,"worse_variedad_6":null,"caracteristica_7":"Seed_size-(A/B/C)","better_variedad_7":null,"worse_variedad_7":null,"caracteristica_8":"high_straw_biomass-(A/B/C)","better_variedad_8":null,"worse_variedad_8":null,"caracteristica_9":"Overall_performance-(A/B/C)","best_variedad_9":null,"worst_variedad_9":null,"caracteristica_10":"Overall_performance_VS_Local-(Better/Worse)","variedad_a_10":null,"variedad_b_10":null,"variedad_c_10":null,"evaluation":null},
{"observadores":"issdosw_borefood_barely2019_24","name_user":null,"name_family":null,"village":null,"district":null,"telephone":null,"gender":null,"age":null,"location_longitude_seed_delivery_point":null,"location_latitude_seed_delivery_point":null,"location_altitude":null,"location_longitude":null,"location_latitude":null,"planting_date":null,"harvest_date":null,"slope":null,"weight_of_all_yield_of_the_variety_a_in_kg":null,"weight_of_all_yield_of_the_variety_b_in_kg":null,"weight_of_all_yield_of_the_variety_c_in_kg":null,"from_the_3_varieties_which_one_would_you_like_to_grow_again":null,"codigo_paquetes":null,"caracteristica_1":"Faster_maturity-(A/B/C)","best_variedad_1":null,"worst_variedad_1":null,"caracteristica_2":"Disease_resistance-(A/B/C)","best_variedad_2":null,"worst_variedad_2":null,"caracteristica_3":"Drought_resistance-(A/B/C)","best_variedad_3":null,"worst_variedad_3":null,"caracteristica_4":"Yield-(A/B/C)","best_variedad_4":null,"worst_variedad_4":null,"caracteristica_5":"Value_in_the_market-(A/B/C)","best_variedad_5":null,"worst_variedad_5":null,"caracteristica_6":"Lodging_tolerance-(A/B/C)","better_variedad_6":null,"worse_variedad_6":null,"caracteristica_7":"Seed_size-(A/B/C)","better_variedad_7":null,"worse_variedad_7":null,"caracteristica_8":"high_straw_biomass-(A/B/C)","better_variedad_8":null,"worse_variedad_8":null,"caracteristica_9":"Overall_performance-(A/B/C)","best_variedad_9":null,"worst_variedad_9":null,"caracteristica_10":"Overall_performance_VS_Local-(Better/Worse)","variedad_a_10":null,"variedad_b_10":null,"variedad_c_10":null,"evaluation":null},
{"observadores":"issdosw_borefood_barely2019_25","name_user":null,"name_family":null,"village":null,"district":null,"telephone":null,"gender":null,"age":null,"location_longitude_seed_delivery_point":null,"location_latitude_seed_delivery_point":null,"location_altitude":null,"location_longitude":null,"location_latitude":null,"planting_date":null,"harvest_date":null,"slope":null,"weight_of_all_yield_of_the_variety_a_in_kg":null,"weight_of_all_yield_of_the_variety_b_in_kg":null,"weight_of_all_yield_of_the_variety_c_in_kg":null,"from_the_3_varieties_which_one_would_you_like_to_grow_again":null,"codigo_paquetes":null,"caracteristica_1":"Faster_maturity-(A/B/C)","best_variedad_1":null,"worst_variedad_1":null,"caracteristica_2":"Disease_resistance-(A/B/C)","best_variedad_2":null,"worst_variedad_2":null,"caracteristica_3":"Drought_resistance-(A/B/C)","best_variedad_3":null,"worst_variedad_3":null,"caracteristica_4":"Yield-(A/B/C)","best_variedad_4":null,"worst_variedad_4":null,"caracteristica_5":"Value_in_the_market-(A/B/C)","best_variedad_5":null,"worst_variedad_5":null,"caracteristica_6":"Lodging_tolerance-(A/B/C)","better_variedad_6":null,"worse_variedad_6":null,"caracteristica_7":"Seed_size-(A/B/C)","better_variedad_7":null,"worse_variedad_7":null,"caracteristica_8":"high_straw_biomass-(A/B/C)","better_variedad_8":null,"worse_variedad_8":null,"caracteristica_9":"Overall_performance-(A/B/C)","best_variedad_9":null,"worst_variedad_9":null,"caracteristica_10":"Overall_performance_VS_Local-(Better/Worse)","variedad_a_10":null,"variedad_b_10":null,"variedad_c_10":null,"evaluation":null},
{"observadores":"issdosw_borefood_barely2019_26","name_user":null,"name_family":null,"village":null,"district":null,"telephone":null,"gender":null,"age":null,"location_longitude_seed_delivery_point":null,"location_latitude_seed_delivery_point":null,"location_altitude":null,"location_longitude":null,"location_latitude":null,"planting_date":null,"harvest_date":null,"slope":null,"weight_of_all_yield_of_the_variety_a_in_kg":null,"weight_of_all_yield_of_the_variety_b_in_kg":null,"weight_of_all_yield_of_the_variety_c_in_kg":null,"from_the_3_varieties_which_one_would_you_like_to_grow_again":null,"codigo_paquetes":null,"caracteristica_1":"Faster_maturity-(A/B/C)","best_variedad_1":null,"worst_variedad_1":null,"caracteristica_2":"Disease_resistance-(A/B/C)","best_variedad_2":null,"worst_variedad_2":null,"caracteristica_3":"Drought_resistance-(A/B/C)","best_variedad_3":null,"worst_variedad_3":null,"caracteristica_4":"Yield-(A/B/C)","best_variedad_4":null,"worst_variedad_4":null,"caracteristica_5":"Value_in_the_market-(A/B/C)","best_variedad_5":null,"worst_variedad_5":null,"caracteristica_6":"Lodging_tolerance-(A/B/C)","better_variedad_6":null,"worse_variedad_6":null,"caracteristica_7":"Seed_size-(A/B/C)","better_variedad_7":null,"worse_variedad_7":null,"caracteristica_8":"high_straw_biomass-(A/B/C)","better_variedad_8":null,"worse_variedad_8":null,"caracteristica_9":"Overall_performance-(A/B/C)","best_variedad_9":null,"worst_variedad_9":null,"caracteristica_10":"Overall_performance_VS_Local-(Better/Worse)","variedad_a_10":null,"variedad_b_10":null,"variedad_c_10":null,"evaluation":null},
{"observadores":"issdosw_borefood_barely2019_27","name_user":null,"name_family":null,"village":null,"district":null,"telephone":null,"gender":null,"age":null,"location_longitude_seed_delivery_point":null,"location_latitude_seed_delivery_point":null,"location_altitude":null,"location_longitude":null,"location_latitude":null,"planting_date":null,"harvest_date":null,"slope":null,"weight_of_all_yield_of_the_variety_a_in_kg":null,"weight_of_all_yield_of_the_variety_b_in_kg":null,"weight_of_all_yield_of_the_variety_c_in_kg":null,"from_the_3_varieties_which_one_would_you_like_to_grow_again":null,"codigo_paquetes":null,"caracteristica_1":"Faster_maturity-(A/B/C)","best_variedad_1":null,"worst_variedad_1":null,"caracteristica_2":"Disease_resistance-(A/B/C)","best_variedad_2":null,"worst_variedad_2":null,"caracteristica_3":"Drought_resistance-(A/B/C)","best_variedad_3":null,"worst_variedad_3":null,"caracteristica_4":"Yield-(A/B/C)","best_variedad_4":null,"worst_variedad_4":null,"caracteristica_5":"Value_in_the_market-(A/B/C)","best_variedad_5":null,"worst_variedad_5":null,"caracteristica_6":"Lodging_tolerance-(A/B/C)","better_variedad_6":null,"worse_variedad_6":null,"caracteristica_7":"Seed_size-(A/B/C)","better_variedad_7":null,"worse_variedad_7":null,"caracteristica_8":"high_straw_biomass-(A/B/C)","better_variedad_8":null,"worse_variedad_8":null,"caracteristica_9":"Overall_performance-(A/B/C)","best_variedad_9":null,"worst_variedad_9":null,"caracteristica_10":"Overall_performance_VS_Local-(Better/Worse)","variedad_a_10":null,"variedad_b_10":null,"variedad_c_10":null,"evaluation":null},
{"observadores":"issdosw_borefood_barely2019_28","name_user":null,"name_family":null,"village":null,"district":null,"telephone":null,"gender":null,"age":null,"location_longitude_seed_delivery_point":null,"location_latitude_seed_delivery_point":null,"location_altitude":null,"location_longitude":null,"location_latitude":null,"planting_date":null,"harvest_date":null,"slope":null,"weight_of_all_yield_of_the_variety_a_in_kg":null,"weight_of_all_yield_of_the_variety_b_in_kg":null,"weight_of_all_yield_of_the_variety_c_in_kg":null,"from_the_3_varieties_which_one_would_you_like_to_grow_again":null,"codigo_paquetes":null,"caracteristica_1":"Faster_maturity-(A/B/C)","best_variedad_1":null,"worst_variedad_1":null,"caracteristica_2":"Disease_resistance-(A/B/C)","best_variedad_2":null,"worst_variedad_2":null,"caracteristica_3":"Drought_resistance-(A/B/C)","best_variedad_3":null,"worst_variedad_3":null,"caracteristica_4":"Yield-(A/B/C)","best_variedad_4":null,"worst_variedad_4":null,"caracteristica_5":"Value_in_the_market-(A/B/C)","best_variedad_5":null,"worst_variedad_5":null,"caracteristica_6":"Lodging_tolerance-(A/B/C)","better_variedad_6":null,"worse_variedad_6":null,"caracteristica_7":"Seed_size-(A/B/C)","better_variedad_7":null,"worse_variedad_7":null,"caracteristica_8":"high_straw_biomass-(A/B/C)","better_variedad_8":null,"worse_variedad_8":null,"caracteristica_9":"Overall_performance-(A/B/C)","best_variedad_9":null,"worst_variedad_9":null,"caracteristica_10":"Overall_performance_VS_Local-(Better/Worse)","variedad_a_10":null,"variedad_b_10":null,"variedad_c_10":null,"evaluation":null},
{"observadores":"issdosw_borefood_barely2019_3","name_user":null,"name_family":null,"village":null,"district":null,"telephone":null,"gender":null,"age":null,"location_longitude_seed_delivery_point":null,"location_latitude_seed_delivery_point":null,"location_altitude":null,"location_longitude":null,"location_latitude":null,"planting_date":null,"harvest_date":null,"slope":null,"weight_of_all_yield_of_the_variety_a_in_kg":null,"weight_of_all_yield_of_the_variety_b_in_kg":null,"weight_of_all_yield_of_the_variety_c_in_kg":null,"from_the_3_varieties_which_one_would_you_like_to_grow_again":null,"codigo_paquetes":null,"caracteristica_1":"Faster_maturity-(A/B/C)","best_variedad_1":null,"worst_variedad_1":null,"caracteristica_2":"Disease_resistance-(A/B/C)","best_variedad_2":null,"worst_variedad_2":null,"caracteristica_3":"Drought_resistance-(A/B/C)","best_variedad_3":null,"worst_variedad_3":null,"caracteristica_4":"Yield-(A/B/C)","best_variedad_4":null,"worst_variedad_4":null,"caracteristica_5":"Value_in_the_market-(A/B/C)","best_variedad_5":null,"worst_variedad_5":null,"caracteristica_6":"Lodging_tolerance-(A/B/C)","better_variedad_6":null,"worse_variedad_6":null,"caracteristica_7":"Seed_size-(A/B/C)","better_variedad_7":null,"worse_variedad_7":null,"caracteristica_8":"high_straw_biomass-(A/B/C)","better_variedad_8":null,"worse_variedad_8":null,"caracteristica_9":"Overall_performance-(A/B/C)","best_variedad_9":null,"worst_variedad_9":null,"caracteristica_10":"Overall_performance_VS_Local-(Better/Worse)","variedad_a_10":null,"variedad_b_10":null,"variedad_c_10":null,"evaluation":null},
{"observadores":"issdosw_borefood_barely2019_4","name_user":null,"name_family":null,"village":null,"district":null,"telephone":null,"gender":null,"age":null,"location_longitude_seed_delivery_point":null,"location_latitude_seed_delivery_point":null,"location_altitude":null,"location_longitude":null,"location_latitude":null,"planting_date":null,"harvest_date":null,"slope":null,"weight_of_all_yield_of_the_variety_a_in_kg":null,"weight_of_all_yield_of_the_variety_b_in_kg":null,"weight_of_all_yield_of_the_variety_c_in_kg":null,"from_the_3_varieties_which_one_would_you_like_to_grow_again":null,"codigo_paquetes":null,"caracteristica_1":"Faster_maturity-(A/B/C)","best_variedad_1":null,"worst_variedad_1":null,"caracteristica_2":"Disease_resistance-(A/B/C)","best_variedad_2":null,"worst_variedad_2":null,"caracteristica_3":"Drought_resistance-(A/B/C)","best_variedad_3":null,"worst_variedad_3":null,"caracteristica_4":"Yield-(A/B/C)","best_variedad_4":null,"worst_variedad_4":null,"caracteristica_5":"Value_in_the_market-(A/B/C)","best_variedad_5":null,"worst_variedad_5":null,"caracteristica_6":"Lodging_tolerance-(A/B/C)","better_variedad_6":null,"worse_variedad_6":null,"caracteristica_7":"Seed_size-(A/B/C)","better_variedad_7":null,"worse_variedad_7":null,"caracteristica_8":"high_straw_biomass-(A/B/C)","better_variedad_8":null,"worse_variedad_8":null,"caracteristica_9":"Overall_performance-(A/B/C)","best_variedad_9":null,"worst_variedad_9":null,"caracteristica_10":"Overall_performance_VS_Local-(Better/Worse)","variedad_a_10":null,"variedad_b_10":null,"variedad_c_10":null,"evaluation":null},
{"observadores":"issdosw_borefood_barely2019_5","name_user":null,"name_family":null,"village":null,"district":null,"telephone":null,"gender":null,"age":null,"location_longitude_seed_delivery_point":null,"location_latitude_seed_delivery_point":null,"location_altitude":null,"location_longitude":null,"location_latitude":null,"planting_date":null,"harvest_date":null,"slope":null,"weight_of_all_yield_of_the_variety_a_in_kg":null,"weight_of_all_yield_of_the_variety_b_in_kg":null,"weight_of_all_yield_of_the_variety_c_in_kg":null,"from_the_3_varieties_which_one_would_you_like_to_grow_again":null,"codigo_paquetes":null,"caracteristica_1":"Faster_maturity-(A/B/C)","best_variedad_1":null,"worst_variedad_1":null,"caracteristica_2":"Disease_resistance-(A/B/C)","best_variedad_2":null,"worst_variedad_2":null,"caracteristica_3":"Drought_resistance-(A/B/C)","best_variedad_3":null,"worst_variedad_3":null,"caracteristica_4":"Yield-(A/B/C)","best_variedad_4":null,"worst_variedad_4":null,"caracteristica_5":"Value_in_the_market-(A/B/C)","best_variedad_5":null,"worst_variedad_5":null,"caracteristica_6":"Lodging_tolerance-(A/B/C)","better_variedad_6":null,"worse_variedad_6":null,"caracteristica_7":"Seed_size-(A/B/C)","better_variedad_7":null,"worse_variedad_7":null,"caracteristica_8":"high_straw_biomass-(A/B/C)","better_variedad_8":null,"worse_variedad_8":null,"caracteristica_9":"Overall_performance-(A/B/C)","best_variedad_9":null,"worst_variedad_9":null,"caracteristica_10":"Overall_performance_VS_Local-(Better/Worse)","variedad_a_10":null,"variedad_b_10":null,"variedad_c_10":null,"evaluation":null},
{"observadores":"issdosw_borefood_barely2019_6","name_user":null,"name_family":null,"village":null,"district":null,"telephone":null,"gender":null,"age":null,"location_longitude_seed_delivery_point":null,"location_latitude_seed_delivery_point":null,"location_altitude":null,"location_longitude":null,"location_latitude":null,"planting_date":null,"harvest_date":null,"slope":null,"weight_of_all_yield_of_the_variety_a_in_kg":null,"weight_of_all_yield_of_the_variety_b_in_kg":null,"weight_of_all_yield_of_the_variety_c_in_kg":null,"from_the_3_varieties_which_one_would_you_like_to_grow_again":null,"codigo_paquetes":null,"caracteristica_1":"Faster_maturity-(A/B/C)","best_variedad_1":null,"worst_variedad_1":null,"caracteristica_2":"Disease_resistance-(A/B/C)","best_variedad_2":null,"worst_variedad_2":null,"caracteristica_3":"Drought_resistance-(A/B/C)","best_variedad_3":null,"worst_variedad_3":null,"caracteristica_4":"Yield-(A/B/C)","best_variedad_4":null,"worst_variedad_4":null,"caracteristica_5":"Value_in_the_market-(A/B/C)","best_variedad_5":null,"worst_variedad_5":null,"caracteristica_6":"Lodging_tolerance-(A/B/C)","better_variedad_6":null,"worse_variedad_6":null,"caracteristica_7":"Seed_size-(A/B/C)","better_variedad_7":null,"worse_variedad_7":null,"caracteristica_8":"high_straw_biomass-(A/B/C)","better_variedad_8":null,"worse_variedad_8":null,"caracteristica_9":"Overall_performance-(A/B/C)","best_variedad_9":null,"worst_variedad_9":null,"caracteristica_10":"Overall_performance_VS_Local-(Better/Worse)","variedad_a_10":null,"variedad_b_10":null,"variedad_c_10":null,"evaluation":null},
{"observadores":"issdosw_borefood_barely2019_7","name_user":null,"name_family":null,"village":null,"district":null,"telephone":null,"gender":null,"age":null,"location_longitude_seed_delivery_point":null,"location_latitude_seed_delivery_point":null,"location_altitude":null,"location_longitude":null,"location_latitude":null,"planting_date":null,"harvest_date":null,"slope":null,"weight_of_all_yield_of_the_variety_a_in_kg":null,"weight_of_all_yield_of_the_variety_b_in_kg":null,"weight_of_all_yield_of_the_variety_c_in_kg":null,"from_the_3_varieties_which_one_would_you_like_to_grow_again":null,"codigo_paquetes":null,"caracteristica_1":"Faster_maturity-(A/B/C)","best_variedad_1":null,"worst_variedad_1":null,"caracteristica_2":"Disease_resistance-(A/B/C)","best_variedad_2":null,"worst_variedad_2":null,"caracteristica_3":"Drought_resistance-(A/B/C)","best_variedad_3":null,"worst_variedad_3":null,"caracteristica_4":"Yield-(A/B/C)","best_variedad_4":null,"worst_variedad_4":null,"caracteristica_5":"Value_in_the_market-(A/B/C)","best_variedad_5":null,"worst_variedad_5":null,"caracteristica_6":"Lodging_tolerance-(A/B/C)","better_variedad_6":null,"worse_variedad_6":null,"caracteristica_7":"Seed_size-(A/B/C)","better_variedad_7":null,"worse_variedad_7":null,"caracteristica_8":"high_straw_biomass-(A/B/C)","better_variedad_8":null,"worse_variedad_8":null,"caracteristica_9":"Overall_performance-(A/B/C)","best_variedad_9":null,"worst_variedad_9":null,"caracteristica_10":"Overall_performance_VS_Local-(Better/Worse)","variedad_a_10":null,"variedad_b_10":null,"variedad_c_10":null,"evaluation":null},
{"observadores":"issdosw_borefood_barely2019_8","name_user":null,"name_family":null,"village":null,"district":null,"telephone":null,"gender":null,"age":null,"location_longitude_seed_delivery_point":null,"location_latitude_seed_delivery_point":null,"location_altitude":null,"location_longitude":null,"location_latitude":null,"planting_date":null,"harvest_date":null,"slope":null,"weight_of_all_yield_of_the_variety_a_in_kg":null,"weight_of_all_yield_of_the_variety_b_in_kg":null,"weight_of_all_yield_of_the_variety_c_in_kg":null,"from_the_3_varieties_which_one_would_you_like_to_grow_again":null,"codigo_paquetes":null,"caracteristica_1":"Faster_maturity-(A/B/C)","best_variedad_1":null,"worst_variedad_1":null,"caracteristica_2":"Disease_resistance-(A/B/C)","best_variedad_2":null,"worst_variedad_2":null,"caracteristica_3":"Drought_resistance-(A/B/C)","best_variedad_3":null,"worst_variedad_3":null,"caracteristica_4":"Yield-(A/B/C)","best_variedad_4":null,"worst_variedad_4":null,"caracteristica_5":"Value_in_the_market-(A/B/C)","best_variedad_5":null,"worst_variedad_5":null,"caracteristica_6":"Lodging_tolerance-(A/B/C)","better_variedad_6":null,"worse_variedad_6":null,"caracteristica_7":"Seed_size-(A/B/C)","better_variedad_7":null,"worse_variedad_7":null,"caracteristica_8":"high_straw_biomass-(A/B/C)","better_variedad_8":null,"worse_variedad_8":null,"caracteristica_9":"Overall_performance-(A/B/C)","best_variedad_9":null,"worst_variedad_9":null,"caracteristica_10":"Overall_performance_VS_Local-(Better/Worse)","variedad_a_10":null,"variedad_b_10":null,"variedad_c_10":null,"evaluation":null},
{"observadores":"issdosw_borefood_barely2019_9","name_user":null,"name_family":null,"village":null,"district":null,"telephone":null,"gender":null,"age":null,"location_longitude_seed_delivery_point":null,"location_latitude_seed_delivery_point":null,"location_altitude":null,"location_longitude":null,"location_latitude":null,"planting_date":null,"harvest_date":null,"slope":null,"weight_of_all_yield_of_the_variety_a_in_kg":null,"weight_of_all_yield_of_the_variety_b_in_kg":null,"weight_of_all_yield_of_the_variety_c_in_kg":null,"from_the_3_varieties_which_one_would_you_like_to_grow_again":null,"codigo_paquetes":null,"caracteristica_1":"Faster_maturity-(A/B/C)","best_variedad_1":null,"worst_variedad_1":null,"caracteristica_2":"Disease_resistance-(A/B/C)","best_variedad_2":null,"worst_variedad_2":null,"caracteristica_3":"Drought_resistance-(A/B/C)","best_variedad_3":null,"worst_variedad_3":null,"caracteristica_4":"Yield-(A/B/C)","best_variedad_4":null,"worst_variedad_4":null,"caracteristica_5":"Value_in_the_market-(A/B/C)","best_variedad_5":null,"worst_variedad_5":null,"caracteristica_6":"Lodging_tolerance-(A/B/C)","better_variedad_6":null,"worse_variedad_6":null,"caracteristica_7":"Seed_size-(A/B/C)","better_variedad_7":null,"worse_variedad_7":null,"caracteristica_8":"high_straw_biomass-(A/B/C)","better_variedad_8":null,"worse_variedad_8":null,"caracteristica_9":"Overall_performance-(A/B/C)","best_variedad_9":null,"worst_variedad_9":null,"caracteristica_10":"Overall_performance_VS_Local-(Better/Worse)","variedad_a_10":null,"variedad_b_10":null,"variedad_c_10":null,"evaluation":null}
]
