[
{"observadores":"issd_osw_dugda_fababean_1_kebele_2017_1","name_user":"Iftu","name_family":"Tolasa","village":"Koto Billitti","district":"Dugda","telephone":"0","gender":"F","age":"45","location_longitude_seed_delivery_point":"","location_latitude_seed_delivery_point":"","location_altitude":"","location_longitude":"","location_latitude":"","planting_date":"2017-06-20","harvest_date":"2017-10-13","weight_of_all_yield_of_the_variety_a_in_kg":"10","weight_of_all_yield_of_the_variety_b_in_kg":"6","weight_of_all_yield_of_the_variety_c_in_kg":"10","codigo_paquetes":"package_issd_osw_dugda_fababean_1_kebele_2017_01","caracteristica_1":"Faster_maturity-(A/B/C)","best_variedad_1":"B","worst_variedad_1":"A","caracteristica_2":"Pest_resistance-(A/B/C)","best_variedad_2":"A","worst_variedad_2":"C","caracteristica_3":"Disease_resistance-(A/B/C)","best_variedad_3":"A","worst_variedad_3":"B","caracteristica_4":"Drought_resistance-(A/B/C)","best_variedad_4":"C","worst_variedad_4":"B","caracteristica_5":"Yield-(A/B/C)","best_variedad_5":"A","worst_variedad_5":"B","caracteristica_6":"Overall_performance-(A/B/C)","best_variedad_6":"A","worst_variedad_6":"B","evaluation":"1"},
{"observadores":"issd_osw_dugda_fababean_1_kebele_2017_10","name_user":"Solomon","name_family":"Lami","village":"Koto Billitti","district":"Dugda","telephone":"0","gender":"M","age":"42","location_longitude_seed_delivery_point":"","location_latitude_seed_delivery_point":"","location_altitude":"","location_longitude":"","location_latitude":"","planting_date":"2017-06-18","harvest_date":"2017-10-10","weight_of_all_yield_of_the_variety_a_in_kg":"10","weight_of_all_yield_of_the_variety_b_in_kg":"7","weight_of_all_yield_of_the_variety_c_in_kg":"5","codigo_paquetes":"package_issd_osw_dugda_fababean_1_kebele_2017_10","caracteristica_1":"Faster_maturity-(A/B/C)","best_variedad_1":"A","worst_variedad_1":"C","caracteristica_2":"Pest_resistance-(A/B/C)","best_variedad_2":"A","worst_variedad_2":"C","caracteristica_3":"Disease_resistance-(A/B/C)","best_variedad_3":"B","worst_variedad_3":"A","caracteristica_4":"Drought_resistance-(A/B/C)","best_variedad_4":"A","worst_variedad_4":"C","caracteristica_5":"Yield-(A/B/C)","best_variedad_5":"A","worst_variedad_5":"C","caracteristica_6":"Overall_performance-(A/B/C)","best_variedad_6":"B","worst_variedad_6":"C","evaluation":"1"},
{"observadores":"issd_osw_dugda_fababean_1_kebele_2017_11","name_user":"Imma","name_family":"Fakkanse","village":"Koto Billitti","district":"Dugda","telephone":"0","gender":"F","age":"34","location_longitude_seed_delivery_point":"","location_latitude_seed_delivery_point":"","location_altitude":"","location_longitude":"","location_latitude":"","planting_date":"2017-06-21","harvest_date":"2017-10-09","weight_of_all_yield_of_the_variety_a_in_kg":"9","weight_of_all_yield_of_the_variety_b_in_kg":"6","weight_of_all_yield_of_the_variety_c_in_kg":"10","codigo_paquetes":"package_issd_osw_dugda_fababean_1_kebele_2017_11","caracteristica_1":"Faster_maturity-(A/B/C)","best_variedad_1":"C","worst_variedad_1":"B","caracteristica_2":"Pest_resistance-(A/B/C)","best_variedad_2":"A","worst_variedad_2":"C","caracteristica_3":"Disease_resistance-(A/B/C)","best_variedad_3":"C","worst_variedad_3":"B","caracteristica_4":"Drought_resistance-(A/B/C)","best_variedad_4":"C","worst_variedad_4":"A","caracteristica_5":"Yield-(A/B/C)","best_variedad_5":"C","worst_variedad_5":"B","caracteristica_6":"Overall_performance-(A/B/C)","best_variedad_6":"C","worst_variedad_6":"B","evaluation":"1"},
{"observadores":"issd_osw_dugda_fababean_1_kebele_2017_12","name_user":"Girma","name_family":"Gamade","village":"Koto Billitti","district":"Dugda","telephone":"0","gender":"M","age":"29","location_longitude_seed_delivery_point":"","location_latitude_seed_delivery_point":"","location_altitude":"","location_longitude":"","location_latitude":"","planting_date":"2017-06-09","harvest_date":"2017-10-17","weight_of_all_yield_of_the_variety_a_in_kg":"6","weight_of_all_yield_of_the_variety_b_in_kg":"7","weight_of_all_yield_of_the_variety_c_in_kg":"9","codigo_paquetes":"package_issd_osw_dugda_fababean_1_kebele_2017_12","caracteristica_1":"Faster_maturity-(A/B/C)","best_variedad_1":"A","worst_variedad_1":"B","caracteristica_2":"Pest_resistance-(A/B/C)","best_variedad_2":"B","worst_variedad_2":"A","caracteristica_3":"Disease_resistance-(A/B/C)","best_variedad_3":"B","worst_variedad_3":"C","caracteristica_4":"Drought_resistance-(A/B/C)","best_variedad_4":"A","worst_variedad_4":"B","caracteristica_5":"Yield-(A/B/C)","best_variedad_5":"C","worst_variedad_5":"A","caracteristica_6":"Overall_performance-(A/B/C)","best_variedad_6":"A","worst_variedad_6":"C","evaluation":"1"},
{"observadores":"issd_osw_dugda_fababean_1_kebele_2017_13","name_user":"Qabane","name_family":"Badhadha","village":"Koto Billitti","district":"Dugda","telephone":"0","gender":"F","age":"32","location_longitude_seed_delivery_point":"","location_latitude_seed_delivery_point":"","location_altitude":"","location_longitude":"","location_latitude":"","planting_date":"2017-06-21","harvest_date":"2017-10-09","weight_of_all_yield_of_the_variety_a_in_kg":"6","weight_of_all_yield_of_the_variety_b_in_kg":"7","weight_of_all_yield_of_the_variety_c_in_kg":"9","codigo_paquetes":"package_issd_osw_dugda_fababean_1_kebele_2017_13","caracteristica_1":"Faster_maturity-(A/B/C)","best_variedad_1":"B","worst_variedad_1":"C","caracteristica_2":"Pest_resistance-(A/B/C)","best_variedad_2":"C","worst_variedad_2":"A","caracteristica_3":"Disease_resistance-(A/B/C)","best_variedad_3":"A","worst_variedad_3":"B","caracteristica_4":"Drought_resistance-(A/B/C)","best_variedad_4":"A","worst_variedad_4":"C","caracteristica_5":"Yield-(A/B/C)","best_variedad_5":"C","worst_variedad_5":"A","caracteristica_6":"Overall_performance-(A/B/C)","best_variedad_6":"C","worst_variedad_6":"A","evaluation":"1"},
{"observadores":"issd_osw_dugda_fababean_1_kebele_2017_14","name_user":"Mulu","name_family":"Marga","village":"Koto Billitti","district":"Dugda","telephone":"0","gender":"F","age":"46","location_longitude_seed_delivery_point":"","location_latitude_seed_delivery_point":"","location_altitude":"","location_longitude":"","location_latitude":"","planting_date":"2017-06-14","harvest_date":"2017-10-11","weight_of_all_yield_of_the_variety_a_in_kg":"10","weight_of_all_yield_of_the_variety_b_in_kg":"9","weight_of_all_yield_of_the_variety_c_in_kg":"6","codigo_paquetes":"package_issd_osw_dugda_fababean_1_kebele_2017_14","caracteristica_1":"Faster_maturity-(A/B/C)","best_variedad_1":"A","worst_variedad_1":"C","caracteristica_2":"Pest_resistance-(A/B/C)","best_variedad_2":"A","worst_variedad_2":"C","caracteristica_3":"Disease_resistance-(A/B/C)","best_variedad_3":"B","worst_variedad_3":"A","caracteristica_4":"Drought_resistance-(A/B/C)","best_variedad_4":"A","worst_variedad_4":"B","caracteristica_5":"Yield-(A/B/C)","best_variedad_5":"A","worst_variedad_5":"C","caracteristica_6":"Overall_performance-(A/B/C)","best_variedad_6":"B","worst_variedad_6":"C","evaluation":"1"},
{"observadores":"issd_osw_dugda_fababean_1_kebele_2017_15","name_user":"Jibo","name_family":"Ayano","village":"Koto Billitti","district":"36","telephone":"0","gender":"M","age":"36","location_longitude_seed_delivery_point":"","location_latitude_seed_delivery_point":"","location_altitude":"","location_longitude":"","location_latitude":"","planting_date":"2017-06-17","harvest_date":"2017-10-13","weight_of_all_yield_of_the_variety_a_in_kg":"8","weight_of_all_yield_of_the_variety_b_in_kg":"10","weight_of_all_yield_of_the_variety_c_in_kg":"7","codigo_paquetes":"package_issd_osw_dugda_fababean_1_kebele_2017_15","caracteristica_1":"Faster_maturity-(A/B/C)","best_variedad_1":"B","worst_variedad_1":"C","caracteristica_2":"Pest_resistance-(A/B/C)","best_variedad_2":"A","worst_variedad_2":"B","caracteristica_3":"Disease_resistance-(A/B/C)","best_variedad_3":"C","worst_variedad_3":"A","caracteristica_4":"Drought_resistance-(A/B/C)","best_variedad_4":"B","worst_variedad_4":"C","caracteristica_5":"Yield-(A/B/C)","best_variedad_5":"B","worst_variedad_5":"C","caracteristica_6":"Overall_performance-(A/B/C)","best_variedad_6":"B","worst_variedad_6":"C","evaluation":"1"},
{"observadores":"issd_osw_dugda_fababean_1_kebele_2017_16","name_user":"Natsanet","name_family":"Zamade","village":"Koto Billitti","district":"Dugda","telephone":"0","gender":"F","age":"46","location_longitude_seed_delivery_point":"","location_latitude_seed_delivery_point":"","location_altitude":"","location_longitude":"","location_latitude":"","planting_date":"2017-06-19","harvest_date":"2017-10-09","weight_of_all_yield_of_the_variety_a_in_kg":"10","weight_of_all_yield_of_the_variety_b_in_kg":"8","weight_of_all_yield_of_the_variety_c_in_kg":"9","codigo_paquetes":"package_issd_osw_dugda_fababean_1_kebele_2017_16","caracteristica_1":"Faster_maturity-(A/B/C)","best_variedad_1":"B","worst_variedad_1":"A","caracteristica_2":"Pest_resistance-(A/B/C)","best_variedad_2":"A","worst_variedad_2":"B","caracteristica_3":"Disease_resistance-(A/B/C)","best_variedad_3":"A","worst_variedad_3":"C","caracteristica_4":"Drought_resistance-(A/B/C)","best_variedad_4":"A","worst_variedad_4":"B","caracteristica_5":"Yield-(A/B/C)","best_variedad_5":"A","worst_variedad_5":"B","caracteristica_6":"Overall_performance-(A/B/C)","best_variedad_6":"A","worst_variedad_6":"B","evaluation":"1"},
{"observadores":"issd_osw_dugda_fababean_1_kebele_2017_17","name_user":"Aberash","name_family":"Kebede","village":"Koto Billitti","district":"Dugda","telephone":"0","gender":"F","age":"51","location_longitude_seed_delivery_point":"","location_latitude_seed_delivery_point":"","location_altitude":"","location_longitude":"","location_latitude":"","planting_date":"2017-06-19","harvest_date":"2017-10-07","weight_of_all_yield_of_the_variety_a_in_kg":"10","weight_of_all_yield_of_the_variety_b_in_kg":"11","weight_of_all_yield_of_the_variety_c_in_kg":"9","codigo_paquetes":"package_issd_osw_dugda_fababean_1_kebele_2017_17","caracteristica_1":"Faster_maturity-(A/B/C)","best_variedad_1":"C","worst_variedad_1":"B","caracteristica_2":"Pest_resistance-(A/B/C)","best_variedad_2":"B","worst_variedad_2":"C","caracteristica_3":"Disease_resistance-(A/B/C)","best_variedad_3":"A","worst_variedad_3":"B","caracteristica_4":"Drought_resistance-(A/B/C)","best_variedad_4":"B","worst_variedad_4":"C","caracteristica_5":"Yield-(A/B/C)","best_variedad_5":"B","worst_variedad_5":"C","caracteristica_6":"Overall_performance-(A/B/C)","best_variedad_6":"A","worst_variedad_6":"C","evaluation":"1"},
{"observadores":"issd_osw_dugda_fababean_1_kebele_2017_18","name_user":"Desalegn","name_family":"Korji","village":"Koto Billitti","district":"Dugda","telephone":"0","gender":"M","age":"41","location_longitude_seed_delivery_point":"","location_latitude_seed_delivery_point":"","location_altitude":"","location_longitude":"","location_latitude":"","planting_date":"2017-06-19","harvest_date":"2017-10-06","weight_of_all_yield_of_the_variety_a_in_kg":"10","weight_of_all_yield_of_the_variety_b_in_kg":"9","weight_of_all_yield_of_the_variety_c_in_kg":"8","codigo_paquetes":"package_issd_osw_dugda_fababean_1_kebele_2017_17","caracteristica_1":"Faster_maturity-(A/B/C)","best_variedad_1":"A","worst_variedad_1":"C","caracteristica_2":"Pest_resistance-(A/B/C)","best_variedad_2":"B","worst_variedad_2":"C","caracteristica_3":"Disease_resistance-(A/B/C)","best_variedad_3":"A","worst_variedad_3":"C","caracteristica_4":"Drought_resistance-(A/B/C)","best_variedad_4":"C","worst_variedad_4":"A","caracteristica_5":"Yield-(A/B/C)","best_variedad_5":"A","worst_variedad_5":"C","caracteristica_6":"Overall_performance-(A/B/C)","best_variedad_6":"A","worst_variedad_6":"C","evaluation":"1"},
{"observadores":"issd_osw_dugda_fababean_1_kebele_2017_19","name_user":"Ababa","name_family":"Demise","village":"Koto Billitti","district":"Dugda","telephone":"0","gender":"M","age":"50","location_longitude_seed_delivery_point":"","location_latitude_seed_delivery_point":"","location_altitude":"","location_longitude":"","location_latitude":"","planting_date":"2017-06-21","harvest_date":"2017-10-21","weight_of_all_yield_of_the_variety_a_in_kg":"7","weight_of_all_yield_of_the_variety_b_in_kg":"6","weight_of_all_yield_of_the_variety_c_in_kg":"5","codigo_paquetes":"package_issd_osw_dugda_fababean_1_kebele_2017_19","caracteristica_1":"Faster_maturity-(A/B/C)","best_variedad_1":"B","worst_variedad_1":"C","caracteristica_2":"Pest_resistance-(A/B/C)","best_variedad_2":"A","worst_variedad_2":"B","caracteristica_3":"Disease_resistance-(A/B/C)","best_variedad_3":"C","worst_variedad_3":"B","caracteristica_4":"Drought_resistance-(A/B/C)","best_variedad_4":"A","worst_variedad_4":"C","caracteristica_5":"Yield-(A/B/C)","best_variedad_5":"B","worst_variedad_5":"C","caracteristica_6":"Overall_performance-(A/B/C)","best_variedad_6":"A","worst_variedad_6":"B","evaluation":"1"},
{"observadores":"issd_osw_dugda_fababean_1_kebele_2017_2","name_user":"Workinesh","name_family":"Tekalign","village":"Koto Billitti","district":"Dugda","telephone":"0","gender":"F","age":"32","location_longitude_seed_delivery_point":"","location_latitude_seed_delivery_point":"","location_altitude":"","location_longitude":"","location_latitude":"","planting_date":"2017-06-21","harvest_date":"2017-10-18","weight_of_all_yield_of_the_variety_a_in_kg":"5","weight_of_all_yield_of_the_variety_b_in_kg":"7","weight_of_all_yield_of_the_variety_c_in_kg":"6","codigo_paquetes":"package_issd_osw_dugda_fababean_1_kebele_2017_02","caracteristica_1":"Faster_maturity-(A/B/C)","best_variedad_1":"B","worst_variedad_1":"A","caracteristica_2":"Pest_resistance-(A/B/C)","best_variedad_2":"C","worst_variedad_2":"A","caracteristica_3":"Disease_resistance-(A/B/C)","best_variedad_3":"B","worst_variedad_3":"A","caracteristica_4":"Drought_resistance-(A/B/C)","best_variedad_4":"C","worst_variedad_4":"B","caracteristica_5":"Yield-(A/B/C)","best_variedad_5":"B","worst_variedad_5":"A","caracteristica_6":"Overall_performance-(A/B/C)","best_variedad_6":"A","worst_variedad_6":"B","evaluation":"1"},
{"observadores":"issd_osw_dugda_fababean_1_kebele_2017_20","name_user":"Lami","name_family":"Yadate","village":"Koto Billitti","district":"Dugda","telephone":"0","gender":"M","age":"34","location_longitude_seed_delivery_point":"","location_latitude_seed_delivery_point":"","location_altitude":"","location_longitude":"","location_latitude":"","planting_date":"2017-06-17","harvest_date":"2017-10-09","weight_of_all_yield_of_the_variety_a_in_kg":"6","weight_of_all_yield_of_the_variety_b_in_kg":"7","weight_of_all_yield_of_the_variety_c_in_kg":"8","codigo_paquetes":"package_issd_osw_dugda_fababean_1_kebele_2017_20","caracteristica_1":"Faster_maturity-(A/B/C)","best_variedad_1":"B","worst_variedad_1":"A","caracteristica_2":"Pest_resistance-(A/B/C)","best_variedad_2":"A","worst_variedad_2":"B","caracteristica_3":"Disease_resistance-(A/B/C)","best_variedad_3":"C","worst_variedad_3":"A","caracteristica_4":"Drought_resistance-(A/B/C)","best_variedad_4":"C","worst_variedad_4":"A","caracteristica_5":"Yield-(A/B/C)","best_variedad_5":"C","worst_variedad_5":"A","caracteristica_6":"Overall_performance-(A/B/C)","best_variedad_6":"C","worst_variedad_6":"A","evaluation":"1"},
{"observadores":"issd_osw_dugda_fababean_1_kebele_2017_21","name_user":"Katama","name_family":"Caka","village":"Koto Billitti","district":"Dugda","telephone":"0","gender":"M","age":"48","location_longitude_seed_delivery_point":"","location_latitude_seed_delivery_point":"","location_altitude":"","location_longitude":"","location_latitude":"","planting_date":"2017-06-21","harvest_date":"2017-10-11","weight_of_all_yield_of_the_variety_a_in_kg":"10","weight_of_all_yield_of_the_variety_b_in_kg":"10","weight_of_all_yield_of_the_variety_c_in_kg":"9","codigo_paquetes":"package_issd_osw_dugda_fababean_1_kebele_2017_21","caracteristica_1":"Faster_maturity-(A/B/C)","best_variedad_1":"C","worst_variedad_1":"B","caracteristica_2":"Pest_resistance-(A/B/C)","best_variedad_2":"B","worst_variedad_2":"A","caracteristica_3":"Disease_resistance-(A/B/C)","best_variedad_3":"A","worst_variedad_3":"B","caracteristica_4":"Drought_resistance-(A/B/C)","best_variedad_4":"B","worst_variedad_4":"A","caracteristica_5":"Yield-(A/B/C)","best_variedad_5":"A","worst_variedad_5":"C","caracteristica_6":"Overall_performance-(A/B/C)","best_variedad_6":"A","worst_variedad_6":"B","evaluation":"1"},
{"observadores":"issd_osw_dugda_fababean_1_kebele_2017_22","name_user":"Dagafa","name_family":"Taka","village":"Koto Billitti","district":"Dugda","telephone":"0","gender":"M","age":"60","location_longitude_seed_delivery_point":"","location_latitude_seed_delivery_point":"","location_altitude":"","location_longitude":"","location_latitude":"","planting_date":"2017-06-19","harvest_date":"2017-10-11","weight_of_all_yield_of_the_variety_a_in_kg":"8","weight_of_all_yield_of_the_variety_b_in_kg":"11","weight_of_all_yield_of_the_variety_c_in_kg":"9","codigo_paquetes":"package_issd_osw_dugda_fababean_1_kebele_2017_22","caracteristica_1":"Faster_maturity-(A/B/C)","best_variedad_1":"C","worst_variedad_1":"B","caracteristica_2":"Pest_resistance-(A/B/C)","best_variedad_2":"B","worst_variedad_2":"A","caracteristica_3":"Disease_resistance-(A/B/C)","best_variedad_3":"B","worst_variedad_3":"A","caracteristica_4":"Drought_resistance-(A/B/C)","best_variedad_4":"A","worst_variedad_4":"C","caracteristica_5":"Yield-(A/B/C)","best_variedad_5":"B","worst_variedad_5":"A","caracteristica_6":"Overall_performance-(A/B/C)","best_variedad_6":"B","worst_variedad_6":"A","evaluation":"1"},
{"observadores":"issd_osw_dugda_fababean_1_kebele_2017_23","name_user":"Mitike","name_family":"Rorisa","village":"Koto Billitti","district":"Dugda","telephone":"0","gender":"F","age":"43","location_longitude_seed_delivery_point":"","location_latitude_seed_delivery_point":"","location_altitude":"","location_longitude":"","location_latitude":"","planting_date":"2017-06-13","harvest_date":"2017-10-11","weight_of_all_yield_of_the_variety_a_in_kg":"5","weight_of_all_yield_of_the_variety_b_in_kg":"10","weight_of_all_yield_of_the_variety_c_in_kg":"8","codigo_paquetes":"package_issd_osw_dugda_fababean_1_kebele_2017_23","caracteristica_1":"Faster_maturity-(A/B/C)","best_variedad_1":"B","worst_variedad_1":"C","caracteristica_2":"Pest_resistance-(A/B/C)","best_variedad_2":"A","worst_variedad_2":"C","caracteristica_3":"Disease_resistance-(A/B/C)","best_variedad_3":"B","worst_variedad_3":"A","caracteristica_4":"Drought_resistance-(A/B/C)","best_variedad_4":"B","worst_variedad_4":"C","caracteristica_5":"Yield-(A/B/C)","best_variedad_5":"B","worst_variedad_5":"C","caracteristica_6":"Overall_performance-(A/B/C)","best_variedad_6":"B","worst_variedad_6":"C","evaluation":"1"},
{"observadores":"issd_osw_dugda_fababean_1_kebele_2017_24","name_user":"Tamire","name_family":"Kurfa","village":"Koto Billitti","district":"Dugda","telephone":"0","gender":"M","age":"37","location_longitude_seed_delivery_point":"","location_latitude_seed_delivery_point":"","location_altitude":"","location_longitude":"","location_latitude":"","planting_date":"2017-06-20","harvest_date":"2017-10-07","weight_of_all_yield_of_the_variety_a_in_kg":"6","weight_of_all_yield_of_the_variety_b_in_kg":"9","weight_of_all_yield_of_the_variety_c_in_kg":"10","codigo_paquetes":"package_issd_osw_dugda_fababean_1_kebele_2017_24","caracteristica_1":"Faster_maturity-(A/B/C)","best_variedad_1":"C","worst_variedad_1":"A","caracteristica_2":"Pest_resistance-(A/B/C)","best_variedad_2":"C","worst_variedad_2":"B","caracteristica_3":"Disease_resistance-(A/B/C)","best_variedad_3":"B","worst_variedad_3":"A","caracteristica_4":"Drought_resistance-(A/B/C)","best_variedad_4":"A","worst_variedad_4":"C","caracteristica_5":"Yield-(A/B/C)","best_variedad_5":"C","worst_variedad_5":"A","caracteristica_6":"Overall_performance-(A/B/C)","best_variedad_6":"C","worst_variedad_6":"A","evaluation":"1"},
{"observadores":"issd_osw_dugda_fababean_1_kebele_2017_25","name_user":"Fanose","name_family":"Sima","village":"Koto Billitti","district":"Dugda","telephone":"0","gender":"F","age":"31","location_longitude_seed_delivery_point":"","location_latitude_seed_delivery_point":"","location_altitude":"","location_longitude":"","location_latitude":"","planting_date":"2017-06-17","harvest_date":"2017-10-13","weight_of_all_yield_of_the_variety_a_in_kg":"6","weight_of_all_yield_of_the_variety_b_in_kg":"5","weight_of_all_yield_of_the_variety_c_in_kg":"3","codigo_paquetes":"package_issd_osw_dugda_fababean_1_kebele_2017_25","caracteristica_1":"Faster_maturity-(A/B/C)","best_variedad_1":"B","worst_variedad_1":"A","caracteristica_2":"Pest_resistance-(A/B/C)","best_variedad_2":"C","worst_variedad_2":"A","caracteristica_3":"Disease_resistance-(A/B/C)","best_variedad_3":"A","worst_variedad_3":"C","caracteristica_4":"Drought_resistance-(A/B/C)","best_variedad_4":"A","worst_variedad_4":"C","caracteristica_5":"Yield-(A/B/C)","best_variedad_5":"A","worst_variedad_5":"B","caracteristica_6":"Overall_performance-(A/B/C)","best_variedad_6":"A","worst_variedad_6":"C","evaluation":"1"},
{"observadores":"issd_osw_dugda_fababean_1_kebele_2017_26","name_user":"Wondu","name_family":"Ciro","village":"Koto Billitti","district":"Dugda","telephone":"0","gender":"M","age":"42","location_longitude_seed_delivery_point":"","location_latitude_seed_delivery_point":"","location_altitude":"","location_longitude":"","location_latitude":"","planting_date":"2017-06-17","harvest_date":"2017-10-11","weight_of_all_yield_of_the_variety_a_in_kg":"12","weight_of_all_yield_of_the_variety_b_in_kg":"10","weight_of_all_yield_of_the_variety_c_in_kg":"5","codigo_paquetes":"package_issd_osw_dugda_fababean_1_kebele_2017_26","caracteristica_1":"Faster_maturity-(A/B/C)","best_variedad_1":"A","worst_variedad_1":"B","caracteristica_2":"Pest_resistance-(A/B/C)","best_variedad_2":"B","worst_variedad_2":"A","caracteristica_3":"Disease_resistance-(A/B/C)","best_variedad_3":"A","worst_variedad_3":"C","caracteristica_4":"Drought_resistance-(A/B/C)","best_variedad_4":"C","worst_variedad_4":"A","caracteristica_5":"Yield-(A/B/C)","best_variedad_5":"A","worst_variedad_5":"C","caracteristica_6":"Overall_performance-(A/B/C)","best_variedad_6":"A","worst_variedad_6":"C","evaluation":"1"},
{"observadores":"issd_osw_dugda_fababean_1_kebele_2017_27","name_user":"Erba","name_family":"Tufa","village":"Koto Billitti","district":"Dugda","telephone":"0","gender":"F","age":"38","location_longitude_seed_delivery_point":"","location_latitude_seed_delivery_point":"","location_altitude":"","location_longitude":"","location_latitude":"","planting_date":"2017-06-17","harvest_date":"2017-10-11","weight_of_all_yield_of_the_variety_a_in_kg":"3","weight_of_all_yield_of_the_variety_b_in_kg":"5","weight_of_all_yield_of_the_variety_c_in_kg":"3","codigo_paquetes":"package_issd_osw_dugda_fababean_1_kebele_2017_27","caracteristica_1":"Faster_maturity-(A/B/C)","best_variedad_1":"C","worst_variedad_1":"B","caracteristica_2":"Pest_resistance-(A/B/C)","best_variedad_2":"B","worst_variedad_2":"A","caracteristica_3":"Disease_resistance-(A/B/C)","best_variedad_3":"A","worst_variedad_3":"C","caracteristica_4":"Drought_resistance-(A/B/C)","best_variedad_4":"A","worst_variedad_4":"B","caracteristica_5":"Yield-(A/B/C)","best_variedad_5":"B","worst_variedad_5":"C","caracteristica_6":"Overall_performance-(A/B/C)","best_variedad_6":"B","worst_variedad_6":"C","evaluation":"1"},
{"observadores":"issd_osw_dugda_fababean_1_kebele_2017_28","name_user":"Abiye","name_family":"Tadasa","village":"Koto Billitti","district":"Dugda","telephone":"0","gender":"M","age":"33","location_longitude_seed_delivery_point":"","location_latitude_seed_delivery_point":"","location_altitude":"","location_longitude":"","location_latitude":"","planting_date":"2017-06-19","harvest_date":"2017-10-07","weight_of_all_yield_of_the_variety_a_in_kg":"5","weight_of_all_yield_of_the_variety_b_in_kg":"7","weight_of_all_yield_of_the_variety_c_in_kg":"10","codigo_paquetes":"package_issd_osw_dugda_fababean_1_kebele_2017_28","caracteristica_1":"Faster_maturity-(A/B/C)","best_variedad_1":"C","worst_variedad_1":"A","caracteristica_2":"Pest_resistance-(A/B/C)","best_variedad_2":"C","worst_variedad_2":"B","caracteristica_3":"Disease_resistance-(A/B/C)","best_variedad_3":"B","worst_variedad_3":"C","caracteristica_4":"Drought_resistance-(A/B/C)","best_variedad_4":"C","worst_variedad_4":"A","caracteristica_5":"Yield-(A/B/C)","best_variedad_5":"C","worst_variedad_5":"A","caracteristica_6":"Overall_performance-(A/B/C)","best_variedad_6":"B","worst_variedad_6":"C","evaluation":"1"},
{"observadores":"issd_osw_dugda_fababean_1_kebele_2017_29","name_user":"Lomi","name_family":"Gamachu","village":"Koto Billitti","district":"Dugda","telephone":"0","gender":"F","age":"28","location_longitude_seed_delivery_point":"","location_latitude_seed_delivery_point":"","location_altitude":"","location_longitude":"","location_latitude":"","planting_date":"2017-06-19","harvest_date":"2017-10-09","weight_of_all_yield_of_the_variety_a_in_kg":"7","weight_of_all_yield_of_the_variety_b_in_kg":"3","weight_of_all_yield_of_the_variety_c_in_kg":"5","codigo_paquetes":"package_issd_osw_dugda_fababean_1_kebele_2017_29","caracteristica_1":"Faster_maturity-(A/B/C)","best_variedad_1":"B","worst_variedad_1":"C","caracteristica_2":"Pest_resistance-(A/B/C)","best_variedad_2":"C","worst_variedad_2":"B","caracteristica_3":"Disease_resistance-(A/B/C)","best_variedad_3":"A","worst_variedad_3":"B","caracteristica_4":"Drought_resistance-(A/B/C)","best_variedad_4":"C","worst_variedad_4":"B","caracteristica_5":"Yield-(A/B/C)","best_variedad_5":"A","worst_variedad_5":"B","caracteristica_6":"Overall_performance-(A/B/C)","best_variedad_6":"A","worst_variedad_6":"B","evaluation":"1"},
{"observadores":"issd_osw_dugda_fababean_1_kebele_2017_3","name_user":"Tirunesh","name_family":"Tasama","village":"Koto Billitti","district":"Dugda","telephone":"0","gender":"F","age":"43","location_longitude_seed_delivery_point":"","location_latitude_seed_delivery_point":"","location_altitude":"","location_longitude":"","location_latitude":"","planting_date":"2017-06-16","harvest_date":"2017-10-18","weight_of_all_yield_of_the_variety_a_in_kg":"7","weight_of_all_yield_of_the_variety_b_in_kg":"8","weight_of_all_yield_of_the_variety_c_in_kg":"5","codigo_paquetes":"package_issd_osw_dugda_fababean_1_kebele_2017_03","caracteristica_1":"Faster_maturity-(A/B/C)","best_variedad_1":"C","worst_variedad_1":"B","caracteristica_2":"Pest_resistance-(A/B/C)","best_variedad_2":"B","worst_variedad_2":"A","caracteristica_3":"Disease_resistance-(A/B/C)","best_variedad_3":"B","worst_variedad_3":"C","caracteristica_4":"Drought_resistance-(A/B/C)","best_variedad_4":"C","worst_variedad_4":"B","caracteristica_5":"Yield-(A/B/C)","best_variedad_5":"B","worst_variedad_5":"C","caracteristica_6":"Overall_performance-(A/B/C)","best_variedad_6":"B","worst_variedad_6":"C","evaluation":"1"},
{"observadores":"issd_osw_dugda_fababean_1_kebele_2017_30","name_user":"Lensa","name_family":"Badhadha","village":"Koto Billitti","district":"Dugda","telephone":"0","gender":"F","age":"35","location_longitude_seed_delivery_point":"","location_latitude_seed_delivery_point":"","location_altitude":"","location_longitude":"","location_latitude":"","planting_date":"2017-06-11","harvest_date":"2017-10-09","weight_of_all_yield_of_the_variety_a_in_kg":"10","weight_of_all_yield_of_the_variety_b_in_kg":"11","weight_of_all_yield_of_the_variety_c_in_kg":"13","codigo_paquetes":"package_issd_osw_dugda_fababean_1_kebele_2017_30","caracteristica_1":"Faster_maturity-(A/B/C)","best_variedad_1":"C","worst_variedad_1":"A","caracteristica_2":"Pest_resistance-(A/B/C)","best_variedad_2":"B","worst_variedad_2":"A","caracteristica_3":"Disease_resistance-(A/B/C)","best_variedad_3":"C","worst_variedad_3":"B","caracteristica_4":"Drought_resistance-(A/B/C)","best_variedad_4":"B","worst_variedad_4":"A","caracteristica_5":"Yield-(A/B/C)","best_variedad_5":"C","worst_variedad_5":"A","caracteristica_6":"Overall_performance-(A/B/C)","best_variedad_6":"C","worst_variedad_6":"A","evaluation":"1"},
{"observadores":"issd_osw_dugda_fababean_1_kebele_2017_31","name_user":"Ayiti","name_family":"Dagaga","village":"Koto Billitti","district":"Dugda","telephone":"0","gender":"F","age":"28","location_longitude_seed_delivery_point":"","location_latitude_seed_delivery_point":"","location_altitude":"","location_longitude":"","location_latitude":"","planting_date":"2017-06-17","harvest_date":"2017-10-05","weight_of_all_yield_of_the_variety_a_in_kg":"6","weight_of_all_yield_of_the_variety_b_in_kg":"4","weight_of_all_yield_of_the_variety_c_in_kg":"5","codigo_paquetes":"package_issd_osw_dugda_fababean_1_kebele_2017_31","caracteristica_1":"Faster_maturity-(A/B/C)","best_variedad_1":"A","worst_variedad_1":"B","caracteristica_2":"Pest_resistance-(A/B/C)","best_variedad_2":"C","worst_variedad_2":"B","caracteristica_3":"Disease_resistance-(A/B/C)","best_variedad_3":"A","worst_variedad_3":"C","caracteristica_4":"Drought_resistance-(A/B/C)","best_variedad_4":"C","worst_variedad_4":"B","caracteristica_5":"Yield-(A/B/C)","best_variedad_5":"A","worst_variedad_5":"B","caracteristica_6":"Overall_performance-(A/B/C)","best_variedad_6":"B","worst_variedad_6":"C","evaluation":"1"},
{"observadores":"issd_osw_dugda_fababean_1_kebele_2017_32","name_user":"Tulu","name_family":"Kabada","village":"Koto Billitti","district":"Dugda","telephone":"0","gender":"M","age":"44","location_longitude_seed_delivery_point":"","location_latitude_seed_delivery_point":"","location_altitude":"","location_longitude":"","location_latitude":"","planting_date":"2017-06-13","harvest_date":"2017-10-11","weight_of_all_yield_of_the_variety_a_in_kg":"8","weight_of_all_yield_of_the_variety_b_in_kg":"6","weight_of_all_yield_of_the_variety_c_in_kg":"7","codigo_paquetes":"package_issd_osw_dugda_fababean_1_kebele_2017_32","caracteristica_1":"Faster_maturity-(A/B/C)","best_variedad_1":"C","worst_variedad_1":"A","caracteristica_2":"Pest_resistance-(A/B/C)","best_variedad_2":"A","worst_variedad_2":"B","caracteristica_3":"Disease_resistance-(A/B/C)","best_variedad_3":"C","worst_variedad_3":"B","caracteristica_4":"Drought_resistance-(A/B/C)","best_variedad_4":"C","worst_variedad_4":"B","caracteristica_5":"Yield-(A/B/C)","best_variedad_5":"A","worst_variedad_5":"B","caracteristica_6":"Overall_performance-(A/B/C)","best_variedad_6":"C","worst_variedad_6":"B","evaluation":"1"},
{"observadores":"issd_osw_dugda_fababean_1_kebele_2017_33","name_user":"Mulu","name_family":"Desalegn","village":"Koto Billitti","district":"Dugda","telephone":"0","gender":"F","age":"37","location_longitude_seed_delivery_point":"","location_latitude_seed_delivery_point":"","location_altitude":"","location_longitude":"","location_latitude":"","planting_date":"2017-06-19","harvest_date":"2017-10-13","weight_of_all_yield_of_the_variety_a_in_kg":"5","weight_of_all_yield_of_the_variety_b_in_kg":"6","weight_of_all_yield_of_the_variety_c_in_kg":"7","codigo_paquetes":"package_issd_osw_dugda_fababean_1_kebele_2017_33","caracteristica_1":"Faster_maturity-(A/B/C)","best_variedad_1":"C","worst_variedad_1":"B","caracteristica_2":"Pest_resistance-(A/B/C)","best_variedad_2":"C","worst_variedad_2":"B","caracteristica_3":"Disease_resistance-(A/B/C)","best_variedad_3":"A","worst_variedad_3":"B","caracteristica_4":"Drought_resistance-(A/B/C)","best_variedad_4":"B","worst_variedad_4":"A","caracteristica_5":"Yield-(A/B/C)","best_variedad_5":"C","worst_variedad_5":"A","caracteristica_6":"Overall_performance-(A/B/C)","best_variedad_6":"A","worst_variedad_6":"B","evaluation":"1"},
{"observadores":"issd_osw_dugda_fababean_1_kebele_2017_34","name_user":"Getu","name_family":"Setegn","village":"Koto Billitti","district":"Dugda","telephone":"0","gender":"M","age":"53","location_longitude_seed_delivery_point":"","location_latitude_seed_delivery_point":"","location_altitude":"","location_longitude":"","location_latitude":"","planting_date":"2017-06-17","harvest_date":"2017-10-07","weight_of_all_yield_of_the_variety_a_in_kg":"7","weight_of_all_yield_of_the_variety_b_in_kg":"8","weight_of_all_yield_of_the_variety_c_in_kg":"6","codigo_paquetes":"package_issd_osw_dugda_fababean_1_kebele_2017_34","caracteristica_1":"Faster_maturity-(A/B/C)","best_variedad_1":"B","worst_variedad_1":"C","caracteristica_2":"Pest_resistance-(A/B/C)","best_variedad_2":"C","worst_variedad_2":"A","caracteristica_3":"Disease_resistance-(A/B/C)","best_variedad_3":"C","worst_variedad_3":"A","caracteristica_4":"Drought_resistance-(A/B/C)","best_variedad_4":"B","worst_variedad_4":"C","caracteristica_5":"Yield-(A/B/C)","best_variedad_5":"B","worst_variedad_5":"C","caracteristica_6":"Overall_performance-(A/B/C)","best_variedad_6":"C","worst_variedad_6":"B","evaluation":"1"},
{"observadores":"issd_osw_dugda_fababean_1_kebele_2017_35","name_user":"Bitaw","name_family":"Ankiro","village":"Koto Billitti","district":"Dugda","telephone":"0","gender":"M","age":"42","location_longitude_seed_delivery_point":"","location_latitude_seed_delivery_point":"","location_altitude":"","location_longitude":"","location_latitude":"","planting_date":"2017-06-19","harvest_date":"2017-10-10","weight_of_all_yield_of_the_variety_a_in_kg":"8","weight_of_all_yield_of_the_variety_b_in_kg":"7","weight_of_all_yield_of_the_variety_c_in_kg":"6","codigo_paquetes":"package_issd_osw_dugda_fababean_1_kebele_2017_35","caracteristica_1":"Faster_maturity-(A/B/C)","best_variedad_1":"A","worst_variedad_1":"B","caracteristica_2":"Pest_resistance-(A/B/C)","best_variedad_2":"A","worst_variedad_2":"C","caracteristica_3":"Disease_resistance-(A/B/C)","best_variedad_3":"C","worst_variedad_3":"B","caracteristica_4":"Drought_resistance-(A/B/C)","best_variedad_4":"A","worst_variedad_4":"C","caracteristica_5":"Yield-(A/B/C)","best_variedad_5":"A","worst_variedad_5":"C","caracteristica_6":"Overall_performance-(A/B/C)","best_variedad_6":"C","worst_variedad_6":"B","evaluation":"1"},
{"observadores":"issd_osw_dugda_fababean_1_kebele_2017_36","name_user":"Aynalem","name_family":"Girma","village":"Koto Billitti","district":"Dugda","telephone":"0","gender":"F","age":"42","location_longitude_seed_delivery_point":"","location_latitude_seed_delivery_point":"","location_altitude":"","location_longitude":"","location_latitude":"","planting_date":"2017-06-17","harvest_date":"2017-10-08","weight_of_all_yield_of_the_variety_a_in_kg":"10","weight_of_all_yield_of_the_variety_b_in_kg":"12","weight_of_all_yield_of_the_variety_c_in_kg":"5","codigo_paquetes":"package_issd_osw_dugda_fababean_1_kebele_2017_36","caracteristica_1":"Faster_maturity-(A/B/C)","best_variedad_1":"B","worst_variedad_1":"C","caracteristica_2":"Pest_resistance-(A/B/C)","best_variedad_2":"A","worst_variedad_2":"B","caracteristica_3":"Disease_resistance-(A/B/C)","best_variedad_3":"A","worst_variedad_3":"C","caracteristica_4":"Drought_resistance-(A/B/C)","best_variedad_4":"C","worst_variedad_4":"B","caracteristica_5":"Yield-(A/B/C)","best_variedad_5":"B","worst_variedad_5":"C","caracteristica_6":"Overall_performance-(A/B/C)","best_variedad_6":"B","worst_variedad_6":"C","evaluation":"1"},
{"observadores":"issd_osw_dugda_fababean_1_kebele_2017_37","name_user":"Ambaye","name_family":"Tadese","village":"Koto Billitti","district":"Dugda","telephone":"0","gender":"M","age":"47","location_longitude_seed_delivery_point":"","location_latitude_seed_delivery_point":"","location_altitude":"","location_longitude":"","location_latitude":"","planting_date":"2017-06-17","harvest_date":"2017-10-07","weight_of_all_yield_of_the_variety_a_in_kg":"5","weight_of_all_yield_of_the_variety_b_in_kg":"6","weight_of_all_yield_of_the_variety_c_in_kg":"7","codigo_paquetes":"package_issd_osw_dugda_fababean_1_kebele_2017_37","caracteristica_1":"Faster_maturity-(A/B/C)","best_variedad_1":"C","worst_variedad_1":"A","caracteristica_2":"Pest_resistance-(A/B/C)","best_variedad_2":"C","worst_variedad_2":"B","caracteristica_3":"Disease_resistance-(A/B/C)","best_variedad_3":"B","worst_variedad_3":"A","caracteristica_4":"Drought_resistance-(A/B/C)","best_variedad_4":"C","worst_variedad_4":"B","caracteristica_5":"Yield-(A/B/C)","best_variedad_5":"C","worst_variedad_5":"A","caracteristica_6":"Overall_performance-(A/B/C)","best_variedad_6":"B","worst_variedad_6":"A","evaluation":"1"},
{"observadores":"issd_osw_dugda_fababean_1_kebele_2017_38","name_user":"Ganu","name_family":"Nagasa","village":"Koto Billitti","district":"Dugda","telephone":"0","gender":"F","age":"41","location_longitude_seed_delivery_point":"","location_latitude_seed_delivery_point":"","location_altitude":"","location_longitude":"","location_latitude":"","planting_date":"2017-06-19","harvest_date":"2017-10-13","weight_of_all_yield_of_the_variety_a_in_kg":"8","weight_of_all_yield_of_the_variety_b_in_kg":"7","weight_of_all_yield_of_the_variety_c_in_kg":"9","codigo_paquetes":"package_issd_osw_dugda_fababean_1_kebele_2017_38","caracteristica_1":"Faster_maturity-(A/B/C)","best_variedad_1":"C","worst_variedad_1":"B","caracteristica_2":"Pest_resistance-(A/B/C)","best_variedad_2":"A","worst_variedad_2":"C","caracteristica_3":"Disease_resistance-(A/B/C)","best_variedad_3":"C","worst_variedad_3":"A","caracteristica_4":"Drought_resistance-(A/B/C)","best_variedad_4":"A","worst_variedad_4":"C","caracteristica_5":"Yield-(A/B/C)","best_variedad_5":"C","worst_variedad_5":"B","caracteristica_6":"Overall_performance-(A/B/C)","best_variedad_6":"C","worst_variedad_6":"B","evaluation":"1"},
{"observadores":"issd_osw_dugda_fababean_1_kebele_2017_39","name_user":"Kabada","name_family":"Ilala","village":"Koto Billitti","district":"Dugda","telephone":"0","gender":"M","age":"53","location_longitude_seed_delivery_point":"","location_latitude_seed_delivery_point":"","location_altitude":"","location_longitude":"","location_latitude":"","planting_date":"2017-07-17","harvest_date":"2017-10-11","weight_of_all_yield_of_the_variety_a_in_kg":"10","weight_of_all_yield_of_the_variety_b_in_kg":"12","weight_of_all_yield_of_the_variety_c_in_kg":"10","codigo_paquetes":"package_issd_osw_dugda_fababean_1_kebele_2017_39","caracteristica_1":"Faster_maturity-(A/B/C)","best_variedad_1":"undefined","worst_variedad_1":"A","caracteristica_2":"Pest_resistance-(A/B/C)","best_variedad_2":"B","worst_variedad_2":"C","caracteristica_3":"Disease_resistance-(A/B/C)","best_variedad_3":"B","worst_variedad_3":"A","caracteristica_4":"Drought_resistance-(A/B/C)","best_variedad_4":"B","worst_variedad_4":"C","caracteristica_5":"Yield-(A/B/C)","best_variedad_5":"B","worst_variedad_5":"C","caracteristica_6":"Overall_performance-(A/B/C)","best_variedad_6":"B","worst_variedad_6":"C","evaluation":"1"},
{"observadores":"issd_osw_dugda_fababean_1_kebele_2017_4","name_user":"Udma","name_family":"Yaai","village":"Koto Billitti","district":"Dugda","telephone":"0","gender":"M","age":"47","location_longitude_seed_delivery_point":"","location_latitude_seed_delivery_point":"","location_altitude":"","location_longitude":"","location_latitude":"","planting_date":"2017-06-15","harvest_date":"2017-10-04","weight_of_all_yield_of_the_variety_a_in_kg":"4","weight_of_all_yield_of_the_variety_b_in_kg":"5","weight_of_all_yield_of_the_variety_c_in_kg":"7","codigo_paquetes":"package_issd_osw_dugda_fababean_1_kebele_2017_04","caracteristica_1":"Faster_maturity-(A/B/C)","best_variedad_1":"A","worst_variedad_1":"C","caracteristica_2":"Pest_resistance-(A/B/C)","best_variedad_2":"A","worst_variedad_2":"C","caracteristica_3":"Disease_resistance-(A/B/C)","best_variedad_3":"C","worst_variedad_3":"A","caracteristica_4":"Drought_resistance-(A/B/C)","best_variedad_4":"A","worst_variedad_4":"B","caracteristica_5":"Yield-(A/B/C)","best_variedad_5":"C","worst_variedad_5":"A","caracteristica_6":"Overall_performance-(A/B/C)","best_variedad_6":"C","worst_variedad_6":"A","evaluation":"1"},
{"observadores":"issd_osw_dugda_fababean_1_kebele_2017_40","name_user":"Wondu","name_family":"Alemayehu","village":"Koto Billitti","district":"Dugda","telephone":"0","gender":"M","age":"36","location_longitude_seed_delivery_point":"","location_latitude_seed_delivery_point":"","location_altitude":"","location_longitude":"","location_latitude":"","planting_date":"2017-06-19","harvest_date":"2017-10-07","weight_of_all_yield_of_the_variety_a_in_kg":"8","weight_of_all_yield_of_the_variety_b_in_kg":"10","weight_of_all_yield_of_the_variety_c_in_kg":"7","codigo_paquetes":"package_issd_osw_dugda_fababean_1_kebele_2017_40","caracteristica_1":"Faster_maturity-(A/B/C)","best_variedad_1":"","worst_variedad_1":"","caracteristica_2":"Pest_resistance-(A/B/C)","best_variedad_2":"","worst_variedad_2":"","caracteristica_3":"Disease_resistance-(A/B/C)","best_variedad_3":"","worst_variedad_3":"","caracteristica_4":"Drought_resistance-(A/B/C)","best_variedad_4":"","worst_variedad_4":"","caracteristica_5":"Yield-(A/B/C)","best_variedad_5":"","worst_variedad_5":"","caracteristica_6":"Overall_performance-(A/B/C)","best_variedad_6":"","worst_variedad_6":"","evaluation":"2"},
{"observadores":"issd_osw_dugda_fababean_1_kebele_2017_41","name_user":"Machal","name_family":"Seifu","village":"Koto Billitti","district":"Dugda","telephone":"0913104378","gender":"M","age":"33","location_longitude_seed_delivery_point":"","location_latitude_seed_delivery_point":"","location_altitude":"","location_longitude":"","location_latitude":"","planting_date":"2017-06-18","harvest_date":"2017-10-17","weight_of_all_yield_of_the_variety_a_in_kg":"7","weight_of_all_yield_of_the_variety_b_in_kg":"8","weight_of_all_yield_of_the_variety_c_in_kg":"10","codigo_paquetes":"package_issd_osw_dugda_fababean_1_kebele_2017_41","caracteristica_1":"Faster_maturity-(A/B/C)","best_variedad_1":"C","worst_variedad_1":"A","caracteristica_2":"Pest_resistance-(A/B/C)","best_variedad_2":"A","worst_variedad_2":"C","caracteristica_3":"Disease_resistance-(A/B/C)","best_variedad_3":"C","worst_variedad_3":"A","caracteristica_4":"Drought_resistance-(A/B/C)","best_variedad_4":"B","worst_variedad_4":"A","caracteristica_5":"Yield-(A/B/C)","best_variedad_5":"C","worst_variedad_5":"A","caracteristica_6":"Overall_performance-(A/B/C)","best_variedad_6":"C","worst_variedad_6":"A","evaluation":"1"},
{"observadores":"issd_osw_dugda_fababean_1_kebele_2017_42","name_user":"Dananew","name_family":"Gizaw","village":"Koto Billitti","district":"Dugda","telephone":"0","gender":"M","age":"29","location_longitude_seed_delivery_point":"","location_latitude_seed_delivery_point":"","location_altitude":"","location_longitude":"","location_latitude":"","planting_date":"2017-06-19","harvest_date":"2017-10-07","weight_of_all_yield_of_the_variety_a_in_kg":"8","weight_of_all_yield_of_the_variety_b_in_kg":"9","weight_of_all_yield_of_the_variety_c_in_kg":"11","codigo_paquetes":"package_issd_osw_dugda_fababean_1_kebele_2017_42","caracteristica_1":"Faster_maturity-(A/B/C)","best_variedad_1":"C","worst_variedad_1":"A","caracteristica_2":"Pest_resistance-(A/B/C)","best_variedad_2":"B","worst_variedad_2":"A","caracteristica_3":"Disease_resistance-(A/B/C)","best_variedad_3":"A","worst_variedad_3":"B","caracteristica_4":"Drought_resistance-(A/B/C)","best_variedad_4":"C","worst_variedad_4":"B","caracteristica_5":"Yield-(A/B/C)","best_variedad_5":"C","worst_variedad_5":"A","caracteristica_6":"Overall_performance-(A/B/C)","best_variedad_6":"A","worst_variedad_6":"B","evaluation":"1"},
{"observadores":"issd_osw_dugda_fababean_1_kebele_2017_43","name_user":"Gizachew","name_family":"Bulbula","village":"Koto Billitti","district":"Dugda","telephone":"0","gender":"M","age":"34","location_longitude_seed_delivery_point":"","location_latitude_seed_delivery_point":"","location_altitude":"","location_longitude":"","location_latitude":"","planting_date":"2017-06-17","harvest_date":"2017-10-07","weight_of_all_yield_of_the_variety_a_in_kg":"8","weight_of_all_yield_of_the_variety_b_in_kg":"3","weight_of_all_yield_of_the_variety_c_in_kg":"7","codigo_paquetes":"package_issd_osw_dugda_fababean_1_kebele_2017_43","caracteristica_1":"Faster_maturity-(A/B/C)","best_variedad_1":"A","worst_variedad_1":"B","caracteristica_2":"Pest_resistance-(A/B/C)","best_variedad_2":"B","worst_variedad_2":"A","caracteristica_3":"Disease_resistance-(A/B/C)","best_variedad_3":"C","worst_variedad_3":"B","caracteristica_4":"Drought_resistance-(A/B/C)","best_variedad_4":"A","worst_variedad_4":"B","caracteristica_5":"Yield-(A/B/C)","best_variedad_5":"A","worst_variedad_5":"B","caracteristica_6":"Overall_performance-(A/B/C)","best_variedad_6":"C","worst_variedad_6":"A","evaluation":"1"},
{"observadores":"issd_osw_dugda_fababean_1_kebele_2017_44","name_user":"Dababe","name_family":"Abate","village":"Koto Billitti","district":"Dugda","telephone":"0","gender":"M","age":"34","location_longitude_seed_delivery_point":"","location_latitude_seed_delivery_point":"","location_altitude":"","location_longitude":"","location_latitude":"","planting_date":"2017-06-17","harvest_date":"2017-10-05","weight_of_all_yield_of_the_variety_a_in_kg":"5","weight_of_all_yield_of_the_variety_b_in_kg":"6","weight_of_all_yield_of_the_variety_c_in_kg":"13","codigo_paquetes":"package_issd_osw_dugda_fababean_1_kebele_2017_44","caracteristica_1":"Faster_maturity-(A/B/C)","best_variedad_1":"A","worst_variedad_1":"B","caracteristica_2":"Pest_resistance-(A/B/C)","best_variedad_2":"A","worst_variedad_2":"B","caracteristica_3":"Disease_resistance-(A/B/C)","best_variedad_3":"B","worst_variedad_3":"A","caracteristica_4":"Drought_resistance-(A/B/C)","best_variedad_4":"A","worst_variedad_4":"C","caracteristica_5":"Yield-(A/B/C)","best_variedad_5":"C","worst_variedad_5":"A","caracteristica_6":"Overall_performance-(A/B/C)","best_variedad_6":"B","worst_variedad_6":"A","evaluation":"1"},
{"observadores":"issd_osw_dugda_fababean_1_kebele_2017_45","name_user":"Biritu","name_family":"Caka","village":"Koto Billitti","district":"Dugda","telephone":"0","gender":"F","age":"34","location_longitude_seed_delivery_point":"","location_latitude_seed_delivery_point":"","location_altitude":"","location_longitude":"","location_latitude":"","planting_date":"2017-06-17","harvest_date":"2017-10-06","weight_of_all_yield_of_the_variety_a_in_kg":"8","weight_of_all_yield_of_the_variety_b_in_kg":"10","weight_of_all_yield_of_the_variety_c_in_kg":"10","codigo_paquetes":"package_issd_osw_dugda_fababean_1_kebele_2017_45","caracteristica_1":"Faster_maturity-(A/B/C)","best_variedad_1":"C","worst_variedad_1":"B","caracteristica_2":"Pest_resistance-(A/B/C)","best_variedad_2":"C","worst_variedad_2":"B","caracteristica_3":"Disease_resistance-(A/B/C)","best_variedad_3":"A","worst_variedad_3":"B","caracteristica_4":"Drought_resistance-(A/B/C)","best_variedad_4":"C","worst_variedad_4":"A","caracteristica_5":"Yield-(A/B/C)","best_variedad_5":"C","worst_variedad_5":"B","caracteristica_6":"Overall_performance-(A/B/C)","best_variedad_6":"A","worst_variedad_6":"B","evaluation":"1"},
{"observadores":"issd_osw_dugda_fababean_1_kebele_2017_46","name_user":"Abicha","name_family":"Gugsa","village":"Koto Billitti","district":"Dugda","telephone":"0","gender":"M","age":"30","location_longitude_seed_delivery_point":"","location_latitude_seed_delivery_point":"","location_altitude":"","location_longitude":"","location_latitude":"","planting_date":"2017-06-17","harvest_date":"2017-10-12","weight_of_all_yield_of_the_variety_a_in_kg":"8","weight_of_all_yield_of_the_variety_b_in_kg":"9","weight_of_all_yield_of_the_variety_c_in_kg":"10","codigo_paquetes":"package_issd_osw_dugda_fababean_1_kebele_2017_46","caracteristica_1":"Faster_maturity-(A/B/C)","best_variedad_1":"C","worst_variedad_1":"B","caracteristica_2":"Pest_resistance-(A/B/C)","best_variedad_2":"C","worst_variedad_2":"A","caracteristica_3":"Disease_resistance-(A/B/C)","best_variedad_3":"A","worst_variedad_3":"C","caracteristica_4":"Drought_resistance-(A/B/C)","best_variedad_4":"B","worst_variedad_4":"A","caracteristica_5":"Yield-(A/B/C)","best_variedad_5":"C","worst_variedad_5":"A","caracteristica_6":"Overall_performance-(A/B/C)","best_variedad_6":"C","worst_variedad_6":"A","evaluation":"1"},
{"observadores":"issd_osw_dugda_fababean_1_kebele_2017_47","name_user":"Batanesh","name_family":"Gugsa","village":"Koto Billitti","district":"Dugda","telephone":"0","gender":"F","age":"41","location_longitude_seed_delivery_point":"","location_latitude_seed_delivery_point":"","location_altitude":"","location_longitude":"","location_latitude":"","planting_date":"2017-06-19","harvest_date":"2017-10-07","weight_of_all_yield_of_the_variety_a_in_kg":"9","weight_of_all_yield_of_the_variety_b_in_kg":"10","weight_of_all_yield_of_the_variety_c_in_kg":"8","codigo_paquetes":"package_issd_osw_dugda_fababean_1_kebele_2017_47","caracteristica_1":"Faster_maturity-(A/B/C)","best_variedad_1":"A","worst_variedad_1":"C","caracteristica_2":"Pest_resistance-(A/B/C)","best_variedad_2":"C","worst_variedad_2":"B","caracteristica_3":"Disease_resistance-(A/B/C)","best_variedad_3":"B","worst_variedad_3":"C","caracteristica_4":"Drought_resistance-(A/B/C)","best_variedad_4":"C","worst_variedad_4":"B","caracteristica_5":"Yield-(A/B/C)","best_variedad_5":"B","worst_variedad_5":"C","caracteristica_6":"Overall_performance-(A/B/C)","best_variedad_6":"B","worst_variedad_6":"C","evaluation":"1"},
{"observadores":"issd_osw_dugda_fababean_1_kebele_2017_48","name_user":"Birqe","name_family":"Fole","village":"Koto Billitti","district":"Dugda","telephone":"","gender":"F","age":"36","location_longitude_seed_delivery_point":"","location_latitude_seed_delivery_point":"","location_altitude":"","location_longitude":"","location_latitude":"","planting_date":"2017-06-17","harvest_date":"2017-10-05","weight_of_all_yield_of_the_variety_a_in_kg":"5","weight_of_all_yield_of_the_variety_b_in_kg":"7","weight_of_all_yield_of_the_variety_c_in_kg":"8","codigo_paquetes":"package_issd_osw_dugda_fababean_1_kebele_2017_48","caracteristica_1":"Faster_maturity-(A/B/C)","best_variedad_1":"C","worst_variedad_1":"A","caracteristica_2":"Pest_resistance-(A/B/C)","best_variedad_2":"B","worst_variedad_2":"A","caracteristica_3":"Disease_resistance-(A/B/C)","best_variedad_3":"C","worst_variedad_3":"A","caracteristica_4":"Drought_resistance-(A/B/C)","best_variedad_4":"B","worst_variedad_4":"A","caracteristica_5":"Yield-(A/B/C)","best_variedad_5":"C","worst_variedad_5":"A","caracteristica_6":"Overall_performance-(A/B/C)","best_variedad_6":"C","worst_variedad_6":"A","evaluation":"1"},
{"observadores":"issd_osw_dugda_fababean_1_kebele_2017_49","name_user":"Madlas","name_family":"Nuguse","village":"Koto Billitti","district":"Dugda","telephone":"0","gender":"F","age":"47","location_longitude_seed_delivery_point":"","location_latitude_seed_delivery_point":"","location_altitude":"","location_longitude":"","location_latitude":"","planting_date":"2017-06-21","harvest_date":"2017-10-07","weight_of_all_yield_of_the_variety_a_in_kg":"10","weight_of_all_yield_of_the_variety_b_in_kg":"7","weight_of_all_yield_of_the_variety_c_in_kg":"8","codigo_paquetes":"package_issd_osw_dugda_fababean_1_kebele_2017_49","caracteristica_1":"Faster_maturity-(A/B/C)","best_variedad_1":"A","worst_variedad_1":"B","caracteristica_2":"Pest_resistance-(A/B/C)","best_variedad_2":"B","worst_variedad_2":"C","caracteristica_3":"Disease_resistance-(A/B/C)","best_variedad_3":"A","worst_variedad_3":"B","caracteristica_4":"Drought_resistance-(A/B/C)","best_variedad_4":"A","worst_variedad_4":"B","caracteristica_5":"Yield-(A/B/C)","best_variedad_5":"A","worst_variedad_5":"B","caracteristica_6":"Overall_performance-(A/B/C)","best_variedad_6":"A","worst_variedad_6":"C","evaluation":"1"},
{"observadores":"issd_osw_dugda_fababean_1_kebele_2017_5","name_user":"Amarech","name_family":"Dase","village":"Koto Billitti","district":"Dugda","telephone":"0","gender":"F","age":"52","location_longitude_seed_delivery_point":"","location_latitude_seed_delivery_point":"","location_altitude":"","location_longitude":"","location_latitude":"","planting_date":"2017-06-21","harvest_date":"2017-10-16","weight_of_all_yield_of_the_variety_a_in_kg":"1","weight_of_all_yield_of_the_variety_b_in_kg":"11","weight_of_all_yield_of_the_variety_c_in_kg":"10","codigo_paquetes":"package_issd_osw_dugda_fababean_1_kebele_2017_05","caracteristica_1":"Faster_maturity-(A/B/C)","best_variedad_1":"B","worst_variedad_1":"C","caracteristica_2":"Pest_resistance-(A/B/C)","best_variedad_2":"B","worst_variedad_2":"C","caracteristica_3":"Disease_resistance-(A/B/C)","best_variedad_3":"A","worst_variedad_3":"C","caracteristica_4":"Drought_resistance-(A/B/C)","best_variedad_4":"C","worst_variedad_4":"A","caracteristica_5":"Yield-(A/B/C)","best_variedad_5":"B","worst_variedad_5":"A","caracteristica_6":"Overall_performance-(A/B/C)","best_variedad_6":"B","worst_variedad_6":"A","evaluation":"1"},
{"observadores":"issd_osw_dugda_fababean_1_kebele_2017_50","name_user":"Worqawu","name_family":"Ambaye","village":"Koto Billitti","district":"Dugda","telephone":"0","gender":"M","age":"49","location_longitude_seed_delivery_point":"","location_latitude_seed_delivery_point":"","location_altitude":"","location_longitude":"","location_latitude":"","planting_date":"2017-06-17","harvest_date":"2017-10-09","weight_of_all_yield_of_the_variety_a_in_kg":"10","weight_of_all_yield_of_the_variety_b_in_kg":"8","weight_of_all_yield_of_the_variety_c_in_kg":"7","codigo_paquetes":"package_issd_osw_dugda_fababean_1_kebele_2017_50","caracteristica_1":"Faster_maturity-(A/B/C)","best_variedad_1":"B","worst_variedad_1":"A","caracteristica_2":"Pest_resistance-(A/B/C)","best_variedad_2":"A","worst_variedad_2":"C","caracteristica_3":"Disease_resistance-(A/B/C)","best_variedad_3":"B","worst_variedad_3":"A","caracteristica_4":"Drought_resistance-(A/B/C)","best_variedad_4":"A","worst_variedad_4":"C","caracteristica_5":"Yield-(A/B/C)","best_variedad_5":"A","worst_variedad_5":"C","caracteristica_6":"Overall_performance-(A/B/C)","best_variedad_6":"B","worst_variedad_6":"A","evaluation":"1"},
{"observadores":"issd_osw_dugda_fababean_1_kebele_2017_6","name_user":"Damenech","name_family":"Alamu","village":"Koto Billitti","district":"Dugda","telephone":"0","gender":"F","age":"32","location_longitude_seed_delivery_point":"","location_latitude_seed_delivery_point":"","location_altitude":"","location_longitude":"","location_latitude":"","planting_date":"2017-06-21","harvest_date":"2017-10-07","weight_of_all_yield_of_the_variety_a_in_kg":"12","weight_of_all_yield_of_the_variety_b_in_kg":"6","weight_of_all_yield_of_the_variety_c_in_kg":"7","codigo_paquetes":"package_issd_osw_dugda_fababean_1_kebele_2017_06","caracteristica_1":"Faster_maturity-(A/B/C)","best_variedad_1":"A","worst_variedad_1":"B","caracteristica_2":"Pest_resistance-(A/B/C)","best_variedad_2":"A","worst_variedad_2":"B","caracteristica_3":"Disease_resistance-(A/B/C)","best_variedad_3":"B","worst_variedad_3":"C","caracteristica_4":"Drought_resistance-(A/B/C)","best_variedad_4":"A","worst_variedad_4":"B","caracteristica_5":"Yield-(A/B/C)","best_variedad_5":"A","worst_variedad_5":"B","caracteristica_6":"Overall_performance-(A/B/C)","best_variedad_6":"B","worst_variedad_6":"C","evaluation":"1"},
{"observadores":"issd_osw_dugda_fababean_1_kebele_2017_7","name_user":"Tadala","name_family":"Lencho","village":"Koto Billitti","district":"Dugda","telephone":"0","gender":"M","age":"45","location_longitude_seed_delivery_point":"","location_latitude_seed_delivery_point":"","location_altitude":"","location_longitude":"","location_latitude":"","planting_date":"2017-06-17","harvest_date":"2017-10-09","weight_of_all_yield_of_the_variety_a_in_kg":"10","weight_of_all_yield_of_the_variety_b_in_kg":"8","weight_of_all_yield_of_the_variety_c_in_kg":"6","codigo_paquetes":"package_issd_osw_dugda_fababean_1_kebele_2017_07","caracteristica_1":"Faster_maturity-(A/B/C)","best_variedad_1":"C","worst_variedad_1":"B","caracteristica_2":"Pest_resistance-(A/B/C)","best_variedad_2":"C","worst_variedad_2":"A","caracteristica_3":"Disease_resistance-(A/B/C)","best_variedad_3":"A","worst_variedad_3":"B","caracteristica_4":"Drought_resistance-(A/B/C)","best_variedad_4":"C","worst_variedad_4":"A","caracteristica_5":"Yield-(A/B/C)","best_variedad_5":"A","worst_variedad_5":"B","caracteristica_6":"Overall_performance-(A/B/C)","best_variedad_6":"A","worst_variedad_6":"B","evaluation":"1"},
{"observadores":"issd_osw_dugda_fababean_1_kebele_2017_8","name_user":"Bekelech","name_family":"Argaw","village":"Koto Billitti","district":"Dugda","telephone":"0","gender":"F","age":"38","location_longitude_seed_delivery_point":"","location_latitude_seed_delivery_point":"","location_altitude":"","location_longitude":"","location_latitude":"","planting_date":"2017-06-18","harvest_date":"2017-10-10","weight_of_all_yield_of_the_variety_a_in_kg":"9","weight_of_all_yield_of_the_variety_b_in_kg":"5","weight_of_all_yield_of_the_variety_c_in_kg":"6","codigo_paquetes":"package_issd_osw_dugda_fababean_1_kebele_2017_08","caracteristica_1":"Faster_maturity-(A/B/C)","best_variedad_1":"A","worst_variedad_1":"B","caracteristica_2":"Pest_resistance-(A/B/C)","best_variedad_2":"A","worst_variedad_2":"B","caracteristica_3":"Disease_resistance-(A/B/C)","best_variedad_3":"B","worst_variedad_3":"A","caracteristica_4":"Drought_resistance-(A/B/C)","best_variedad_4":"B","worst_variedad_4":"C","caracteristica_5":"Yield-(A/B/C)","best_variedad_5":"A","worst_variedad_5":"C","caracteristica_6":"Overall_performance-(A/B/C)","best_variedad_6":"B","worst_variedad_6":"C","evaluation":"1"},
{"observadores":"issd_osw_dugda_fababean_1_kebele_2017_9","name_user":"Tamire","name_family":"Jiru","village":"Koto Billitti","district":"Dugda","telephone":"0","gender":"M","age":"","location_longitude_seed_delivery_point":"","location_latitude_seed_delivery_point":"","location_altitude":"","location_longitude":"","location_latitude":"","planting_date":"2017-06-17","harvest_date":"2017-10-09","weight_of_all_yield_of_the_variety_a_in_kg":"5","weight_of_all_yield_of_the_variety_b_in_kg":"7","weight_of_all_yield_of_the_variety_c_in_kg":"6","codigo_paquetes":"package_issd_osw_dugda_fababean_1_kebele_2017_09","caracteristica_1":"Faster_maturity-(A/B/C)","best_variedad_1":"B","worst_variedad_1":"A","caracteristica_2":"Pest_resistance-(A/B/C)","best_variedad_2":"A","worst_variedad_2":"B","caracteristica_3":"Disease_resistance-(A/B/C)","best_variedad_3":"C","worst_variedad_3":"A","caracteristica_4":"Drought_resistance-(A/B/C)","best_variedad_4":"A","worst_variedad_4":"C","caracteristica_5":"Yield-(A/B/C)","best_variedad_5":"C","worst_variedad_5":"A","caracteristica_6":"Overall_performance-(A/B/C)","best_variedad_6":"C","worst_variedad_6":"A","evaluation":"1"}
]
