[
{"observadores":"issd_osw_boset_sorghum_1","name_user":null,"name_family":null,"village":null,"district":null,"telephone":null,"gender":null,"age":null,"location_longitude_seed_delivery_point":null,"location_latitude_seed_delivery_point":null,"location_altitude":null,"location_longitude":null,"location_latitude":null,"planting_date":null,"harvest_date":null,"fertilization":null,"slope":null,"soil_quality":null,"how_much_did_it_rain_during_the_crop_season":null,"weight_of_all_yield_of_the_variety_a_in_kg":null,"weight_of_all_yield_of_the_variety_b_in_kg":null,"weight_of_all_yield_of_the_variety_c_in_kg":null,"from_the_3_varieties_which_one_would_you_like_to_grow_again":null,"codigo_paquetes":null,"caracteristica_1":"Faster_maturity-(A/B/C)","best_variedad_1":null,"worst_variedad_1":null,"caracteristica_2":"Disease_resistance-(A/B/C)","best_variedad_2":null,"worst_variedad_2":null,"caracteristica_3":"Drought_resistance-(A/B/C)","best_variedad_3":null,"worst_variedad_3":null,"caracteristica_4":"Yield-(A/B/C)","best_variedad_4":null,"worst_variedad_4":null,"caracteristica_5":"Value_in_the_market-(A/B/C)","best_variedad_5":null,"worst_variedad_5":null,"caracteristica_6":"Overall_performance-(A/B/C)","best_variedad_6":null,"worst_variedad_6":null,"caracteristica_7":"Overall_performance_VS_Local-(Better/Worse)","variedad_a_7":null,"variedad_b_7":null,"variedad_c_7":null,"evaluation":null},
{"observadores":"issd_osw_boset_sorghum_10","name_user":null,"name_family":null,"village":null,"district":null,"telephone":null,"gender":null,"age":null,"location_longitude_seed_delivery_point":null,"location_latitude_seed_delivery_point":null,"location_altitude":null,"location_longitude":null,"location_latitude":null,"planting_date":null,"harvest_date":null,"fertilization":null,"slope":null,"soil_quality":null,"how_much_did_it_rain_during_the_crop_season":null,"weight_of_all_yield_of_the_variety_a_in_kg":null,"weight_of_all_yield_of_the_variety_b_in_kg":null,"weight_of_all_yield_of_the_variety_c_in_kg":null,"from_the_3_varieties_which_one_would_you_like_to_grow_again":null,"codigo_paquetes":null,"caracteristica_1":"Faster_maturity-(A/B/C)","best_variedad_1":null,"worst_variedad_1":null,"caracteristica_2":"Disease_resistance-(A/B/C)","best_variedad_2":null,"worst_variedad_2":null,"caracteristica_3":"Drought_resistance-(A/B/C)","best_variedad_3":null,"worst_variedad_3":null,"caracteristica_4":"Yield-(A/B/C)","best_variedad_4":null,"worst_variedad_4":null,"caracteristica_5":"Value_in_the_market-(A/B/C)","best_variedad_5":null,"worst_variedad_5":null,"caracteristica_6":"Overall_performance-(A/B/C)","best_variedad_6":null,"worst_variedad_6":null,"caracteristica_7":"Overall_performance_VS_Local-(Better/Worse)","variedad_a_7":null,"variedad_b_7":null,"variedad_c_7":null,"evaluation":null},
{"observadores":"issd_osw_boset_sorghum_11","name_user":null,"name_family":null,"village":null,"district":null,"telephone":null,"gender":null,"age":null,"location_longitude_seed_delivery_point":null,"location_latitude_seed_delivery_point":null,"location_altitude":null,"location_longitude":null,"location_latitude":null,"planting_date":null,"harvest_date":null,"fertilization":null,"slope":null,"soil_quality":null,"how_much_did_it_rain_during_the_crop_season":null,"weight_of_all_yield_of_the_variety_a_in_kg":null,"weight_of_all_yield_of_the_variety_b_in_kg":null,"weight_of_all_yield_of_the_variety_c_in_kg":null,"from_the_3_varieties_which_one_would_you_like_to_grow_again":null,"codigo_paquetes":null,"caracteristica_1":"Faster_maturity-(A/B/C)","best_variedad_1":null,"worst_variedad_1":null,"caracteristica_2":"Disease_resistance-(A/B/C)","best_variedad_2":null,"worst_variedad_2":null,"caracteristica_3":"Drought_resistance-(A/B/C)","best_variedad_3":null,"worst_variedad_3":null,"caracteristica_4":"Yield-(A/B/C)","best_variedad_4":null,"worst_variedad_4":null,"caracteristica_5":"Value_in_the_market-(A/B/C)","best_variedad_5":null,"worst_variedad_5":null,"caracteristica_6":"Overall_performance-(A/B/C)","best_variedad_6":null,"worst_variedad_6":null,"caracteristica_7":"Overall_performance_VS_Local-(Better/Worse)","variedad_a_7":null,"variedad_b_7":null,"variedad_c_7":null,"evaluation":null},
{"observadores":"issd_osw_boset_sorghum_12","name_user":null,"name_family":null,"village":null,"district":null,"telephone":null,"gender":null,"age":null,"location_longitude_seed_delivery_point":null,"location_latitude_seed_delivery_point":null,"location_altitude":null,"location_longitude":null,"location_latitude":null,"planting_date":null,"harvest_date":null,"fertilization":null,"slope":null,"soil_quality":null,"how_much_did_it_rain_during_the_crop_season":null,"weight_of_all_yield_of_the_variety_a_in_kg":null,"weight_of_all_yield_of_the_variety_b_in_kg":null,"weight_of_all_yield_of_the_variety_c_in_kg":null,"from_the_3_varieties_which_one_would_you_like_to_grow_again":null,"codigo_paquetes":null,"caracteristica_1":"Faster_maturity-(A/B/C)","best_variedad_1":null,"worst_variedad_1":null,"caracteristica_2":"Disease_resistance-(A/B/C)","best_variedad_2":null,"worst_variedad_2":null,"caracteristica_3":"Drought_resistance-(A/B/C)","best_variedad_3":null,"worst_variedad_3":null,"caracteristica_4":"Yield-(A/B/C)","best_variedad_4":null,"worst_variedad_4":null,"caracteristica_5":"Value_in_the_market-(A/B/C)","best_variedad_5":null,"worst_variedad_5":null,"caracteristica_6":"Overall_performance-(A/B/C)","best_variedad_6":null,"worst_variedad_6":null,"caracteristica_7":"Overall_performance_VS_Local-(Better/Worse)","variedad_a_7":null,"variedad_b_7":null,"variedad_c_7":null,"evaluation":null},
{"observadores":"issd_osw_boset_sorghum_13","name_user":null,"name_family":null,"village":null,"district":null,"telephone":null,"gender":null,"age":null,"location_longitude_seed_delivery_point":null,"location_latitude_seed_delivery_point":null,"location_altitude":null,"location_longitude":null,"location_latitude":null,"planting_date":null,"harvest_date":null,"fertilization":null,"slope":null,"soil_quality":null,"how_much_did_it_rain_during_the_crop_season":null,"weight_of_all_yield_of_the_variety_a_in_kg":null,"weight_of_all_yield_of_the_variety_b_in_kg":null,"weight_of_all_yield_of_the_variety_c_in_kg":null,"from_the_3_varieties_which_one_would_you_like_to_grow_again":null,"codigo_paquetes":null,"caracteristica_1":"Faster_maturity-(A/B/C)","best_variedad_1":null,"worst_variedad_1":null,"caracteristica_2":"Disease_resistance-(A/B/C)","best_variedad_2":null,"worst_variedad_2":null,"caracteristica_3":"Drought_resistance-(A/B/C)","best_variedad_3":null,"worst_variedad_3":null,"caracteristica_4":"Yield-(A/B/C)","best_variedad_4":null,"worst_variedad_4":null,"caracteristica_5":"Value_in_the_market-(A/B/C)","best_variedad_5":null,"worst_variedad_5":null,"caracteristica_6":"Overall_performance-(A/B/C)","best_variedad_6":null,"worst_variedad_6":null,"caracteristica_7":"Overall_performance_VS_Local-(Better/Worse)","variedad_a_7":null,"variedad_b_7":null,"variedad_c_7":null,"evaluation":null},
{"observadores":"issd_osw_boset_sorghum_14","name_user":null,"name_family":null,"village":null,"district":null,"telephone":null,"gender":null,"age":null,"location_longitude_seed_delivery_point":null,"location_latitude_seed_delivery_point":null,"location_altitude":null,"location_longitude":null,"location_latitude":null,"planting_date":null,"harvest_date":null,"fertilization":null,"slope":null,"soil_quality":null,"how_much_did_it_rain_during_the_crop_season":null,"weight_of_all_yield_of_the_variety_a_in_kg":null,"weight_of_all_yield_of_the_variety_b_in_kg":null,"weight_of_all_yield_of_the_variety_c_in_kg":null,"from_the_3_varieties_which_one_would_you_like_to_grow_again":null,"codigo_paquetes":null,"caracteristica_1":"Faster_maturity-(A/B/C)","best_variedad_1":null,"worst_variedad_1":null,"caracteristica_2":"Disease_resistance-(A/B/C)","best_variedad_2":null,"worst_variedad_2":null,"caracteristica_3":"Drought_resistance-(A/B/C)","best_variedad_3":null,"worst_variedad_3":null,"caracteristica_4":"Yield-(A/B/C)","best_variedad_4":null,"worst_variedad_4":null,"caracteristica_5":"Value_in_the_market-(A/B/C)","best_variedad_5":null,"worst_variedad_5":null,"caracteristica_6":"Overall_performance-(A/B/C)","best_variedad_6":null,"worst_variedad_6":null,"caracteristica_7":"Overall_performance_VS_Local-(Better/Worse)","variedad_a_7":null,"variedad_b_7":null,"variedad_c_7":null,"evaluation":null},
{"observadores":"issd_osw_boset_sorghum_15","name_user":null,"name_family":null,"village":null,"district":null,"telephone":null,"gender":null,"age":null,"location_longitude_seed_delivery_point":null,"location_latitude_seed_delivery_point":null,"location_altitude":null,"location_longitude":null,"location_latitude":null,"planting_date":null,"harvest_date":null,"fertilization":null,"slope":null,"soil_quality":null,"how_much_did_it_rain_during_the_crop_season":null,"weight_of_all_yield_of_the_variety_a_in_kg":null,"weight_of_all_yield_of_the_variety_b_in_kg":null,"weight_of_all_yield_of_the_variety_c_in_kg":null,"from_the_3_varieties_which_one_would_you_like_to_grow_again":null,"codigo_paquetes":null,"caracteristica_1":"Faster_maturity-(A/B/C)","best_variedad_1":null,"worst_variedad_1":null,"caracteristica_2":"Disease_resistance-(A/B/C)","best_variedad_2":null,"worst_variedad_2":null,"caracteristica_3":"Drought_resistance-(A/B/C)","best_variedad_3":null,"worst_variedad_3":null,"caracteristica_4":"Yield-(A/B/C)","best_variedad_4":null,"worst_variedad_4":null,"caracteristica_5":"Value_in_the_market-(A/B/C)","best_variedad_5":null,"worst_variedad_5":null,"caracteristica_6":"Overall_performance-(A/B/C)","best_variedad_6":null,"worst_variedad_6":null,"caracteristica_7":"Overall_performance_VS_Local-(Better/Worse)","variedad_a_7":null,"variedad_b_7":null,"variedad_c_7":null,"evaluation":null},
{"observadores":"issd_osw_boset_sorghum_16","name_user":null,"name_family":null,"village":null,"district":null,"telephone":null,"gender":null,"age":null,"location_longitude_seed_delivery_point":null,"location_latitude_seed_delivery_point":null,"location_altitude":null,"location_longitude":null,"location_latitude":null,"planting_date":null,"harvest_date":null,"fertilization":null,"slope":null,"soil_quality":null,"how_much_did_it_rain_during_the_crop_season":null,"weight_of_all_yield_of_the_variety_a_in_kg":null,"weight_of_all_yield_of_the_variety_b_in_kg":null,"weight_of_all_yield_of_the_variety_c_in_kg":null,"from_the_3_varieties_which_one_would_you_like_to_grow_again":null,"codigo_paquetes":null,"caracteristica_1":"Faster_maturity-(A/B/C)","best_variedad_1":null,"worst_variedad_1":null,"caracteristica_2":"Disease_resistance-(A/B/C)","best_variedad_2":null,"worst_variedad_2":null,"caracteristica_3":"Drought_resistance-(A/B/C)","best_variedad_3":null,"worst_variedad_3":null,"caracteristica_4":"Yield-(A/B/C)","best_variedad_4":null,"worst_variedad_4":null,"caracteristica_5":"Value_in_the_market-(A/B/C)","best_variedad_5":null,"worst_variedad_5":null,"caracteristica_6":"Overall_performance-(A/B/C)","best_variedad_6":null,"worst_variedad_6":null,"caracteristica_7":"Overall_performance_VS_Local-(Better/Worse)","variedad_a_7":null,"variedad_b_7":null,"variedad_c_7":null,"evaluation":null},
{"observadores":"issd_osw_boset_sorghum_17","name_user":null,"name_family":null,"village":null,"district":null,"telephone":null,"gender":null,"age":null,"location_longitude_seed_delivery_point":null,"location_latitude_seed_delivery_point":null,"location_altitude":null,"location_longitude":null,"location_latitude":null,"planting_date":null,"harvest_date":null,"fertilization":null,"slope":null,"soil_quality":null,"how_much_did_it_rain_during_the_crop_season":null,"weight_of_all_yield_of_the_variety_a_in_kg":null,"weight_of_all_yield_of_the_variety_b_in_kg":null,"weight_of_all_yield_of_the_variety_c_in_kg":null,"from_the_3_varieties_which_one_would_you_like_to_grow_again":null,"codigo_paquetes":null,"caracteristica_1":"Faster_maturity-(A/B/C)","best_variedad_1":null,"worst_variedad_1":null,"caracteristica_2":"Disease_resistance-(A/B/C)","best_variedad_2":null,"worst_variedad_2":null,"caracteristica_3":"Drought_resistance-(A/B/C)","best_variedad_3":null,"worst_variedad_3":null,"caracteristica_4":"Yield-(A/B/C)","best_variedad_4":null,"worst_variedad_4":null,"caracteristica_5":"Value_in_the_market-(A/B/C)","best_variedad_5":null,"worst_variedad_5":null,"caracteristica_6":"Overall_performance-(A/B/C)","best_variedad_6":null,"worst_variedad_6":null,"caracteristica_7":"Overall_performance_VS_Local-(Better/Worse)","variedad_a_7":null,"variedad_b_7":null,"variedad_c_7":null,"evaluation":null},
{"observadores":"issd_osw_boset_sorghum_18","name_user":null,"name_family":null,"village":null,"district":null,"telephone":null,"gender":null,"age":null,"location_longitude_seed_delivery_point":null,"location_latitude_seed_delivery_point":null,"location_altitude":null,"location_longitude":null,"location_latitude":null,"planting_date":null,"harvest_date":null,"fertilization":null,"slope":null,"soil_quality":null,"how_much_did_it_rain_during_the_crop_season":null,"weight_of_all_yield_of_the_variety_a_in_kg":null,"weight_of_all_yield_of_the_variety_b_in_kg":null,"weight_of_all_yield_of_the_variety_c_in_kg":null,"from_the_3_varieties_which_one_would_you_like_to_grow_again":null,"codigo_paquetes":null,"caracteristica_1":"Faster_maturity-(A/B/C)","best_variedad_1":null,"worst_variedad_1":null,"caracteristica_2":"Disease_resistance-(A/B/C)","best_variedad_2":null,"worst_variedad_2":null,"caracteristica_3":"Drought_resistance-(A/B/C)","best_variedad_3":null,"worst_variedad_3":null,"caracteristica_4":"Yield-(A/B/C)","best_variedad_4":null,"worst_variedad_4":null,"caracteristica_5":"Value_in_the_market-(A/B/C)","best_variedad_5":null,"worst_variedad_5":null,"caracteristica_6":"Overall_performance-(A/B/C)","best_variedad_6":null,"worst_variedad_6":null,"caracteristica_7":"Overall_performance_VS_Local-(Better/Worse)","variedad_a_7":null,"variedad_b_7":null,"variedad_c_7":null,"evaluation":null},
{"observadores":"issd_osw_boset_sorghum_19","name_user":null,"name_family":null,"village":null,"district":null,"telephone":null,"gender":null,"age":null,"location_longitude_seed_delivery_point":null,"location_latitude_seed_delivery_point":null,"location_altitude":null,"location_longitude":null,"location_latitude":null,"planting_date":null,"harvest_date":null,"fertilization":null,"slope":null,"soil_quality":null,"how_much_did_it_rain_during_the_crop_season":null,"weight_of_all_yield_of_the_variety_a_in_kg":null,"weight_of_all_yield_of_the_variety_b_in_kg":null,"weight_of_all_yield_of_the_variety_c_in_kg":null,"from_the_3_varieties_which_one_would_you_like_to_grow_again":null,"codigo_paquetes":null,"caracteristica_1":"Faster_maturity-(A/B/C)","best_variedad_1":null,"worst_variedad_1":null,"caracteristica_2":"Disease_resistance-(A/B/C)","best_variedad_2":null,"worst_variedad_2":null,"caracteristica_3":"Drought_resistance-(A/B/C)","best_variedad_3":null,"worst_variedad_3":null,"caracteristica_4":"Yield-(A/B/C)","best_variedad_4":null,"worst_variedad_4":null,"caracteristica_5":"Value_in_the_market-(A/B/C)","best_variedad_5":null,"worst_variedad_5":null,"caracteristica_6":"Overall_performance-(A/B/C)","best_variedad_6":null,"worst_variedad_6":null,"caracteristica_7":"Overall_performance_VS_Local-(Better/Worse)","variedad_a_7":null,"variedad_b_7":null,"variedad_c_7":null,"evaluation":null},
{"observadores":"issd_osw_boset_sorghum_2","name_user":null,"name_family":null,"village":null,"district":null,"telephone":null,"gender":null,"age":null,"location_longitude_seed_delivery_point":null,"location_latitude_seed_delivery_point":null,"location_altitude":null,"location_longitude":null,"location_latitude":null,"planting_date":null,"harvest_date":null,"fertilization":null,"slope":null,"soil_quality":null,"how_much_did_it_rain_during_the_crop_season":null,"weight_of_all_yield_of_the_variety_a_in_kg":null,"weight_of_all_yield_of_the_variety_b_in_kg":null,"weight_of_all_yield_of_the_variety_c_in_kg":null,"from_the_3_varieties_which_one_would_you_like_to_grow_again":null,"codigo_paquetes":null,"caracteristica_1":"Faster_maturity-(A/B/C)","best_variedad_1":null,"worst_variedad_1":null,"caracteristica_2":"Disease_resistance-(A/B/C)","best_variedad_2":null,"worst_variedad_2":null,"caracteristica_3":"Drought_resistance-(A/B/C)","best_variedad_3":null,"worst_variedad_3":null,"caracteristica_4":"Yield-(A/B/C)","best_variedad_4":null,"worst_variedad_4":null,"caracteristica_5":"Value_in_the_market-(A/B/C)","best_variedad_5":null,"worst_variedad_5":null,"caracteristica_6":"Overall_performance-(A/B/C)","best_variedad_6":null,"worst_variedad_6":null,"caracteristica_7":"Overall_performance_VS_Local-(Better/Worse)","variedad_a_7":null,"variedad_b_7":null,"variedad_c_7":null,"evaluation":null},
{"observadores":"issd_osw_boset_sorghum_20","name_user":null,"name_family":null,"village":null,"district":null,"telephone":null,"gender":null,"age":null,"location_longitude_seed_delivery_point":null,"location_latitude_seed_delivery_point":null,"location_altitude":null,"location_longitude":null,"location_latitude":null,"planting_date":null,"harvest_date":null,"fertilization":null,"slope":null,"soil_quality":null,"how_much_did_it_rain_during_the_crop_season":null,"weight_of_all_yield_of_the_variety_a_in_kg":null,"weight_of_all_yield_of_the_variety_b_in_kg":null,"weight_of_all_yield_of_the_variety_c_in_kg":null,"from_the_3_varieties_which_one_would_you_like_to_grow_again":null,"codigo_paquetes":null,"caracteristica_1":"Faster_maturity-(A/B/C)","best_variedad_1":null,"worst_variedad_1":null,"caracteristica_2":"Disease_resistance-(A/B/C)","best_variedad_2":null,"worst_variedad_2":null,"caracteristica_3":"Drought_resistance-(A/B/C)","best_variedad_3":null,"worst_variedad_3":null,"caracteristica_4":"Yield-(A/B/C)","best_variedad_4":null,"worst_variedad_4":null,"caracteristica_5":"Value_in_the_market-(A/B/C)","best_variedad_5":null,"worst_variedad_5":null,"caracteristica_6":"Overall_performance-(A/B/C)","best_variedad_6":null,"worst_variedad_6":null,"caracteristica_7":"Overall_performance_VS_Local-(Better/Worse)","variedad_a_7":null,"variedad_b_7":null,"variedad_c_7":null,"evaluation":null},
{"observadores":"issd_osw_boset_sorghum_21","name_user":null,"name_family":null,"village":null,"district":null,"telephone":null,"gender":null,"age":null,"location_longitude_seed_delivery_point":null,"location_latitude_seed_delivery_point":null,"location_altitude":null,"location_longitude":null,"location_latitude":null,"planting_date":null,"harvest_date":null,"fertilization":null,"slope":null,"soil_quality":null,"how_much_did_it_rain_during_the_crop_season":null,"weight_of_all_yield_of_the_variety_a_in_kg":null,"weight_of_all_yield_of_the_variety_b_in_kg":null,"weight_of_all_yield_of_the_variety_c_in_kg":null,"from_the_3_varieties_which_one_would_you_like_to_grow_again":null,"codigo_paquetes":null,"caracteristica_1":"Faster_maturity-(A/B/C)","best_variedad_1":null,"worst_variedad_1":null,"caracteristica_2":"Disease_resistance-(A/B/C)","best_variedad_2":null,"worst_variedad_2":null,"caracteristica_3":"Drought_resistance-(A/B/C)","best_variedad_3":null,"worst_variedad_3":null,"caracteristica_4":"Yield-(A/B/C)","best_variedad_4":null,"worst_variedad_4":null,"caracteristica_5":"Value_in_the_market-(A/B/C)","best_variedad_5":null,"worst_variedad_5":null,"caracteristica_6":"Overall_performance-(A/B/C)","best_variedad_6":null,"worst_variedad_6":null,"caracteristica_7":"Overall_performance_VS_Local-(Better/Worse)","variedad_a_7":null,"variedad_b_7":null,"variedad_c_7":null,"evaluation":null},
{"observadores":"issd_osw_boset_sorghum_22","name_user":null,"name_family":null,"village":null,"district":null,"telephone":null,"gender":null,"age":null,"location_longitude_seed_delivery_point":null,"location_latitude_seed_delivery_point":null,"location_altitude":null,"location_longitude":null,"location_latitude":null,"planting_date":null,"harvest_date":null,"fertilization":null,"slope":null,"soil_quality":null,"how_much_did_it_rain_during_the_crop_season":null,"weight_of_all_yield_of_the_variety_a_in_kg":null,"weight_of_all_yield_of_the_variety_b_in_kg":null,"weight_of_all_yield_of_the_variety_c_in_kg":null,"from_the_3_varieties_which_one_would_you_like_to_grow_again":null,"codigo_paquetes":null,"caracteristica_1":"Faster_maturity-(A/B/C)","best_variedad_1":null,"worst_variedad_1":null,"caracteristica_2":"Disease_resistance-(A/B/C)","best_variedad_2":null,"worst_variedad_2":null,"caracteristica_3":"Drought_resistance-(A/B/C)","best_variedad_3":null,"worst_variedad_3":null,"caracteristica_4":"Yield-(A/B/C)","best_variedad_4":null,"worst_variedad_4":null,"caracteristica_5":"Value_in_the_market-(A/B/C)","best_variedad_5":null,"worst_variedad_5":null,"caracteristica_6":"Overall_performance-(A/B/C)","best_variedad_6":null,"worst_variedad_6":null,"caracteristica_7":"Overall_performance_VS_Local-(Better/Worse)","variedad_a_7":null,"variedad_b_7":null,"variedad_c_7":null,"evaluation":null},
{"observadores":"issd_osw_boset_sorghum_23","name_user":null,"name_family":null,"village":null,"district":null,"telephone":null,"gender":null,"age":null,"location_longitude_seed_delivery_point":null,"location_latitude_seed_delivery_point":null,"location_altitude":null,"location_longitude":null,"location_latitude":null,"planting_date":null,"harvest_date":null,"fertilization":null,"slope":null,"soil_quality":null,"how_much_did_it_rain_during_the_crop_season":null,"weight_of_all_yield_of_the_variety_a_in_kg":null,"weight_of_all_yield_of_the_variety_b_in_kg":null,"weight_of_all_yield_of_the_variety_c_in_kg":null,"from_the_3_varieties_which_one_would_you_like_to_grow_again":null,"codigo_paquetes":null,"caracteristica_1":"Faster_maturity-(A/B/C)","best_variedad_1":null,"worst_variedad_1":null,"caracteristica_2":"Disease_resistance-(A/B/C)","best_variedad_2":null,"worst_variedad_2":null,"caracteristica_3":"Drought_resistance-(A/B/C)","best_variedad_3":null,"worst_variedad_3":null,"caracteristica_4":"Yield-(A/B/C)","best_variedad_4":null,"worst_variedad_4":null,"caracteristica_5":"Value_in_the_market-(A/B/C)","best_variedad_5":null,"worst_variedad_5":null,"caracteristica_6":"Overall_performance-(A/B/C)","best_variedad_6":null,"worst_variedad_6":null,"caracteristica_7":"Overall_performance_VS_Local-(Better/Worse)","variedad_a_7":null,"variedad_b_7":null,"variedad_c_7":null,"evaluation":null},
{"observadores":"issd_osw_boset_sorghum_24","name_user":null,"name_family":null,"village":null,"district":null,"telephone":null,"gender":null,"age":null,"location_longitude_seed_delivery_point":null,"location_latitude_seed_delivery_point":null,"location_altitude":null,"location_longitude":null,"location_latitude":null,"planting_date":null,"harvest_date":null,"fertilization":null,"slope":null,"soil_quality":null,"how_much_did_it_rain_during_the_crop_season":null,"weight_of_all_yield_of_the_variety_a_in_kg":null,"weight_of_all_yield_of_the_variety_b_in_kg":null,"weight_of_all_yield_of_the_variety_c_in_kg":null,"from_the_3_varieties_which_one_would_you_like_to_grow_again":null,"codigo_paquetes":null,"caracteristica_1":"Faster_maturity-(A/B/C)","best_variedad_1":null,"worst_variedad_1":null,"caracteristica_2":"Disease_resistance-(A/B/C)","best_variedad_2":null,"worst_variedad_2":null,"caracteristica_3":"Drought_resistance-(A/B/C)","best_variedad_3":null,"worst_variedad_3":null,"caracteristica_4":"Yield-(A/B/C)","best_variedad_4":null,"worst_variedad_4":null,"caracteristica_5":"Value_in_the_market-(A/B/C)","best_variedad_5":null,"worst_variedad_5":null,"caracteristica_6":"Overall_performance-(A/B/C)","best_variedad_6":null,"worst_variedad_6":null,"caracteristica_7":"Overall_performance_VS_Local-(Better/Worse)","variedad_a_7":null,"variedad_b_7":null,"variedad_c_7":null,"evaluation":null},
{"observadores":"issd_osw_boset_sorghum_25","name_user":null,"name_family":null,"village":null,"district":null,"telephone":null,"gender":null,"age":null,"location_longitude_seed_delivery_point":null,"location_latitude_seed_delivery_point":null,"location_altitude":null,"location_longitude":null,"location_latitude":null,"planting_date":null,"harvest_date":null,"fertilization":null,"slope":null,"soil_quality":null,"how_much_did_it_rain_during_the_crop_season":null,"weight_of_all_yield_of_the_variety_a_in_kg":null,"weight_of_all_yield_of_the_variety_b_in_kg":null,"weight_of_all_yield_of_the_variety_c_in_kg":null,"from_the_3_varieties_which_one_would_you_like_to_grow_again":null,"codigo_paquetes":null,"caracteristica_1":"Faster_maturity-(A/B/C)","best_variedad_1":null,"worst_variedad_1":null,"caracteristica_2":"Disease_resistance-(A/B/C)","best_variedad_2":null,"worst_variedad_2":null,"caracteristica_3":"Drought_resistance-(A/B/C)","best_variedad_3":null,"worst_variedad_3":null,"caracteristica_4":"Yield-(A/B/C)","best_variedad_4":null,"worst_variedad_4":null,"caracteristica_5":"Value_in_the_market-(A/B/C)","best_variedad_5":null,"worst_variedad_5":null,"caracteristica_6":"Overall_performance-(A/B/C)","best_variedad_6":null,"worst_variedad_6":null,"caracteristica_7":"Overall_performance_VS_Local-(Better/Worse)","variedad_a_7":null,"variedad_b_7":null,"variedad_c_7":null,"evaluation":null},
{"observadores":"issd_osw_boset_sorghum_26","name_user":null,"name_family":null,"village":null,"district":null,"telephone":null,"gender":null,"age":null,"location_longitude_seed_delivery_point":null,"location_latitude_seed_delivery_point":null,"location_altitude":null,"location_longitude":null,"location_latitude":null,"planting_date":null,"harvest_date":null,"fertilization":null,"slope":null,"soil_quality":null,"how_much_did_it_rain_during_the_crop_season":null,"weight_of_all_yield_of_the_variety_a_in_kg":null,"weight_of_all_yield_of_the_variety_b_in_kg":null,"weight_of_all_yield_of_the_variety_c_in_kg":null,"from_the_3_varieties_which_one_would_you_like_to_grow_again":null,"codigo_paquetes":null,"caracteristica_1":"Faster_maturity-(A/B/C)","best_variedad_1":null,"worst_variedad_1":null,"caracteristica_2":"Disease_resistance-(A/B/C)","best_variedad_2":null,"worst_variedad_2":null,"caracteristica_3":"Drought_resistance-(A/B/C)","best_variedad_3":null,"worst_variedad_3":null,"caracteristica_4":"Yield-(A/B/C)","best_variedad_4":null,"worst_variedad_4":null,"caracteristica_5":"Value_in_the_market-(A/B/C)","best_variedad_5":null,"worst_variedad_5":null,"caracteristica_6":"Overall_performance-(A/B/C)","best_variedad_6":null,"worst_variedad_6":null,"caracteristica_7":"Overall_performance_VS_Local-(Better/Worse)","variedad_a_7":null,"variedad_b_7":null,"variedad_c_7":null,"evaluation":null},
{"observadores":"issd_osw_boset_sorghum_27","name_user":null,"name_family":null,"village":null,"district":null,"telephone":null,"gender":null,"age":null,"location_longitude_seed_delivery_point":null,"location_latitude_seed_delivery_point":null,"location_altitude":null,"location_longitude":null,"location_latitude":null,"planting_date":null,"harvest_date":null,"fertilization":null,"slope":null,"soil_quality":null,"how_much_did_it_rain_during_the_crop_season":null,"weight_of_all_yield_of_the_variety_a_in_kg":null,"weight_of_all_yield_of_the_variety_b_in_kg":null,"weight_of_all_yield_of_the_variety_c_in_kg":null,"from_the_3_varieties_which_one_would_you_like_to_grow_again":null,"codigo_paquetes":null,"caracteristica_1":"Faster_maturity-(A/B/C)","best_variedad_1":null,"worst_variedad_1":null,"caracteristica_2":"Disease_resistance-(A/B/C)","best_variedad_2":null,"worst_variedad_2":null,"caracteristica_3":"Drought_resistance-(A/B/C)","best_variedad_3":null,"worst_variedad_3":null,"caracteristica_4":"Yield-(A/B/C)","best_variedad_4":null,"worst_variedad_4":null,"caracteristica_5":"Value_in_the_market-(A/B/C)","best_variedad_5":null,"worst_variedad_5":null,"caracteristica_6":"Overall_performance-(A/B/C)","best_variedad_6":null,"worst_variedad_6":null,"caracteristica_7":"Overall_performance_VS_Local-(Better/Worse)","variedad_a_7":null,"variedad_b_7":null,"variedad_c_7":null,"evaluation":null},
{"observadores":"issd_osw_boset_sorghum_28","name_user":null,"name_family":null,"village":null,"district":null,"telephone":null,"gender":null,"age":null,"location_longitude_seed_delivery_point":null,"location_latitude_seed_delivery_point":null,"location_altitude":null,"location_longitude":null,"location_latitude":null,"planting_date":null,"harvest_date":null,"fertilization":null,"slope":null,"soil_quality":null,"how_much_did_it_rain_during_the_crop_season":null,"weight_of_all_yield_of_the_variety_a_in_kg":null,"weight_of_all_yield_of_the_variety_b_in_kg":null,"weight_of_all_yield_of_the_variety_c_in_kg":null,"from_the_3_varieties_which_one_would_you_like_to_grow_again":null,"codigo_paquetes":null,"caracteristica_1":"Faster_maturity-(A/B/C)","best_variedad_1":null,"worst_variedad_1":null,"caracteristica_2":"Disease_resistance-(A/B/C)","best_variedad_2":null,"worst_variedad_2":null,"caracteristica_3":"Drought_resistance-(A/B/C)","best_variedad_3":null,"worst_variedad_3":null,"caracteristica_4":"Yield-(A/B/C)","best_variedad_4":null,"worst_variedad_4":null,"caracteristica_5":"Value_in_the_market-(A/B/C)","best_variedad_5":null,"worst_variedad_5":null,"caracteristica_6":"Overall_performance-(A/B/C)","best_variedad_6":null,"worst_variedad_6":null,"caracteristica_7":"Overall_performance_VS_Local-(Better/Worse)","variedad_a_7":null,"variedad_b_7":null,"variedad_c_7":null,"evaluation":null},
{"observadores":"issd_osw_boset_sorghum_29","name_user":null,"name_family":null,"village":null,"district":null,"telephone":null,"gender":null,"age":null,"location_longitude_seed_delivery_point":null,"location_latitude_seed_delivery_point":null,"location_altitude":null,"location_longitude":null,"location_latitude":null,"planting_date":null,"harvest_date":null,"fertilization":null,"slope":null,"soil_quality":null,"how_much_did_it_rain_during_the_crop_season":null,"weight_of_all_yield_of_the_variety_a_in_kg":null,"weight_of_all_yield_of_the_variety_b_in_kg":null,"weight_of_all_yield_of_the_variety_c_in_kg":null,"from_the_3_varieties_which_one_would_you_like_to_grow_again":null,"codigo_paquetes":null,"caracteristica_1":"Faster_maturity-(A/B/C)","best_variedad_1":null,"worst_variedad_1":null,"caracteristica_2":"Disease_resistance-(A/B/C)","best_variedad_2":null,"worst_variedad_2":null,"caracteristica_3":"Drought_resistance-(A/B/C)","best_variedad_3":null,"worst_variedad_3":null,"caracteristica_4":"Yield-(A/B/C)","best_variedad_4":null,"worst_variedad_4":null,"caracteristica_5":"Value_in_the_market-(A/B/C)","best_variedad_5":null,"worst_variedad_5":null,"caracteristica_6":"Overall_performance-(A/B/C)","best_variedad_6":null,"worst_variedad_6":null,"caracteristica_7":"Overall_performance_VS_Local-(Better/Worse)","variedad_a_7":null,"variedad_b_7":null,"variedad_c_7":null,"evaluation":null},
{"observadores":"issd_osw_boset_sorghum_3","name_user":null,"name_family":null,"village":null,"district":null,"telephone":null,"gender":null,"age":null,"location_longitude_seed_delivery_point":null,"location_latitude_seed_delivery_point":null,"location_altitude":null,"location_longitude":null,"location_latitude":null,"planting_date":null,"harvest_date":null,"fertilization":null,"slope":null,"soil_quality":null,"how_much_did_it_rain_during_the_crop_season":null,"weight_of_all_yield_of_the_variety_a_in_kg":null,"weight_of_all_yield_of_the_variety_b_in_kg":null,"weight_of_all_yield_of_the_variety_c_in_kg":null,"from_the_3_varieties_which_one_would_you_like_to_grow_again":null,"codigo_paquetes":null,"caracteristica_1":"Faster_maturity-(A/B/C)","best_variedad_1":null,"worst_variedad_1":null,"caracteristica_2":"Disease_resistance-(A/B/C)","best_variedad_2":null,"worst_variedad_2":null,"caracteristica_3":"Drought_resistance-(A/B/C)","best_variedad_3":null,"worst_variedad_3":null,"caracteristica_4":"Yield-(A/B/C)","best_variedad_4":null,"worst_variedad_4":null,"caracteristica_5":"Value_in_the_market-(A/B/C)","best_variedad_5":null,"worst_variedad_5":null,"caracteristica_6":"Overall_performance-(A/B/C)","best_variedad_6":null,"worst_variedad_6":null,"caracteristica_7":"Overall_performance_VS_Local-(Better/Worse)","variedad_a_7":null,"variedad_b_7":null,"variedad_c_7":null,"evaluation":null},
{"observadores":"issd_osw_boset_sorghum_30","name_user":null,"name_family":null,"village":null,"district":null,"telephone":null,"gender":null,"age":null,"location_longitude_seed_delivery_point":null,"location_latitude_seed_delivery_point":null,"location_altitude":null,"location_longitude":null,"location_latitude":null,"planting_date":null,"harvest_date":null,"fertilization":null,"slope":null,"soil_quality":null,"how_much_did_it_rain_during_the_crop_season":null,"weight_of_all_yield_of_the_variety_a_in_kg":null,"weight_of_all_yield_of_the_variety_b_in_kg":null,"weight_of_all_yield_of_the_variety_c_in_kg":null,"from_the_3_varieties_which_one_would_you_like_to_grow_again":null,"codigo_paquetes":null,"caracteristica_1":"Faster_maturity-(A/B/C)","best_variedad_1":null,"worst_variedad_1":null,"caracteristica_2":"Disease_resistance-(A/B/C)","best_variedad_2":null,"worst_variedad_2":null,"caracteristica_3":"Drought_resistance-(A/B/C)","best_variedad_3":null,"worst_variedad_3":null,"caracteristica_4":"Yield-(A/B/C)","best_variedad_4":null,"worst_variedad_4":null,"caracteristica_5":"Value_in_the_market-(A/B/C)","best_variedad_5":null,"worst_variedad_5":null,"caracteristica_6":"Overall_performance-(A/B/C)","best_variedad_6":null,"worst_variedad_6":null,"caracteristica_7":"Overall_performance_VS_Local-(Better/Worse)","variedad_a_7":null,"variedad_b_7":null,"variedad_c_7":null,"evaluation":null},
{"observadores":"issd_osw_boset_sorghum_31","name_user":null,"name_family":null,"village":null,"district":null,"telephone":null,"gender":null,"age":null,"location_longitude_seed_delivery_point":null,"location_latitude_seed_delivery_point":null,"location_altitude":null,"location_longitude":null,"location_latitude":null,"planting_date":null,"harvest_date":null,"fertilization":null,"slope":null,"soil_quality":null,"how_much_did_it_rain_during_the_crop_season":null,"weight_of_all_yield_of_the_variety_a_in_kg":null,"weight_of_all_yield_of_the_variety_b_in_kg":null,"weight_of_all_yield_of_the_variety_c_in_kg":null,"from_the_3_varieties_which_one_would_you_like_to_grow_again":null,"codigo_paquetes":null,"caracteristica_1":"Faster_maturity-(A/B/C)","best_variedad_1":null,"worst_variedad_1":null,"caracteristica_2":"Disease_resistance-(A/B/C)","best_variedad_2":null,"worst_variedad_2":null,"caracteristica_3":"Drought_resistance-(A/B/C)","best_variedad_3":null,"worst_variedad_3":null,"caracteristica_4":"Yield-(A/B/C)","best_variedad_4":null,"worst_variedad_4":null,"caracteristica_5":"Value_in_the_market-(A/B/C)","best_variedad_5":null,"worst_variedad_5":null,"caracteristica_6":"Overall_performance-(A/B/C)","best_variedad_6":null,"worst_variedad_6":null,"caracteristica_7":"Overall_performance_VS_Local-(Better/Worse)","variedad_a_7":null,"variedad_b_7":null,"variedad_c_7":null,"evaluation":null},
{"observadores":"issd_osw_boset_sorghum_32","name_user":null,"name_family":null,"village":null,"district":null,"telephone":null,"gender":null,"age":null,"location_longitude_seed_delivery_point":null,"location_latitude_seed_delivery_point":null,"location_altitude":null,"location_longitude":null,"location_latitude":null,"planting_date":null,"harvest_date":null,"fertilization":null,"slope":null,"soil_quality":null,"how_much_did_it_rain_during_the_crop_season":null,"weight_of_all_yield_of_the_variety_a_in_kg":null,"weight_of_all_yield_of_the_variety_b_in_kg":null,"weight_of_all_yield_of_the_variety_c_in_kg":null,"from_the_3_varieties_which_one_would_you_like_to_grow_again":null,"codigo_paquetes":null,"caracteristica_1":"Faster_maturity-(A/B/C)","best_variedad_1":null,"worst_variedad_1":null,"caracteristica_2":"Disease_resistance-(A/B/C)","best_variedad_2":null,"worst_variedad_2":null,"caracteristica_3":"Drought_resistance-(A/B/C)","best_variedad_3":null,"worst_variedad_3":null,"caracteristica_4":"Yield-(A/B/C)","best_variedad_4":null,"worst_variedad_4":null,"caracteristica_5":"Value_in_the_market-(A/B/C)","best_variedad_5":null,"worst_variedad_5":null,"caracteristica_6":"Overall_performance-(A/B/C)","best_variedad_6":null,"worst_variedad_6":null,"caracteristica_7":"Overall_performance_VS_Local-(Better/Worse)","variedad_a_7":null,"variedad_b_7":null,"variedad_c_7":null,"evaluation":null},
{"observadores":"issd_osw_boset_sorghum_33","name_user":null,"name_family":null,"village":null,"district":null,"telephone":null,"gender":null,"age":null,"location_longitude_seed_delivery_point":null,"location_latitude_seed_delivery_point":null,"location_altitude":null,"location_longitude":null,"location_latitude":null,"planting_date":null,"harvest_date":null,"fertilization":null,"slope":null,"soil_quality":null,"how_much_did_it_rain_during_the_crop_season":null,"weight_of_all_yield_of_the_variety_a_in_kg":null,"weight_of_all_yield_of_the_variety_b_in_kg":null,"weight_of_all_yield_of_the_variety_c_in_kg":null,"from_the_3_varieties_which_one_would_you_like_to_grow_again":null,"codigo_paquetes":null,"caracteristica_1":"Faster_maturity-(A/B/C)","best_variedad_1":null,"worst_variedad_1":null,"caracteristica_2":"Disease_resistance-(A/B/C)","best_variedad_2":null,"worst_variedad_2":null,"caracteristica_3":"Drought_resistance-(A/B/C)","best_variedad_3":null,"worst_variedad_3":null,"caracteristica_4":"Yield-(A/B/C)","best_variedad_4":null,"worst_variedad_4":null,"caracteristica_5":"Value_in_the_market-(A/B/C)","best_variedad_5":null,"worst_variedad_5":null,"caracteristica_6":"Overall_performance-(A/B/C)","best_variedad_6":null,"worst_variedad_6":null,"caracteristica_7":"Overall_performance_VS_Local-(Better/Worse)","variedad_a_7":null,"variedad_b_7":null,"variedad_c_7":null,"evaluation":null},
{"observadores":"issd_osw_boset_sorghum_34","name_user":null,"name_family":null,"village":null,"district":null,"telephone":null,"gender":null,"age":null,"location_longitude_seed_delivery_point":null,"location_latitude_seed_delivery_point":null,"location_altitude":null,"location_longitude":null,"location_latitude":null,"planting_date":null,"harvest_date":null,"fertilization":null,"slope":null,"soil_quality":null,"how_much_did_it_rain_during_the_crop_season":null,"weight_of_all_yield_of_the_variety_a_in_kg":null,"weight_of_all_yield_of_the_variety_b_in_kg":null,"weight_of_all_yield_of_the_variety_c_in_kg":null,"from_the_3_varieties_which_one_would_you_like_to_grow_again":null,"codigo_paquetes":null,"caracteristica_1":"Faster_maturity-(A/B/C)","best_variedad_1":null,"worst_variedad_1":null,"caracteristica_2":"Disease_resistance-(A/B/C)","best_variedad_2":null,"worst_variedad_2":null,"caracteristica_3":"Drought_resistance-(A/B/C)","best_variedad_3":null,"worst_variedad_3":null,"caracteristica_4":"Yield-(A/B/C)","best_variedad_4":null,"worst_variedad_4":null,"caracteristica_5":"Value_in_the_market-(A/B/C)","best_variedad_5":null,"worst_variedad_5":null,"caracteristica_6":"Overall_performance-(A/B/C)","best_variedad_6":null,"worst_variedad_6":null,"caracteristica_7":"Overall_performance_VS_Local-(Better/Worse)","variedad_a_7":null,"variedad_b_7":null,"variedad_c_7":null,"evaluation":null},
{"observadores":"issd_osw_boset_sorghum_35","name_user":null,"name_family":null,"village":null,"district":null,"telephone":null,"gender":null,"age":null,"location_longitude_seed_delivery_point":null,"location_latitude_seed_delivery_point":null,"location_altitude":null,"location_longitude":null,"location_latitude":null,"planting_date":null,"harvest_date":null,"fertilization":null,"slope":null,"soil_quality":null,"how_much_did_it_rain_during_the_crop_season":null,"weight_of_all_yield_of_the_variety_a_in_kg":null,"weight_of_all_yield_of_the_variety_b_in_kg":null,"weight_of_all_yield_of_the_variety_c_in_kg":null,"from_the_3_varieties_which_one_would_you_like_to_grow_again":null,"codigo_paquetes":null,"caracteristica_1":"Faster_maturity-(A/B/C)","best_variedad_1":null,"worst_variedad_1":null,"caracteristica_2":"Disease_resistance-(A/B/C)","best_variedad_2":null,"worst_variedad_2":null,"caracteristica_3":"Drought_resistance-(A/B/C)","best_variedad_3":null,"worst_variedad_3":null,"caracteristica_4":"Yield-(A/B/C)","best_variedad_4":null,"worst_variedad_4":null,"caracteristica_5":"Value_in_the_market-(A/B/C)","best_variedad_5":null,"worst_variedad_5":null,"caracteristica_6":"Overall_performance-(A/B/C)","best_variedad_6":null,"worst_variedad_6":null,"caracteristica_7":"Overall_performance_VS_Local-(Better/Worse)","variedad_a_7":null,"variedad_b_7":null,"variedad_c_7":null,"evaluation":null},
{"observadores":"issd_osw_boset_sorghum_36","name_user":null,"name_family":null,"village":null,"district":null,"telephone":null,"gender":null,"age":null,"location_longitude_seed_delivery_point":null,"location_latitude_seed_delivery_point":null,"location_altitude":null,"location_longitude":null,"location_latitude":null,"planting_date":null,"harvest_date":null,"fertilization":null,"slope":null,"soil_quality":null,"how_much_did_it_rain_during_the_crop_season":null,"weight_of_all_yield_of_the_variety_a_in_kg":null,"weight_of_all_yield_of_the_variety_b_in_kg":null,"weight_of_all_yield_of_the_variety_c_in_kg":null,"from_the_3_varieties_which_one_would_you_like_to_grow_again":null,"codigo_paquetes":null,"caracteristica_1":"Faster_maturity-(A/B/C)","best_variedad_1":null,"worst_variedad_1":null,"caracteristica_2":"Disease_resistance-(A/B/C)","best_variedad_2":null,"worst_variedad_2":null,"caracteristica_3":"Drought_resistance-(A/B/C)","best_variedad_3":null,"worst_variedad_3":null,"caracteristica_4":"Yield-(A/B/C)","best_variedad_4":null,"worst_variedad_4":null,"caracteristica_5":"Value_in_the_market-(A/B/C)","best_variedad_5":null,"worst_variedad_5":null,"caracteristica_6":"Overall_performance-(A/B/C)","best_variedad_6":null,"worst_variedad_6":null,"caracteristica_7":"Overall_performance_VS_Local-(Better/Worse)","variedad_a_7":null,"variedad_b_7":null,"variedad_c_7":null,"evaluation":null},
{"observadores":"issd_osw_boset_sorghum_37","name_user":null,"name_family":null,"village":null,"district":null,"telephone":null,"gender":null,"age":null,"location_longitude_seed_delivery_point":null,"location_latitude_seed_delivery_point":null,"location_altitude":null,"location_longitude":null,"location_latitude":null,"planting_date":null,"harvest_date":null,"fertilization":null,"slope":null,"soil_quality":null,"how_much_did_it_rain_during_the_crop_season":null,"weight_of_all_yield_of_the_variety_a_in_kg":null,"weight_of_all_yield_of_the_variety_b_in_kg":null,"weight_of_all_yield_of_the_variety_c_in_kg":null,"from_the_3_varieties_which_one_would_you_like_to_grow_again":null,"codigo_paquetes":null,"caracteristica_1":"Faster_maturity-(A/B/C)","best_variedad_1":null,"worst_variedad_1":null,"caracteristica_2":"Disease_resistance-(A/B/C)","best_variedad_2":null,"worst_variedad_2":null,"caracteristica_3":"Drought_resistance-(A/B/C)","best_variedad_3":null,"worst_variedad_3":null,"caracteristica_4":"Yield-(A/B/C)","best_variedad_4":null,"worst_variedad_4":null,"caracteristica_5":"Value_in_the_market-(A/B/C)","best_variedad_5":null,"worst_variedad_5":null,"caracteristica_6":"Overall_performance-(A/B/C)","best_variedad_6":null,"worst_variedad_6":null,"caracteristica_7":"Overall_performance_VS_Local-(Better/Worse)","variedad_a_7":null,"variedad_b_7":null,"variedad_c_7":null,"evaluation":null},
{"observadores":"issd_osw_boset_sorghum_38","name_user":null,"name_family":null,"village":null,"district":null,"telephone":null,"gender":null,"age":null,"location_longitude_seed_delivery_point":null,"location_latitude_seed_delivery_point":null,"location_altitude":null,"location_longitude":null,"location_latitude":null,"planting_date":null,"harvest_date":null,"fertilization":null,"slope":null,"soil_quality":null,"how_much_did_it_rain_during_the_crop_season":null,"weight_of_all_yield_of_the_variety_a_in_kg":null,"weight_of_all_yield_of_the_variety_b_in_kg":null,"weight_of_all_yield_of_the_variety_c_in_kg":null,"from_the_3_varieties_which_one_would_you_like_to_grow_again":null,"codigo_paquetes":null,"caracteristica_1":"Faster_maturity-(A/B/C)","best_variedad_1":null,"worst_variedad_1":null,"caracteristica_2":"Disease_resistance-(A/B/C)","best_variedad_2":null,"worst_variedad_2":null,"caracteristica_3":"Drought_resistance-(A/B/C)","best_variedad_3":null,"worst_variedad_3":null,"caracteristica_4":"Yield-(A/B/C)","best_variedad_4":null,"worst_variedad_4":null,"caracteristica_5":"Value_in_the_market-(A/B/C)","best_variedad_5":null,"worst_variedad_5":null,"caracteristica_6":"Overall_performance-(A/B/C)","best_variedad_6":null,"worst_variedad_6":null,"caracteristica_7":"Overall_performance_VS_Local-(Better/Worse)","variedad_a_7":null,"variedad_b_7":null,"variedad_c_7":null,"evaluation":null},
{"observadores":"issd_osw_boset_sorghum_39","name_user":null,"name_family":null,"village":null,"district":null,"telephone":null,"gender":null,"age":null,"location_longitude_seed_delivery_point":null,"location_latitude_seed_delivery_point":null,"location_altitude":null,"location_longitude":null,"location_latitude":null,"planting_date":null,"harvest_date":null,"fertilization":null,"slope":null,"soil_quality":null,"how_much_did_it_rain_during_the_crop_season":null,"weight_of_all_yield_of_the_variety_a_in_kg":null,"weight_of_all_yield_of_the_variety_b_in_kg":null,"weight_of_all_yield_of_the_variety_c_in_kg":null,"from_the_3_varieties_which_one_would_you_like_to_grow_again":null,"codigo_paquetes":null,"caracteristica_1":"Faster_maturity-(A/B/C)","best_variedad_1":null,"worst_variedad_1":null,"caracteristica_2":"Disease_resistance-(A/B/C)","best_variedad_2":null,"worst_variedad_2":null,"caracteristica_3":"Drought_resistance-(A/B/C)","best_variedad_3":null,"worst_variedad_3":null,"caracteristica_4":"Yield-(A/B/C)","best_variedad_4":null,"worst_variedad_4":null,"caracteristica_5":"Value_in_the_market-(A/B/C)","best_variedad_5":null,"worst_variedad_5":null,"caracteristica_6":"Overall_performance-(A/B/C)","best_variedad_6":null,"worst_variedad_6":null,"caracteristica_7":"Overall_performance_VS_Local-(Better/Worse)","variedad_a_7":null,"variedad_b_7":null,"variedad_c_7":null,"evaluation":null},
{"observadores":"issd_osw_boset_sorghum_4","name_user":null,"name_family":null,"village":null,"district":null,"telephone":null,"gender":null,"age":null,"location_longitude_seed_delivery_point":null,"location_latitude_seed_delivery_point":null,"location_altitude":null,"location_longitude":null,"location_latitude":null,"planting_date":null,"harvest_date":null,"fertilization":null,"slope":null,"soil_quality":null,"how_much_did_it_rain_during_the_crop_season":null,"weight_of_all_yield_of_the_variety_a_in_kg":null,"weight_of_all_yield_of_the_variety_b_in_kg":null,"weight_of_all_yield_of_the_variety_c_in_kg":null,"from_the_3_varieties_which_one_would_you_like_to_grow_again":null,"codigo_paquetes":null,"caracteristica_1":"Faster_maturity-(A/B/C)","best_variedad_1":null,"worst_variedad_1":null,"caracteristica_2":"Disease_resistance-(A/B/C)","best_variedad_2":null,"worst_variedad_2":null,"caracteristica_3":"Drought_resistance-(A/B/C)","best_variedad_3":null,"worst_variedad_3":null,"caracteristica_4":"Yield-(A/B/C)","best_variedad_4":null,"worst_variedad_4":null,"caracteristica_5":"Value_in_the_market-(A/B/C)","best_variedad_5":null,"worst_variedad_5":null,"caracteristica_6":"Overall_performance-(A/B/C)","best_variedad_6":null,"worst_variedad_6":null,"caracteristica_7":"Overall_performance_VS_Local-(Better/Worse)","variedad_a_7":null,"variedad_b_7":null,"variedad_c_7":null,"evaluation":null},
{"observadores":"issd_osw_boset_sorghum_40","name_user":null,"name_family":null,"village":null,"district":null,"telephone":null,"gender":null,"age":null,"location_longitude_seed_delivery_point":null,"location_latitude_seed_delivery_point":null,"location_altitude":null,"location_longitude":null,"location_latitude":null,"planting_date":null,"harvest_date":null,"fertilization":null,"slope":null,"soil_quality":null,"how_much_did_it_rain_during_the_crop_season":null,"weight_of_all_yield_of_the_variety_a_in_kg":null,"weight_of_all_yield_of_the_variety_b_in_kg":null,"weight_of_all_yield_of_the_variety_c_in_kg":null,"from_the_3_varieties_which_one_would_you_like_to_grow_again":null,"codigo_paquetes":null,"caracteristica_1":"Faster_maturity-(A/B/C)","best_variedad_1":null,"worst_variedad_1":null,"caracteristica_2":"Disease_resistance-(A/B/C)","best_variedad_2":null,"worst_variedad_2":null,"caracteristica_3":"Drought_resistance-(A/B/C)","best_variedad_3":null,"worst_variedad_3":null,"caracteristica_4":"Yield-(A/B/C)","best_variedad_4":null,"worst_variedad_4":null,"caracteristica_5":"Value_in_the_market-(A/B/C)","best_variedad_5":null,"worst_variedad_5":null,"caracteristica_6":"Overall_performance-(A/B/C)","best_variedad_6":null,"worst_variedad_6":null,"caracteristica_7":"Overall_performance_VS_Local-(Better/Worse)","variedad_a_7":null,"variedad_b_7":null,"variedad_c_7":null,"evaluation":null},
{"observadores":"issd_osw_boset_sorghum_41","name_user":null,"name_family":null,"village":null,"district":null,"telephone":null,"gender":null,"age":null,"location_longitude_seed_delivery_point":null,"location_latitude_seed_delivery_point":null,"location_altitude":null,"location_longitude":null,"location_latitude":null,"planting_date":null,"harvest_date":null,"fertilization":null,"slope":null,"soil_quality":null,"how_much_did_it_rain_during_the_crop_season":null,"weight_of_all_yield_of_the_variety_a_in_kg":null,"weight_of_all_yield_of_the_variety_b_in_kg":null,"weight_of_all_yield_of_the_variety_c_in_kg":null,"from_the_3_varieties_which_one_would_you_like_to_grow_again":null,"codigo_paquetes":null,"caracteristica_1":"Faster_maturity-(A/B/C)","best_variedad_1":null,"worst_variedad_1":null,"caracteristica_2":"Disease_resistance-(A/B/C)","best_variedad_2":null,"worst_variedad_2":null,"caracteristica_3":"Drought_resistance-(A/B/C)","best_variedad_3":null,"worst_variedad_3":null,"caracteristica_4":"Yield-(A/B/C)","best_variedad_4":null,"worst_variedad_4":null,"caracteristica_5":"Value_in_the_market-(A/B/C)","best_variedad_5":null,"worst_variedad_5":null,"caracteristica_6":"Overall_performance-(A/B/C)","best_variedad_6":null,"worst_variedad_6":null,"caracteristica_7":"Overall_performance_VS_Local-(Better/Worse)","variedad_a_7":null,"variedad_b_7":null,"variedad_c_7":null,"evaluation":null},
{"observadores":"issd_osw_boset_sorghum_42","name_user":null,"name_family":null,"village":null,"district":null,"telephone":null,"gender":null,"age":null,"location_longitude_seed_delivery_point":null,"location_latitude_seed_delivery_point":null,"location_altitude":null,"location_longitude":null,"location_latitude":null,"planting_date":null,"harvest_date":null,"fertilization":null,"slope":null,"soil_quality":null,"how_much_did_it_rain_during_the_crop_season":null,"weight_of_all_yield_of_the_variety_a_in_kg":null,"weight_of_all_yield_of_the_variety_b_in_kg":null,"weight_of_all_yield_of_the_variety_c_in_kg":null,"from_the_3_varieties_which_one_would_you_like_to_grow_again":null,"codigo_paquetes":null,"caracteristica_1":"Faster_maturity-(A/B/C)","best_variedad_1":null,"worst_variedad_1":null,"caracteristica_2":"Disease_resistance-(A/B/C)","best_variedad_2":null,"worst_variedad_2":null,"caracteristica_3":"Drought_resistance-(A/B/C)","best_variedad_3":null,"worst_variedad_3":null,"caracteristica_4":"Yield-(A/B/C)","best_variedad_4":null,"worst_variedad_4":null,"caracteristica_5":"Value_in_the_market-(A/B/C)","best_variedad_5":null,"worst_variedad_5":null,"caracteristica_6":"Overall_performance-(A/B/C)","best_variedad_6":null,"worst_variedad_6":null,"caracteristica_7":"Overall_performance_VS_Local-(Better/Worse)","variedad_a_7":null,"variedad_b_7":null,"variedad_c_7":null,"evaluation":null},
{"observadores":"issd_osw_boset_sorghum_43","name_user":null,"name_family":null,"village":null,"district":null,"telephone":null,"gender":null,"age":null,"location_longitude_seed_delivery_point":null,"location_latitude_seed_delivery_point":null,"location_altitude":null,"location_longitude":null,"location_latitude":null,"planting_date":null,"harvest_date":null,"fertilization":null,"slope":null,"soil_quality":null,"how_much_did_it_rain_during_the_crop_season":null,"weight_of_all_yield_of_the_variety_a_in_kg":null,"weight_of_all_yield_of_the_variety_b_in_kg":null,"weight_of_all_yield_of_the_variety_c_in_kg":null,"from_the_3_varieties_which_one_would_you_like_to_grow_again":null,"codigo_paquetes":null,"caracteristica_1":"Faster_maturity-(A/B/C)","best_variedad_1":null,"worst_variedad_1":null,"caracteristica_2":"Disease_resistance-(A/B/C)","best_variedad_2":null,"worst_variedad_2":null,"caracteristica_3":"Drought_resistance-(A/B/C)","best_variedad_3":null,"worst_variedad_3":null,"caracteristica_4":"Yield-(A/B/C)","best_variedad_4":null,"worst_variedad_4":null,"caracteristica_5":"Value_in_the_market-(A/B/C)","best_variedad_5":null,"worst_variedad_5":null,"caracteristica_6":"Overall_performance-(A/B/C)","best_variedad_6":null,"worst_variedad_6":null,"caracteristica_7":"Overall_performance_VS_Local-(Better/Worse)","variedad_a_7":null,"variedad_b_7":null,"variedad_c_7":null,"evaluation":null},
{"observadores":"issd_osw_boset_sorghum_44","name_user":null,"name_family":null,"village":null,"district":null,"telephone":null,"gender":null,"age":null,"location_longitude_seed_delivery_point":null,"location_latitude_seed_delivery_point":null,"location_altitude":null,"location_longitude":null,"location_latitude":null,"planting_date":null,"harvest_date":null,"fertilization":null,"slope":null,"soil_quality":null,"how_much_did_it_rain_during_the_crop_season":null,"weight_of_all_yield_of_the_variety_a_in_kg":null,"weight_of_all_yield_of_the_variety_b_in_kg":null,"weight_of_all_yield_of_the_variety_c_in_kg":null,"from_the_3_varieties_which_one_would_you_like_to_grow_again":null,"codigo_paquetes":null,"caracteristica_1":"Faster_maturity-(A/B/C)","best_variedad_1":null,"worst_variedad_1":null,"caracteristica_2":"Disease_resistance-(A/B/C)","best_variedad_2":null,"worst_variedad_2":null,"caracteristica_3":"Drought_resistance-(A/B/C)","best_variedad_3":null,"worst_variedad_3":null,"caracteristica_4":"Yield-(A/B/C)","best_variedad_4":null,"worst_variedad_4":null,"caracteristica_5":"Value_in_the_market-(A/B/C)","best_variedad_5":null,"worst_variedad_5":null,"caracteristica_6":"Overall_performance-(A/B/C)","best_variedad_6":null,"worst_variedad_6":null,"caracteristica_7":"Overall_performance_VS_Local-(Better/Worse)","variedad_a_7":null,"variedad_b_7":null,"variedad_c_7":null,"evaluation":null},
{"observadores":"issd_osw_boset_sorghum_45","name_user":null,"name_family":null,"village":null,"district":null,"telephone":null,"gender":null,"age":null,"location_longitude_seed_delivery_point":null,"location_latitude_seed_delivery_point":null,"location_altitude":null,"location_longitude":null,"location_latitude":null,"planting_date":null,"harvest_date":null,"fertilization":null,"slope":null,"soil_quality":null,"how_much_did_it_rain_during_the_crop_season":null,"weight_of_all_yield_of_the_variety_a_in_kg":null,"weight_of_all_yield_of_the_variety_b_in_kg":null,"weight_of_all_yield_of_the_variety_c_in_kg":null,"from_the_3_varieties_which_one_would_you_like_to_grow_again":null,"codigo_paquetes":null,"caracteristica_1":"Faster_maturity-(A/B/C)","best_variedad_1":null,"worst_variedad_1":null,"caracteristica_2":"Disease_resistance-(A/B/C)","best_variedad_2":null,"worst_variedad_2":null,"caracteristica_3":"Drought_resistance-(A/B/C)","best_variedad_3":null,"worst_variedad_3":null,"caracteristica_4":"Yield-(A/B/C)","best_variedad_4":null,"worst_variedad_4":null,"caracteristica_5":"Value_in_the_market-(A/B/C)","best_variedad_5":null,"worst_variedad_5":null,"caracteristica_6":"Overall_performance-(A/B/C)","best_variedad_6":null,"worst_variedad_6":null,"caracteristica_7":"Overall_performance_VS_Local-(Better/Worse)","variedad_a_7":null,"variedad_b_7":null,"variedad_c_7":null,"evaluation":null},
{"observadores":"issd_osw_boset_sorghum_46","name_user":null,"name_family":null,"village":null,"district":null,"telephone":null,"gender":null,"age":null,"location_longitude_seed_delivery_point":null,"location_latitude_seed_delivery_point":null,"location_altitude":null,"location_longitude":null,"location_latitude":null,"planting_date":null,"harvest_date":null,"fertilization":null,"slope":null,"soil_quality":null,"how_much_did_it_rain_during_the_crop_season":null,"weight_of_all_yield_of_the_variety_a_in_kg":null,"weight_of_all_yield_of_the_variety_b_in_kg":null,"weight_of_all_yield_of_the_variety_c_in_kg":null,"from_the_3_varieties_which_one_would_you_like_to_grow_again":null,"codigo_paquetes":null,"caracteristica_1":"Faster_maturity-(A/B/C)","best_variedad_1":null,"worst_variedad_1":null,"caracteristica_2":"Disease_resistance-(A/B/C)","best_variedad_2":null,"worst_variedad_2":null,"caracteristica_3":"Drought_resistance-(A/B/C)","best_variedad_3":null,"worst_variedad_3":null,"caracteristica_4":"Yield-(A/B/C)","best_variedad_4":null,"worst_variedad_4":null,"caracteristica_5":"Value_in_the_market-(A/B/C)","best_variedad_5":null,"worst_variedad_5":null,"caracteristica_6":"Overall_performance-(A/B/C)","best_variedad_6":null,"worst_variedad_6":null,"caracteristica_7":"Overall_performance_VS_Local-(Better/Worse)","variedad_a_7":null,"variedad_b_7":null,"variedad_c_7":null,"evaluation":null},
{"observadores":"issd_osw_boset_sorghum_47","name_user":null,"name_family":null,"village":null,"district":null,"telephone":null,"gender":null,"age":null,"location_longitude_seed_delivery_point":null,"location_latitude_seed_delivery_point":null,"location_altitude":null,"location_longitude":null,"location_latitude":null,"planting_date":null,"harvest_date":null,"fertilization":null,"slope":null,"soil_quality":null,"how_much_did_it_rain_during_the_crop_season":null,"weight_of_all_yield_of_the_variety_a_in_kg":null,"weight_of_all_yield_of_the_variety_b_in_kg":null,"weight_of_all_yield_of_the_variety_c_in_kg":null,"from_the_3_varieties_which_one_would_you_like_to_grow_again":null,"codigo_paquetes":null,"caracteristica_1":"Faster_maturity-(A/B/C)","best_variedad_1":null,"worst_variedad_1":null,"caracteristica_2":"Disease_resistance-(A/B/C)","best_variedad_2":null,"worst_variedad_2":null,"caracteristica_3":"Drought_resistance-(A/B/C)","best_variedad_3":null,"worst_variedad_3":null,"caracteristica_4":"Yield-(A/B/C)","best_variedad_4":null,"worst_variedad_4":null,"caracteristica_5":"Value_in_the_market-(A/B/C)","best_variedad_5":null,"worst_variedad_5":null,"caracteristica_6":"Overall_performance-(A/B/C)","best_variedad_6":null,"worst_variedad_6":null,"caracteristica_7":"Overall_performance_VS_Local-(Better/Worse)","variedad_a_7":null,"variedad_b_7":null,"variedad_c_7":null,"evaluation":null},
{"observadores":"issd_osw_boset_sorghum_48","name_user":null,"name_family":null,"village":null,"district":null,"telephone":null,"gender":null,"age":null,"location_longitude_seed_delivery_point":null,"location_latitude_seed_delivery_point":null,"location_altitude":null,"location_longitude":null,"location_latitude":null,"planting_date":null,"harvest_date":null,"fertilization":null,"slope":null,"soil_quality":null,"how_much_did_it_rain_during_the_crop_season":null,"weight_of_all_yield_of_the_variety_a_in_kg":null,"weight_of_all_yield_of_the_variety_b_in_kg":null,"weight_of_all_yield_of_the_variety_c_in_kg":null,"from_the_3_varieties_which_one_would_you_like_to_grow_again":null,"codigo_paquetes":null,"caracteristica_1":"Faster_maturity-(A/B/C)","best_variedad_1":null,"worst_variedad_1":null,"caracteristica_2":"Disease_resistance-(A/B/C)","best_variedad_2":null,"worst_variedad_2":null,"caracteristica_3":"Drought_resistance-(A/B/C)","best_variedad_3":null,"worst_variedad_3":null,"caracteristica_4":"Yield-(A/B/C)","best_variedad_4":null,"worst_variedad_4":null,"caracteristica_5":"Value_in_the_market-(A/B/C)","best_variedad_5":null,"worst_variedad_5":null,"caracteristica_6":"Overall_performance-(A/B/C)","best_variedad_6":null,"worst_variedad_6":null,"caracteristica_7":"Overall_performance_VS_Local-(Better/Worse)","variedad_a_7":null,"variedad_b_7":null,"variedad_c_7":null,"evaluation":null},
{"observadores":"issd_osw_boset_sorghum_49","name_user":null,"name_family":null,"village":null,"district":null,"telephone":null,"gender":null,"age":null,"location_longitude_seed_delivery_point":null,"location_latitude_seed_delivery_point":null,"location_altitude":null,"location_longitude":null,"location_latitude":null,"planting_date":null,"harvest_date":null,"fertilization":null,"slope":null,"soil_quality":null,"how_much_did_it_rain_during_the_crop_season":null,"weight_of_all_yield_of_the_variety_a_in_kg":null,"weight_of_all_yield_of_the_variety_b_in_kg":null,"weight_of_all_yield_of_the_variety_c_in_kg":null,"from_the_3_varieties_which_one_would_you_like_to_grow_again":null,"codigo_paquetes":null,"caracteristica_1":"Faster_maturity-(A/B/C)","best_variedad_1":null,"worst_variedad_1":null,"caracteristica_2":"Disease_resistance-(A/B/C)","best_variedad_2":null,"worst_variedad_2":null,"caracteristica_3":"Drought_resistance-(A/B/C)","best_variedad_3":null,"worst_variedad_3":null,"caracteristica_4":"Yield-(A/B/C)","best_variedad_4":null,"worst_variedad_4":null,"caracteristica_5":"Value_in_the_market-(A/B/C)","best_variedad_5":null,"worst_variedad_5":null,"caracteristica_6":"Overall_performance-(A/B/C)","best_variedad_6":null,"worst_variedad_6":null,"caracteristica_7":"Overall_performance_VS_Local-(Better/Worse)","variedad_a_7":null,"variedad_b_7":null,"variedad_c_7":null,"evaluation":null},
{"observadores":"issd_osw_boset_sorghum_5","name_user":null,"name_family":null,"village":null,"district":null,"telephone":null,"gender":null,"age":null,"location_longitude_seed_delivery_point":null,"location_latitude_seed_delivery_point":null,"location_altitude":null,"location_longitude":null,"location_latitude":null,"planting_date":null,"harvest_date":null,"fertilization":null,"slope":null,"soil_quality":null,"how_much_did_it_rain_during_the_crop_season":null,"weight_of_all_yield_of_the_variety_a_in_kg":null,"weight_of_all_yield_of_the_variety_b_in_kg":null,"weight_of_all_yield_of_the_variety_c_in_kg":null,"from_the_3_varieties_which_one_would_you_like_to_grow_again":null,"codigo_paquetes":null,"caracteristica_1":"Faster_maturity-(A/B/C)","best_variedad_1":null,"worst_variedad_1":null,"caracteristica_2":"Disease_resistance-(A/B/C)","best_variedad_2":null,"worst_variedad_2":null,"caracteristica_3":"Drought_resistance-(A/B/C)","best_variedad_3":null,"worst_variedad_3":null,"caracteristica_4":"Yield-(A/B/C)","best_variedad_4":null,"worst_variedad_4":null,"caracteristica_5":"Value_in_the_market-(A/B/C)","best_variedad_5":null,"worst_variedad_5":null,"caracteristica_6":"Overall_performance-(A/B/C)","best_variedad_6":null,"worst_variedad_6":null,"caracteristica_7":"Overall_performance_VS_Local-(Better/Worse)","variedad_a_7":null,"variedad_b_7":null,"variedad_c_7":null,"evaluation":null},
{"observadores":"issd_osw_boset_sorghum_50","name_user":null,"name_family":null,"village":null,"district":null,"telephone":null,"gender":null,"age":null,"location_longitude_seed_delivery_point":null,"location_latitude_seed_delivery_point":null,"location_altitude":null,"location_longitude":null,"location_latitude":null,"planting_date":null,"harvest_date":null,"fertilization":null,"slope":null,"soil_quality":null,"how_much_did_it_rain_during_the_crop_season":null,"weight_of_all_yield_of_the_variety_a_in_kg":null,"weight_of_all_yield_of_the_variety_b_in_kg":null,"weight_of_all_yield_of_the_variety_c_in_kg":null,"from_the_3_varieties_which_one_would_you_like_to_grow_again":null,"codigo_paquetes":null,"caracteristica_1":"Faster_maturity-(A/B/C)","best_variedad_1":null,"worst_variedad_1":null,"caracteristica_2":"Disease_resistance-(A/B/C)","best_variedad_2":null,"worst_variedad_2":null,"caracteristica_3":"Drought_resistance-(A/B/C)","best_variedad_3":null,"worst_variedad_3":null,"caracteristica_4":"Yield-(A/B/C)","best_variedad_4":null,"worst_variedad_4":null,"caracteristica_5":"Value_in_the_market-(A/B/C)","best_variedad_5":null,"worst_variedad_5":null,"caracteristica_6":"Overall_performance-(A/B/C)","best_variedad_6":null,"worst_variedad_6":null,"caracteristica_7":"Overall_performance_VS_Local-(Better/Worse)","variedad_a_7":null,"variedad_b_7":null,"variedad_c_7":null,"evaluation":null},
{"observadores":"issd_osw_boset_sorghum_6","name_user":null,"name_family":null,"village":null,"district":null,"telephone":null,"gender":null,"age":null,"location_longitude_seed_delivery_point":null,"location_latitude_seed_delivery_point":null,"location_altitude":null,"location_longitude":null,"location_latitude":null,"planting_date":null,"harvest_date":null,"fertilization":null,"slope":null,"soil_quality":null,"how_much_did_it_rain_during_the_crop_season":null,"weight_of_all_yield_of_the_variety_a_in_kg":null,"weight_of_all_yield_of_the_variety_b_in_kg":null,"weight_of_all_yield_of_the_variety_c_in_kg":null,"from_the_3_varieties_which_one_would_you_like_to_grow_again":null,"codigo_paquetes":null,"caracteristica_1":"Faster_maturity-(A/B/C)","best_variedad_1":null,"worst_variedad_1":null,"caracteristica_2":"Disease_resistance-(A/B/C)","best_variedad_2":null,"worst_variedad_2":null,"caracteristica_3":"Drought_resistance-(A/B/C)","best_variedad_3":null,"worst_variedad_3":null,"caracteristica_4":"Yield-(A/B/C)","best_variedad_4":null,"worst_variedad_4":null,"caracteristica_5":"Value_in_the_market-(A/B/C)","best_variedad_5":null,"worst_variedad_5":null,"caracteristica_6":"Overall_performance-(A/B/C)","best_variedad_6":null,"worst_variedad_6":null,"caracteristica_7":"Overall_performance_VS_Local-(Better/Worse)","variedad_a_7":null,"variedad_b_7":null,"variedad_c_7":null,"evaluation":null},
{"observadores":"issd_osw_boset_sorghum_7","name_user":null,"name_family":null,"village":null,"district":null,"telephone":null,"gender":null,"age":null,"location_longitude_seed_delivery_point":null,"location_latitude_seed_delivery_point":null,"location_altitude":null,"location_longitude":null,"location_latitude":null,"planting_date":null,"harvest_date":null,"fertilization":null,"slope":null,"soil_quality":null,"how_much_did_it_rain_during_the_crop_season":null,"weight_of_all_yield_of_the_variety_a_in_kg":null,"weight_of_all_yield_of_the_variety_b_in_kg":null,"weight_of_all_yield_of_the_variety_c_in_kg":null,"from_the_3_varieties_which_one_would_you_like_to_grow_again":null,"codigo_paquetes":null,"caracteristica_1":"Faster_maturity-(A/B/C)","best_variedad_1":null,"worst_variedad_1":null,"caracteristica_2":"Disease_resistance-(A/B/C)","best_variedad_2":null,"worst_variedad_2":null,"caracteristica_3":"Drought_resistance-(A/B/C)","best_variedad_3":null,"worst_variedad_3":null,"caracteristica_4":"Yield-(A/B/C)","best_variedad_4":null,"worst_variedad_4":null,"caracteristica_5":"Value_in_the_market-(A/B/C)","best_variedad_5":null,"worst_variedad_5":null,"caracteristica_6":"Overall_performance-(A/B/C)","best_variedad_6":null,"worst_variedad_6":null,"caracteristica_7":"Overall_performance_VS_Local-(Better/Worse)","variedad_a_7":null,"variedad_b_7":null,"variedad_c_7":null,"evaluation":null},
{"observadores":"issd_osw_boset_sorghum_8","name_user":null,"name_family":null,"village":null,"district":null,"telephone":null,"gender":null,"age":null,"location_longitude_seed_delivery_point":null,"location_latitude_seed_delivery_point":null,"location_altitude":null,"location_longitude":null,"location_latitude":null,"planting_date":null,"harvest_date":null,"fertilization":null,"slope":null,"soil_quality":null,"how_much_did_it_rain_during_the_crop_season":null,"weight_of_all_yield_of_the_variety_a_in_kg":null,"weight_of_all_yield_of_the_variety_b_in_kg":null,"weight_of_all_yield_of_the_variety_c_in_kg":null,"from_the_3_varieties_which_one_would_you_like_to_grow_again":null,"codigo_paquetes":null,"caracteristica_1":"Faster_maturity-(A/B/C)","best_variedad_1":null,"worst_variedad_1":null,"caracteristica_2":"Disease_resistance-(A/B/C)","best_variedad_2":null,"worst_variedad_2":null,"caracteristica_3":"Drought_resistance-(A/B/C)","best_variedad_3":null,"worst_variedad_3":null,"caracteristica_4":"Yield-(A/B/C)","best_variedad_4":null,"worst_variedad_4":null,"caracteristica_5":"Value_in_the_market-(A/B/C)","best_variedad_5":null,"worst_variedad_5":null,"caracteristica_6":"Overall_performance-(A/B/C)","best_variedad_6":null,"worst_variedad_6":null,"caracteristica_7":"Overall_performance_VS_Local-(Better/Worse)","variedad_a_7":null,"variedad_b_7":null,"variedad_c_7":null,"evaluation":null},
{"observadores":"issd_osw_boset_sorghum_9","name_user":null,"name_family":null,"village":null,"district":null,"telephone":null,"gender":null,"age":null,"location_longitude_seed_delivery_point":null,"location_latitude_seed_delivery_point":null,"location_altitude":null,"location_longitude":null,"location_latitude":null,"planting_date":null,"harvest_date":null,"fertilization":null,"slope":null,"soil_quality":null,"how_much_did_it_rain_during_the_crop_season":null,"weight_of_all_yield_of_the_variety_a_in_kg":null,"weight_of_all_yield_of_the_variety_b_in_kg":null,"weight_of_all_yield_of_the_variety_c_in_kg":null,"from_the_3_varieties_which_one_would_you_like_to_grow_again":null,"codigo_paquetes":null,"caracteristica_1":"Faster_maturity-(A/B/C)","best_variedad_1":null,"worst_variedad_1":null,"caracteristica_2":"Disease_resistance-(A/B/C)","best_variedad_2":null,"worst_variedad_2":null,"caracteristica_3":"Drought_resistance-(A/B/C)","best_variedad_3":null,"worst_variedad_3":null,"caracteristica_4":"Yield-(A/B/C)","best_variedad_4":null,"worst_variedad_4":null,"caracteristica_5":"Value_in_the_market-(A/B/C)","best_variedad_5":null,"worst_variedad_5":null,"caracteristica_6":"Overall_performance-(A/B/C)","best_variedad_6":null,"worst_variedad_6":null,"caracteristica_7":"Overall_performance_VS_Local-(Better/Worse)","variedad_a_7":null,"variedad_b_7":null,"variedad_c_7":null,"evaluation":null}
]
