[
{"observadores":"issd_osw_sire_foodbarley_kolo_babale_1","name_user":null,"name_family":null,"village":null,"district":null,"telephone":null,"gender":null,"age":null,"location_longitude_seed_delivery_point":null,"location_latitude_seed_delivery_point":null,"location_altitude":null,"location_longitude":null,"location_latitude":null,"planting_date":null,"harvest_date":null,"weight_of_all_yield_of_the_variety_a_in_kg":null,"weight_of_all_yield_of_the_variety_b_in_kg":null,"weight_of_all_yield_of_the_variety_c_in_kg":null,"codigo_paquetes":null,"caracteristica_1":"Faster_maturity-(A/B/C)","best_variedad_1":null,"worst_variedad_1":null,"caracteristica_2":"Pest_resistance-(A/B/C)","best_variedad_2":null,"worst_variedad_2":null,"caracteristica_3":"Disease_resistance-(A/B/C)","best_variedad_3":null,"worst_variedad_3":null,"caracteristica_4":"Drought_resistance-(A/B/C)","best_variedad_4":null,"worst_variedad_4":null,"caracteristica_5":"Yield-(A/B/C)","best_variedad_5":null,"worst_variedad_5":null,"caracteristica_6":"Overall_performance-(A/B/C)","best_variedad_6":null,"worst_variedad_6":null,"caracteristica_7":"Overall_performance_VS_Local-(Better/Worse)","variedad_a_7":null,"variedad_b_7":null,"variedad_c_7":null,"evaluation":null},
{"observadores":"issd_osw_sire_foodbarley_kolo_babale_10","name_user":null,"name_family":null,"village":null,"district":null,"telephone":null,"gender":null,"age":null,"location_longitude_seed_delivery_point":null,"location_latitude_seed_delivery_point":null,"location_altitude":null,"location_longitude":null,"location_latitude":null,"planting_date":null,"harvest_date":null,"weight_of_all_yield_of_the_variety_a_in_kg":null,"weight_of_all_yield_of_the_variety_b_in_kg":null,"weight_of_all_yield_of_the_variety_c_in_kg":null,"codigo_paquetes":null,"caracteristica_1":"Faster_maturity-(A/B/C)","best_variedad_1":null,"worst_variedad_1":null,"caracteristica_2":"Pest_resistance-(A/B/C)","best_variedad_2":null,"worst_variedad_2":null,"caracteristica_3":"Disease_resistance-(A/B/C)","best_variedad_3":null,"worst_variedad_3":null,"caracteristica_4":"Drought_resistance-(A/B/C)","best_variedad_4":null,"worst_variedad_4":null,"caracteristica_5":"Yield-(A/B/C)","best_variedad_5":null,"worst_variedad_5":null,"caracteristica_6":"Overall_performance-(A/B/C)","best_variedad_6":null,"worst_variedad_6":null,"caracteristica_7":"Overall_performance_VS_Local-(Better/Worse)","variedad_a_7":null,"variedad_b_7":null,"variedad_c_7":null,"evaluation":null},
{"observadores":"issd_osw_sire_foodbarley_kolo_babale_11","name_user":null,"name_family":null,"village":null,"district":null,"telephone":null,"gender":null,"age":null,"location_longitude_seed_delivery_point":null,"location_latitude_seed_delivery_point":null,"location_altitude":null,"location_longitude":null,"location_latitude":null,"planting_date":null,"harvest_date":null,"weight_of_all_yield_of_the_variety_a_in_kg":null,"weight_of_all_yield_of_the_variety_b_in_kg":null,"weight_of_all_yield_of_the_variety_c_in_kg":null,"codigo_paquetes":null,"caracteristica_1":"Faster_maturity-(A/B/C)","best_variedad_1":null,"worst_variedad_1":null,"caracteristica_2":"Pest_resistance-(A/B/C)","best_variedad_2":null,"worst_variedad_2":null,"caracteristica_3":"Disease_resistance-(A/B/C)","best_variedad_3":null,"worst_variedad_3":null,"caracteristica_4":"Drought_resistance-(A/B/C)","best_variedad_4":null,"worst_variedad_4":null,"caracteristica_5":"Yield-(A/B/C)","best_variedad_5":null,"worst_variedad_5":null,"caracteristica_6":"Overall_performance-(A/B/C)","best_variedad_6":null,"worst_variedad_6":null,"caracteristica_7":"Overall_performance_VS_Local-(Better/Worse)","variedad_a_7":null,"variedad_b_7":null,"variedad_c_7":null,"evaluation":null},
{"observadores":"issd_osw_sire_foodbarley_kolo_babale_12","name_user":null,"name_family":null,"village":null,"district":null,"telephone":null,"gender":null,"age":null,"location_longitude_seed_delivery_point":null,"location_latitude_seed_delivery_point":null,"location_altitude":null,"location_longitude":null,"location_latitude":null,"planting_date":null,"harvest_date":null,"weight_of_all_yield_of_the_variety_a_in_kg":null,"weight_of_all_yield_of_the_variety_b_in_kg":null,"weight_of_all_yield_of_the_variety_c_in_kg":null,"codigo_paquetes":null,"caracteristica_1":"Faster_maturity-(A/B/C)","best_variedad_1":null,"worst_variedad_1":null,"caracteristica_2":"Pest_resistance-(A/B/C)","best_variedad_2":null,"worst_variedad_2":null,"caracteristica_3":"Disease_resistance-(A/B/C)","best_variedad_3":null,"worst_variedad_3":null,"caracteristica_4":"Drought_resistance-(A/B/C)","best_variedad_4":null,"worst_variedad_4":null,"caracteristica_5":"Yield-(A/B/C)","best_variedad_5":null,"worst_variedad_5":null,"caracteristica_6":"Overall_performance-(A/B/C)","best_variedad_6":null,"worst_variedad_6":null,"caracteristica_7":"Overall_performance_VS_Local-(Better/Worse)","variedad_a_7":null,"variedad_b_7":null,"variedad_c_7":null,"evaluation":null},
{"observadores":"issd_osw_sire_foodbarley_kolo_babale_13","name_user":null,"name_family":null,"village":null,"district":null,"telephone":null,"gender":null,"age":null,"location_longitude_seed_delivery_point":null,"location_latitude_seed_delivery_point":null,"location_altitude":null,"location_longitude":null,"location_latitude":null,"planting_date":null,"harvest_date":null,"weight_of_all_yield_of_the_variety_a_in_kg":null,"weight_of_all_yield_of_the_variety_b_in_kg":null,"weight_of_all_yield_of_the_variety_c_in_kg":null,"codigo_paquetes":null,"caracteristica_1":"Faster_maturity-(A/B/C)","best_variedad_1":null,"worst_variedad_1":null,"caracteristica_2":"Pest_resistance-(A/B/C)","best_variedad_2":null,"worst_variedad_2":null,"caracteristica_3":"Disease_resistance-(A/B/C)","best_variedad_3":null,"worst_variedad_3":null,"caracteristica_4":"Drought_resistance-(A/B/C)","best_variedad_4":null,"worst_variedad_4":null,"caracteristica_5":"Yield-(A/B/C)","best_variedad_5":null,"worst_variedad_5":null,"caracteristica_6":"Overall_performance-(A/B/C)","best_variedad_6":null,"worst_variedad_6":null,"caracteristica_7":"Overall_performance_VS_Local-(Better/Worse)","variedad_a_7":null,"variedad_b_7":null,"variedad_c_7":null,"evaluation":null},
{"observadores":"issd_osw_sire_foodbarley_kolo_babale_14","name_user":null,"name_family":null,"village":null,"district":null,"telephone":null,"gender":null,"age":null,"location_longitude_seed_delivery_point":null,"location_latitude_seed_delivery_point":null,"location_altitude":null,"location_longitude":null,"location_latitude":null,"planting_date":null,"harvest_date":null,"weight_of_all_yield_of_the_variety_a_in_kg":null,"weight_of_all_yield_of_the_variety_b_in_kg":null,"weight_of_all_yield_of_the_variety_c_in_kg":null,"codigo_paquetes":null,"caracteristica_1":"Faster_maturity-(A/B/C)","best_variedad_1":null,"worst_variedad_1":null,"caracteristica_2":"Pest_resistance-(A/B/C)","best_variedad_2":null,"worst_variedad_2":null,"caracteristica_3":"Disease_resistance-(A/B/C)","best_variedad_3":null,"worst_variedad_3":null,"caracteristica_4":"Drought_resistance-(A/B/C)","best_variedad_4":null,"worst_variedad_4":null,"caracteristica_5":"Yield-(A/B/C)","best_variedad_5":null,"worst_variedad_5":null,"caracteristica_6":"Overall_performance-(A/B/C)","best_variedad_6":null,"worst_variedad_6":null,"caracteristica_7":"Overall_performance_VS_Local-(Better/Worse)","variedad_a_7":null,"variedad_b_7":null,"variedad_c_7":null,"evaluation":null},
{"observadores":"issd_osw_sire_foodbarley_kolo_babale_15","name_user":null,"name_family":null,"village":null,"district":null,"telephone":null,"gender":null,"age":null,"location_longitude_seed_delivery_point":null,"location_latitude_seed_delivery_point":null,"location_altitude":null,"location_longitude":null,"location_latitude":null,"planting_date":null,"harvest_date":null,"weight_of_all_yield_of_the_variety_a_in_kg":null,"weight_of_all_yield_of_the_variety_b_in_kg":null,"weight_of_all_yield_of_the_variety_c_in_kg":null,"codigo_paquetes":null,"caracteristica_1":"Faster_maturity-(A/B/C)","best_variedad_1":null,"worst_variedad_1":null,"caracteristica_2":"Pest_resistance-(A/B/C)","best_variedad_2":null,"worst_variedad_2":null,"caracteristica_3":"Disease_resistance-(A/B/C)","best_variedad_3":null,"worst_variedad_3":null,"caracteristica_4":"Drought_resistance-(A/B/C)","best_variedad_4":null,"worst_variedad_4":null,"caracteristica_5":"Yield-(A/B/C)","best_variedad_5":null,"worst_variedad_5":null,"caracteristica_6":"Overall_performance-(A/B/C)","best_variedad_6":null,"worst_variedad_6":null,"caracteristica_7":"Overall_performance_VS_Local-(Better/Worse)","variedad_a_7":null,"variedad_b_7":null,"variedad_c_7":null,"evaluation":null},
{"observadores":"issd_osw_sire_foodbarley_kolo_babale_16","name_user":null,"name_family":null,"village":null,"district":null,"telephone":null,"gender":null,"age":null,"location_longitude_seed_delivery_point":null,"location_latitude_seed_delivery_point":null,"location_altitude":null,"location_longitude":null,"location_latitude":null,"planting_date":null,"harvest_date":null,"weight_of_all_yield_of_the_variety_a_in_kg":null,"weight_of_all_yield_of_the_variety_b_in_kg":null,"weight_of_all_yield_of_the_variety_c_in_kg":null,"codigo_paquetes":null,"caracteristica_1":"Faster_maturity-(A/B/C)","best_variedad_1":null,"worst_variedad_1":null,"caracteristica_2":"Pest_resistance-(A/B/C)","best_variedad_2":null,"worst_variedad_2":null,"caracteristica_3":"Disease_resistance-(A/B/C)","best_variedad_3":null,"worst_variedad_3":null,"caracteristica_4":"Drought_resistance-(A/B/C)","best_variedad_4":null,"worst_variedad_4":null,"caracteristica_5":"Yield-(A/B/C)","best_variedad_5":null,"worst_variedad_5":null,"caracteristica_6":"Overall_performance-(A/B/C)","best_variedad_6":null,"worst_variedad_6":null,"caracteristica_7":"Overall_performance_VS_Local-(Better/Worse)","variedad_a_7":null,"variedad_b_7":null,"variedad_c_7":null,"evaluation":null},
{"observadores":"issd_osw_sire_foodbarley_kolo_babale_17","name_user":null,"name_family":null,"village":null,"district":null,"telephone":null,"gender":null,"age":null,"location_longitude_seed_delivery_point":null,"location_latitude_seed_delivery_point":null,"location_altitude":null,"location_longitude":null,"location_latitude":null,"planting_date":null,"harvest_date":null,"weight_of_all_yield_of_the_variety_a_in_kg":null,"weight_of_all_yield_of_the_variety_b_in_kg":null,"weight_of_all_yield_of_the_variety_c_in_kg":null,"codigo_paquetes":null,"caracteristica_1":"Faster_maturity-(A/B/C)","best_variedad_1":null,"worst_variedad_1":null,"caracteristica_2":"Pest_resistance-(A/B/C)","best_variedad_2":null,"worst_variedad_2":null,"caracteristica_3":"Disease_resistance-(A/B/C)","best_variedad_3":null,"worst_variedad_3":null,"caracteristica_4":"Drought_resistance-(A/B/C)","best_variedad_4":null,"worst_variedad_4":null,"caracteristica_5":"Yield-(A/B/C)","best_variedad_5":null,"worst_variedad_5":null,"caracteristica_6":"Overall_performance-(A/B/C)","best_variedad_6":null,"worst_variedad_6":null,"caracteristica_7":"Overall_performance_VS_Local-(Better/Worse)","variedad_a_7":null,"variedad_b_7":null,"variedad_c_7":null,"evaluation":null},
{"observadores":"issd_osw_sire_foodbarley_kolo_babale_18","name_user":null,"name_family":null,"village":null,"district":null,"telephone":null,"gender":null,"age":null,"location_longitude_seed_delivery_point":null,"location_latitude_seed_delivery_point":null,"location_altitude":null,"location_longitude":null,"location_latitude":null,"planting_date":null,"harvest_date":null,"weight_of_all_yield_of_the_variety_a_in_kg":null,"weight_of_all_yield_of_the_variety_b_in_kg":null,"weight_of_all_yield_of_the_variety_c_in_kg":null,"codigo_paquetes":null,"caracteristica_1":"Faster_maturity-(A/B/C)","best_variedad_1":null,"worst_variedad_1":null,"caracteristica_2":"Pest_resistance-(A/B/C)","best_variedad_2":null,"worst_variedad_2":null,"caracteristica_3":"Disease_resistance-(A/B/C)","best_variedad_3":null,"worst_variedad_3":null,"caracteristica_4":"Drought_resistance-(A/B/C)","best_variedad_4":null,"worst_variedad_4":null,"caracteristica_5":"Yield-(A/B/C)","best_variedad_5":null,"worst_variedad_5":null,"caracteristica_6":"Overall_performance-(A/B/C)","best_variedad_6":null,"worst_variedad_6":null,"caracteristica_7":"Overall_performance_VS_Local-(Better/Worse)","variedad_a_7":null,"variedad_b_7":null,"variedad_c_7":null,"evaluation":null},
{"observadores":"issd_osw_sire_foodbarley_kolo_babale_19","name_user":null,"name_family":null,"village":null,"district":null,"telephone":null,"gender":null,"age":null,"location_longitude_seed_delivery_point":null,"location_latitude_seed_delivery_point":null,"location_altitude":null,"location_longitude":null,"location_latitude":null,"planting_date":null,"harvest_date":null,"weight_of_all_yield_of_the_variety_a_in_kg":null,"weight_of_all_yield_of_the_variety_b_in_kg":null,"weight_of_all_yield_of_the_variety_c_in_kg":null,"codigo_paquetes":null,"caracteristica_1":"Faster_maturity-(A/B/C)","best_variedad_1":null,"worst_variedad_1":null,"caracteristica_2":"Pest_resistance-(A/B/C)","best_variedad_2":null,"worst_variedad_2":null,"caracteristica_3":"Disease_resistance-(A/B/C)","best_variedad_3":null,"worst_variedad_3":null,"caracteristica_4":"Drought_resistance-(A/B/C)","best_variedad_4":null,"worst_variedad_4":null,"caracteristica_5":"Yield-(A/B/C)","best_variedad_5":null,"worst_variedad_5":null,"caracteristica_6":"Overall_performance-(A/B/C)","best_variedad_6":null,"worst_variedad_6":null,"caracteristica_7":"Overall_performance_VS_Local-(Better/Worse)","variedad_a_7":null,"variedad_b_7":null,"variedad_c_7":null,"evaluation":null},
{"observadores":"issd_osw_sire_foodbarley_kolo_babale_2","name_user":null,"name_family":null,"village":null,"district":null,"telephone":null,"gender":null,"age":null,"location_longitude_seed_delivery_point":null,"location_latitude_seed_delivery_point":null,"location_altitude":null,"location_longitude":null,"location_latitude":null,"planting_date":null,"harvest_date":null,"weight_of_all_yield_of_the_variety_a_in_kg":null,"weight_of_all_yield_of_the_variety_b_in_kg":null,"weight_of_all_yield_of_the_variety_c_in_kg":null,"codigo_paquetes":null,"caracteristica_1":"Faster_maturity-(A/B/C)","best_variedad_1":null,"worst_variedad_1":null,"caracteristica_2":"Pest_resistance-(A/B/C)","best_variedad_2":null,"worst_variedad_2":null,"caracteristica_3":"Disease_resistance-(A/B/C)","best_variedad_3":null,"worst_variedad_3":null,"caracteristica_4":"Drought_resistance-(A/B/C)","best_variedad_4":null,"worst_variedad_4":null,"caracteristica_5":"Yield-(A/B/C)","best_variedad_5":null,"worst_variedad_5":null,"caracteristica_6":"Overall_performance-(A/B/C)","best_variedad_6":null,"worst_variedad_6":null,"caracteristica_7":"Overall_performance_VS_Local-(Better/Worse)","variedad_a_7":null,"variedad_b_7":null,"variedad_c_7":null,"evaluation":null},
{"observadores":"issd_osw_sire_foodbarley_kolo_babale_20","name_user":null,"name_family":null,"village":null,"district":null,"telephone":null,"gender":null,"age":null,"location_longitude_seed_delivery_point":null,"location_latitude_seed_delivery_point":null,"location_altitude":null,"location_longitude":null,"location_latitude":null,"planting_date":null,"harvest_date":null,"weight_of_all_yield_of_the_variety_a_in_kg":null,"weight_of_all_yield_of_the_variety_b_in_kg":null,"weight_of_all_yield_of_the_variety_c_in_kg":null,"codigo_paquetes":null,"caracteristica_1":"Faster_maturity-(A/B/C)","best_variedad_1":null,"worst_variedad_1":null,"caracteristica_2":"Pest_resistance-(A/B/C)","best_variedad_2":null,"worst_variedad_2":null,"caracteristica_3":"Disease_resistance-(A/B/C)","best_variedad_3":null,"worst_variedad_3":null,"caracteristica_4":"Drought_resistance-(A/B/C)","best_variedad_4":null,"worst_variedad_4":null,"caracteristica_5":"Yield-(A/B/C)","best_variedad_5":null,"worst_variedad_5":null,"caracteristica_6":"Overall_performance-(A/B/C)","best_variedad_6":null,"worst_variedad_6":null,"caracteristica_7":"Overall_performance_VS_Local-(Better/Worse)","variedad_a_7":null,"variedad_b_7":null,"variedad_c_7":null,"evaluation":null},
{"observadores":"issd_osw_sire_foodbarley_kolo_babale_21","name_user":null,"name_family":null,"village":null,"district":null,"telephone":null,"gender":null,"age":null,"location_longitude_seed_delivery_point":null,"location_latitude_seed_delivery_point":null,"location_altitude":null,"location_longitude":null,"location_latitude":null,"planting_date":null,"harvest_date":null,"weight_of_all_yield_of_the_variety_a_in_kg":null,"weight_of_all_yield_of_the_variety_b_in_kg":null,"weight_of_all_yield_of_the_variety_c_in_kg":null,"codigo_paquetes":null,"caracteristica_1":"Faster_maturity-(A/B/C)","best_variedad_1":null,"worst_variedad_1":null,"caracteristica_2":"Pest_resistance-(A/B/C)","best_variedad_2":null,"worst_variedad_2":null,"caracteristica_3":"Disease_resistance-(A/B/C)","best_variedad_3":null,"worst_variedad_3":null,"caracteristica_4":"Drought_resistance-(A/B/C)","best_variedad_4":null,"worst_variedad_4":null,"caracteristica_5":"Yield-(A/B/C)","best_variedad_5":null,"worst_variedad_5":null,"caracteristica_6":"Overall_performance-(A/B/C)","best_variedad_6":null,"worst_variedad_6":null,"caracteristica_7":"Overall_performance_VS_Local-(Better/Worse)","variedad_a_7":null,"variedad_b_7":null,"variedad_c_7":null,"evaluation":null},
{"observadores":"issd_osw_sire_foodbarley_kolo_babale_22","name_user":null,"name_family":null,"village":null,"district":null,"telephone":null,"gender":null,"age":null,"location_longitude_seed_delivery_point":null,"location_latitude_seed_delivery_point":null,"location_altitude":null,"location_longitude":null,"location_latitude":null,"planting_date":null,"harvest_date":null,"weight_of_all_yield_of_the_variety_a_in_kg":null,"weight_of_all_yield_of_the_variety_b_in_kg":null,"weight_of_all_yield_of_the_variety_c_in_kg":null,"codigo_paquetes":null,"caracteristica_1":"Faster_maturity-(A/B/C)","best_variedad_1":null,"worst_variedad_1":null,"caracteristica_2":"Pest_resistance-(A/B/C)","best_variedad_2":null,"worst_variedad_2":null,"caracteristica_3":"Disease_resistance-(A/B/C)","best_variedad_3":null,"worst_variedad_3":null,"caracteristica_4":"Drought_resistance-(A/B/C)","best_variedad_4":null,"worst_variedad_4":null,"caracteristica_5":"Yield-(A/B/C)","best_variedad_5":null,"worst_variedad_5":null,"caracteristica_6":"Overall_performance-(A/B/C)","best_variedad_6":null,"worst_variedad_6":null,"caracteristica_7":"Overall_performance_VS_Local-(Better/Worse)","variedad_a_7":null,"variedad_b_7":null,"variedad_c_7":null,"evaluation":null},
{"observadores":"issd_osw_sire_foodbarley_kolo_babale_23","name_user":null,"name_family":null,"village":null,"district":null,"telephone":null,"gender":null,"age":null,"location_longitude_seed_delivery_point":null,"location_latitude_seed_delivery_point":null,"location_altitude":null,"location_longitude":null,"location_latitude":null,"planting_date":null,"harvest_date":null,"weight_of_all_yield_of_the_variety_a_in_kg":null,"weight_of_all_yield_of_the_variety_b_in_kg":null,"weight_of_all_yield_of_the_variety_c_in_kg":null,"codigo_paquetes":null,"caracteristica_1":"Faster_maturity-(A/B/C)","best_variedad_1":null,"worst_variedad_1":null,"caracteristica_2":"Pest_resistance-(A/B/C)","best_variedad_2":null,"worst_variedad_2":null,"caracteristica_3":"Disease_resistance-(A/B/C)","best_variedad_3":null,"worst_variedad_3":null,"caracteristica_4":"Drought_resistance-(A/B/C)","best_variedad_4":null,"worst_variedad_4":null,"caracteristica_5":"Yield-(A/B/C)","best_variedad_5":null,"worst_variedad_5":null,"caracteristica_6":"Overall_performance-(A/B/C)","best_variedad_6":null,"worst_variedad_6":null,"caracteristica_7":"Overall_performance_VS_Local-(Better/Worse)","variedad_a_7":null,"variedad_b_7":null,"variedad_c_7":null,"evaluation":null},
{"observadores":"issd_osw_sire_foodbarley_kolo_babale_24","name_user":null,"name_family":null,"village":null,"district":null,"telephone":null,"gender":null,"age":null,"location_longitude_seed_delivery_point":null,"location_latitude_seed_delivery_point":null,"location_altitude":null,"location_longitude":null,"location_latitude":null,"planting_date":null,"harvest_date":null,"weight_of_all_yield_of_the_variety_a_in_kg":null,"weight_of_all_yield_of_the_variety_b_in_kg":null,"weight_of_all_yield_of_the_variety_c_in_kg":null,"codigo_paquetes":null,"caracteristica_1":"Faster_maturity-(A/B/C)","best_variedad_1":null,"worst_variedad_1":null,"caracteristica_2":"Pest_resistance-(A/B/C)","best_variedad_2":null,"worst_variedad_2":null,"caracteristica_3":"Disease_resistance-(A/B/C)","best_variedad_3":null,"worst_variedad_3":null,"caracteristica_4":"Drought_resistance-(A/B/C)","best_variedad_4":null,"worst_variedad_4":null,"caracteristica_5":"Yield-(A/B/C)","best_variedad_5":null,"worst_variedad_5":null,"caracteristica_6":"Overall_performance-(A/B/C)","best_variedad_6":null,"worst_variedad_6":null,"caracteristica_7":"Overall_performance_VS_Local-(Better/Worse)","variedad_a_7":null,"variedad_b_7":null,"variedad_c_7":null,"evaluation":null},
{"observadores":"issd_osw_sire_foodbarley_kolo_babale_25","name_user":null,"name_family":null,"village":null,"district":null,"telephone":null,"gender":null,"age":null,"location_longitude_seed_delivery_point":null,"location_latitude_seed_delivery_point":null,"location_altitude":null,"location_longitude":null,"location_latitude":null,"planting_date":null,"harvest_date":null,"weight_of_all_yield_of_the_variety_a_in_kg":null,"weight_of_all_yield_of_the_variety_b_in_kg":null,"weight_of_all_yield_of_the_variety_c_in_kg":null,"codigo_paquetes":null,"caracteristica_1":"Faster_maturity-(A/B/C)","best_variedad_1":null,"worst_variedad_1":null,"caracteristica_2":"Pest_resistance-(A/B/C)","best_variedad_2":null,"worst_variedad_2":null,"caracteristica_3":"Disease_resistance-(A/B/C)","best_variedad_3":null,"worst_variedad_3":null,"caracteristica_4":"Drought_resistance-(A/B/C)","best_variedad_4":null,"worst_variedad_4":null,"caracteristica_5":"Yield-(A/B/C)","best_variedad_5":null,"worst_variedad_5":null,"caracteristica_6":"Overall_performance-(A/B/C)","best_variedad_6":null,"worst_variedad_6":null,"caracteristica_7":"Overall_performance_VS_Local-(Better/Worse)","variedad_a_7":null,"variedad_b_7":null,"variedad_c_7":null,"evaluation":null},
{"observadores":"issd_osw_sire_foodbarley_kolo_babale_26","name_user":null,"name_family":null,"village":null,"district":null,"telephone":null,"gender":null,"age":null,"location_longitude_seed_delivery_point":null,"location_latitude_seed_delivery_point":null,"location_altitude":null,"location_longitude":null,"location_latitude":null,"planting_date":null,"harvest_date":null,"weight_of_all_yield_of_the_variety_a_in_kg":null,"weight_of_all_yield_of_the_variety_b_in_kg":null,"weight_of_all_yield_of_the_variety_c_in_kg":null,"codigo_paquetes":null,"caracteristica_1":"Faster_maturity-(A/B/C)","best_variedad_1":null,"worst_variedad_1":null,"caracteristica_2":"Pest_resistance-(A/B/C)","best_variedad_2":null,"worst_variedad_2":null,"caracteristica_3":"Disease_resistance-(A/B/C)","best_variedad_3":null,"worst_variedad_3":null,"caracteristica_4":"Drought_resistance-(A/B/C)","best_variedad_4":null,"worst_variedad_4":null,"caracteristica_5":"Yield-(A/B/C)","best_variedad_5":null,"worst_variedad_5":null,"caracteristica_6":"Overall_performance-(A/B/C)","best_variedad_6":null,"worst_variedad_6":null,"caracteristica_7":"Overall_performance_VS_Local-(Better/Worse)","variedad_a_7":null,"variedad_b_7":null,"variedad_c_7":null,"evaluation":null},
{"observadores":"issd_osw_sire_foodbarley_kolo_babale_27","name_user":null,"name_family":null,"village":null,"district":null,"telephone":null,"gender":null,"age":null,"location_longitude_seed_delivery_point":null,"location_latitude_seed_delivery_point":null,"location_altitude":null,"location_longitude":null,"location_latitude":null,"planting_date":null,"harvest_date":null,"weight_of_all_yield_of_the_variety_a_in_kg":null,"weight_of_all_yield_of_the_variety_b_in_kg":null,"weight_of_all_yield_of_the_variety_c_in_kg":null,"codigo_paquetes":null,"caracteristica_1":"Faster_maturity-(A/B/C)","best_variedad_1":null,"worst_variedad_1":null,"caracteristica_2":"Pest_resistance-(A/B/C)","best_variedad_2":null,"worst_variedad_2":null,"caracteristica_3":"Disease_resistance-(A/B/C)","best_variedad_3":null,"worst_variedad_3":null,"caracteristica_4":"Drought_resistance-(A/B/C)","best_variedad_4":null,"worst_variedad_4":null,"caracteristica_5":"Yield-(A/B/C)","best_variedad_5":null,"worst_variedad_5":null,"caracteristica_6":"Overall_performance-(A/B/C)","best_variedad_6":null,"worst_variedad_6":null,"caracteristica_7":"Overall_performance_VS_Local-(Better/Worse)","variedad_a_7":null,"variedad_b_7":null,"variedad_c_7":null,"evaluation":null},
{"observadores":"issd_osw_sire_foodbarley_kolo_babale_28","name_user":null,"name_family":null,"village":null,"district":null,"telephone":null,"gender":null,"age":null,"location_longitude_seed_delivery_point":null,"location_latitude_seed_delivery_point":null,"location_altitude":null,"location_longitude":null,"location_latitude":null,"planting_date":null,"harvest_date":null,"weight_of_all_yield_of_the_variety_a_in_kg":null,"weight_of_all_yield_of_the_variety_b_in_kg":null,"weight_of_all_yield_of_the_variety_c_in_kg":null,"codigo_paquetes":null,"caracteristica_1":"Faster_maturity-(A/B/C)","best_variedad_1":null,"worst_variedad_1":null,"caracteristica_2":"Pest_resistance-(A/B/C)","best_variedad_2":null,"worst_variedad_2":null,"caracteristica_3":"Disease_resistance-(A/B/C)","best_variedad_3":null,"worst_variedad_3":null,"caracteristica_4":"Drought_resistance-(A/B/C)","best_variedad_4":null,"worst_variedad_4":null,"caracteristica_5":"Yield-(A/B/C)","best_variedad_5":null,"worst_variedad_5":null,"caracteristica_6":"Overall_performance-(A/B/C)","best_variedad_6":null,"worst_variedad_6":null,"caracteristica_7":"Overall_performance_VS_Local-(Better/Worse)","variedad_a_7":null,"variedad_b_7":null,"variedad_c_7":null,"evaluation":null},
{"observadores":"issd_osw_sire_foodbarley_kolo_babale_29","name_user":null,"name_family":null,"village":null,"district":null,"telephone":null,"gender":null,"age":null,"location_longitude_seed_delivery_point":null,"location_latitude_seed_delivery_point":null,"location_altitude":null,"location_longitude":null,"location_latitude":null,"planting_date":null,"harvest_date":null,"weight_of_all_yield_of_the_variety_a_in_kg":null,"weight_of_all_yield_of_the_variety_b_in_kg":null,"weight_of_all_yield_of_the_variety_c_in_kg":null,"codigo_paquetes":null,"caracteristica_1":"Faster_maturity-(A/B/C)","best_variedad_1":null,"worst_variedad_1":null,"caracteristica_2":"Pest_resistance-(A/B/C)","best_variedad_2":null,"worst_variedad_2":null,"caracteristica_3":"Disease_resistance-(A/B/C)","best_variedad_3":null,"worst_variedad_3":null,"caracteristica_4":"Drought_resistance-(A/B/C)","best_variedad_4":null,"worst_variedad_4":null,"caracteristica_5":"Yield-(A/B/C)","best_variedad_5":null,"worst_variedad_5":null,"caracteristica_6":"Overall_performance-(A/B/C)","best_variedad_6":null,"worst_variedad_6":null,"caracteristica_7":"Overall_performance_VS_Local-(Better/Worse)","variedad_a_7":null,"variedad_b_7":null,"variedad_c_7":null,"evaluation":null},
{"observadores":"issd_osw_sire_foodbarley_kolo_babale_3","name_user":null,"name_family":null,"village":null,"district":null,"telephone":null,"gender":null,"age":null,"location_longitude_seed_delivery_point":null,"location_latitude_seed_delivery_point":null,"location_altitude":null,"location_longitude":null,"location_latitude":null,"planting_date":null,"harvest_date":null,"weight_of_all_yield_of_the_variety_a_in_kg":null,"weight_of_all_yield_of_the_variety_b_in_kg":null,"weight_of_all_yield_of_the_variety_c_in_kg":null,"codigo_paquetes":null,"caracteristica_1":"Faster_maturity-(A/B/C)","best_variedad_1":null,"worst_variedad_1":null,"caracteristica_2":"Pest_resistance-(A/B/C)","best_variedad_2":null,"worst_variedad_2":null,"caracteristica_3":"Disease_resistance-(A/B/C)","best_variedad_3":null,"worst_variedad_3":null,"caracteristica_4":"Drought_resistance-(A/B/C)","best_variedad_4":null,"worst_variedad_4":null,"caracteristica_5":"Yield-(A/B/C)","best_variedad_5":null,"worst_variedad_5":null,"caracteristica_6":"Overall_performance-(A/B/C)","best_variedad_6":null,"worst_variedad_6":null,"caracteristica_7":"Overall_performance_VS_Local-(Better/Worse)","variedad_a_7":null,"variedad_b_7":null,"variedad_c_7":null,"evaluation":null},
{"observadores":"issd_osw_sire_foodbarley_kolo_babale_30","name_user":null,"name_family":null,"village":null,"district":null,"telephone":null,"gender":null,"age":null,"location_longitude_seed_delivery_point":null,"location_latitude_seed_delivery_point":null,"location_altitude":null,"location_longitude":null,"location_latitude":null,"planting_date":null,"harvest_date":null,"weight_of_all_yield_of_the_variety_a_in_kg":null,"weight_of_all_yield_of_the_variety_b_in_kg":null,"weight_of_all_yield_of_the_variety_c_in_kg":null,"codigo_paquetes":null,"caracteristica_1":"Faster_maturity-(A/B/C)","best_variedad_1":null,"worst_variedad_1":null,"caracteristica_2":"Pest_resistance-(A/B/C)","best_variedad_2":null,"worst_variedad_2":null,"caracteristica_3":"Disease_resistance-(A/B/C)","best_variedad_3":null,"worst_variedad_3":null,"caracteristica_4":"Drought_resistance-(A/B/C)","best_variedad_4":null,"worst_variedad_4":null,"caracteristica_5":"Yield-(A/B/C)","best_variedad_5":null,"worst_variedad_5":null,"caracteristica_6":"Overall_performance-(A/B/C)","best_variedad_6":null,"worst_variedad_6":null,"caracteristica_7":"Overall_performance_VS_Local-(Better/Worse)","variedad_a_7":null,"variedad_b_7":null,"variedad_c_7":null,"evaluation":null},
{"observadores":"issd_osw_sire_foodbarley_kolo_babale_31","name_user":null,"name_family":null,"village":null,"district":null,"telephone":null,"gender":null,"age":null,"location_longitude_seed_delivery_point":null,"location_latitude_seed_delivery_point":null,"location_altitude":null,"location_longitude":null,"location_latitude":null,"planting_date":null,"harvest_date":null,"weight_of_all_yield_of_the_variety_a_in_kg":null,"weight_of_all_yield_of_the_variety_b_in_kg":null,"weight_of_all_yield_of_the_variety_c_in_kg":null,"codigo_paquetes":null,"caracteristica_1":"Faster_maturity-(A/B/C)","best_variedad_1":null,"worst_variedad_1":null,"caracteristica_2":"Pest_resistance-(A/B/C)","best_variedad_2":null,"worst_variedad_2":null,"caracteristica_3":"Disease_resistance-(A/B/C)","best_variedad_3":null,"worst_variedad_3":null,"caracteristica_4":"Drought_resistance-(A/B/C)","best_variedad_4":null,"worst_variedad_4":null,"caracteristica_5":"Yield-(A/B/C)","best_variedad_5":null,"worst_variedad_5":null,"caracteristica_6":"Overall_performance-(A/B/C)","best_variedad_6":null,"worst_variedad_6":null,"caracteristica_7":"Overall_performance_VS_Local-(Better/Worse)","variedad_a_7":null,"variedad_b_7":null,"variedad_c_7":null,"evaluation":null},
{"observadores":"issd_osw_sire_foodbarley_kolo_babale_32","name_user":null,"name_family":null,"village":null,"district":null,"telephone":null,"gender":null,"age":null,"location_longitude_seed_delivery_point":null,"location_latitude_seed_delivery_point":null,"location_altitude":null,"location_longitude":null,"location_latitude":null,"planting_date":null,"harvest_date":null,"weight_of_all_yield_of_the_variety_a_in_kg":null,"weight_of_all_yield_of_the_variety_b_in_kg":null,"weight_of_all_yield_of_the_variety_c_in_kg":null,"codigo_paquetes":null,"caracteristica_1":"Faster_maturity-(A/B/C)","best_variedad_1":null,"worst_variedad_1":null,"caracteristica_2":"Pest_resistance-(A/B/C)","best_variedad_2":null,"worst_variedad_2":null,"caracteristica_3":"Disease_resistance-(A/B/C)","best_variedad_3":null,"worst_variedad_3":null,"caracteristica_4":"Drought_resistance-(A/B/C)","best_variedad_4":null,"worst_variedad_4":null,"caracteristica_5":"Yield-(A/B/C)","best_variedad_5":null,"worst_variedad_5":null,"caracteristica_6":"Overall_performance-(A/B/C)","best_variedad_6":null,"worst_variedad_6":null,"caracteristica_7":"Overall_performance_VS_Local-(Better/Worse)","variedad_a_7":null,"variedad_b_7":null,"variedad_c_7":null,"evaluation":null},
{"observadores":"issd_osw_sire_foodbarley_kolo_babale_33","name_user":null,"name_family":null,"village":null,"district":null,"telephone":null,"gender":null,"age":null,"location_longitude_seed_delivery_point":null,"location_latitude_seed_delivery_point":null,"location_altitude":null,"location_longitude":null,"location_latitude":null,"planting_date":null,"harvest_date":null,"weight_of_all_yield_of_the_variety_a_in_kg":null,"weight_of_all_yield_of_the_variety_b_in_kg":null,"weight_of_all_yield_of_the_variety_c_in_kg":null,"codigo_paquetes":null,"caracteristica_1":"Faster_maturity-(A/B/C)","best_variedad_1":null,"worst_variedad_1":null,"caracteristica_2":"Pest_resistance-(A/B/C)","best_variedad_2":null,"worst_variedad_2":null,"caracteristica_3":"Disease_resistance-(A/B/C)","best_variedad_3":null,"worst_variedad_3":null,"caracteristica_4":"Drought_resistance-(A/B/C)","best_variedad_4":null,"worst_variedad_4":null,"caracteristica_5":"Yield-(A/B/C)","best_variedad_5":null,"worst_variedad_5":null,"caracteristica_6":"Overall_performance-(A/B/C)","best_variedad_6":null,"worst_variedad_6":null,"caracteristica_7":"Overall_performance_VS_Local-(Better/Worse)","variedad_a_7":null,"variedad_b_7":null,"variedad_c_7":null,"evaluation":null},
{"observadores":"issd_osw_sire_foodbarley_kolo_babale_34","name_user":null,"name_family":null,"village":null,"district":null,"telephone":null,"gender":null,"age":null,"location_longitude_seed_delivery_point":null,"location_latitude_seed_delivery_point":null,"location_altitude":null,"location_longitude":null,"location_latitude":null,"planting_date":null,"harvest_date":null,"weight_of_all_yield_of_the_variety_a_in_kg":null,"weight_of_all_yield_of_the_variety_b_in_kg":null,"weight_of_all_yield_of_the_variety_c_in_kg":null,"codigo_paquetes":null,"caracteristica_1":"Faster_maturity-(A/B/C)","best_variedad_1":null,"worst_variedad_1":null,"caracteristica_2":"Pest_resistance-(A/B/C)","best_variedad_2":null,"worst_variedad_2":null,"caracteristica_3":"Disease_resistance-(A/B/C)","best_variedad_3":null,"worst_variedad_3":null,"caracteristica_4":"Drought_resistance-(A/B/C)","best_variedad_4":null,"worst_variedad_4":null,"caracteristica_5":"Yield-(A/B/C)","best_variedad_5":null,"worst_variedad_5":null,"caracteristica_6":"Overall_performance-(A/B/C)","best_variedad_6":null,"worst_variedad_6":null,"caracteristica_7":"Overall_performance_VS_Local-(Better/Worse)","variedad_a_7":null,"variedad_b_7":null,"variedad_c_7":null,"evaluation":null},
{"observadores":"issd_osw_sire_foodbarley_kolo_babale_35","name_user":null,"name_family":null,"village":null,"district":null,"telephone":null,"gender":null,"age":null,"location_longitude_seed_delivery_point":null,"location_latitude_seed_delivery_point":null,"location_altitude":null,"location_longitude":null,"location_latitude":null,"planting_date":null,"harvest_date":null,"weight_of_all_yield_of_the_variety_a_in_kg":null,"weight_of_all_yield_of_the_variety_b_in_kg":null,"weight_of_all_yield_of_the_variety_c_in_kg":null,"codigo_paquetes":null,"caracteristica_1":"Faster_maturity-(A/B/C)","best_variedad_1":null,"worst_variedad_1":null,"caracteristica_2":"Pest_resistance-(A/B/C)","best_variedad_2":null,"worst_variedad_2":null,"caracteristica_3":"Disease_resistance-(A/B/C)","best_variedad_3":null,"worst_variedad_3":null,"caracteristica_4":"Drought_resistance-(A/B/C)","best_variedad_4":null,"worst_variedad_4":null,"caracteristica_5":"Yield-(A/B/C)","best_variedad_5":null,"worst_variedad_5":null,"caracteristica_6":"Overall_performance-(A/B/C)","best_variedad_6":null,"worst_variedad_6":null,"caracteristica_7":"Overall_performance_VS_Local-(Better/Worse)","variedad_a_7":null,"variedad_b_7":null,"variedad_c_7":null,"evaluation":null},
{"observadores":"issd_osw_sire_foodbarley_kolo_babale_36","name_user":null,"name_family":null,"village":null,"district":null,"telephone":null,"gender":null,"age":null,"location_longitude_seed_delivery_point":null,"location_latitude_seed_delivery_point":null,"location_altitude":null,"location_longitude":null,"location_latitude":null,"planting_date":null,"harvest_date":null,"weight_of_all_yield_of_the_variety_a_in_kg":null,"weight_of_all_yield_of_the_variety_b_in_kg":null,"weight_of_all_yield_of_the_variety_c_in_kg":null,"codigo_paquetes":null,"caracteristica_1":"Faster_maturity-(A/B/C)","best_variedad_1":null,"worst_variedad_1":null,"caracteristica_2":"Pest_resistance-(A/B/C)","best_variedad_2":null,"worst_variedad_2":null,"caracteristica_3":"Disease_resistance-(A/B/C)","best_variedad_3":null,"worst_variedad_3":null,"caracteristica_4":"Drought_resistance-(A/B/C)","best_variedad_4":null,"worst_variedad_4":null,"caracteristica_5":"Yield-(A/B/C)","best_variedad_5":null,"worst_variedad_5":null,"caracteristica_6":"Overall_performance-(A/B/C)","best_variedad_6":null,"worst_variedad_6":null,"caracteristica_7":"Overall_performance_VS_Local-(Better/Worse)","variedad_a_7":null,"variedad_b_7":null,"variedad_c_7":null,"evaluation":null},
{"observadores":"issd_osw_sire_foodbarley_kolo_babale_37","name_user":null,"name_family":null,"village":null,"district":null,"telephone":null,"gender":null,"age":null,"location_longitude_seed_delivery_point":null,"location_latitude_seed_delivery_point":null,"location_altitude":null,"location_longitude":null,"location_latitude":null,"planting_date":null,"harvest_date":null,"weight_of_all_yield_of_the_variety_a_in_kg":null,"weight_of_all_yield_of_the_variety_b_in_kg":null,"weight_of_all_yield_of_the_variety_c_in_kg":null,"codigo_paquetes":null,"caracteristica_1":"Faster_maturity-(A/B/C)","best_variedad_1":null,"worst_variedad_1":null,"caracteristica_2":"Pest_resistance-(A/B/C)","best_variedad_2":null,"worst_variedad_2":null,"caracteristica_3":"Disease_resistance-(A/B/C)","best_variedad_3":null,"worst_variedad_3":null,"caracteristica_4":"Drought_resistance-(A/B/C)","best_variedad_4":null,"worst_variedad_4":null,"caracteristica_5":"Yield-(A/B/C)","best_variedad_5":null,"worst_variedad_5":null,"caracteristica_6":"Overall_performance-(A/B/C)","best_variedad_6":null,"worst_variedad_6":null,"caracteristica_7":"Overall_performance_VS_Local-(Better/Worse)","variedad_a_7":null,"variedad_b_7":null,"variedad_c_7":null,"evaluation":null},
{"observadores":"issd_osw_sire_foodbarley_kolo_babale_38","name_user":null,"name_family":null,"village":null,"district":null,"telephone":null,"gender":null,"age":null,"location_longitude_seed_delivery_point":null,"location_latitude_seed_delivery_point":null,"location_altitude":null,"location_longitude":null,"location_latitude":null,"planting_date":null,"harvest_date":null,"weight_of_all_yield_of_the_variety_a_in_kg":null,"weight_of_all_yield_of_the_variety_b_in_kg":null,"weight_of_all_yield_of_the_variety_c_in_kg":null,"codigo_paquetes":null,"caracteristica_1":"Faster_maturity-(A/B/C)","best_variedad_1":null,"worst_variedad_1":null,"caracteristica_2":"Pest_resistance-(A/B/C)","best_variedad_2":null,"worst_variedad_2":null,"caracteristica_3":"Disease_resistance-(A/B/C)","best_variedad_3":null,"worst_variedad_3":null,"caracteristica_4":"Drought_resistance-(A/B/C)","best_variedad_4":null,"worst_variedad_4":null,"caracteristica_5":"Yield-(A/B/C)","best_variedad_5":null,"worst_variedad_5":null,"caracteristica_6":"Overall_performance-(A/B/C)","best_variedad_6":null,"worst_variedad_6":null,"caracteristica_7":"Overall_performance_VS_Local-(Better/Worse)","variedad_a_7":null,"variedad_b_7":null,"variedad_c_7":null,"evaluation":null},
{"observadores":"issd_osw_sire_foodbarley_kolo_babale_39","name_user":null,"name_family":null,"village":null,"district":null,"telephone":null,"gender":null,"age":null,"location_longitude_seed_delivery_point":null,"location_latitude_seed_delivery_point":null,"location_altitude":null,"location_longitude":null,"location_latitude":null,"planting_date":null,"harvest_date":null,"weight_of_all_yield_of_the_variety_a_in_kg":null,"weight_of_all_yield_of_the_variety_b_in_kg":null,"weight_of_all_yield_of_the_variety_c_in_kg":null,"codigo_paquetes":null,"caracteristica_1":"Faster_maturity-(A/B/C)","best_variedad_1":null,"worst_variedad_1":null,"caracteristica_2":"Pest_resistance-(A/B/C)","best_variedad_2":null,"worst_variedad_2":null,"caracteristica_3":"Disease_resistance-(A/B/C)","best_variedad_3":null,"worst_variedad_3":null,"caracteristica_4":"Drought_resistance-(A/B/C)","best_variedad_4":null,"worst_variedad_4":null,"caracteristica_5":"Yield-(A/B/C)","best_variedad_5":null,"worst_variedad_5":null,"caracteristica_6":"Overall_performance-(A/B/C)","best_variedad_6":null,"worst_variedad_6":null,"caracteristica_7":"Overall_performance_VS_Local-(Better/Worse)","variedad_a_7":null,"variedad_b_7":null,"variedad_c_7":null,"evaluation":null},
{"observadores":"issd_osw_sire_foodbarley_kolo_babale_4","name_user":null,"name_family":null,"village":null,"district":null,"telephone":null,"gender":null,"age":null,"location_longitude_seed_delivery_point":null,"location_latitude_seed_delivery_point":null,"location_altitude":null,"location_longitude":null,"location_latitude":null,"planting_date":null,"harvest_date":null,"weight_of_all_yield_of_the_variety_a_in_kg":null,"weight_of_all_yield_of_the_variety_b_in_kg":null,"weight_of_all_yield_of_the_variety_c_in_kg":null,"codigo_paquetes":null,"caracteristica_1":"Faster_maturity-(A/B/C)","best_variedad_1":null,"worst_variedad_1":null,"caracteristica_2":"Pest_resistance-(A/B/C)","best_variedad_2":null,"worst_variedad_2":null,"caracteristica_3":"Disease_resistance-(A/B/C)","best_variedad_3":null,"worst_variedad_3":null,"caracteristica_4":"Drought_resistance-(A/B/C)","best_variedad_4":null,"worst_variedad_4":null,"caracteristica_5":"Yield-(A/B/C)","best_variedad_5":null,"worst_variedad_5":null,"caracteristica_6":"Overall_performance-(A/B/C)","best_variedad_6":null,"worst_variedad_6":null,"caracteristica_7":"Overall_performance_VS_Local-(Better/Worse)","variedad_a_7":null,"variedad_b_7":null,"variedad_c_7":null,"evaluation":null},
{"observadores":"issd_osw_sire_foodbarley_kolo_babale_40","name_user":null,"name_family":null,"village":null,"district":null,"telephone":null,"gender":null,"age":null,"location_longitude_seed_delivery_point":null,"location_latitude_seed_delivery_point":null,"location_altitude":null,"location_longitude":null,"location_latitude":null,"planting_date":null,"harvest_date":null,"weight_of_all_yield_of_the_variety_a_in_kg":null,"weight_of_all_yield_of_the_variety_b_in_kg":null,"weight_of_all_yield_of_the_variety_c_in_kg":null,"codigo_paquetes":null,"caracteristica_1":"Faster_maturity-(A/B/C)","best_variedad_1":null,"worst_variedad_1":null,"caracteristica_2":"Pest_resistance-(A/B/C)","best_variedad_2":null,"worst_variedad_2":null,"caracteristica_3":"Disease_resistance-(A/B/C)","best_variedad_3":null,"worst_variedad_3":null,"caracteristica_4":"Drought_resistance-(A/B/C)","best_variedad_4":null,"worst_variedad_4":null,"caracteristica_5":"Yield-(A/B/C)","best_variedad_5":null,"worst_variedad_5":null,"caracteristica_6":"Overall_performance-(A/B/C)","best_variedad_6":null,"worst_variedad_6":null,"caracteristica_7":"Overall_performance_VS_Local-(Better/Worse)","variedad_a_7":null,"variedad_b_7":null,"variedad_c_7":null,"evaluation":null},
{"observadores":"issd_osw_sire_foodbarley_kolo_babale_41","name_user":null,"name_family":null,"village":null,"district":null,"telephone":null,"gender":null,"age":null,"location_longitude_seed_delivery_point":null,"location_latitude_seed_delivery_point":null,"location_altitude":null,"location_longitude":null,"location_latitude":null,"planting_date":null,"harvest_date":null,"weight_of_all_yield_of_the_variety_a_in_kg":null,"weight_of_all_yield_of_the_variety_b_in_kg":null,"weight_of_all_yield_of_the_variety_c_in_kg":null,"codigo_paquetes":null,"caracteristica_1":"Faster_maturity-(A/B/C)","best_variedad_1":null,"worst_variedad_1":null,"caracteristica_2":"Pest_resistance-(A/B/C)","best_variedad_2":null,"worst_variedad_2":null,"caracteristica_3":"Disease_resistance-(A/B/C)","best_variedad_3":null,"worst_variedad_3":null,"caracteristica_4":"Drought_resistance-(A/B/C)","best_variedad_4":null,"worst_variedad_4":null,"caracteristica_5":"Yield-(A/B/C)","best_variedad_5":null,"worst_variedad_5":null,"caracteristica_6":"Overall_performance-(A/B/C)","best_variedad_6":null,"worst_variedad_6":null,"caracteristica_7":"Overall_performance_VS_Local-(Better/Worse)","variedad_a_7":null,"variedad_b_7":null,"variedad_c_7":null,"evaluation":null},
{"observadores":"issd_osw_sire_foodbarley_kolo_babale_42","name_user":null,"name_family":null,"village":null,"district":null,"telephone":null,"gender":null,"age":null,"location_longitude_seed_delivery_point":null,"location_latitude_seed_delivery_point":null,"location_altitude":null,"location_longitude":null,"location_latitude":null,"planting_date":null,"harvest_date":null,"weight_of_all_yield_of_the_variety_a_in_kg":null,"weight_of_all_yield_of_the_variety_b_in_kg":null,"weight_of_all_yield_of_the_variety_c_in_kg":null,"codigo_paquetes":null,"caracteristica_1":"Faster_maturity-(A/B/C)","best_variedad_1":null,"worst_variedad_1":null,"caracteristica_2":"Pest_resistance-(A/B/C)","best_variedad_2":null,"worst_variedad_2":null,"caracteristica_3":"Disease_resistance-(A/B/C)","best_variedad_3":null,"worst_variedad_3":null,"caracteristica_4":"Drought_resistance-(A/B/C)","best_variedad_4":null,"worst_variedad_4":null,"caracteristica_5":"Yield-(A/B/C)","best_variedad_5":null,"worst_variedad_5":null,"caracteristica_6":"Overall_performance-(A/B/C)","best_variedad_6":null,"worst_variedad_6":null,"caracteristica_7":"Overall_performance_VS_Local-(Better/Worse)","variedad_a_7":null,"variedad_b_7":null,"variedad_c_7":null,"evaluation":null},
{"observadores":"issd_osw_sire_foodbarley_kolo_babale_43","name_user":null,"name_family":null,"village":null,"district":null,"telephone":null,"gender":null,"age":null,"location_longitude_seed_delivery_point":null,"location_latitude_seed_delivery_point":null,"location_altitude":null,"location_longitude":null,"location_latitude":null,"planting_date":null,"harvest_date":null,"weight_of_all_yield_of_the_variety_a_in_kg":null,"weight_of_all_yield_of_the_variety_b_in_kg":null,"weight_of_all_yield_of_the_variety_c_in_kg":null,"codigo_paquetes":null,"caracteristica_1":"Faster_maturity-(A/B/C)","best_variedad_1":null,"worst_variedad_1":null,"caracteristica_2":"Pest_resistance-(A/B/C)","best_variedad_2":null,"worst_variedad_2":null,"caracteristica_3":"Disease_resistance-(A/B/C)","best_variedad_3":null,"worst_variedad_3":null,"caracteristica_4":"Drought_resistance-(A/B/C)","best_variedad_4":null,"worst_variedad_4":null,"caracteristica_5":"Yield-(A/B/C)","best_variedad_5":null,"worst_variedad_5":null,"caracteristica_6":"Overall_performance-(A/B/C)","best_variedad_6":null,"worst_variedad_6":null,"caracteristica_7":"Overall_performance_VS_Local-(Better/Worse)","variedad_a_7":null,"variedad_b_7":null,"variedad_c_7":null,"evaluation":null},
{"observadores":"issd_osw_sire_foodbarley_kolo_babale_44","name_user":null,"name_family":null,"village":null,"district":null,"telephone":null,"gender":null,"age":null,"location_longitude_seed_delivery_point":null,"location_latitude_seed_delivery_point":null,"location_altitude":null,"location_longitude":null,"location_latitude":null,"planting_date":null,"harvest_date":null,"weight_of_all_yield_of_the_variety_a_in_kg":null,"weight_of_all_yield_of_the_variety_b_in_kg":null,"weight_of_all_yield_of_the_variety_c_in_kg":null,"codigo_paquetes":null,"caracteristica_1":"Faster_maturity-(A/B/C)","best_variedad_1":null,"worst_variedad_1":null,"caracteristica_2":"Pest_resistance-(A/B/C)","best_variedad_2":null,"worst_variedad_2":null,"caracteristica_3":"Disease_resistance-(A/B/C)","best_variedad_3":null,"worst_variedad_3":null,"caracteristica_4":"Drought_resistance-(A/B/C)","best_variedad_4":null,"worst_variedad_4":null,"caracteristica_5":"Yield-(A/B/C)","best_variedad_5":null,"worst_variedad_5":null,"caracteristica_6":"Overall_performance-(A/B/C)","best_variedad_6":null,"worst_variedad_6":null,"caracteristica_7":"Overall_performance_VS_Local-(Better/Worse)","variedad_a_7":null,"variedad_b_7":null,"variedad_c_7":null,"evaluation":null},
{"observadores":"issd_osw_sire_foodbarley_kolo_babale_45","name_user":null,"name_family":null,"village":null,"district":null,"telephone":null,"gender":null,"age":null,"location_longitude_seed_delivery_point":null,"location_latitude_seed_delivery_point":null,"location_altitude":null,"location_longitude":null,"location_latitude":null,"planting_date":null,"harvest_date":null,"weight_of_all_yield_of_the_variety_a_in_kg":null,"weight_of_all_yield_of_the_variety_b_in_kg":null,"weight_of_all_yield_of_the_variety_c_in_kg":null,"codigo_paquetes":null,"caracteristica_1":"Faster_maturity-(A/B/C)","best_variedad_1":null,"worst_variedad_1":null,"caracteristica_2":"Pest_resistance-(A/B/C)","best_variedad_2":null,"worst_variedad_2":null,"caracteristica_3":"Disease_resistance-(A/B/C)","best_variedad_3":null,"worst_variedad_3":null,"caracteristica_4":"Drought_resistance-(A/B/C)","best_variedad_4":null,"worst_variedad_4":null,"caracteristica_5":"Yield-(A/B/C)","best_variedad_5":null,"worst_variedad_5":null,"caracteristica_6":"Overall_performance-(A/B/C)","best_variedad_6":null,"worst_variedad_6":null,"caracteristica_7":"Overall_performance_VS_Local-(Better/Worse)","variedad_a_7":null,"variedad_b_7":null,"variedad_c_7":null,"evaluation":null},
{"observadores":"issd_osw_sire_foodbarley_kolo_babale_46","name_user":null,"name_family":null,"village":null,"district":null,"telephone":null,"gender":null,"age":null,"location_longitude_seed_delivery_point":null,"location_latitude_seed_delivery_point":null,"location_altitude":null,"location_longitude":null,"location_latitude":null,"planting_date":null,"harvest_date":null,"weight_of_all_yield_of_the_variety_a_in_kg":null,"weight_of_all_yield_of_the_variety_b_in_kg":null,"weight_of_all_yield_of_the_variety_c_in_kg":null,"codigo_paquetes":null,"caracteristica_1":"Faster_maturity-(A/B/C)","best_variedad_1":null,"worst_variedad_1":null,"caracteristica_2":"Pest_resistance-(A/B/C)","best_variedad_2":null,"worst_variedad_2":null,"caracteristica_3":"Disease_resistance-(A/B/C)","best_variedad_3":null,"worst_variedad_3":null,"caracteristica_4":"Drought_resistance-(A/B/C)","best_variedad_4":null,"worst_variedad_4":null,"caracteristica_5":"Yield-(A/B/C)","best_variedad_5":null,"worst_variedad_5":null,"caracteristica_6":"Overall_performance-(A/B/C)","best_variedad_6":null,"worst_variedad_6":null,"caracteristica_7":"Overall_performance_VS_Local-(Better/Worse)","variedad_a_7":null,"variedad_b_7":null,"variedad_c_7":null,"evaluation":null},
{"observadores":"issd_osw_sire_foodbarley_kolo_babale_47","name_user":null,"name_family":null,"village":null,"district":null,"telephone":null,"gender":null,"age":null,"location_longitude_seed_delivery_point":null,"location_latitude_seed_delivery_point":null,"location_altitude":null,"location_longitude":null,"location_latitude":null,"planting_date":null,"harvest_date":null,"weight_of_all_yield_of_the_variety_a_in_kg":null,"weight_of_all_yield_of_the_variety_b_in_kg":null,"weight_of_all_yield_of_the_variety_c_in_kg":null,"codigo_paquetes":null,"caracteristica_1":"Faster_maturity-(A/B/C)","best_variedad_1":null,"worst_variedad_1":null,"caracteristica_2":"Pest_resistance-(A/B/C)","best_variedad_2":null,"worst_variedad_2":null,"caracteristica_3":"Disease_resistance-(A/B/C)","best_variedad_3":null,"worst_variedad_3":null,"caracteristica_4":"Drought_resistance-(A/B/C)","best_variedad_4":null,"worst_variedad_4":null,"caracteristica_5":"Yield-(A/B/C)","best_variedad_5":null,"worst_variedad_5":null,"caracteristica_6":"Overall_performance-(A/B/C)","best_variedad_6":null,"worst_variedad_6":null,"caracteristica_7":"Overall_performance_VS_Local-(Better/Worse)","variedad_a_7":null,"variedad_b_7":null,"variedad_c_7":null,"evaluation":null},
{"observadores":"issd_osw_sire_foodbarley_kolo_babale_48","name_user":null,"name_family":null,"village":null,"district":null,"telephone":null,"gender":null,"age":null,"location_longitude_seed_delivery_point":null,"location_latitude_seed_delivery_point":null,"location_altitude":null,"location_longitude":null,"location_latitude":null,"planting_date":null,"harvest_date":null,"weight_of_all_yield_of_the_variety_a_in_kg":null,"weight_of_all_yield_of_the_variety_b_in_kg":null,"weight_of_all_yield_of_the_variety_c_in_kg":null,"codigo_paquetes":null,"caracteristica_1":"Faster_maturity-(A/B/C)","best_variedad_1":null,"worst_variedad_1":null,"caracteristica_2":"Pest_resistance-(A/B/C)","best_variedad_2":null,"worst_variedad_2":null,"caracteristica_3":"Disease_resistance-(A/B/C)","best_variedad_3":null,"worst_variedad_3":null,"caracteristica_4":"Drought_resistance-(A/B/C)","best_variedad_4":null,"worst_variedad_4":null,"caracteristica_5":"Yield-(A/B/C)","best_variedad_5":null,"worst_variedad_5":null,"caracteristica_6":"Overall_performance-(A/B/C)","best_variedad_6":null,"worst_variedad_6":null,"caracteristica_7":"Overall_performance_VS_Local-(Better/Worse)","variedad_a_7":null,"variedad_b_7":null,"variedad_c_7":null,"evaluation":null},
{"observadores":"issd_osw_sire_foodbarley_kolo_babale_49","name_user":null,"name_family":null,"village":null,"district":null,"telephone":null,"gender":null,"age":null,"location_longitude_seed_delivery_point":null,"location_latitude_seed_delivery_point":null,"location_altitude":null,"location_longitude":null,"location_latitude":null,"planting_date":null,"harvest_date":null,"weight_of_all_yield_of_the_variety_a_in_kg":null,"weight_of_all_yield_of_the_variety_b_in_kg":null,"weight_of_all_yield_of_the_variety_c_in_kg":null,"codigo_paquetes":null,"caracteristica_1":"Faster_maturity-(A/B/C)","best_variedad_1":null,"worst_variedad_1":null,"caracteristica_2":"Pest_resistance-(A/B/C)","best_variedad_2":null,"worst_variedad_2":null,"caracteristica_3":"Disease_resistance-(A/B/C)","best_variedad_3":null,"worst_variedad_3":null,"caracteristica_4":"Drought_resistance-(A/B/C)","best_variedad_4":null,"worst_variedad_4":null,"caracteristica_5":"Yield-(A/B/C)","best_variedad_5":null,"worst_variedad_5":null,"caracteristica_6":"Overall_performance-(A/B/C)","best_variedad_6":null,"worst_variedad_6":null,"caracteristica_7":"Overall_performance_VS_Local-(Better/Worse)","variedad_a_7":null,"variedad_b_7":null,"variedad_c_7":null,"evaluation":null},
{"observadores":"issd_osw_sire_foodbarley_kolo_babale_5","name_user":null,"name_family":null,"village":null,"district":null,"telephone":null,"gender":null,"age":null,"location_longitude_seed_delivery_point":null,"location_latitude_seed_delivery_point":null,"location_altitude":null,"location_longitude":null,"location_latitude":null,"planting_date":null,"harvest_date":null,"weight_of_all_yield_of_the_variety_a_in_kg":null,"weight_of_all_yield_of_the_variety_b_in_kg":null,"weight_of_all_yield_of_the_variety_c_in_kg":null,"codigo_paquetes":null,"caracteristica_1":"Faster_maturity-(A/B/C)","best_variedad_1":null,"worst_variedad_1":null,"caracteristica_2":"Pest_resistance-(A/B/C)","best_variedad_2":null,"worst_variedad_2":null,"caracteristica_3":"Disease_resistance-(A/B/C)","best_variedad_3":null,"worst_variedad_3":null,"caracteristica_4":"Drought_resistance-(A/B/C)","best_variedad_4":null,"worst_variedad_4":null,"caracteristica_5":"Yield-(A/B/C)","best_variedad_5":null,"worst_variedad_5":null,"caracteristica_6":"Overall_performance-(A/B/C)","best_variedad_6":null,"worst_variedad_6":null,"caracteristica_7":"Overall_performance_VS_Local-(Better/Worse)","variedad_a_7":null,"variedad_b_7":null,"variedad_c_7":null,"evaluation":null},
{"observadores":"issd_osw_sire_foodbarley_kolo_babale_50","name_user":null,"name_family":null,"village":null,"district":null,"telephone":null,"gender":null,"age":null,"location_longitude_seed_delivery_point":null,"location_latitude_seed_delivery_point":null,"location_altitude":null,"location_longitude":null,"location_latitude":null,"planting_date":null,"harvest_date":null,"weight_of_all_yield_of_the_variety_a_in_kg":null,"weight_of_all_yield_of_the_variety_b_in_kg":null,"weight_of_all_yield_of_the_variety_c_in_kg":null,"codigo_paquetes":null,"caracteristica_1":"Faster_maturity-(A/B/C)","best_variedad_1":null,"worst_variedad_1":null,"caracteristica_2":"Pest_resistance-(A/B/C)","best_variedad_2":null,"worst_variedad_2":null,"caracteristica_3":"Disease_resistance-(A/B/C)","best_variedad_3":null,"worst_variedad_3":null,"caracteristica_4":"Drought_resistance-(A/B/C)","best_variedad_4":null,"worst_variedad_4":null,"caracteristica_5":"Yield-(A/B/C)","best_variedad_5":null,"worst_variedad_5":null,"caracteristica_6":"Overall_performance-(A/B/C)","best_variedad_6":null,"worst_variedad_6":null,"caracteristica_7":"Overall_performance_VS_Local-(Better/Worse)","variedad_a_7":null,"variedad_b_7":null,"variedad_c_7":null,"evaluation":null},
{"observadores":"issd_osw_sire_foodbarley_kolo_babale_6","name_user":null,"name_family":null,"village":null,"district":null,"telephone":null,"gender":null,"age":null,"location_longitude_seed_delivery_point":null,"location_latitude_seed_delivery_point":null,"location_altitude":null,"location_longitude":null,"location_latitude":null,"planting_date":null,"harvest_date":null,"weight_of_all_yield_of_the_variety_a_in_kg":null,"weight_of_all_yield_of_the_variety_b_in_kg":null,"weight_of_all_yield_of_the_variety_c_in_kg":null,"codigo_paquetes":null,"caracteristica_1":"Faster_maturity-(A/B/C)","best_variedad_1":null,"worst_variedad_1":null,"caracteristica_2":"Pest_resistance-(A/B/C)","best_variedad_2":null,"worst_variedad_2":null,"caracteristica_3":"Disease_resistance-(A/B/C)","best_variedad_3":null,"worst_variedad_3":null,"caracteristica_4":"Drought_resistance-(A/B/C)","best_variedad_4":null,"worst_variedad_4":null,"caracteristica_5":"Yield-(A/B/C)","best_variedad_5":null,"worst_variedad_5":null,"caracteristica_6":"Overall_performance-(A/B/C)","best_variedad_6":null,"worst_variedad_6":null,"caracteristica_7":"Overall_performance_VS_Local-(Better/Worse)","variedad_a_7":null,"variedad_b_7":null,"variedad_c_7":null,"evaluation":null},
{"observadores":"issd_osw_sire_foodbarley_kolo_babale_7","name_user":null,"name_family":null,"village":null,"district":null,"telephone":null,"gender":null,"age":null,"location_longitude_seed_delivery_point":null,"location_latitude_seed_delivery_point":null,"location_altitude":null,"location_longitude":null,"location_latitude":null,"planting_date":null,"harvest_date":null,"weight_of_all_yield_of_the_variety_a_in_kg":null,"weight_of_all_yield_of_the_variety_b_in_kg":null,"weight_of_all_yield_of_the_variety_c_in_kg":null,"codigo_paquetes":null,"caracteristica_1":"Faster_maturity-(A/B/C)","best_variedad_1":null,"worst_variedad_1":null,"caracteristica_2":"Pest_resistance-(A/B/C)","best_variedad_2":null,"worst_variedad_2":null,"caracteristica_3":"Disease_resistance-(A/B/C)","best_variedad_3":null,"worst_variedad_3":null,"caracteristica_4":"Drought_resistance-(A/B/C)","best_variedad_4":null,"worst_variedad_4":null,"caracteristica_5":"Yield-(A/B/C)","best_variedad_5":null,"worst_variedad_5":null,"caracteristica_6":"Overall_performance-(A/B/C)","best_variedad_6":null,"worst_variedad_6":null,"caracteristica_7":"Overall_performance_VS_Local-(Better/Worse)","variedad_a_7":null,"variedad_b_7":null,"variedad_c_7":null,"evaluation":null},
{"observadores":"issd_osw_sire_foodbarley_kolo_babale_8","name_user":null,"name_family":null,"village":null,"district":null,"telephone":null,"gender":null,"age":null,"location_longitude_seed_delivery_point":null,"location_latitude_seed_delivery_point":null,"location_altitude":null,"location_longitude":null,"location_latitude":null,"planting_date":null,"harvest_date":null,"weight_of_all_yield_of_the_variety_a_in_kg":null,"weight_of_all_yield_of_the_variety_b_in_kg":null,"weight_of_all_yield_of_the_variety_c_in_kg":null,"codigo_paquetes":null,"caracteristica_1":"Faster_maturity-(A/B/C)","best_variedad_1":null,"worst_variedad_1":null,"caracteristica_2":"Pest_resistance-(A/B/C)","best_variedad_2":null,"worst_variedad_2":null,"caracteristica_3":"Disease_resistance-(A/B/C)","best_variedad_3":null,"worst_variedad_3":null,"caracteristica_4":"Drought_resistance-(A/B/C)","best_variedad_4":null,"worst_variedad_4":null,"caracteristica_5":"Yield-(A/B/C)","best_variedad_5":null,"worst_variedad_5":null,"caracteristica_6":"Overall_performance-(A/B/C)","best_variedad_6":null,"worst_variedad_6":null,"caracteristica_7":"Overall_performance_VS_Local-(Better/Worse)","variedad_a_7":null,"variedad_b_7":null,"variedad_c_7":null,"evaluation":null},
{"observadores":"issd_osw_sire_foodbarley_kolo_babale_9","name_user":null,"name_family":null,"village":null,"district":null,"telephone":null,"gender":null,"age":null,"location_longitude_seed_delivery_point":null,"location_latitude_seed_delivery_point":null,"location_altitude":null,"location_longitude":null,"location_latitude":null,"planting_date":null,"harvest_date":null,"weight_of_all_yield_of_the_variety_a_in_kg":null,"weight_of_all_yield_of_the_variety_b_in_kg":null,"weight_of_all_yield_of_the_variety_c_in_kg":null,"codigo_paquetes":null,"caracteristica_1":"Faster_maturity-(A/B/C)","best_variedad_1":null,"worst_variedad_1":null,"caracteristica_2":"Pest_resistance-(A/B/C)","best_variedad_2":null,"worst_variedad_2":null,"caracteristica_3":"Disease_resistance-(A/B/C)","best_variedad_3":null,"worst_variedad_3":null,"caracteristica_4":"Drought_resistance-(A/B/C)","best_variedad_4":null,"worst_variedad_4":null,"caracteristica_5":"Yield-(A/B/C)","best_variedad_5":null,"worst_variedad_5":null,"caracteristica_6":"Overall_performance-(A/B/C)","best_variedad_6":null,"worst_variedad_6":null,"caracteristica_7":"Overall_performance_VS_Local-(Better/Worse)","variedad_a_7":null,"variedad_b_7":null,"variedad_c_7":null,"evaluation":null}
]
