[
{"observadores":"issd_osw_bosat_bdg__1","name_user":"Warku","name_family":"Wolde Tsadik","village":"Buttaa Daalacha Gadaa","district":"Bosat","telephone":"0","gender":"M","age":"40","location_longitude_seed_delivery_point":"","location_latitude_seed_delivery_point":"","location_altitude":"","location_longitude":"","location_latitude":"","planting_date":"2017-07-28","harvest_date":"2017-10-02","weight_of_all_yield_of_the_variety_a_in_kg":"4","weight_of_all_yield_of_the_variety_b_in_kg":"2","weight_of_all_yield_of_the_variety_c_in_kg":"6","codigo_paquetes":"package_issd_osw_bosat_bdg__01","caracteristica_1":"Faster_maturity-(A/B/C)","best_variedad_1":"C","worst_variedad_1":"A","caracteristica_2":"Pest_resistance-(A/B/C)","best_variedad_2":"C","worst_variedad_2":"A","caracteristica_3":"Disease_resistance-(A/B/C)","best_variedad_3":"C","worst_variedad_3":"A","caracteristica_4":"Drought_resistance-(A/B/C)","best_variedad_4":"C","worst_variedad_4":"A","caracteristica_5":"Yield-(A/B/C)","best_variedad_5":"C","worst_variedad_5":"A","caracteristica_6":"Overall_performance-(A/B/C)","best_variedad_6":"C","worst_variedad_6":"A","evaluation":"1"},
{"observadores":"issd_osw_bosat_bdg__10","name_user":"Qilxu","name_family":"Dhibo","village":"Buttaa Daalacha Gadaa","district":"Bosat","telephone":"0","gender":"M","age":"42","location_longitude_seed_delivery_point":"","location_latitude_seed_delivery_point":"","location_altitude":"","location_longitude":"","location_latitude":"","planting_date":"2017-07-28","harvest_date":"2017-02-28","weight_of_all_yield_of_the_variety_a_in_kg":"2","weight_of_all_yield_of_the_variety_b_in_kg":"3","weight_of_all_yield_of_the_variety_c_in_kg":"2","codigo_paquetes":"package_issd_osw_bosat_bdg__10","caracteristica_1":"Faster_maturity-(A/B/C)","best_variedad_1":"B","worst_variedad_1":"C","caracteristica_2":"Pest_resistance-(A/B/C)","best_variedad_2":"B","worst_variedad_2":"C","caracteristica_3":"Disease_resistance-(A/B/C)","best_variedad_3":"B","worst_variedad_3":"C","caracteristica_4":"Drought_resistance-(A/B/C)","best_variedad_4":"B","worst_variedad_4":"C","caracteristica_5":"Yield-(A/B/C)","best_variedad_5":"B","worst_variedad_5":"C","caracteristica_6":"Overall_performance-(A/B/C)","best_variedad_6":"B","worst_variedad_6":"C","evaluation":"1"},
{"observadores":"issd_osw_bosat_bdg__11","name_user":"Gexiye","name_family":"Sabona","village":"Buttaa Daalacha Gadaa","district":"Bosat","telephone":"0","gender":"F","age":"43","location_longitude_seed_delivery_point":"","location_latitude_seed_delivery_point":"","location_altitude":"","location_longitude":"","location_latitude":"","planting_date":"2017-07-29","harvest_date":"2017-10-22","weight_of_all_yield_of_the_variety_a_in_kg":"1","weight_of_all_yield_of_the_variety_b_in_kg":"6","weight_of_all_yield_of_the_variety_c_in_kg":"4","codigo_paquetes":"package_issd_osw_bosat_bdg__11","caracteristica_1":"Faster_maturity-(A/B/C)","best_variedad_1":"B","worst_variedad_1":"A","caracteristica_2":"Pest_resistance-(A/B/C)","best_variedad_2":"B","worst_variedad_2":"A","caracteristica_3":"Disease_resistance-(A/B/C)","best_variedad_3":"B","worst_variedad_3":"A","caracteristica_4":"Drought_resistance-(A/B/C)","best_variedad_4":"B","worst_variedad_4":"A","caracteristica_5":"Yield-(A/B/C)","best_variedad_5":"B","worst_variedad_5":"A","caracteristica_6":"Overall_performance-(A/B/C)","best_variedad_6":"B","worst_variedad_6":"A","evaluation":"1"},
{"observadores":"issd_osw_bosat_bdg__12","name_user":"Tashoma","name_family":"Gamado","village":"Buttaa Daalacha Gadaa","district":"Bosat","telephone":"0","gender":"M","age":"41","location_longitude_seed_delivery_point":"","location_latitude_seed_delivery_point":"","location_altitude":"","location_longitude":"","location_latitude":"","planting_date":"2017-07-28","harvest_date":"2017-10-29","weight_of_all_yield_of_the_variety_a_in_kg":"2","weight_of_all_yield_of_the_variety_b_in_kg":"3","weight_of_all_yield_of_the_variety_c_in_kg":"4","codigo_paquetes":"package_issd_osw_bosat_bdg__12","caracteristica_1":"Faster_maturity-(A/B/C)","best_variedad_1":"C","worst_variedad_1":"B","caracteristica_2":"Pest_resistance-(A/B/C)","best_variedad_2":"C","worst_variedad_2":"B","caracteristica_3":"Disease_resistance-(A/B/C)","best_variedad_3":"C","worst_variedad_3":"B","caracteristica_4":"Drought_resistance-(A/B/C)","best_variedad_4":"C","worst_variedad_4":"B","caracteristica_5":"Yield-(A/B/C)","best_variedad_5":"C","worst_variedad_5":"B","caracteristica_6":"Overall_performance-(A/B/C)","best_variedad_6":"C","worst_variedad_6":"B","evaluation":"1"},
{"observadores":"issd_osw_bosat_bdg__13","name_user":"Tizaze","name_family":"Wolde Tsadik","village":"Buttaa Daalacha Gadaa","district":"Bosat","telephone":"0","gender":"F","age":"29","location_longitude_seed_delivery_point":"","location_latitude_seed_delivery_point":"","location_altitude":"","location_longitude":"","location_latitude":"","planting_date":"2017-07-28","harvest_date":"2017-10-28","weight_of_all_yield_of_the_variety_a_in_kg":"3","weight_of_all_yield_of_the_variety_b_in_kg":"4","weight_of_all_yield_of_the_variety_c_in_kg":"2","codigo_paquetes":"package_issd_osw_bosat_bdg__13","caracteristica_1":"Faster_maturity-(A/B/C)","best_variedad_1":"B","worst_variedad_1":"C","caracteristica_2":"Pest_resistance-(A/B/C)","best_variedad_2":"B","worst_variedad_2":"C","caracteristica_3":"Disease_resistance-(A/B/C)","best_variedad_3":"B","worst_variedad_3":"C","caracteristica_4":"Drought_resistance-(A/B/C)","best_variedad_4":"B","worst_variedad_4":"C","caracteristica_5":"Yield-(A/B/C)","best_variedad_5":"B","worst_variedad_5":"C","caracteristica_6":"Overall_performance-(A/B/C)","best_variedad_6":"B","worst_variedad_6":"C","evaluation":"1"},
{"observadores":"issd_osw_bosat_bdg__14","name_user":"Tulamo","name_family":"Sida","village":"Buttaa Daalacha Gadaa","district":"Bosat","telephone":"0","gender":"M","age":"51","location_longitude_seed_delivery_point":"","location_latitude_seed_delivery_point":"","location_altitude":"","location_longitude":"","location_latitude":"","planting_date":"2017-07-28","harvest_date":"2017-10-29","weight_of_all_yield_of_the_variety_a_in_kg":"2","weight_of_all_yield_of_the_variety_b_in_kg":"4","weight_of_all_yield_of_the_variety_c_in_kg":"3","codigo_paquetes":"package_issd_osw_bosat_bdg__14","caracteristica_1":"Faster_maturity-(A/B/C)","best_variedad_1":"B","worst_variedad_1":"C","caracteristica_2":"Pest_resistance-(A/B/C)","best_variedad_2":"B","worst_variedad_2":"C","caracteristica_3":"Disease_resistance-(A/B/C)","best_variedad_3":"B","worst_variedad_3":"C","caracteristica_4":"Drought_resistance-(A/B/C)","best_variedad_4":"B","worst_variedad_4":"C","caracteristica_5":"Yield-(A/B/C)","best_variedad_5":"B","worst_variedad_5":"C","caracteristica_6":"Overall_performance-(A/B/C)","best_variedad_6":"B","worst_variedad_6":"C","evaluation":"1"},
{"observadores":"issd_osw_bosat_bdg__15","name_user":"Aboro","name_family":"Tulu","village":"Buttaa Daalacha Gadaa","district":"Bosat","telephone":"0","gender":"M","age":"50","location_longitude_seed_delivery_point":"","location_latitude_seed_delivery_point":"","location_altitude":"","location_longitude":"","location_latitude":"","planting_date":"2017-07-30","harvest_date":"2017-10-26","weight_of_all_yield_of_the_variety_a_in_kg":"4","weight_of_all_yield_of_the_variety_b_in_kg":"3","weight_of_all_yield_of_the_variety_c_in_kg":"2","codigo_paquetes":"package_issd_osw_bosat_bdg__15","caracteristica_1":"Faster_maturity-(A/B/C)","best_variedad_1":"A","worst_variedad_1":"C","caracteristica_2":"Pest_resistance-(A/B/C)","best_variedad_2":"A","worst_variedad_2":"C","caracteristica_3":"Disease_resistance-(A/B/C)","best_variedad_3":"A","worst_variedad_3":"C","caracteristica_4":"Drought_resistance-(A/B/C)","best_variedad_4":"A","worst_variedad_4":"C","caracteristica_5":"Yield-(A/B/C)","best_variedad_5":"A","worst_variedad_5":"C","caracteristica_6":"Overall_performance-(A/B/C)","best_variedad_6":"A","worst_variedad_6":"C","evaluation":"1"},
{"observadores":"issd_osw_bosat_bdg__16","name_user":"Dhabi","name_family":"Gada","village":"Buttaa Daalacha Gadaa","district":"Bosat","telephone":"0","gender":"M","age":"38","location_longitude_seed_delivery_point":"","location_latitude_seed_delivery_point":"","location_altitude":"","location_longitude":"","location_latitude":"","planting_date":"2017-05-25","harvest_date":"2017-09-21","weight_of_all_yield_of_the_variety_a_in_kg":"","weight_of_all_yield_of_the_variety_b_in_kg":"","weight_of_all_yield_of_the_variety_c_in_kg":"","codigo_paquetes":"package_issd_osw_bosat_bdg__16","caracteristica_1":"Faster_maturity-(A/B/C)","best_variedad_1":"","worst_variedad_1":"","caracteristica_2":"Pest_resistance-(A/B/C)","best_variedad_2":"","worst_variedad_2":"","caracteristica_3":"Disease_resistance-(A/B/C)","best_variedad_3":"","worst_variedad_3":"","caracteristica_4":"Drought_resistance-(A/B/C)","best_variedad_4":"","worst_variedad_4":"","caracteristica_5":"Yield-(A/B/C)","best_variedad_5":"","worst_variedad_5":"","caracteristica_6":"Overall_performance-(A/B/C)","best_variedad_6":"","worst_variedad_6":"","evaluation":"2"},
{"observadores":"issd_osw_bosat_bdg__17","name_user":"Abboro","name_family":"Asafa","village":"Buttaa Daalacha Gadaa","district":"Bosat","telephone":"0","gender":"F","age":"40","location_longitude_seed_delivery_point":"","location_latitude_seed_delivery_point":"","location_altitude":"","location_longitude":"","location_latitude":"","planting_date":"2017-07-28","harvest_date":"2017-10-24","weight_of_all_yield_of_the_variety_a_in_kg":"2","weight_of_all_yield_of_the_variety_b_in_kg":"4","weight_of_all_yield_of_the_variety_c_in_kg":"6","codigo_paquetes":"package_issd_osw_bosat_bdg__17","caracteristica_1":"Faster_maturity-(A/B/C)","best_variedad_1":"C","worst_variedad_1":"B","caracteristica_2":"Pest_resistance-(A/B/C)","best_variedad_2":"C","worst_variedad_2":"B","caracteristica_3":"Disease_resistance-(A/B/C)","best_variedad_3":"C","worst_variedad_3":"B","caracteristica_4":"Drought_resistance-(A/B/C)","best_variedad_4":"C","worst_variedad_4":"B","caracteristica_5":"Yield-(A/B/C)","best_variedad_5":"C","worst_variedad_5":"B","caracteristica_6":"Overall_performance-(A/B/C)","best_variedad_6":"C","worst_variedad_6":"A","evaluation":"1"},
{"observadores":"issd_osw_bosat_bdg__18","name_user":"Damxo","name_family":"Hordofa","village":"Buttaa Daalacha Gadaa","district":"Bosat","telephone":"","gender":"M","age":"44","location_longitude_seed_delivery_point":"","location_latitude_seed_delivery_point":"","location_altitude":"","location_longitude":"","location_latitude":"","planting_date":"2017-07-28","harvest_date":"2017-10-28","weight_of_all_yield_of_the_variety_a_in_kg":"4","weight_of_all_yield_of_the_variety_b_in_kg":"2","weight_of_all_yield_of_the_variety_c_in_kg":"6","codigo_paquetes":"package_issd_osw_bosat_bdg__18","caracteristica_1":"Faster_maturity-(A/B/C)","best_variedad_1":"C","worst_variedad_1":"A","caracteristica_2":"Pest_resistance-(A/B/C)","best_variedad_2":"C","worst_variedad_2":"A","caracteristica_3":"Disease_resistance-(A/B/C)","best_variedad_3":"C","worst_variedad_3":"A","caracteristica_4":"Drought_resistance-(A/B/C)","best_variedad_4":"C","worst_variedad_4":"A","caracteristica_5":"Yield-(A/B/C)","best_variedad_5":"C","worst_variedad_5":"A","caracteristica_6":"Overall_performance-(A/B/C)","best_variedad_6":"C","worst_variedad_6":"A","evaluation":"1"},
{"observadores":"issd_osw_bosat_bdg__19","name_user":"Gamachu","name_family":"Balcha","village":"Buttaa Daalacha Gadaa","district":"Bosat","telephone":"0","gender":"M","age":"44","location_longitude_seed_delivery_point":"","location_latitude_seed_delivery_point":"","location_altitude":"","location_longitude":"","location_latitude":"","planting_date":"2017-06-05","harvest_date":"2017-09-12","weight_of_all_yield_of_the_variety_a_in_kg":"","weight_of_all_yield_of_the_variety_b_in_kg":"","weight_of_all_yield_of_the_variety_c_in_kg":"","codigo_paquetes":"package_issd_osw_bosat_bdg__19","caracteristica_1":"Faster_maturity-(A/B/C)","best_variedad_1":"","worst_variedad_1":"","caracteristica_2":"Pest_resistance-(A/B/C)","best_variedad_2":"","worst_variedad_2":"","caracteristica_3":"Disease_resistance-(A/B/C)","best_variedad_3":"","worst_variedad_3":"","caracteristica_4":"Drought_resistance-(A/B/C)","best_variedad_4":"","worst_variedad_4":"","caracteristica_5":"Yield-(A/B/C)","best_variedad_5":"","worst_variedad_5":"","caracteristica_6":"Overall_performance-(A/B/C)","best_variedad_6":"","worst_variedad_6":"","evaluation":"2"},
{"observadores":"issd_osw_bosat_bdg__2","name_user":"Abate","name_family":"Akale","village":"Buttaa Daalacha Gadaa","district":"Bosat","telephone":"0","gender":"M","age":"42","location_longitude_seed_delivery_point":"","location_latitude_seed_delivery_point":"","location_altitude":"","location_longitude":"","location_latitude":"","planting_date":"2017-06-05","harvest_date":"2017-09-12","weight_of_all_yield_of_the_variety_a_in_kg":"","weight_of_all_yield_of_the_variety_b_in_kg":"","weight_of_all_yield_of_the_variety_c_in_kg":"","codigo_paquetes":"package_issd_osw_bosat_bdg__02","caracteristica_1":"Faster_maturity-(A/B/C)","best_variedad_1":"","worst_variedad_1":"","caracteristica_2":"Pest_resistance-(A/B/C)","best_variedad_2":"","worst_variedad_2":"","caracteristica_3":"Disease_resistance-(A/B/C)","best_variedad_3":"","worst_variedad_3":"","caracteristica_4":"Drought_resistance-(A/B/C)","best_variedad_4":"","worst_variedad_4":"","caracteristica_5":"Yield-(A/B/C)","best_variedad_5":"","worst_variedad_5":"","caracteristica_6":"Overall_performance-(A/B/C)","best_variedad_6":"","worst_variedad_6":"","evaluation":"2"},
{"observadores":"issd_osw_bosat_bdg__20","name_user":"Lenco","name_family":"Roba","village":"Buttaa Daalacha Gadaa","district":"Bosat","telephone":"0","gender":"M","age":"34","location_longitude_seed_delivery_point":"","location_latitude_seed_delivery_point":"","location_altitude":"","location_longitude":"","location_latitude":"","planting_date":"2017-07-28","harvest_date":"2017-10-29","weight_of_all_yield_of_the_variety_a_in_kg":"4","weight_of_all_yield_of_the_variety_b_in_kg":"5","weight_of_all_yield_of_the_variety_c_in_kg":"6","codigo_paquetes":"package_issd_osw_bosat_bdg__20","caracteristica_1":"Faster_maturity-(A/B/C)","best_variedad_1":"C","worst_variedad_1":"A","caracteristica_2":"Pest_resistance-(A/B/C)","best_variedad_2":"C","worst_variedad_2":"A","caracteristica_3":"Disease_resistance-(A/B/C)","best_variedad_3":"C","worst_variedad_3":"A","caracteristica_4":"Drought_resistance-(A/B/C)","best_variedad_4":"C","worst_variedad_4":"A","caracteristica_5":"Yield-(A/B/C)","best_variedad_5":"C","worst_variedad_5":"A","caracteristica_6":"Overall_performance-(A/B/C)","best_variedad_6":"C","worst_variedad_6":"A","evaluation":"1"},
{"observadores":"issd_osw_bosat_bdg__21","name_user":"Hayilu","name_family":"Nigatu","village":"Buttaa Daalacha Gadaa","district":"Bosat","telephone":"0","gender":"M","age":"45","location_longitude_seed_delivery_point":"","location_latitude_seed_delivery_point":"","location_altitude":"","location_longitude":"","location_latitude":"","planting_date":"2017-07-29","harvest_date":"2017-10-28","weight_of_all_yield_of_the_variety_a_in_kg":"4","weight_of_all_yield_of_the_variety_b_in_kg":"2","weight_of_all_yield_of_the_variety_c_in_kg":"3","codigo_paquetes":"package_issd_osw_bosat_bdg__21","caracteristica_1":"Faster_maturity-(A/B/C)","best_variedad_1":"A","worst_variedad_1":"B","caracteristica_2":"Pest_resistance-(A/B/C)","best_variedad_2":"A","worst_variedad_2":"B","caracteristica_3":"Disease_resistance-(A/B/C)","best_variedad_3":"A","worst_variedad_3":"B","caracteristica_4":"Drought_resistance-(A/B/C)","best_variedad_4":"A","worst_variedad_4":"B","caracteristica_5":"Yield-(A/B/C)","best_variedad_5":"A","worst_variedad_5":"B","caracteristica_6":"Overall_performance-(A/B/C)","best_variedad_6":"A","worst_variedad_6":"B","evaluation":"1"},
{"observadores":"issd_osw_bosat_bdg__22","name_user":"Shanbel","name_family":"Ragasa","village":"Buttaa Daalacha Gadaa","district":"Bosat","telephone":"0","gender":"M","age":"40","location_longitude_seed_delivery_point":"","location_latitude_seed_delivery_point":"","location_altitude":"","location_longitude":"","location_latitude":"","planting_date":"2017-06-23","harvest_date":"2017-09-08","weight_of_all_yield_of_the_variety_a_in_kg":"","weight_of_all_yield_of_the_variety_b_in_kg":"","weight_of_all_yield_of_the_variety_c_in_kg":"","codigo_paquetes":"package_issd_osw_bosat_bdg__22","caracteristica_1":"Faster_maturity-(A/B/C)","best_variedad_1":"","worst_variedad_1":"","caracteristica_2":"Pest_resistance-(A/B/C)","best_variedad_2":"","worst_variedad_2":"","caracteristica_3":"Disease_resistance-(A/B/C)","best_variedad_3":"","worst_variedad_3":"","caracteristica_4":"Drought_resistance-(A/B/C)","best_variedad_4":"","worst_variedad_4":"","caracteristica_5":"Yield-(A/B/C)","best_variedad_5":"","worst_variedad_5":"","caracteristica_6":"Overall_performance-(A/B/C)","best_variedad_6":"","worst_variedad_6":"","evaluation":"3"},
{"observadores":"issd_osw_bosat_bdg__23","name_user":"Malka","name_family":"Damo","village":"Buttaa Daalacha Gadaa","district":"Bosat","telephone":"0","gender":"M","age":"56","location_longitude_seed_delivery_point":"","location_latitude_seed_delivery_point":"","location_altitude":"","location_longitude":"","location_latitude":"","planting_date":"2017-06-09","harvest_date":"2017-09-28","weight_of_all_yield_of_the_variety_a_in_kg":"","weight_of_all_yield_of_the_variety_b_in_kg":"","weight_of_all_yield_of_the_variety_c_in_kg":"","codigo_paquetes":"package_issd_osw_bosat_bdg__23","caracteristica_1":"Faster_maturity-(A/B/C)","best_variedad_1":"","worst_variedad_1":"","caracteristica_2":"Pest_resistance-(A/B/C)","best_variedad_2":"","worst_variedad_2":"","caracteristica_3":"Disease_resistance-(A/B/C)","best_variedad_3":"","worst_variedad_3":"","caracteristica_4":"Drought_resistance-(A/B/C)","best_variedad_4":"","worst_variedad_4":"","caracteristica_5":"Yield-(A/B/C)","best_variedad_5":"","worst_variedad_5":"","caracteristica_6":"Overall_performance-(A/B/C)","best_variedad_6":"","worst_variedad_6":"","evaluation":"2"},
{"observadores":"issd_osw_bosat_bdg__24","name_user":"Showangizaw","name_family":"Gobez","village":"Buttaa Daalacha Gadaa","district":"Bosat","telephone":"0","gender":"M","age":"42","location_longitude_seed_delivery_point":"","location_latitude_seed_delivery_point":"","location_altitude":"","location_longitude":"","location_latitude":"","planting_date":"2017-07-28","harvest_date":"2017-10-22","weight_of_all_yield_of_the_variety_a_in_kg":"2","weight_of_all_yield_of_the_variety_b_in_kg":"4","weight_of_all_yield_of_the_variety_c_in_kg":"6","codigo_paquetes":"package_issd_osw_bosat_bdg__24","caracteristica_1":"Faster_maturity-(A/B/C)","best_variedad_1":"C","worst_variedad_1":"A","caracteristica_2":"Pest_resistance-(A/B/C)","best_variedad_2":"C","worst_variedad_2":"A","caracteristica_3":"Disease_resistance-(A/B/C)","best_variedad_3":"C","worst_variedad_3":"A","caracteristica_4":"Drought_resistance-(A/B/C)","best_variedad_4":"C","worst_variedad_4":"A","caracteristica_5":"Yield-(A/B/C)","best_variedad_5":"C","worst_variedad_5":"A","caracteristica_6":"Overall_performance-(A/B/C)","best_variedad_6":"C","worst_variedad_6":"A","evaluation":"1"},
{"observadores":"issd_osw_bosat_bdg__25","name_user":"Ifa","name_family":"Boru","village":"Buttaa Daalacha Gadaa","district":"Bosat","telephone":"0","gender":"M","age":"56","location_longitude_seed_delivery_point":"","location_latitude_seed_delivery_point":"","location_altitude":"","location_longitude":"","location_latitude":"","planting_date":"2017-07-29","harvest_date":"2017-10-29","weight_of_all_yield_of_the_variety_a_in_kg":"5","weight_of_all_yield_of_the_variety_b_in_kg":"3","weight_of_all_yield_of_the_variety_c_in_kg":"4","codigo_paquetes":"package_issd_osw_bosat_bdg__25","caracteristica_1":"Faster_maturity-(A/B/C)","best_variedad_1":"A","worst_variedad_1":"C","caracteristica_2":"Pest_resistance-(A/B/C)","best_variedad_2":"A","worst_variedad_2":"C","caracteristica_3":"Disease_resistance-(A/B/C)","best_variedad_3":"A","worst_variedad_3":"C","caracteristica_4":"Drought_resistance-(A/B/C)","best_variedad_4":"A","worst_variedad_4":"C","caracteristica_5":"Yield-(A/B/C)","best_variedad_5":"A","worst_variedad_5":"C","caracteristica_6":"Overall_performance-(A/B/C)","best_variedad_6":"A","worst_variedad_6":"C","evaluation":"1"},
{"observadores":"issd_osw_bosat_bdg__26","name_user":"Tigist","name_family":"Kabada","village":"Buttaa Daalacha Gadaa","district":"Bosat","telephone":"0","gender":"F","age":"43","location_longitude_seed_delivery_point":"","location_latitude_seed_delivery_point":"","location_altitude":"","location_longitude":"","location_latitude":"","planting_date":"2017-07-29","harvest_date":"2017-10-20","weight_of_all_yield_of_the_variety_a_in_kg":"2","weight_of_all_yield_of_the_variety_b_in_kg":"3","weight_of_all_yield_of_the_variety_c_in_kg":"2","codigo_paquetes":"package_issd_osw_bosat_bdg__26","caracteristica_1":"Faster_maturity-(A/B/C)","best_variedad_1":"B","worst_variedad_1":"C","caracteristica_2":"Pest_resistance-(A/B/C)","best_variedad_2":"B","worst_variedad_2":"C","caracteristica_3":"Disease_resistance-(A/B/C)","best_variedad_3":"B","worst_variedad_3":"C","caracteristica_4":"Drought_resistance-(A/B/C)","best_variedad_4":"B","worst_variedad_4":"C","caracteristica_5":"Yield-(A/B/C)","best_variedad_5":"B","worst_variedad_5":"C","caracteristica_6":"Overall_performance-(A/B/C)","best_variedad_6":"B","worst_variedad_6":"C","evaluation":"1"},
{"observadores":"issd_osw_bosat_bdg__27","name_user":"Mulu","name_family":"Lama","village":"Buttaa Daalacha Gadaa","district":"Bosat","telephone":"0","gender":"F","age":"33","location_longitude_seed_delivery_point":"","location_latitude_seed_delivery_point":"","location_altitude":"","location_longitude":"","location_latitude":"","planting_date":"2017-07-28","harvest_date":"2017-10-29","weight_of_all_yield_of_the_variety_a_in_kg":"4","weight_of_all_yield_of_the_variety_b_in_kg":"3","weight_of_all_yield_of_the_variety_c_in_kg":"2","codigo_paquetes":"package_issd_osw_bosat_bdg__27","caracteristica_1":"Faster_maturity-(A/B/C)","best_variedad_1":"A","worst_variedad_1":"C","caracteristica_2":"Pest_resistance-(A/B/C)","best_variedad_2":"A","worst_variedad_2":"C","caracteristica_3":"Disease_resistance-(A/B/C)","best_variedad_3":"A","worst_variedad_3":"C","caracteristica_4":"Drought_resistance-(A/B/C)","best_variedad_4":"A","worst_variedad_4":"C","caracteristica_5":"Yield-(A/B/C)","best_variedad_5":"A","worst_variedad_5":"C","caracteristica_6":"Overall_performance-(A/B/C)","best_variedad_6":"A","worst_variedad_6":"C","evaluation":"1"},
{"observadores":"issd_osw_bosat_bdg__28","name_user":"Tsehay","name_family":"Asefa","village":"Buttaa Daalacha Gadaa","district":"Bosat","telephone":"0","gender":"F","age":"35","location_longitude_seed_delivery_point":"","location_latitude_seed_delivery_point":"","location_altitude":"","location_longitude":"","location_latitude":"","planting_date":"2017-07-23","harvest_date":"2017-10-28","weight_of_all_yield_of_the_variety_a_in_kg":"2","weight_of_all_yield_of_the_variety_b_in_kg":"5","weight_of_all_yield_of_the_variety_c_in_kg":"3","codigo_paquetes":"package_issd_osw_bosat_bdg__28","caracteristica_1":"Faster_maturity-(A/B/C)","best_variedad_1":"B","worst_variedad_1":"A","caracteristica_2":"Pest_resistance-(A/B/C)","best_variedad_2":"B","worst_variedad_2":"A","caracteristica_3":"Disease_resistance-(A/B/C)","best_variedad_3":"B","worst_variedad_3":"A","caracteristica_4":"Drought_resistance-(A/B/C)","best_variedad_4":"B","worst_variedad_4":"A","caracteristica_5":"Yield-(A/B/C)","best_variedad_5":"B","worst_variedad_5":"A","caracteristica_6":"Overall_performance-(A/B/C)","best_variedad_6":"B","worst_variedad_6":"A","evaluation":"1"},
{"observadores":"issd_osw_bosat_bdg__29","name_user":"Mindu","name_family":" Tasfaye","village":"Buttaa Daalacha Gadaa","district":"Bosat","telephone":"0","gender":"M","age":"42","location_longitude_seed_delivery_point":"","location_latitude_seed_delivery_point":"","location_altitude":"","location_longitude":"","location_latitude":"","planting_date":"2017-06-06","harvest_date":"2017-09-06","weight_of_all_yield_of_the_variety_a_in_kg":"","weight_of_all_yield_of_the_variety_b_in_kg":"","weight_of_all_yield_of_the_variety_c_in_kg":"","codigo_paquetes":"package_issd_osw_bosat_bdg__29","caracteristica_1":"Faster_maturity-(A/B/C)","best_variedad_1":"","worst_variedad_1":"","caracteristica_2":"Pest_resistance-(A/B/C)","best_variedad_2":"","worst_variedad_2":"","caracteristica_3":"Disease_resistance-(A/B/C)","best_variedad_3":"","worst_variedad_3":"","caracteristica_4":"Drought_resistance-(A/B/C)","best_variedad_4":"","worst_variedad_4":"","caracteristica_5":"Yield-(A/B/C)","best_variedad_5":"","worst_variedad_5":"","caracteristica_6":"Overall_performance-(A/B/C)","best_variedad_6":"","worst_variedad_6":"","evaluation":"2"},
{"observadores":"issd_osw_bosat_bdg__3","name_user":"Ayniye","name_family":"Nagash","village":"Buttaa Daalacha Gadaa","district":"Bosat","telephone":"0","gender":"M","age":"31","location_longitude_seed_delivery_point":"","location_latitude_seed_delivery_point":"","location_altitude":"","location_longitude":"","location_latitude":"","planting_date":"2017-07-28","harvest_date":"2017-10-29","weight_of_all_yield_of_the_variety_a_in_kg":"6","weight_of_all_yield_of_the_variety_b_in_kg":"4","weight_of_all_yield_of_the_variety_c_in_kg":"2","codigo_paquetes":"package_issd_osw_bosat_bdg__03","caracteristica_1":"Faster_maturity-(A/B/C)","best_variedad_1":"A","worst_variedad_1":"C","caracteristica_2":"Pest_resistance-(A/B/C)","best_variedad_2":"A","worst_variedad_2":"C","caracteristica_3":"Disease_resistance-(A/B/C)","best_variedad_3":"A","worst_variedad_3":"C","caracteristica_4":"Drought_resistance-(A/B/C)","best_variedad_4":"A","worst_variedad_4":"C","caracteristica_5":"Yield-(A/B/C)","best_variedad_5":"A","worst_variedad_5":"C","caracteristica_6":"Overall_performance-(A/B/C)","best_variedad_6":"A","worst_variedad_6":"C","evaluation":"1"},
{"observadores":"issd_osw_bosat_bdg__30","name_user":"Gamada","name_family":"Roba","village":"Buttaa Daalacha Gadaa","district":"Bosat","telephone":"0","gender":"M","age":"24","location_longitude_seed_delivery_point":"","location_latitude_seed_delivery_point":"","location_altitude":"","location_longitude":"","location_latitude":"","planting_date":"2017-06-06","harvest_date":"2017-09-19","weight_of_all_yield_of_the_variety_a_in_kg":"","weight_of_all_yield_of_the_variety_b_in_kg":"","weight_of_all_yield_of_the_variety_c_in_kg":"","codigo_paquetes":"package_issd_osw_bosat_bdg__30","caracteristica_1":"Faster_maturity-(A/B/C)","best_variedad_1":"","worst_variedad_1":"","caracteristica_2":"Pest_resistance-(A/B/C)","best_variedad_2":"","worst_variedad_2":"","caracteristica_3":"Disease_resistance-(A/B/C)","best_variedad_3":"","worst_variedad_3":"","caracteristica_4":"Drought_resistance-(A/B/C)","best_variedad_4":"","worst_variedad_4":"","caracteristica_5":"Yield-(A/B/C)","best_variedad_5":"","worst_variedad_5":"","caracteristica_6":"Overall_performance-(A/B/C)","best_variedad_6":"","worst_variedad_6":"","evaluation":"2"},
{"observadores":"issd_osw_bosat_bdg__31","name_user":"Laqew","name_family":"Wolde Mariyam","village":"Buttaa Daalacha Gadaa","district":"Bosat","telephone":"0","gender":"M","age":"42","location_longitude_seed_delivery_point":"","location_latitude_seed_delivery_point":"","location_altitude":"","location_longitude":"","location_latitude":"","planting_date":"2017-07-29","harvest_date":"2017-10-28","weight_of_all_yield_of_the_variety_a_in_kg":"5","weight_of_all_yield_of_the_variety_b_in_kg":"2","weight_of_all_yield_of_the_variety_c_in_kg":"4","codigo_paquetes":"package_issd_osw_bosat_bdg__31","caracteristica_1":"Faster_maturity-(A/B/C)","best_variedad_1":"A","worst_variedad_1":"C","caracteristica_2":"Pest_resistance-(A/B/C)","best_variedad_2":"A","worst_variedad_2":"C","caracteristica_3":"Disease_resistance-(A/B/C)","best_variedad_3":"A","worst_variedad_3":"C","caracteristica_4":"Drought_resistance-(A/B/C)","best_variedad_4":"A","worst_variedad_4":"C","caracteristica_5":"Yield-(A/B/C)","best_variedad_5":"A","worst_variedad_5":"C","caracteristica_6":"Overall_performance-(A/B/C)","best_variedad_6":"A","worst_variedad_6":"C","evaluation":"1"},
{"observadores":"issd_osw_bosat_bdg__32","name_user":"Fitale","name_family":"Jaba","village":"Buttaa Daalacha Gadaa","district":"Bosat","telephone":"0","gender":"F","age":"45","location_longitude_seed_delivery_point":"","location_latitude_seed_delivery_point":"","location_altitude":"","location_longitude":"","location_latitude":"","planting_date":"2017-06-04","harvest_date":"2017-09-26","weight_of_all_yield_of_the_variety_a_in_kg":"","weight_of_all_yield_of_the_variety_b_in_kg":"","weight_of_all_yield_of_the_variety_c_in_kg":"","codigo_paquetes":"package_issd_osw_bosat_bdg__32","caracteristica_1":"Faster_maturity-(A/B/C)","best_variedad_1":"","worst_variedad_1":"","caracteristica_2":"Pest_resistance-(A/B/C)","best_variedad_2":"","worst_variedad_2":"","caracteristica_3":"Disease_resistance-(A/B/C)","best_variedad_3":"","worst_variedad_3":"","caracteristica_4":"Drought_resistance-(A/B/C)","best_variedad_4":"","worst_variedad_4":"","caracteristica_5":"Yield-(A/B/C)","best_variedad_5":"","worst_variedad_5":"","caracteristica_6":"Overall_performance-(A/B/C)","best_variedad_6":"","worst_variedad_6":"","evaluation":"2"},
{"observadores":"issd_osw_bosat_bdg__33","name_user":"Zemedu","name_family":"Wolde","village":"Buttaa Daalacha Gadaa","district":"Bosat","telephone":"0","gender":"M","age":"38","location_longitude_seed_delivery_point":"","location_latitude_seed_delivery_point":"","location_altitude":"","location_longitude":"","location_latitude":"","planting_date":"2017-06-13","harvest_date":"2017-09-13","weight_of_all_yield_of_the_variety_a_in_kg":"","weight_of_all_yield_of_the_variety_b_in_kg":"","weight_of_all_yield_of_the_variety_c_in_kg":"","codigo_paquetes":"package_issd_osw_bosat_bdg__33","caracteristica_1":"Faster_maturity-(A/B/C)","best_variedad_1":"","worst_variedad_1":"","caracteristica_2":"Pest_resistance-(A/B/C)","best_variedad_2":"","worst_variedad_2":"","caracteristica_3":"Disease_resistance-(A/B/C)","best_variedad_3":"","worst_variedad_3":"","caracteristica_4":"Drought_resistance-(A/B/C)","best_variedad_4":"","worst_variedad_4":"","caracteristica_5":"Yield-(A/B/C)","best_variedad_5":"","worst_variedad_5":"","caracteristica_6":"Overall_performance-(A/B/C)","best_variedad_6":"","worst_variedad_6":"","evaluation":"2"},
{"observadores":"issd_osw_bosat_bdg__34","name_user":"Talila","name_family":"Gurmu","village":"Buttaa Daalacha Gadaa","district":"Bosat","telephone":"0","gender":"M","age":"48","location_longitude_seed_delivery_point":"","location_latitude_seed_delivery_point":"","location_altitude":"","location_longitude":"","location_latitude":"","planting_date":"2017-07-28","harvest_date":"2017-10-29","weight_of_all_yield_of_the_variety_a_in_kg":"2","weight_of_all_yield_of_the_variety_b_in_kg":"3","weight_of_all_yield_of_the_variety_c_in_kg":"4","codigo_paquetes":"package_issd_osw_bosat_bdg__34","caracteristica_1":"Faster_maturity-(A/B/C)","best_variedad_1":"A","worst_variedad_1":"C","caracteristica_2":"Pest_resistance-(A/B/C)","best_variedad_2":"A","worst_variedad_2":"C","caracteristica_3":"Disease_resistance-(A/B/C)","best_variedad_3":"A","worst_variedad_3":"C","caracteristica_4":"Drought_resistance-(A/B/C)","best_variedad_4":"A","worst_variedad_4":"C","caracteristica_5":"Yield-(A/B/C)","best_variedad_5":"A","worst_variedad_5":"C","caracteristica_6":"Overall_performance-(A/B/C)","best_variedad_6":"A","worst_variedad_6":"C","evaluation":"1"},
{"observadores":"issd_osw_bosat_bdg__35","name_user":"Mesfin ","name_family":"Biruk","village":"Buttaa Daalacha Gadaa","district":"Bosat","telephone":"0","gender":"","age":"30","location_longitude_seed_delivery_point":"","location_latitude_seed_delivery_point":"","location_altitude":"","location_longitude":"","location_latitude":"","planting_date":"2017-06-06","harvest_date":"2017-09-27","weight_of_all_yield_of_the_variety_a_in_kg":"","weight_of_all_yield_of_the_variety_b_in_kg":"","weight_of_all_yield_of_the_variety_c_in_kg":"","codigo_paquetes":"package_issd_osw_bosat_bdg__35","caracteristica_1":"Faster_maturity-(A/B/C)","best_variedad_1":"","worst_variedad_1":"","caracteristica_2":"Pest_resistance-(A/B/C)","best_variedad_2":"","worst_variedad_2":"","caracteristica_3":"Disease_resistance-(A/B/C)","best_variedad_3":"","worst_variedad_3":"","caracteristica_4":"Drought_resistance-(A/B/C)","best_variedad_4":"","worst_variedad_4":"","caracteristica_5":"Yield-(A/B/C)","best_variedad_5":"","worst_variedad_5":"","caracteristica_6":"Overall_performance-(A/B/C)","best_variedad_6":"","worst_variedad_6":"","evaluation":"2"},
{"observadores":"issd_osw_bosat_bdg__36","name_user":"Lomi","name_family":"Jaben","village":"Buttaa Daalacha Gadaa","district":"Bosat","telephone":"0","gender":"F","age":"50","location_longitude_seed_delivery_point":"","location_latitude_seed_delivery_point":"","location_altitude":"","location_longitude":"","location_latitude":"","planting_date":"2017-06-02","harvest_date":"2017-09-14","weight_of_all_yield_of_the_variety_a_in_kg":"","weight_of_all_yield_of_the_variety_b_in_kg":"","weight_of_all_yield_of_the_variety_c_in_kg":"","codigo_paquetes":"package_issd_osw_bosat_bdg__36","caracteristica_1":"Faster_maturity-(A/B/C)","best_variedad_1":"","worst_variedad_1":"","caracteristica_2":"Pest_resistance-(A/B/C)","best_variedad_2":"","worst_variedad_2":"","caracteristica_3":"Disease_resistance-(A/B/C)","best_variedad_3":"","worst_variedad_3":"","caracteristica_4":"Drought_resistance-(A/B/C)","best_variedad_4":"","worst_variedad_4":"","caracteristica_5":"Yield-(A/B/C)","best_variedad_5":"","worst_variedad_5":"","caracteristica_6":"Overall_performance-(A/B/C)","best_variedad_6":"","worst_variedad_6":"","evaluation":"2"},
{"observadores":"issd_osw_bosat_bdg__37","name_user":"Gelane","name_family":"Tasewu","village":"abeba man yeseteshal tadya","district":"Bosat","telephone":"0","gender":"F","age":"33","location_longitude_seed_delivery_point":"","location_latitude_seed_delivery_point":"","location_altitude":"","location_longitude":"","location_latitude":"","planting_date":"2017-06-07","harvest_date":"2017-09-29","weight_of_all_yield_of_the_variety_a_in_kg":"","weight_of_all_yield_of_the_variety_b_in_kg":"","weight_of_all_yield_of_the_variety_c_in_kg":"","codigo_paquetes":"package_issd_osw_bosat_bdg__37","caracteristica_1":"Faster_maturity-(A/B/C)","best_variedad_1":"","worst_variedad_1":"","caracteristica_2":"Pest_resistance-(A/B/C)","best_variedad_2":"","worst_variedad_2":"","caracteristica_3":"Disease_resistance-(A/B/C)","best_variedad_3":"","worst_variedad_3":"","caracteristica_4":"Drought_resistance-(A/B/C)","best_variedad_4":"","worst_variedad_4":"","caracteristica_5":"Yield-(A/B/C)","best_variedad_5":"","worst_variedad_5":"","caracteristica_6":"Overall_performance-(A/B/C)","best_variedad_6":"","worst_variedad_6":"","evaluation":"2"},
{"observadores":"issd_osw_bosat_bdg__38","name_user":"Ashetu","name_family":"rafa","village":"Buttaa Daalacha Gadaa","district":"Bosat","telephone":"0","gender":"M","age":"45","location_longitude_seed_delivery_point":"","location_latitude_seed_delivery_point":"","location_altitude":"","location_longitude":"","location_latitude":"","planting_date":"2017-06-09","harvest_date":"2017-10-03","weight_of_all_yield_of_the_variety_a_in_kg":"","weight_of_all_yield_of_the_variety_b_in_kg":"","weight_of_all_yield_of_the_variety_c_in_kg":"","codigo_paquetes":"package_issd_osw_bosat_bdg__38","caracteristica_1":"Faster_maturity-(A/B/C)","best_variedad_1":"","worst_variedad_1":"","caracteristica_2":"Pest_resistance-(A/B/C)","best_variedad_2":"","worst_variedad_2":"","caracteristica_3":"Disease_resistance-(A/B/C)","best_variedad_3":"","worst_variedad_3":"","caracteristica_4":"Drought_resistance-(A/B/C)","best_variedad_4":"","worst_variedad_4":"","caracteristica_5":"Yield-(A/B/C)","best_variedad_5":"","worst_variedad_5":"","caracteristica_6":"Overall_performance-(A/B/C)","best_variedad_6":"","worst_variedad_6":"","evaluation":"2"},
{"observadores":"issd_osw_bosat_bdg__39","name_user":"Masfin","name_family":"Biruk","village":"Buttaa Daalacha Gadaa","district":"Bosat","telephone":"0","gender":"M","age":"37","location_longitude_seed_delivery_point":"","location_latitude_seed_delivery_point":"","location_altitude":"","location_longitude":"","location_latitude":"","planting_date":"2017-06-06","harvest_date":"2017-09-13","weight_of_all_yield_of_the_variety_a_in_kg":"","weight_of_all_yield_of_the_variety_b_in_kg":"","weight_of_all_yield_of_the_variety_c_in_kg":"","codigo_paquetes":"package_issd_osw_bosat_bdg__39","caracteristica_1":"Faster_maturity-(A/B/C)","best_variedad_1":"","worst_variedad_1":"","caracteristica_2":"Pest_resistance-(A/B/C)","best_variedad_2":"","worst_variedad_2":"","caracteristica_3":"Disease_resistance-(A/B/C)","best_variedad_3":"","worst_variedad_3":"","caracteristica_4":"Drought_resistance-(A/B/C)","best_variedad_4":"","worst_variedad_4":"","caracteristica_5":"Yield-(A/B/C)","best_variedad_5":"","worst_variedad_5":"","caracteristica_6":"Overall_performance-(A/B/C)","best_variedad_6":"","worst_variedad_6":"","evaluation":"4"},
{"observadores":"issd_osw_bosat_bdg__4","name_user":"Faqe","name_family":"Shumi","village":"Buttaa Daalacha Gadaa","district":"Bosat","telephone":"0","gender":"M","age":"34","location_longitude_seed_delivery_point":"","location_latitude_seed_delivery_point":"","location_altitude":"","location_longitude":"","location_latitude":"","planting_date":"2017-06-13","harvest_date":"2017-09-20","weight_of_all_yield_of_the_variety_a_in_kg":"","weight_of_all_yield_of_the_variety_b_in_kg":"","weight_of_all_yield_of_the_variety_c_in_kg":"","codigo_paquetes":"package_issd_osw_bosat_bdg__04","caracteristica_1":"Faster_maturity-(A/B/C)","best_variedad_1":"","worst_variedad_1":"","caracteristica_2":"Pest_resistance-(A/B/C)","best_variedad_2":"","worst_variedad_2":"","caracteristica_3":"Disease_resistance-(A/B/C)","best_variedad_3":"","worst_variedad_3":"","caracteristica_4":"Drought_resistance-(A/B/C)","best_variedad_4":"","worst_variedad_4":"","caracteristica_5":"Yield-(A/B/C)","best_variedad_5":"","worst_variedad_5":"","caracteristica_6":"Overall_performance-(A/B/C)","best_variedad_6":"","worst_variedad_6":"","evaluation":"2"},
{"observadores":"issd_osw_bosat_bdg__40","name_user":"Ifa ","name_family":"Boru","village":"Buttaa Daalacha Gadaa","district":"Bosat","telephone":"0","gender":"M","age":"32","location_longitude_seed_delivery_point":"","location_latitude_seed_delivery_point":"","location_altitude":"","location_longitude":"","location_latitude":"","planting_date":"2017-06-15","harvest_date":"2017-09-13","weight_of_all_yield_of_the_variety_a_in_kg":"","weight_of_all_yield_of_the_variety_b_in_kg":"","weight_of_all_yield_of_the_variety_c_in_kg":"","codigo_paquetes":"package_issd_osw_bosat_bdg__40","caracteristica_1":"Faster_maturity-(A/B/C)","best_variedad_1":"","worst_variedad_1":"","caracteristica_2":"Pest_resistance-(A/B/C)","best_variedad_2":"","worst_variedad_2":"","caracteristica_3":"Disease_resistance-(A/B/C)","best_variedad_3":"","worst_variedad_3":"","caracteristica_4":"Drought_resistance-(A/B/C)","best_variedad_4":"","worst_variedad_4":"","caracteristica_5":"Yield-(A/B/C)","best_variedad_5":"","worst_variedad_5":"","caracteristica_6":"Overall_performance-(A/B/C)","best_variedad_6":"","worst_variedad_6":"","evaluation":"4"},
{"observadores":"issd_osw_bosat_bdg__41","name_user":"Bizunesh","name_family":"Alamu","village":"Buttaa Daalacha Gadaa","district":"Bosat","telephone":"0","gender":"F","age":"43","location_longitude_seed_delivery_point":"","location_latitude_seed_delivery_point":"","location_altitude":"","location_longitude":"","location_latitude":"","planting_date":"2017-06-07","harvest_date":"2017-09-20","weight_of_all_yield_of_the_variety_a_in_kg":"","weight_of_all_yield_of_the_variety_b_in_kg":"","weight_of_all_yield_of_the_variety_c_in_kg":"","codigo_paquetes":"package_issd_osw_bosat_bdg__41","caracteristica_1":"Faster_maturity-(A/B/C)","best_variedad_1":"","worst_variedad_1":"","caracteristica_2":"Pest_resistance-(A/B/C)","best_variedad_2":"","worst_variedad_2":"","caracteristica_3":"Disease_resistance-(A/B/C)","best_variedad_3":"","worst_variedad_3":"","caracteristica_4":"Drought_resistance-(A/B/C)","best_variedad_4":"","worst_variedad_4":"","caracteristica_5":"Yield-(A/B/C)","best_variedad_5":"","worst_variedad_5":"","caracteristica_6":"Overall_performance-(A/B/C)","best_variedad_6":"","worst_variedad_6":"","evaluation":"2"},
{"observadores":"issd_osw_bosat_bdg__42","name_user":"Mulusew","name_family":"Ayele","village":"Buttaa Daalacha Gadaa","district":"Bosat","telephone":"0","gender":"M","age":"26","location_longitude_seed_delivery_point":"","location_latitude_seed_delivery_point":"","location_altitude":"","location_longitude":"","location_latitude":"","planting_date":"2017-05-24","harvest_date":"2017-09-06","weight_of_all_yield_of_the_variety_a_in_kg":"","weight_of_all_yield_of_the_variety_b_in_kg":"","weight_of_all_yield_of_the_variety_c_in_kg":"","codigo_paquetes":"package_issd_osw_bosat_bdg__42","caracteristica_1":"Faster_maturity-(A/B/C)","best_variedad_1":"","worst_variedad_1":"","caracteristica_2":"Pest_resistance-(A/B/C)","best_variedad_2":"","worst_variedad_2":"","caracteristica_3":"Disease_resistance-(A/B/C)","best_variedad_3":"","worst_variedad_3":"","caracteristica_4":"Drought_resistance-(A/B/C)","best_variedad_4":"","worst_variedad_4":"","caracteristica_5":"Yield-(A/B/C)","best_variedad_5":"","worst_variedad_5":"","caracteristica_6":"Overall_performance-(A/B/C)","best_variedad_6":"","worst_variedad_6":"","evaluation":"4"},
{"observadores":"issd_osw_bosat_bdg__43","name_user":"Likkisa","name_family":"Jima","village":"Buttaa Daalacha Gadaa","district":"Bosat","telephone":"","gender":"M","age":"35","location_longitude_seed_delivery_point":"","location_latitude_seed_delivery_point":"","location_altitude":"","location_longitude":"","location_latitude":"","planting_date":"2017-05-25","harvest_date":"2017-09-28","weight_of_all_yield_of_the_variety_a_in_kg":"","weight_of_all_yield_of_the_variety_b_in_kg":"","weight_of_all_yield_of_the_variety_c_in_kg":"","codigo_paquetes":"package_issd_osw_bosat_bdg__43","caracteristica_1":"Faster_maturity-(A/B/C)","best_variedad_1":"","worst_variedad_1":"","caracteristica_2":"Pest_resistance-(A/B/C)","best_variedad_2":"","worst_variedad_2":"","caracteristica_3":"Disease_resistance-(A/B/C)","best_variedad_3":"","worst_variedad_3":"","caracteristica_4":"Drought_resistance-(A/B/C)","best_variedad_4":"","worst_variedad_4":"","caracteristica_5":"Yield-(A/B/C)","best_variedad_5":"","worst_variedad_5":"","caracteristica_6":"Overall_performance-(A/B/C)","best_variedad_6":"","worst_variedad_6":"","evaluation":"4"},
{"observadores":"issd_osw_bosat_bdg__44","name_user":"Masresa","name_family":"Yimam","village":"Buttaa Daalacha Gadaa","district":"Bosat","telephone":"0","gender":"F","age":"34","location_longitude_seed_delivery_point":"","location_latitude_seed_delivery_point":"","location_altitude":"","location_longitude":"","location_latitude":"","planting_date":"2017-05-25","harvest_date":"2017-09-05","weight_of_all_yield_of_the_variety_a_in_kg":"","weight_of_all_yield_of_the_variety_b_in_kg":"","weight_of_all_yield_of_the_variety_c_in_kg":"","codigo_paquetes":"package_issd_osw_bosat_bdg__44","caracteristica_1":"Faster_maturity-(A/B/C)","best_variedad_1":"","worst_variedad_1":"","caracteristica_2":"Pest_resistance-(A/B/C)","best_variedad_2":"","worst_variedad_2":"","caracteristica_3":"Disease_resistance-(A/B/C)","best_variedad_3":"","worst_variedad_3":"","caracteristica_4":"Drought_resistance-(A/B/C)","best_variedad_4":"","worst_variedad_4":"","caracteristica_5":"Yield-(A/B/C)","best_variedad_5":"","worst_variedad_5":"","caracteristica_6":"Overall_performance-(A/B/C)","best_variedad_6":"","worst_variedad_6":"","evaluation":""},
{"observadores":"issd_osw_bosat_bdg__45","name_user":"Isheti","name_family":"Ijigu","village":"Buttaa Daalacha Gadaa","district":"Bosat","telephone":"0","gender":"F","age":"33","location_longitude_seed_delivery_point":"","location_latitude_seed_delivery_point":"","location_altitude":"","location_longitude":"","location_latitude":"","planting_date":"2017-06-06","harvest_date":"2017-09-05","weight_of_all_yield_of_the_variety_a_in_kg":"","weight_of_all_yield_of_the_variety_b_in_kg":"","weight_of_all_yield_of_the_variety_c_in_kg":"","codigo_paquetes":"package_issd_osw_bosat_bdg__45","caracteristica_1":"Faster_maturity-(A/B/C)","best_variedad_1":"","worst_variedad_1":"","caracteristica_2":"Pest_resistance-(A/B/C)","best_variedad_2":"","worst_variedad_2":"","caracteristica_3":"Disease_resistance-(A/B/C)","best_variedad_3":"","worst_variedad_3":"","caracteristica_4":"Drought_resistance-(A/B/C)","best_variedad_4":"","worst_variedad_4":"","caracteristica_5":"Yield-(A/B/C)","best_variedad_5":"","worst_variedad_5":"","caracteristica_6":"Overall_performance-(A/B/C)","best_variedad_6":"","worst_variedad_6":"","evaluation":"2"},
{"observadores":"issd_osw_bosat_bdg__46","name_user":"Ilfinesh","name_family":"Siyum","village":"Buttaa Daalacha Gadaa","district":"Bosat","telephone":"0","gender":"F","age":"51","location_longitude_seed_delivery_point":"","location_latitude_seed_delivery_point":"","location_altitude":"","location_longitude":"","location_latitude":"","planting_date":"2017-05-26","harvest_date":"2017-09-05","weight_of_all_yield_of_the_variety_a_in_kg":"","weight_of_all_yield_of_the_variety_b_in_kg":"","weight_of_all_yield_of_the_variety_c_in_kg":"","codigo_paquetes":"package_issd_osw_bosat_bdg__46","caracteristica_1":"Faster_maturity-(A/B/C)","best_variedad_1":"","worst_variedad_1":"","caracteristica_2":"Pest_resistance-(A/B/C)","best_variedad_2":"","worst_variedad_2":"","caracteristica_3":"Disease_resistance-(A/B/C)","best_variedad_3":"","worst_variedad_3":"","caracteristica_4":"Drought_resistance-(A/B/C)","best_variedad_4":"","worst_variedad_4":"","caracteristica_5":"Yield-(A/B/C)","best_variedad_5":"","worst_variedad_5":"","caracteristica_6":"Overall_performance-(A/B/C)","best_variedad_6":"","worst_variedad_6":"","evaluation":"2"},
{"observadores":"issd_osw_bosat_bdg__47","name_user":"Demeke","name_family":"Hordofa","village":"Buttaa Daalacha Gadaa","district":"Bosat","telephone":"0","gender":"M","age":"44","location_longitude_seed_delivery_point":"","location_latitude_seed_delivery_point":"","location_altitude":"","location_longitude":"","location_latitude":"","planting_date":"2017-05-31","harvest_date":"2017-09-04","weight_of_all_yield_of_the_variety_a_in_kg":"","weight_of_all_yield_of_the_variety_b_in_kg":"","weight_of_all_yield_of_the_variety_c_in_kg":"","codigo_paquetes":"package_issd_osw_bosat_bdg__47","caracteristica_1":"Faster_maturity-(A/B/C)","best_variedad_1":"","worst_variedad_1":"","caracteristica_2":"Pest_resistance-(A/B/C)","best_variedad_2":"","worst_variedad_2":"","caracteristica_3":"Disease_resistance-(A/B/C)","best_variedad_3":"","worst_variedad_3":"","caracteristica_4":"Drought_resistance-(A/B/C)","best_variedad_4":"","worst_variedad_4":"","caracteristica_5":"Yield-(A/B/C)","best_variedad_5":"","worst_variedad_5":"","caracteristica_6":"Overall_performance-(A/B/C)","best_variedad_6":"","worst_variedad_6":"","evaluation":""},
{"observadores":"issd_osw_bosat_bdg__48","name_user":"Indisho","name_family":"Burka","village":"Buttaa Daalacha Gadaa","district":"Bosat","telephone":"0","gender":"M","age":"37","location_longitude_seed_delivery_point":"","location_latitude_seed_delivery_point":"","location_altitude":"","location_longitude":"","location_latitude":"","planting_date":"2017-06-13","harvest_date":"2017-09-19","weight_of_all_yield_of_the_variety_a_in_kg":"","weight_of_all_yield_of_the_variety_b_in_kg":"","weight_of_all_yield_of_the_variety_c_in_kg":"","codigo_paquetes":"package_issd_osw_bosat_bdg__48","caracteristica_1":"Faster_maturity-(A/B/C)","best_variedad_1":"","worst_variedad_1":"","caracteristica_2":"Pest_resistance-(A/B/C)","best_variedad_2":"","worst_variedad_2":"","caracteristica_3":"Disease_resistance-(A/B/C)","best_variedad_3":"","worst_variedad_3":"","caracteristica_4":"Drought_resistance-(A/B/C)","best_variedad_4":"","worst_variedad_4":"","caracteristica_5":"Yield-(A/B/C)","best_variedad_5":"","worst_variedad_5":"","caracteristica_6":"Overall_performance-(A/B/C)","best_variedad_6":"","worst_variedad_6":"","evaluation":"4"},
{"observadores":"issd_osw_bosat_bdg__49","name_user":"Guluma","name_family":"Sida","village":"Buttaa Daalacha Gadaa","district":"Bosat","telephone":"0","gender":"M","age":"37","location_longitude_seed_delivery_point":"","location_latitude_seed_delivery_point":"","location_altitude":"","location_longitude":"","location_latitude":"","planting_date":"2017-06-05","harvest_date":"2017-09-05","weight_of_all_yield_of_the_variety_a_in_kg":"","weight_of_all_yield_of_the_variety_b_in_kg":"","weight_of_all_yield_of_the_variety_c_in_kg":"","codigo_paquetes":"package_issd_osw_bosat_bdg__49","caracteristica_1":"Faster_maturity-(A/B/C)","best_variedad_1":"","worst_variedad_1":"","caracteristica_2":"Pest_resistance-(A/B/C)","best_variedad_2":"","worst_variedad_2":"","caracteristica_3":"Disease_resistance-(A/B/C)","best_variedad_3":"","worst_variedad_3":"","caracteristica_4":"Drought_resistance-(A/B/C)","best_variedad_4":"","worst_variedad_4":"","caracteristica_5":"Yield-(A/B/C)","best_variedad_5":"","worst_variedad_5":"","caracteristica_6":"Overall_performance-(A/B/C)","best_variedad_6":"","worst_variedad_6":"","evaluation":"2"},
{"observadores":"issd_osw_bosat_bdg__5","name_user":"Gamachu ","name_family":"Tulu","village":"Buttaa Daalacha Gadaa","district":"Bosat","telephone":"0","gender":"M","age":"49","location_longitude_seed_delivery_point":"","location_latitude_seed_delivery_point":"","location_altitude":"","location_longitude":"","location_latitude":"","planting_date":"2017-07-28","harvest_date":"2017-10-29","weight_of_all_yield_of_the_variety_a_in_kg":"5","weight_of_all_yield_of_the_variety_b_in_kg":"2","weight_of_all_yield_of_the_variety_c_in_kg":"4","codigo_paquetes":"package_issd_osw_bosat_bdg__05","caracteristica_1":"Faster_maturity-(A/B/C)","best_variedad_1":"A","worst_variedad_1":"B","caracteristica_2":"Pest_resistance-(A/B/C)","best_variedad_2":"A","worst_variedad_2":"B","caracteristica_3":"Disease_resistance-(A/B/C)","best_variedad_3":"A","worst_variedad_3":"B","caracteristica_4":"Drought_resistance-(A/B/C)","best_variedad_4":"A","worst_variedad_4":"B","caracteristica_5":"Yield-(A/B/C)","best_variedad_5":"A","worst_variedad_5":"B","caracteristica_6":"Overall_performance-(A/B/C)","best_variedad_6":"A","worst_variedad_6":"B","evaluation":"1"},
{"observadores":"issd_osw_bosat_bdg__50","name_user":"Beyenech","name_family":"Sutuma","village":"Buttaa Daalacha Gadaa","district":"Bosat","telephone":"0","gender":"F","age":"42","location_longitude_seed_delivery_point":"","location_latitude_seed_delivery_point":"","location_altitude":"","location_longitude":"","location_latitude":"","planting_date":"2017-06-09","harvest_date":"2017-09-28","weight_of_all_yield_of_the_variety_a_in_kg":"","weight_of_all_yield_of_the_variety_b_in_kg":"","weight_of_all_yield_of_the_variety_c_in_kg":"","codigo_paquetes":"package_issd_osw_bosat_bdg__50","caracteristica_1":"Faster_maturity-(A/B/C)","best_variedad_1":"","worst_variedad_1":"","caracteristica_2":"Pest_resistance-(A/B/C)","best_variedad_2":"","worst_variedad_2":"","caracteristica_3":"Disease_resistance-(A/B/C)","best_variedad_3":"","worst_variedad_3":"","caracteristica_4":"Drought_resistance-(A/B/C)","best_variedad_4":"","worst_variedad_4":"","caracteristica_5":"Yield-(A/B/C)","best_variedad_5":"","worst_variedad_5":"","caracteristica_6":"Overall_performance-(A/B/C)","best_variedad_6":"","worst_variedad_6":"","evaluation":"4"},
{"observadores":"issd_osw_bosat_bdg__6","name_user":"Masresha","name_family":"Yimer","village":"Buttaa Daalacha Gadaa","district":"Bosat","telephone":"0","gender":"M","age":"38","location_longitude_seed_delivery_point":"","location_latitude_seed_delivery_point":"","location_altitude":"","location_longitude":"","location_latitude":"","planting_date":"2017-07-29","harvest_date":"2017-10-22","weight_of_all_yield_of_the_variety_a_in_kg":"2","weight_of_all_yield_of_the_variety_b_in_kg":"6","weight_of_all_yield_of_the_variety_c_in_kg":"4","codigo_paquetes":"package_issd_osw_bosat_bdg__06","caracteristica_1":"Faster_maturity-(A/B/C)","best_variedad_1":"B","worst_variedad_1":"A","caracteristica_2":"Pest_resistance-(A/B/C)","best_variedad_2":"B","worst_variedad_2":"A","caracteristica_3":"Disease_resistance-(A/B/C)","best_variedad_3":"B","worst_variedad_3":"A","caracteristica_4":"Drought_resistance-(A/B/C)","best_variedad_4":"B","worst_variedad_4":"A","caracteristica_5":"Yield-(A/B/C)","best_variedad_5":"B","worst_variedad_5":"A","caracteristica_6":"Overall_performance-(A/B/C)","best_variedad_6":"B","worst_variedad_6":"A","evaluation":"1"},
{"observadores":"issd_osw_bosat_bdg__7","name_user":"Zino","name_family":"Asfido","village":"Buttaa Daalacha Gadaa","district":"Bosat","telephone":"0","gender":"M","age":"30","location_longitude_seed_delivery_point":"","location_latitude_seed_delivery_point":"","location_altitude":"","location_longitude":"","location_latitude":"","planting_date":"2017-07-28","harvest_date":"2017-10-22","weight_of_all_yield_of_the_variety_a_in_kg":"6","weight_of_all_yield_of_the_variety_b_in_kg":"2","weight_of_all_yield_of_the_variety_c_in_kg":"4","codigo_paquetes":"package_issd_osw_bosat_bdg__07","caracteristica_1":"Faster_maturity-(A/B/C)","best_variedad_1":"A","worst_variedad_1":"B","caracteristica_2":"Pest_resistance-(A/B/C)","best_variedad_2":"A","worst_variedad_2":"B","caracteristica_3":"Disease_resistance-(A/B/C)","best_variedad_3":"A","worst_variedad_3":"B","caracteristica_4":"Drought_resistance-(A/B/C)","best_variedad_4":"A","worst_variedad_4":"B","caracteristica_5":"Yield-(A/B/C)","best_variedad_5":"A","worst_variedad_5":"B","caracteristica_6":"Overall_performance-(A/B/C)","best_variedad_6":"A","worst_variedad_6":"B","evaluation":"1"},
{"observadores":"issd_osw_bosat_bdg__8","name_user":"Gexe","name_family":"Bosat","village":"Buttaa Daalacha Gadaa","district":"Bosat","telephone":"0","gender":"F","age":"51","location_longitude_seed_delivery_point":"","location_latitude_seed_delivery_point":"","location_altitude":"","location_longitude":"","location_latitude":"","planting_date":"2017-06-13","harvest_date":"2017-10-11","weight_of_all_yield_of_the_variety_a_in_kg":"","weight_of_all_yield_of_the_variety_b_in_kg":"","weight_of_all_yield_of_the_variety_c_in_kg":"","codigo_paquetes":"package_issd_osw_bosat_bdg__08","caracteristica_1":"Faster_maturity-(A/B/C)","best_variedad_1":"","worst_variedad_1":"","caracteristica_2":"Pest_resistance-(A/B/C)","best_variedad_2":"","worst_variedad_2":"","caracteristica_3":"Disease_resistance-(A/B/C)","best_variedad_3":"","worst_variedad_3":"","caracteristica_4":"Drought_resistance-(A/B/C)","best_variedad_4":"","worst_variedad_4":"","caracteristica_5":"Yield-(A/B/C)","best_variedad_5":"","worst_variedad_5":"","caracteristica_6":"Overall_performance-(A/B/C)","best_variedad_6":"","worst_variedad_6":"","evaluation":"2"},
{"observadores":"issd_osw_bosat_bdg__9","name_user":"Endashew","name_family":"Biruk","village":"Buttaa Daalacha Gadaa","district":"Bosat","telephone":"0","gender":"M","age":"49","location_longitude_seed_delivery_point":"","location_latitude_seed_delivery_point":"","location_altitude":"","location_longitude":"","location_latitude":"","planting_date":"2017-07-10","harvest_date":"2017-10-22","weight_of_all_yield_of_the_variety_a_in_kg":"4","weight_of_all_yield_of_the_variety_b_in_kg":"2","weight_of_all_yield_of_the_variety_c_in_kg":"6","codigo_paquetes":"package_issd_osw_bosat_bdg__09","caracteristica_1":"Faster_maturity-(A/B/C)","best_variedad_1":"C","worst_variedad_1":"B","caracteristica_2":"Pest_resistance-(A/B/C)","best_variedad_2":"C","worst_variedad_2":"B","caracteristica_3":"Disease_resistance-(A/B/C)","best_variedad_3":"C","worst_variedad_3":"B","caracteristica_4":"Drought_resistance-(A/B/C)","best_variedad_4":"C","worst_variedad_4":"B","caracteristica_5":"Yield-(A/B/C)","best_variedad_5":"C","worst_variedad_5":"B","caracteristica_6":"Overall_performance-(A/B/C)","best_variedad_6":"C","worst_variedad_6":"B","evaluation":"1"}
]
