[
{"observadores":"illu_bure_haricotbean_2018_1","name_user":null,"name_family":null,"village":null,"district":null,"telephone":null,"gender":null,"age":null,"location_longitude_seed_delivery_point":null,"location_latitude_seed_delivery_point":null,"location_altitude":null,"location_longitude":null,"location_latitude":null,"planting_date":null,"harvest_date":null,"codigo_paquetes":null,"caracteristica_1":"Overall_performance-(A/B/C)","best_variedad_1":null,"worst_variedad_1":null,"caracteristica_2":"Overall_performance_VS_Local-(Better/Worse)","variedad_a_2":null,"variedad_b_2":null,"variedad_c_2":null,"evaluation":null},
{"observadores":"illu_bure_haricotbean_2018_10","name_user":null,"name_family":null,"village":null,"district":null,"telephone":null,"gender":null,"age":null,"location_longitude_seed_delivery_point":null,"location_latitude_seed_delivery_point":null,"location_altitude":null,"location_longitude":null,"location_latitude":null,"planting_date":null,"harvest_date":null,"codigo_paquetes":null,"caracteristica_1":"Overall_performance-(A/B/C)","best_variedad_1":null,"worst_variedad_1":null,"caracteristica_2":"Overall_performance_VS_Local-(Better/Worse)","variedad_a_2":null,"variedad_b_2":null,"variedad_c_2":null,"evaluation":null},
{"observadores":"illu_bure_haricotbean_2018_11","name_user":null,"name_family":null,"village":null,"district":null,"telephone":null,"gender":null,"age":null,"location_longitude_seed_delivery_point":null,"location_latitude_seed_delivery_point":null,"location_altitude":null,"location_longitude":null,"location_latitude":null,"planting_date":null,"harvest_date":null,"codigo_paquetes":null,"caracteristica_1":"Overall_performance-(A/B/C)","best_variedad_1":null,"worst_variedad_1":null,"caracteristica_2":"Overall_performance_VS_Local-(Better/Worse)","variedad_a_2":null,"variedad_b_2":null,"variedad_c_2":null,"evaluation":null},
{"observadores":"illu_bure_haricotbean_2018_12","name_user":null,"name_family":null,"village":null,"district":null,"telephone":null,"gender":null,"age":null,"location_longitude_seed_delivery_point":null,"location_latitude_seed_delivery_point":null,"location_altitude":null,"location_longitude":null,"location_latitude":null,"planting_date":null,"harvest_date":null,"codigo_paquetes":null,"caracteristica_1":"Overall_performance-(A/B/C)","best_variedad_1":null,"worst_variedad_1":null,"caracteristica_2":"Overall_performance_VS_Local-(Better/Worse)","variedad_a_2":null,"variedad_b_2":null,"variedad_c_2":null,"evaluation":null},
{"observadores":"illu_bure_haricotbean_2018_13","name_user":null,"name_family":null,"village":null,"district":null,"telephone":null,"gender":null,"age":null,"location_longitude_seed_delivery_point":null,"location_latitude_seed_delivery_point":null,"location_altitude":null,"location_longitude":null,"location_latitude":null,"planting_date":null,"harvest_date":null,"codigo_paquetes":null,"caracteristica_1":"Overall_performance-(A/B/C)","best_variedad_1":null,"worst_variedad_1":null,"caracteristica_2":"Overall_performance_VS_Local-(Better/Worse)","variedad_a_2":null,"variedad_b_2":null,"variedad_c_2":null,"evaluation":null},
{"observadores":"illu_bure_haricotbean_2018_14","name_user":null,"name_family":null,"village":null,"district":null,"telephone":null,"gender":null,"age":null,"location_longitude_seed_delivery_point":null,"location_latitude_seed_delivery_point":null,"location_altitude":null,"location_longitude":null,"location_latitude":null,"planting_date":null,"harvest_date":null,"codigo_paquetes":null,"caracteristica_1":"Overall_performance-(A/B/C)","best_variedad_1":null,"worst_variedad_1":null,"caracteristica_2":"Overall_performance_VS_Local-(Better/Worse)","variedad_a_2":null,"variedad_b_2":null,"variedad_c_2":null,"evaluation":null},
{"observadores":"illu_bure_haricotbean_2018_15","name_user":null,"name_family":null,"village":null,"district":null,"telephone":null,"gender":null,"age":null,"location_longitude_seed_delivery_point":null,"location_latitude_seed_delivery_point":null,"location_altitude":null,"location_longitude":null,"location_latitude":null,"planting_date":null,"harvest_date":null,"codigo_paquetes":null,"caracteristica_1":"Overall_performance-(A/B/C)","best_variedad_1":null,"worst_variedad_1":null,"caracteristica_2":"Overall_performance_VS_Local-(Better/Worse)","variedad_a_2":null,"variedad_b_2":null,"variedad_c_2":null,"evaluation":null},
{"observadores":"illu_bure_haricotbean_2018_16","name_user":null,"name_family":null,"village":null,"district":null,"telephone":null,"gender":null,"age":null,"location_longitude_seed_delivery_point":null,"location_latitude_seed_delivery_point":null,"location_altitude":null,"location_longitude":null,"location_latitude":null,"planting_date":null,"harvest_date":null,"codigo_paquetes":null,"caracteristica_1":"Overall_performance-(A/B/C)","best_variedad_1":null,"worst_variedad_1":null,"caracteristica_2":"Overall_performance_VS_Local-(Better/Worse)","variedad_a_2":null,"variedad_b_2":null,"variedad_c_2":null,"evaluation":null},
{"observadores":"illu_bure_haricotbean_2018_17","name_user":null,"name_family":null,"village":null,"district":null,"telephone":null,"gender":null,"age":null,"location_longitude_seed_delivery_point":null,"location_latitude_seed_delivery_point":null,"location_altitude":null,"location_longitude":null,"location_latitude":null,"planting_date":null,"harvest_date":null,"codigo_paquetes":null,"caracteristica_1":"Overall_performance-(A/B/C)","best_variedad_1":null,"worst_variedad_1":null,"caracteristica_2":"Overall_performance_VS_Local-(Better/Worse)","variedad_a_2":null,"variedad_b_2":null,"variedad_c_2":null,"evaluation":null},
{"observadores":"illu_bure_haricotbean_2018_18","name_user":null,"name_family":null,"village":null,"district":null,"telephone":null,"gender":null,"age":null,"location_longitude_seed_delivery_point":null,"location_latitude_seed_delivery_point":null,"location_altitude":null,"location_longitude":null,"location_latitude":null,"planting_date":null,"harvest_date":null,"codigo_paquetes":null,"caracteristica_1":"Overall_performance-(A/B/C)","best_variedad_1":null,"worst_variedad_1":null,"caracteristica_2":"Overall_performance_VS_Local-(Better/Worse)","variedad_a_2":null,"variedad_b_2":null,"variedad_c_2":null,"evaluation":null},
{"observadores":"illu_bure_haricotbean_2018_19","name_user":null,"name_family":null,"village":null,"district":null,"telephone":null,"gender":null,"age":null,"location_longitude_seed_delivery_point":null,"location_latitude_seed_delivery_point":null,"location_altitude":null,"location_longitude":null,"location_latitude":null,"planting_date":null,"harvest_date":null,"codigo_paquetes":null,"caracteristica_1":"Overall_performance-(A/B/C)","best_variedad_1":null,"worst_variedad_1":null,"caracteristica_2":"Overall_performance_VS_Local-(Better/Worse)","variedad_a_2":null,"variedad_b_2":null,"variedad_c_2":null,"evaluation":null},
{"observadores":"illu_bure_haricotbean_2018_2","name_user":null,"name_family":null,"village":null,"district":null,"telephone":null,"gender":null,"age":null,"location_longitude_seed_delivery_point":null,"location_latitude_seed_delivery_point":null,"location_altitude":null,"location_longitude":null,"location_latitude":null,"planting_date":null,"harvest_date":null,"codigo_paquetes":null,"caracteristica_1":"Overall_performance-(A/B/C)","best_variedad_1":null,"worst_variedad_1":null,"caracteristica_2":"Overall_performance_VS_Local-(Better/Worse)","variedad_a_2":null,"variedad_b_2":null,"variedad_c_2":null,"evaluation":null},
{"observadores":"illu_bure_haricotbean_2018_20","name_user":null,"name_family":null,"village":null,"district":null,"telephone":null,"gender":null,"age":null,"location_longitude_seed_delivery_point":null,"location_latitude_seed_delivery_point":null,"location_altitude":null,"location_longitude":null,"location_latitude":null,"planting_date":null,"harvest_date":null,"codigo_paquetes":null,"caracteristica_1":"Overall_performance-(A/B/C)","best_variedad_1":null,"worst_variedad_1":null,"caracteristica_2":"Overall_performance_VS_Local-(Better/Worse)","variedad_a_2":null,"variedad_b_2":null,"variedad_c_2":null,"evaluation":null},
{"observadores":"illu_bure_haricotbean_2018_21","name_user":null,"name_family":null,"village":null,"district":null,"telephone":null,"gender":null,"age":null,"location_longitude_seed_delivery_point":null,"location_latitude_seed_delivery_point":null,"location_altitude":null,"location_longitude":null,"location_latitude":null,"planting_date":null,"harvest_date":null,"codigo_paquetes":null,"caracteristica_1":"Overall_performance-(A/B/C)","best_variedad_1":null,"worst_variedad_1":null,"caracteristica_2":"Overall_performance_VS_Local-(Better/Worse)","variedad_a_2":null,"variedad_b_2":null,"variedad_c_2":null,"evaluation":null},
{"observadores":"illu_bure_haricotbean_2018_22","name_user":null,"name_family":null,"village":null,"district":null,"telephone":null,"gender":null,"age":null,"location_longitude_seed_delivery_point":null,"location_latitude_seed_delivery_point":null,"location_altitude":null,"location_longitude":null,"location_latitude":null,"planting_date":null,"harvest_date":null,"codigo_paquetes":null,"caracteristica_1":"Overall_performance-(A/B/C)","best_variedad_1":null,"worst_variedad_1":null,"caracteristica_2":"Overall_performance_VS_Local-(Better/Worse)","variedad_a_2":null,"variedad_b_2":null,"variedad_c_2":null,"evaluation":null},
{"observadores":"illu_bure_haricotbean_2018_23","name_user":null,"name_family":null,"village":null,"district":null,"telephone":null,"gender":null,"age":null,"location_longitude_seed_delivery_point":null,"location_latitude_seed_delivery_point":null,"location_altitude":null,"location_longitude":null,"location_latitude":null,"planting_date":null,"harvest_date":null,"codigo_paquetes":null,"caracteristica_1":"Overall_performance-(A/B/C)","best_variedad_1":null,"worst_variedad_1":null,"caracteristica_2":"Overall_performance_VS_Local-(Better/Worse)","variedad_a_2":null,"variedad_b_2":null,"variedad_c_2":null,"evaluation":null},
{"observadores":"illu_bure_haricotbean_2018_24","name_user":null,"name_family":null,"village":null,"district":null,"telephone":null,"gender":null,"age":null,"location_longitude_seed_delivery_point":null,"location_latitude_seed_delivery_point":null,"location_altitude":null,"location_longitude":null,"location_latitude":null,"planting_date":null,"harvest_date":null,"codigo_paquetes":null,"caracteristica_1":"Overall_performance-(A/B/C)","best_variedad_1":null,"worst_variedad_1":null,"caracteristica_2":"Overall_performance_VS_Local-(Better/Worse)","variedad_a_2":null,"variedad_b_2":null,"variedad_c_2":null,"evaluation":null},
{"observadores":"illu_bure_haricotbean_2018_25","name_user":null,"name_family":null,"village":null,"district":null,"telephone":null,"gender":null,"age":null,"location_longitude_seed_delivery_point":null,"location_latitude_seed_delivery_point":null,"location_altitude":null,"location_longitude":null,"location_latitude":null,"planting_date":null,"harvest_date":null,"codigo_paquetes":null,"caracteristica_1":"Overall_performance-(A/B/C)","best_variedad_1":null,"worst_variedad_1":null,"caracteristica_2":"Overall_performance_VS_Local-(Better/Worse)","variedad_a_2":null,"variedad_b_2":null,"variedad_c_2":null,"evaluation":null},
{"observadores":"illu_bure_haricotbean_2018_26","name_user":null,"name_family":null,"village":null,"district":null,"telephone":null,"gender":null,"age":null,"location_longitude_seed_delivery_point":null,"location_latitude_seed_delivery_point":null,"location_altitude":null,"location_longitude":null,"location_latitude":null,"planting_date":null,"harvest_date":null,"codigo_paquetes":null,"caracteristica_1":"Overall_performance-(A/B/C)","best_variedad_1":null,"worst_variedad_1":null,"caracteristica_2":"Overall_performance_VS_Local-(Better/Worse)","variedad_a_2":null,"variedad_b_2":null,"variedad_c_2":null,"evaluation":null},
{"observadores":"illu_bure_haricotbean_2018_27","name_user":null,"name_family":null,"village":null,"district":null,"telephone":null,"gender":null,"age":null,"location_longitude_seed_delivery_point":null,"location_latitude_seed_delivery_point":null,"location_altitude":null,"location_longitude":null,"location_latitude":null,"planting_date":null,"harvest_date":null,"codigo_paquetes":null,"caracteristica_1":"Overall_performance-(A/B/C)","best_variedad_1":null,"worst_variedad_1":null,"caracteristica_2":"Overall_performance_VS_Local-(Better/Worse)","variedad_a_2":null,"variedad_b_2":null,"variedad_c_2":null,"evaluation":null},
{"observadores":"illu_bure_haricotbean_2018_28","name_user":null,"name_family":null,"village":null,"district":null,"telephone":null,"gender":null,"age":null,"location_longitude_seed_delivery_point":null,"location_latitude_seed_delivery_point":null,"location_altitude":null,"location_longitude":null,"location_latitude":null,"planting_date":null,"harvest_date":null,"codigo_paquetes":null,"caracteristica_1":"Overall_performance-(A/B/C)","best_variedad_1":null,"worst_variedad_1":null,"caracteristica_2":"Overall_performance_VS_Local-(Better/Worse)","variedad_a_2":null,"variedad_b_2":null,"variedad_c_2":null,"evaluation":null},
{"observadores":"illu_bure_haricotbean_2018_29","name_user":null,"name_family":null,"village":null,"district":null,"telephone":null,"gender":null,"age":null,"location_longitude_seed_delivery_point":null,"location_latitude_seed_delivery_point":null,"location_altitude":null,"location_longitude":null,"location_latitude":null,"planting_date":null,"harvest_date":null,"codigo_paquetes":null,"caracteristica_1":"Overall_performance-(A/B/C)","best_variedad_1":null,"worst_variedad_1":null,"caracteristica_2":"Overall_performance_VS_Local-(Better/Worse)","variedad_a_2":null,"variedad_b_2":null,"variedad_c_2":null,"evaluation":null},
{"observadores":"illu_bure_haricotbean_2018_3","name_user":null,"name_family":null,"village":null,"district":null,"telephone":null,"gender":null,"age":null,"location_longitude_seed_delivery_point":null,"location_latitude_seed_delivery_point":null,"location_altitude":null,"location_longitude":null,"location_latitude":null,"planting_date":null,"harvest_date":null,"codigo_paquetes":null,"caracteristica_1":"Overall_performance-(A/B/C)","best_variedad_1":null,"worst_variedad_1":null,"caracteristica_2":"Overall_performance_VS_Local-(Better/Worse)","variedad_a_2":null,"variedad_b_2":null,"variedad_c_2":null,"evaluation":null},
{"observadores":"illu_bure_haricotbean_2018_30","name_user":null,"name_family":null,"village":null,"district":null,"telephone":null,"gender":null,"age":null,"location_longitude_seed_delivery_point":null,"location_latitude_seed_delivery_point":null,"location_altitude":null,"location_longitude":null,"location_latitude":null,"planting_date":null,"harvest_date":null,"codigo_paquetes":null,"caracteristica_1":"Overall_performance-(A/B/C)","best_variedad_1":null,"worst_variedad_1":null,"caracteristica_2":"Overall_performance_VS_Local-(Better/Worse)","variedad_a_2":null,"variedad_b_2":null,"variedad_c_2":null,"evaluation":null},
{"observadores":"illu_bure_haricotbean_2018_31","name_user":null,"name_family":null,"village":null,"district":null,"telephone":null,"gender":null,"age":null,"location_longitude_seed_delivery_point":null,"location_latitude_seed_delivery_point":null,"location_altitude":null,"location_longitude":null,"location_latitude":null,"planting_date":null,"harvest_date":null,"codigo_paquetes":null,"caracteristica_1":"Overall_performance-(A/B/C)","best_variedad_1":null,"worst_variedad_1":null,"caracteristica_2":"Overall_performance_VS_Local-(Better/Worse)","variedad_a_2":null,"variedad_b_2":null,"variedad_c_2":null,"evaluation":null},
{"observadores":"illu_bure_haricotbean_2018_32","name_user":null,"name_family":null,"village":null,"district":null,"telephone":null,"gender":null,"age":null,"location_longitude_seed_delivery_point":null,"location_latitude_seed_delivery_point":null,"location_altitude":null,"location_longitude":null,"location_latitude":null,"planting_date":null,"harvest_date":null,"codigo_paquetes":null,"caracteristica_1":"Overall_performance-(A/B/C)","best_variedad_1":null,"worst_variedad_1":null,"caracteristica_2":"Overall_performance_VS_Local-(Better/Worse)","variedad_a_2":null,"variedad_b_2":null,"variedad_c_2":null,"evaluation":null},
{"observadores":"illu_bure_haricotbean_2018_33","name_user":null,"name_family":null,"village":null,"district":null,"telephone":null,"gender":null,"age":null,"location_longitude_seed_delivery_point":null,"location_latitude_seed_delivery_point":null,"location_altitude":null,"location_longitude":null,"location_latitude":null,"planting_date":null,"harvest_date":null,"codigo_paquetes":null,"caracteristica_1":"Overall_performance-(A/B/C)","best_variedad_1":null,"worst_variedad_1":null,"caracteristica_2":"Overall_performance_VS_Local-(Better/Worse)","variedad_a_2":null,"variedad_b_2":null,"variedad_c_2":null,"evaluation":null},
{"observadores":"illu_bure_haricotbean_2018_34","name_user":null,"name_family":null,"village":null,"district":null,"telephone":null,"gender":null,"age":null,"location_longitude_seed_delivery_point":null,"location_latitude_seed_delivery_point":null,"location_altitude":null,"location_longitude":null,"location_latitude":null,"planting_date":null,"harvest_date":null,"codigo_paquetes":null,"caracteristica_1":"Overall_performance-(A/B/C)","best_variedad_1":null,"worst_variedad_1":null,"caracteristica_2":"Overall_performance_VS_Local-(Better/Worse)","variedad_a_2":null,"variedad_b_2":null,"variedad_c_2":null,"evaluation":null},
{"observadores":"illu_bure_haricotbean_2018_35","name_user":null,"name_family":null,"village":null,"district":null,"telephone":null,"gender":null,"age":null,"location_longitude_seed_delivery_point":null,"location_latitude_seed_delivery_point":null,"location_altitude":null,"location_longitude":null,"location_latitude":null,"planting_date":null,"harvest_date":null,"codigo_paquetes":null,"caracteristica_1":"Overall_performance-(A/B/C)","best_variedad_1":null,"worst_variedad_1":null,"caracteristica_2":"Overall_performance_VS_Local-(Better/Worse)","variedad_a_2":null,"variedad_b_2":null,"variedad_c_2":null,"evaluation":null},
{"observadores":"illu_bure_haricotbean_2018_36","name_user":null,"name_family":null,"village":null,"district":null,"telephone":null,"gender":null,"age":null,"location_longitude_seed_delivery_point":null,"location_latitude_seed_delivery_point":null,"location_altitude":null,"location_longitude":null,"location_latitude":null,"planting_date":null,"harvest_date":null,"codigo_paquetes":null,"caracteristica_1":"Overall_performance-(A/B/C)","best_variedad_1":null,"worst_variedad_1":null,"caracteristica_2":"Overall_performance_VS_Local-(Better/Worse)","variedad_a_2":null,"variedad_b_2":null,"variedad_c_2":null,"evaluation":null},
{"observadores":"illu_bure_haricotbean_2018_37","name_user":null,"name_family":null,"village":null,"district":null,"telephone":null,"gender":null,"age":null,"location_longitude_seed_delivery_point":null,"location_latitude_seed_delivery_point":null,"location_altitude":null,"location_longitude":null,"location_latitude":null,"planting_date":null,"harvest_date":null,"codigo_paquetes":null,"caracteristica_1":"Overall_performance-(A/B/C)","best_variedad_1":null,"worst_variedad_1":null,"caracteristica_2":"Overall_performance_VS_Local-(Better/Worse)","variedad_a_2":null,"variedad_b_2":null,"variedad_c_2":null,"evaluation":null},
{"observadores":"illu_bure_haricotbean_2018_38","name_user":null,"name_family":null,"village":null,"district":null,"telephone":null,"gender":null,"age":null,"location_longitude_seed_delivery_point":null,"location_latitude_seed_delivery_point":null,"location_altitude":null,"location_longitude":null,"location_latitude":null,"planting_date":null,"harvest_date":null,"codigo_paquetes":null,"caracteristica_1":"Overall_performance-(A/B/C)","best_variedad_1":null,"worst_variedad_1":null,"caracteristica_2":"Overall_performance_VS_Local-(Better/Worse)","variedad_a_2":null,"variedad_b_2":null,"variedad_c_2":null,"evaluation":null},
{"observadores":"illu_bure_haricotbean_2018_39","name_user":null,"name_family":null,"village":null,"district":null,"telephone":null,"gender":null,"age":null,"location_longitude_seed_delivery_point":null,"location_latitude_seed_delivery_point":null,"location_altitude":null,"location_longitude":null,"location_latitude":null,"planting_date":null,"harvest_date":null,"codigo_paquetes":null,"caracteristica_1":"Overall_performance-(A/B/C)","best_variedad_1":null,"worst_variedad_1":null,"caracteristica_2":"Overall_performance_VS_Local-(Better/Worse)","variedad_a_2":null,"variedad_b_2":null,"variedad_c_2":null,"evaluation":null},
{"observadores":"illu_bure_haricotbean_2018_4","name_user":null,"name_family":null,"village":null,"district":null,"telephone":null,"gender":null,"age":null,"location_longitude_seed_delivery_point":null,"location_latitude_seed_delivery_point":null,"location_altitude":null,"location_longitude":null,"location_latitude":null,"planting_date":null,"harvest_date":null,"codigo_paquetes":null,"caracteristica_1":"Overall_performance-(A/B/C)","best_variedad_1":null,"worst_variedad_1":null,"caracteristica_2":"Overall_performance_VS_Local-(Better/Worse)","variedad_a_2":null,"variedad_b_2":null,"variedad_c_2":null,"evaluation":null},
{"observadores":"illu_bure_haricotbean_2018_40","name_user":null,"name_family":null,"village":null,"district":null,"telephone":null,"gender":null,"age":null,"location_longitude_seed_delivery_point":null,"location_latitude_seed_delivery_point":null,"location_altitude":null,"location_longitude":null,"location_latitude":null,"planting_date":null,"harvest_date":null,"codigo_paquetes":null,"caracteristica_1":"Overall_performance-(A/B/C)","best_variedad_1":null,"worst_variedad_1":null,"caracteristica_2":"Overall_performance_VS_Local-(Better/Worse)","variedad_a_2":null,"variedad_b_2":null,"variedad_c_2":null,"evaluation":null},
{"observadores":"illu_bure_haricotbean_2018_41","name_user":null,"name_family":null,"village":null,"district":null,"telephone":null,"gender":null,"age":null,"location_longitude_seed_delivery_point":null,"location_latitude_seed_delivery_point":null,"location_altitude":null,"location_longitude":null,"location_latitude":null,"planting_date":null,"harvest_date":null,"codigo_paquetes":null,"caracteristica_1":"Overall_performance-(A/B/C)","best_variedad_1":null,"worst_variedad_1":null,"caracteristica_2":"Overall_performance_VS_Local-(Better/Worse)","variedad_a_2":null,"variedad_b_2":null,"variedad_c_2":null,"evaluation":null},
{"observadores":"illu_bure_haricotbean_2018_42","name_user":null,"name_family":null,"village":null,"district":null,"telephone":null,"gender":null,"age":null,"location_longitude_seed_delivery_point":null,"location_latitude_seed_delivery_point":null,"location_altitude":null,"location_longitude":null,"location_latitude":null,"planting_date":null,"harvest_date":null,"codigo_paquetes":null,"caracteristica_1":"Overall_performance-(A/B/C)","best_variedad_1":null,"worst_variedad_1":null,"caracteristica_2":"Overall_performance_VS_Local-(Better/Worse)","variedad_a_2":null,"variedad_b_2":null,"variedad_c_2":null,"evaluation":null},
{"observadores":"illu_bure_haricotbean_2018_43","name_user":null,"name_family":null,"village":null,"district":null,"telephone":null,"gender":null,"age":null,"location_longitude_seed_delivery_point":null,"location_latitude_seed_delivery_point":null,"location_altitude":null,"location_longitude":null,"location_latitude":null,"planting_date":null,"harvest_date":null,"codigo_paquetes":null,"caracteristica_1":"Overall_performance-(A/B/C)","best_variedad_1":null,"worst_variedad_1":null,"caracteristica_2":"Overall_performance_VS_Local-(Better/Worse)","variedad_a_2":null,"variedad_b_2":null,"variedad_c_2":null,"evaluation":null},
{"observadores":"illu_bure_haricotbean_2018_44","name_user":null,"name_family":null,"village":null,"district":null,"telephone":null,"gender":null,"age":null,"location_longitude_seed_delivery_point":null,"location_latitude_seed_delivery_point":null,"location_altitude":null,"location_longitude":null,"location_latitude":null,"planting_date":null,"harvest_date":null,"codigo_paquetes":null,"caracteristica_1":"Overall_performance-(A/B/C)","best_variedad_1":null,"worst_variedad_1":null,"caracteristica_2":"Overall_performance_VS_Local-(Better/Worse)","variedad_a_2":null,"variedad_b_2":null,"variedad_c_2":null,"evaluation":null},
{"observadores":"illu_bure_haricotbean_2018_45","name_user":null,"name_family":null,"village":null,"district":null,"telephone":null,"gender":null,"age":null,"location_longitude_seed_delivery_point":null,"location_latitude_seed_delivery_point":null,"location_altitude":null,"location_longitude":null,"location_latitude":null,"planting_date":null,"harvest_date":null,"codigo_paquetes":null,"caracteristica_1":"Overall_performance-(A/B/C)","best_variedad_1":null,"worst_variedad_1":null,"caracteristica_2":"Overall_performance_VS_Local-(Better/Worse)","variedad_a_2":null,"variedad_b_2":null,"variedad_c_2":null,"evaluation":null},
{"observadores":"illu_bure_haricotbean_2018_46","name_user":null,"name_family":null,"village":null,"district":null,"telephone":null,"gender":null,"age":null,"location_longitude_seed_delivery_point":null,"location_latitude_seed_delivery_point":null,"location_altitude":null,"location_longitude":null,"location_latitude":null,"planting_date":null,"harvest_date":null,"codigo_paquetes":null,"caracteristica_1":"Overall_performance-(A/B/C)","best_variedad_1":null,"worst_variedad_1":null,"caracteristica_2":"Overall_performance_VS_Local-(Better/Worse)","variedad_a_2":null,"variedad_b_2":null,"variedad_c_2":null,"evaluation":null},
{"observadores":"illu_bure_haricotbean_2018_47","name_user":null,"name_family":null,"village":null,"district":null,"telephone":null,"gender":null,"age":null,"location_longitude_seed_delivery_point":null,"location_latitude_seed_delivery_point":null,"location_altitude":null,"location_longitude":null,"location_latitude":null,"planting_date":null,"harvest_date":null,"codigo_paquetes":null,"caracteristica_1":"Overall_performance-(A/B/C)","best_variedad_1":null,"worst_variedad_1":null,"caracteristica_2":"Overall_performance_VS_Local-(Better/Worse)","variedad_a_2":null,"variedad_b_2":null,"variedad_c_2":null,"evaluation":null},
{"observadores":"illu_bure_haricotbean_2018_48","name_user":null,"name_family":null,"village":null,"district":null,"telephone":null,"gender":null,"age":null,"location_longitude_seed_delivery_point":null,"location_latitude_seed_delivery_point":null,"location_altitude":null,"location_longitude":null,"location_latitude":null,"planting_date":null,"harvest_date":null,"codigo_paquetes":null,"caracteristica_1":"Overall_performance-(A/B/C)","best_variedad_1":null,"worst_variedad_1":null,"caracteristica_2":"Overall_performance_VS_Local-(Better/Worse)","variedad_a_2":null,"variedad_b_2":null,"variedad_c_2":null,"evaluation":null},
{"observadores":"illu_bure_haricotbean_2018_49","name_user":null,"name_family":null,"village":null,"district":null,"telephone":null,"gender":null,"age":null,"location_longitude_seed_delivery_point":null,"location_latitude_seed_delivery_point":null,"location_altitude":null,"location_longitude":null,"location_latitude":null,"planting_date":null,"harvest_date":null,"codigo_paquetes":null,"caracteristica_1":"Overall_performance-(A/B/C)","best_variedad_1":null,"worst_variedad_1":null,"caracteristica_2":"Overall_performance_VS_Local-(Better/Worse)","variedad_a_2":null,"variedad_b_2":null,"variedad_c_2":null,"evaluation":null},
{"observadores":"illu_bure_haricotbean_2018_5","name_user":null,"name_family":null,"village":null,"district":null,"telephone":null,"gender":null,"age":null,"location_longitude_seed_delivery_point":null,"location_latitude_seed_delivery_point":null,"location_altitude":null,"location_longitude":null,"location_latitude":null,"planting_date":null,"harvest_date":null,"codigo_paquetes":null,"caracteristica_1":"Overall_performance-(A/B/C)","best_variedad_1":null,"worst_variedad_1":null,"caracteristica_2":"Overall_performance_VS_Local-(Better/Worse)","variedad_a_2":null,"variedad_b_2":null,"variedad_c_2":null,"evaluation":null},
{"observadores":"illu_bure_haricotbean_2018_50","name_user":null,"name_family":null,"village":null,"district":null,"telephone":null,"gender":null,"age":null,"location_longitude_seed_delivery_point":null,"location_latitude_seed_delivery_point":null,"location_altitude":null,"location_longitude":null,"location_latitude":null,"planting_date":null,"harvest_date":null,"codigo_paquetes":null,"caracteristica_1":"Overall_performance-(A/B/C)","best_variedad_1":null,"worst_variedad_1":null,"caracteristica_2":"Overall_performance_VS_Local-(Better/Worse)","variedad_a_2":null,"variedad_b_2":null,"variedad_c_2":null,"evaluation":null},
{"observadores":"illu_bure_haricotbean_2018_51","name_user":null,"name_family":null,"village":null,"district":null,"telephone":null,"gender":null,"age":null,"location_longitude_seed_delivery_point":null,"location_latitude_seed_delivery_point":null,"location_altitude":null,"location_longitude":null,"location_latitude":null,"planting_date":null,"harvest_date":null,"codigo_paquetes":null,"caracteristica_1":"Overall_performance-(A/B/C)","best_variedad_1":null,"worst_variedad_1":null,"caracteristica_2":"Overall_performance_VS_Local-(Better/Worse)","variedad_a_2":null,"variedad_b_2":null,"variedad_c_2":null,"evaluation":null},
{"observadores":"illu_bure_haricotbean_2018_52","name_user":null,"name_family":null,"village":null,"district":null,"telephone":null,"gender":null,"age":null,"location_longitude_seed_delivery_point":null,"location_latitude_seed_delivery_point":null,"location_altitude":null,"location_longitude":null,"location_latitude":null,"planting_date":null,"harvest_date":null,"codigo_paquetes":null,"caracteristica_1":"Overall_performance-(A/B/C)","best_variedad_1":null,"worst_variedad_1":null,"caracteristica_2":"Overall_performance_VS_Local-(Better/Worse)","variedad_a_2":null,"variedad_b_2":null,"variedad_c_2":null,"evaluation":null},
{"observadores":"illu_bure_haricotbean_2018_53","name_user":null,"name_family":null,"village":null,"district":null,"telephone":null,"gender":null,"age":null,"location_longitude_seed_delivery_point":null,"location_latitude_seed_delivery_point":null,"location_altitude":null,"location_longitude":null,"location_latitude":null,"planting_date":null,"harvest_date":null,"codigo_paquetes":null,"caracteristica_1":"Overall_performance-(A/B/C)","best_variedad_1":null,"worst_variedad_1":null,"caracteristica_2":"Overall_performance_VS_Local-(Better/Worse)","variedad_a_2":null,"variedad_b_2":null,"variedad_c_2":null,"evaluation":null},
{"observadores":"illu_bure_haricotbean_2018_54","name_user":null,"name_family":null,"village":null,"district":null,"telephone":null,"gender":null,"age":null,"location_longitude_seed_delivery_point":null,"location_latitude_seed_delivery_point":null,"location_altitude":null,"location_longitude":null,"location_latitude":null,"planting_date":null,"harvest_date":null,"codigo_paquetes":null,"caracteristica_1":"Overall_performance-(A/B/C)","best_variedad_1":null,"worst_variedad_1":null,"caracteristica_2":"Overall_performance_VS_Local-(Better/Worse)","variedad_a_2":null,"variedad_b_2":null,"variedad_c_2":null,"evaluation":null},
{"observadores":"illu_bure_haricotbean_2018_55","name_user":null,"name_family":null,"village":null,"district":null,"telephone":null,"gender":null,"age":null,"location_longitude_seed_delivery_point":null,"location_latitude_seed_delivery_point":null,"location_altitude":null,"location_longitude":null,"location_latitude":null,"planting_date":null,"harvest_date":null,"codigo_paquetes":null,"caracteristica_1":"Overall_performance-(A/B/C)","best_variedad_1":null,"worst_variedad_1":null,"caracteristica_2":"Overall_performance_VS_Local-(Better/Worse)","variedad_a_2":null,"variedad_b_2":null,"variedad_c_2":null,"evaluation":null},
{"observadores":"illu_bure_haricotbean_2018_56","name_user":null,"name_family":null,"village":null,"district":null,"telephone":null,"gender":null,"age":null,"location_longitude_seed_delivery_point":null,"location_latitude_seed_delivery_point":null,"location_altitude":null,"location_longitude":null,"location_latitude":null,"planting_date":null,"harvest_date":null,"codigo_paquetes":null,"caracteristica_1":"Overall_performance-(A/B/C)","best_variedad_1":null,"worst_variedad_1":null,"caracteristica_2":"Overall_performance_VS_Local-(Better/Worse)","variedad_a_2":null,"variedad_b_2":null,"variedad_c_2":null,"evaluation":null},
{"observadores":"illu_bure_haricotbean_2018_57","name_user":null,"name_family":null,"village":null,"district":null,"telephone":null,"gender":null,"age":null,"location_longitude_seed_delivery_point":null,"location_latitude_seed_delivery_point":null,"location_altitude":null,"location_longitude":null,"location_latitude":null,"planting_date":null,"harvest_date":null,"codigo_paquetes":null,"caracteristica_1":"Overall_performance-(A/B/C)","best_variedad_1":null,"worst_variedad_1":null,"caracteristica_2":"Overall_performance_VS_Local-(Better/Worse)","variedad_a_2":null,"variedad_b_2":null,"variedad_c_2":null,"evaluation":null},
{"observadores":"illu_bure_haricotbean_2018_58","name_user":null,"name_family":null,"village":null,"district":null,"telephone":null,"gender":null,"age":null,"location_longitude_seed_delivery_point":null,"location_latitude_seed_delivery_point":null,"location_altitude":null,"location_longitude":null,"location_latitude":null,"planting_date":null,"harvest_date":null,"codigo_paquetes":null,"caracteristica_1":"Overall_performance-(A/B/C)","best_variedad_1":null,"worst_variedad_1":null,"caracteristica_2":"Overall_performance_VS_Local-(Better/Worse)","variedad_a_2":null,"variedad_b_2":null,"variedad_c_2":null,"evaluation":null},
{"observadores":"illu_bure_haricotbean_2018_59","name_user":null,"name_family":null,"village":null,"district":null,"telephone":null,"gender":null,"age":null,"location_longitude_seed_delivery_point":null,"location_latitude_seed_delivery_point":null,"location_altitude":null,"location_longitude":null,"location_latitude":null,"planting_date":null,"harvest_date":null,"codigo_paquetes":null,"caracteristica_1":"Overall_performance-(A/B/C)","best_variedad_1":null,"worst_variedad_1":null,"caracteristica_2":"Overall_performance_VS_Local-(Better/Worse)","variedad_a_2":null,"variedad_b_2":null,"variedad_c_2":null,"evaluation":null},
{"observadores":"illu_bure_haricotbean_2018_6","name_user":null,"name_family":null,"village":null,"district":null,"telephone":null,"gender":null,"age":null,"location_longitude_seed_delivery_point":null,"location_latitude_seed_delivery_point":null,"location_altitude":null,"location_longitude":null,"location_latitude":null,"planting_date":null,"harvest_date":null,"codigo_paquetes":null,"caracteristica_1":"Overall_performance-(A/B/C)","best_variedad_1":null,"worst_variedad_1":null,"caracteristica_2":"Overall_performance_VS_Local-(Better/Worse)","variedad_a_2":null,"variedad_b_2":null,"variedad_c_2":null,"evaluation":null},
{"observadores":"illu_bure_haricotbean_2018_60","name_user":null,"name_family":null,"village":null,"district":null,"telephone":null,"gender":null,"age":null,"location_longitude_seed_delivery_point":null,"location_latitude_seed_delivery_point":null,"location_altitude":null,"location_longitude":null,"location_latitude":null,"planting_date":null,"harvest_date":null,"codigo_paquetes":null,"caracteristica_1":"Overall_performance-(A/B/C)","best_variedad_1":null,"worst_variedad_1":null,"caracteristica_2":"Overall_performance_VS_Local-(Better/Worse)","variedad_a_2":null,"variedad_b_2":null,"variedad_c_2":null,"evaluation":null},
{"observadores":"illu_bure_haricotbean_2018_61","name_user":null,"name_family":null,"village":null,"district":null,"telephone":null,"gender":null,"age":null,"location_longitude_seed_delivery_point":null,"location_latitude_seed_delivery_point":null,"location_altitude":null,"location_longitude":null,"location_latitude":null,"planting_date":null,"harvest_date":null,"codigo_paquetes":null,"caracteristica_1":"Overall_performance-(A/B/C)","best_variedad_1":null,"worst_variedad_1":null,"caracteristica_2":"Overall_performance_VS_Local-(Better/Worse)","variedad_a_2":null,"variedad_b_2":null,"variedad_c_2":null,"evaluation":null},
{"observadores":"illu_bure_haricotbean_2018_62","name_user":null,"name_family":null,"village":null,"district":null,"telephone":null,"gender":null,"age":null,"location_longitude_seed_delivery_point":null,"location_latitude_seed_delivery_point":null,"location_altitude":null,"location_longitude":null,"location_latitude":null,"planting_date":null,"harvest_date":null,"codigo_paquetes":null,"caracteristica_1":"Overall_performance-(A/B/C)","best_variedad_1":null,"worst_variedad_1":null,"caracteristica_2":"Overall_performance_VS_Local-(Better/Worse)","variedad_a_2":null,"variedad_b_2":null,"variedad_c_2":null,"evaluation":null},
{"observadores":"illu_bure_haricotbean_2018_63","name_user":null,"name_family":null,"village":null,"district":null,"telephone":null,"gender":null,"age":null,"location_longitude_seed_delivery_point":null,"location_latitude_seed_delivery_point":null,"location_altitude":null,"location_longitude":null,"location_latitude":null,"planting_date":null,"harvest_date":null,"codigo_paquetes":null,"caracteristica_1":"Overall_performance-(A/B/C)","best_variedad_1":null,"worst_variedad_1":null,"caracteristica_2":"Overall_performance_VS_Local-(Better/Worse)","variedad_a_2":null,"variedad_b_2":null,"variedad_c_2":null,"evaluation":null},
{"observadores":"illu_bure_haricotbean_2018_64","name_user":null,"name_family":null,"village":null,"district":null,"telephone":null,"gender":null,"age":null,"location_longitude_seed_delivery_point":null,"location_latitude_seed_delivery_point":null,"location_altitude":null,"location_longitude":null,"location_latitude":null,"planting_date":null,"harvest_date":null,"codigo_paquetes":null,"caracteristica_1":"Overall_performance-(A/B/C)","best_variedad_1":null,"worst_variedad_1":null,"caracteristica_2":"Overall_performance_VS_Local-(Better/Worse)","variedad_a_2":null,"variedad_b_2":null,"variedad_c_2":null,"evaluation":null},
{"observadores":"illu_bure_haricotbean_2018_65","name_user":null,"name_family":null,"village":null,"district":null,"telephone":null,"gender":null,"age":null,"location_longitude_seed_delivery_point":null,"location_latitude_seed_delivery_point":null,"location_altitude":null,"location_longitude":null,"location_latitude":null,"planting_date":null,"harvest_date":null,"codigo_paquetes":null,"caracteristica_1":"Overall_performance-(A/B/C)","best_variedad_1":null,"worst_variedad_1":null,"caracteristica_2":"Overall_performance_VS_Local-(Better/Worse)","variedad_a_2":null,"variedad_b_2":null,"variedad_c_2":null,"evaluation":null},
{"observadores":"illu_bure_haricotbean_2018_66","name_user":null,"name_family":null,"village":null,"district":null,"telephone":null,"gender":null,"age":null,"location_longitude_seed_delivery_point":null,"location_latitude_seed_delivery_point":null,"location_altitude":null,"location_longitude":null,"location_latitude":null,"planting_date":null,"harvest_date":null,"codigo_paquetes":null,"caracteristica_1":"Overall_performance-(A/B/C)","best_variedad_1":null,"worst_variedad_1":null,"caracteristica_2":"Overall_performance_VS_Local-(Better/Worse)","variedad_a_2":null,"variedad_b_2":null,"variedad_c_2":null,"evaluation":null},
{"observadores":"illu_bure_haricotbean_2018_67","name_user":null,"name_family":null,"village":null,"district":null,"telephone":null,"gender":null,"age":null,"location_longitude_seed_delivery_point":null,"location_latitude_seed_delivery_point":null,"location_altitude":null,"location_longitude":null,"location_latitude":null,"planting_date":null,"harvest_date":null,"codigo_paquetes":null,"caracteristica_1":"Overall_performance-(A/B/C)","best_variedad_1":null,"worst_variedad_1":null,"caracteristica_2":"Overall_performance_VS_Local-(Better/Worse)","variedad_a_2":null,"variedad_b_2":null,"variedad_c_2":null,"evaluation":null},
{"observadores":"illu_bure_haricotbean_2018_68","name_user":null,"name_family":null,"village":null,"district":null,"telephone":null,"gender":null,"age":null,"location_longitude_seed_delivery_point":null,"location_latitude_seed_delivery_point":null,"location_altitude":null,"location_longitude":null,"location_latitude":null,"planting_date":null,"harvest_date":null,"codigo_paquetes":null,"caracteristica_1":"Overall_performance-(A/B/C)","best_variedad_1":null,"worst_variedad_1":null,"caracteristica_2":"Overall_performance_VS_Local-(Better/Worse)","variedad_a_2":null,"variedad_b_2":null,"variedad_c_2":null,"evaluation":null},
{"observadores":"illu_bure_haricotbean_2018_69","name_user":null,"name_family":null,"village":null,"district":null,"telephone":null,"gender":null,"age":null,"location_longitude_seed_delivery_point":null,"location_latitude_seed_delivery_point":null,"location_altitude":null,"location_longitude":null,"location_latitude":null,"planting_date":null,"harvest_date":null,"codigo_paquetes":null,"caracteristica_1":"Overall_performance-(A/B/C)","best_variedad_1":null,"worst_variedad_1":null,"caracteristica_2":"Overall_performance_VS_Local-(Better/Worse)","variedad_a_2":null,"variedad_b_2":null,"variedad_c_2":null,"evaluation":null},
{"observadores":"illu_bure_haricotbean_2018_7","name_user":null,"name_family":null,"village":null,"district":null,"telephone":null,"gender":null,"age":null,"location_longitude_seed_delivery_point":null,"location_latitude_seed_delivery_point":null,"location_altitude":null,"location_longitude":null,"location_latitude":null,"planting_date":null,"harvest_date":null,"codigo_paquetes":null,"caracteristica_1":"Overall_performance-(A/B/C)","best_variedad_1":null,"worst_variedad_1":null,"caracteristica_2":"Overall_performance_VS_Local-(Better/Worse)","variedad_a_2":null,"variedad_b_2":null,"variedad_c_2":null,"evaluation":null},
{"observadores":"illu_bure_haricotbean_2018_70","name_user":null,"name_family":null,"village":null,"district":null,"telephone":null,"gender":null,"age":null,"location_longitude_seed_delivery_point":null,"location_latitude_seed_delivery_point":null,"location_altitude":null,"location_longitude":null,"location_latitude":null,"planting_date":null,"harvest_date":null,"codigo_paquetes":null,"caracteristica_1":"Overall_performance-(A/B/C)","best_variedad_1":null,"worst_variedad_1":null,"caracteristica_2":"Overall_performance_VS_Local-(Better/Worse)","variedad_a_2":null,"variedad_b_2":null,"variedad_c_2":null,"evaluation":null},
{"observadores":"illu_bure_haricotbean_2018_71","name_user":null,"name_family":null,"village":null,"district":null,"telephone":null,"gender":null,"age":null,"location_longitude_seed_delivery_point":null,"location_latitude_seed_delivery_point":null,"location_altitude":null,"location_longitude":null,"location_latitude":null,"planting_date":null,"harvest_date":null,"codigo_paquetes":null,"caracteristica_1":"Overall_performance-(A/B/C)","best_variedad_1":null,"worst_variedad_1":null,"caracteristica_2":"Overall_performance_VS_Local-(Better/Worse)","variedad_a_2":null,"variedad_b_2":null,"variedad_c_2":null,"evaluation":null},
{"observadores":"illu_bure_haricotbean_2018_72","name_user":null,"name_family":null,"village":null,"district":null,"telephone":null,"gender":null,"age":null,"location_longitude_seed_delivery_point":null,"location_latitude_seed_delivery_point":null,"location_altitude":null,"location_longitude":null,"location_latitude":null,"planting_date":null,"harvest_date":null,"codigo_paquetes":null,"caracteristica_1":"Overall_performance-(A/B/C)","best_variedad_1":null,"worst_variedad_1":null,"caracteristica_2":"Overall_performance_VS_Local-(Better/Worse)","variedad_a_2":null,"variedad_b_2":null,"variedad_c_2":null,"evaluation":null},
{"observadores":"illu_bure_haricotbean_2018_73","name_user":null,"name_family":null,"village":null,"district":null,"telephone":null,"gender":null,"age":null,"location_longitude_seed_delivery_point":null,"location_latitude_seed_delivery_point":null,"location_altitude":null,"location_longitude":null,"location_latitude":null,"planting_date":null,"harvest_date":null,"codigo_paquetes":null,"caracteristica_1":"Overall_performance-(A/B/C)","best_variedad_1":null,"worst_variedad_1":null,"caracteristica_2":"Overall_performance_VS_Local-(Better/Worse)","variedad_a_2":null,"variedad_b_2":null,"variedad_c_2":null,"evaluation":null},
{"observadores":"illu_bure_haricotbean_2018_74","name_user":null,"name_family":null,"village":null,"district":null,"telephone":null,"gender":null,"age":null,"location_longitude_seed_delivery_point":null,"location_latitude_seed_delivery_point":null,"location_altitude":null,"location_longitude":null,"location_latitude":null,"planting_date":null,"harvest_date":null,"codigo_paquetes":null,"caracteristica_1":"Overall_performance-(A/B/C)","best_variedad_1":null,"worst_variedad_1":null,"caracteristica_2":"Overall_performance_VS_Local-(Better/Worse)","variedad_a_2":null,"variedad_b_2":null,"variedad_c_2":null,"evaluation":null},
{"observadores":"illu_bure_haricotbean_2018_8","name_user":null,"name_family":null,"village":null,"district":null,"telephone":null,"gender":null,"age":null,"location_longitude_seed_delivery_point":null,"location_latitude_seed_delivery_point":null,"location_altitude":null,"location_longitude":null,"location_latitude":null,"planting_date":null,"harvest_date":null,"codigo_paquetes":null,"caracteristica_1":"Overall_performance-(A/B/C)","best_variedad_1":null,"worst_variedad_1":null,"caracteristica_2":"Overall_performance_VS_Local-(Better/Worse)","variedad_a_2":null,"variedad_b_2":null,"variedad_c_2":null,"evaluation":null},
{"observadores":"illu_bure_haricotbean_2018_9","name_user":null,"name_family":null,"village":null,"district":null,"telephone":null,"gender":null,"age":null,"location_longitude_seed_delivery_point":null,"location_latitude_seed_delivery_point":null,"location_altitude":null,"location_longitude":null,"location_latitude":null,"planting_date":null,"harvest_date":null,"codigo_paquetes":null,"caracteristica_1":"Overall_performance-(A/B/C)","best_variedad_1":null,"worst_variedad_1":null,"caracteristica_2":"Overall_performance_VS_Local-(Better/Worse)","variedad_a_2":null,"variedad_b_2":null,"variedad_c_2":null,"evaluation":null}
]
