[
{"observadores":"issd_osw_sinana_fieldpea2019_1","name_user":null,"name_family":null,"village":null,"district":null,"telephone":null,"gender":null,"age":null,"location_longitude_seed_delivery_point":null,"location_latitude_seed_delivery_point":null,"location_altitude":null,"location_longitude":null,"location_latitude":null,"planting_date":null,"harvest_date":null,"soil_quality":null,"weight_of_all_yield_of_the_variety_a_in_kg":null,"weight_of_all_yield_of_the_variety_b_in_kg":null,"weight_of_all_yield_of_the_variety_c_in_kg":null,"from_the_3_varieties_which_one_would_you_like_to_grow_again":null,"codigo_paquetes":null,"caracteristica_1":"Faster_maturity-(A/B/C)","best_variedad_1":null,"worst_variedad_1":null,"caracteristica_2":"Disease_resistance-(A/B/C)","best_variedad_2":null,"worst_variedad_2":null,"caracteristica_3":"Yield-(A/B/C)","best_variedad_3":null,"worst_variedad_3":null,"caracteristica_4":"Value_in_the_market-(A/B/C)","best_variedad_4":null,"worst_variedad_4":null,"caracteristica_5":"Lodging_tolerant-(A/B/C)","better_variedad_5":null,"worse_variedad_5":null,"caracteristica_6":"Pods_per_plant-(A/B/C)","better_variedad_6":null,"worse_variedad_6":null,"caracteristica_7":"Seed_color-(A/B/C)","better_variedad_7":null,"worse_variedad_7":null,"caracteristica_8":"Overall_performance-(A/B/C)","best_variedad_8":null,"worst_variedad_8":null,"caracteristica_9":"Overall_performance_VS_Local-(Better/Worse)","variedad_a_9":null,"variedad_b_9":null,"variedad_c_9":null,"evaluation":null},
{"observadores":"issd_osw_sinana_fieldpea2019_10","name_user":null,"name_family":null,"village":null,"district":null,"telephone":null,"gender":null,"age":null,"location_longitude_seed_delivery_point":null,"location_latitude_seed_delivery_point":null,"location_altitude":null,"location_longitude":null,"location_latitude":null,"planting_date":null,"harvest_date":null,"soil_quality":null,"weight_of_all_yield_of_the_variety_a_in_kg":null,"weight_of_all_yield_of_the_variety_b_in_kg":null,"weight_of_all_yield_of_the_variety_c_in_kg":null,"from_the_3_varieties_which_one_would_you_like_to_grow_again":null,"codigo_paquetes":null,"caracteristica_1":"Faster_maturity-(A/B/C)","best_variedad_1":null,"worst_variedad_1":null,"caracteristica_2":"Disease_resistance-(A/B/C)","best_variedad_2":null,"worst_variedad_2":null,"caracteristica_3":"Yield-(A/B/C)","best_variedad_3":null,"worst_variedad_3":null,"caracteristica_4":"Value_in_the_market-(A/B/C)","best_variedad_4":null,"worst_variedad_4":null,"caracteristica_5":"Lodging_tolerant-(A/B/C)","better_variedad_5":null,"worse_variedad_5":null,"caracteristica_6":"Pods_per_plant-(A/B/C)","better_variedad_6":null,"worse_variedad_6":null,"caracteristica_7":"Seed_color-(A/B/C)","better_variedad_7":null,"worse_variedad_7":null,"caracteristica_8":"Overall_performance-(A/B/C)","best_variedad_8":null,"worst_variedad_8":null,"caracteristica_9":"Overall_performance_VS_Local-(Better/Worse)","variedad_a_9":null,"variedad_b_9":null,"variedad_c_9":null,"evaluation":null},
{"observadores":"issd_osw_sinana_fieldpea2019_11","name_user":null,"name_family":null,"village":null,"district":null,"telephone":null,"gender":null,"age":null,"location_longitude_seed_delivery_point":null,"location_latitude_seed_delivery_point":null,"location_altitude":null,"location_longitude":null,"location_latitude":null,"planting_date":null,"harvest_date":null,"soil_quality":null,"weight_of_all_yield_of_the_variety_a_in_kg":null,"weight_of_all_yield_of_the_variety_b_in_kg":null,"weight_of_all_yield_of_the_variety_c_in_kg":null,"from_the_3_varieties_which_one_would_you_like_to_grow_again":null,"codigo_paquetes":null,"caracteristica_1":"Faster_maturity-(A/B/C)","best_variedad_1":null,"worst_variedad_1":null,"caracteristica_2":"Disease_resistance-(A/B/C)","best_variedad_2":null,"worst_variedad_2":null,"caracteristica_3":"Yield-(A/B/C)","best_variedad_3":null,"worst_variedad_3":null,"caracteristica_4":"Value_in_the_market-(A/B/C)","best_variedad_4":null,"worst_variedad_4":null,"caracteristica_5":"Lodging_tolerant-(A/B/C)","better_variedad_5":null,"worse_variedad_5":null,"caracteristica_6":"Pods_per_plant-(A/B/C)","better_variedad_6":null,"worse_variedad_6":null,"caracteristica_7":"Seed_color-(A/B/C)","better_variedad_7":null,"worse_variedad_7":null,"caracteristica_8":"Overall_performance-(A/B/C)","best_variedad_8":null,"worst_variedad_8":null,"caracteristica_9":"Overall_performance_VS_Local-(Better/Worse)","variedad_a_9":null,"variedad_b_9":null,"variedad_c_9":null,"evaluation":null},
{"observadores":"issd_osw_sinana_fieldpea2019_12","name_user":null,"name_family":null,"village":null,"district":null,"telephone":null,"gender":null,"age":null,"location_longitude_seed_delivery_point":null,"location_latitude_seed_delivery_point":null,"location_altitude":null,"location_longitude":null,"location_latitude":null,"planting_date":null,"harvest_date":null,"soil_quality":null,"weight_of_all_yield_of_the_variety_a_in_kg":null,"weight_of_all_yield_of_the_variety_b_in_kg":null,"weight_of_all_yield_of_the_variety_c_in_kg":null,"from_the_3_varieties_which_one_would_you_like_to_grow_again":null,"codigo_paquetes":null,"caracteristica_1":"Faster_maturity-(A/B/C)","best_variedad_1":null,"worst_variedad_1":null,"caracteristica_2":"Disease_resistance-(A/B/C)","best_variedad_2":null,"worst_variedad_2":null,"caracteristica_3":"Yield-(A/B/C)","best_variedad_3":null,"worst_variedad_3":null,"caracteristica_4":"Value_in_the_market-(A/B/C)","best_variedad_4":null,"worst_variedad_4":null,"caracteristica_5":"Lodging_tolerant-(A/B/C)","better_variedad_5":null,"worse_variedad_5":null,"caracteristica_6":"Pods_per_plant-(A/B/C)","better_variedad_6":null,"worse_variedad_6":null,"caracteristica_7":"Seed_color-(A/B/C)","better_variedad_7":null,"worse_variedad_7":null,"caracteristica_8":"Overall_performance-(A/B/C)","best_variedad_8":null,"worst_variedad_8":null,"caracteristica_9":"Overall_performance_VS_Local-(Better/Worse)","variedad_a_9":null,"variedad_b_9":null,"variedad_c_9":null,"evaluation":null},
{"observadores":"issd_osw_sinana_fieldpea2019_13","name_user":null,"name_family":null,"village":null,"district":null,"telephone":null,"gender":null,"age":null,"location_longitude_seed_delivery_point":null,"location_latitude_seed_delivery_point":null,"location_altitude":null,"location_longitude":null,"location_latitude":null,"planting_date":null,"harvest_date":null,"soil_quality":null,"weight_of_all_yield_of_the_variety_a_in_kg":null,"weight_of_all_yield_of_the_variety_b_in_kg":null,"weight_of_all_yield_of_the_variety_c_in_kg":null,"from_the_3_varieties_which_one_would_you_like_to_grow_again":null,"codigo_paquetes":null,"caracteristica_1":"Faster_maturity-(A/B/C)","best_variedad_1":null,"worst_variedad_1":null,"caracteristica_2":"Disease_resistance-(A/B/C)","best_variedad_2":null,"worst_variedad_2":null,"caracteristica_3":"Yield-(A/B/C)","best_variedad_3":null,"worst_variedad_3":null,"caracteristica_4":"Value_in_the_market-(A/B/C)","best_variedad_4":null,"worst_variedad_4":null,"caracteristica_5":"Lodging_tolerant-(A/B/C)","better_variedad_5":null,"worse_variedad_5":null,"caracteristica_6":"Pods_per_plant-(A/B/C)","better_variedad_6":null,"worse_variedad_6":null,"caracteristica_7":"Seed_color-(A/B/C)","better_variedad_7":null,"worse_variedad_7":null,"caracteristica_8":"Overall_performance-(A/B/C)","best_variedad_8":null,"worst_variedad_8":null,"caracteristica_9":"Overall_performance_VS_Local-(Better/Worse)","variedad_a_9":null,"variedad_b_9":null,"variedad_c_9":null,"evaluation":null},
{"observadores":"issd_osw_sinana_fieldpea2019_14","name_user":null,"name_family":null,"village":null,"district":null,"telephone":null,"gender":null,"age":null,"location_longitude_seed_delivery_point":null,"location_latitude_seed_delivery_point":null,"location_altitude":null,"location_longitude":null,"location_latitude":null,"planting_date":null,"harvest_date":null,"soil_quality":null,"weight_of_all_yield_of_the_variety_a_in_kg":null,"weight_of_all_yield_of_the_variety_b_in_kg":null,"weight_of_all_yield_of_the_variety_c_in_kg":null,"from_the_3_varieties_which_one_would_you_like_to_grow_again":null,"codigo_paquetes":null,"caracteristica_1":"Faster_maturity-(A/B/C)","best_variedad_1":null,"worst_variedad_1":null,"caracteristica_2":"Disease_resistance-(A/B/C)","best_variedad_2":null,"worst_variedad_2":null,"caracteristica_3":"Yield-(A/B/C)","best_variedad_3":null,"worst_variedad_3":null,"caracteristica_4":"Value_in_the_market-(A/B/C)","best_variedad_4":null,"worst_variedad_4":null,"caracteristica_5":"Lodging_tolerant-(A/B/C)","better_variedad_5":null,"worse_variedad_5":null,"caracteristica_6":"Pods_per_plant-(A/B/C)","better_variedad_6":null,"worse_variedad_6":null,"caracteristica_7":"Seed_color-(A/B/C)","better_variedad_7":null,"worse_variedad_7":null,"caracteristica_8":"Overall_performance-(A/B/C)","best_variedad_8":null,"worst_variedad_8":null,"caracteristica_9":"Overall_performance_VS_Local-(Better/Worse)","variedad_a_9":null,"variedad_b_9":null,"variedad_c_9":null,"evaluation":null},
{"observadores":"issd_osw_sinana_fieldpea2019_15","name_user":null,"name_family":null,"village":null,"district":null,"telephone":null,"gender":null,"age":null,"location_longitude_seed_delivery_point":null,"location_latitude_seed_delivery_point":null,"location_altitude":null,"location_longitude":null,"location_latitude":null,"planting_date":null,"harvest_date":null,"soil_quality":null,"weight_of_all_yield_of_the_variety_a_in_kg":null,"weight_of_all_yield_of_the_variety_b_in_kg":null,"weight_of_all_yield_of_the_variety_c_in_kg":null,"from_the_3_varieties_which_one_would_you_like_to_grow_again":null,"codigo_paquetes":null,"caracteristica_1":"Faster_maturity-(A/B/C)","best_variedad_1":null,"worst_variedad_1":null,"caracteristica_2":"Disease_resistance-(A/B/C)","best_variedad_2":null,"worst_variedad_2":null,"caracteristica_3":"Yield-(A/B/C)","best_variedad_3":null,"worst_variedad_3":null,"caracteristica_4":"Value_in_the_market-(A/B/C)","best_variedad_4":null,"worst_variedad_4":null,"caracteristica_5":"Lodging_tolerant-(A/B/C)","better_variedad_5":null,"worse_variedad_5":null,"caracteristica_6":"Pods_per_plant-(A/B/C)","better_variedad_6":null,"worse_variedad_6":null,"caracteristica_7":"Seed_color-(A/B/C)","better_variedad_7":null,"worse_variedad_7":null,"caracteristica_8":"Overall_performance-(A/B/C)","best_variedad_8":null,"worst_variedad_8":null,"caracteristica_9":"Overall_performance_VS_Local-(Better/Worse)","variedad_a_9":null,"variedad_b_9":null,"variedad_c_9":null,"evaluation":null},
{"observadores":"issd_osw_sinana_fieldpea2019_16","name_user":null,"name_family":null,"village":null,"district":null,"telephone":null,"gender":null,"age":null,"location_longitude_seed_delivery_point":null,"location_latitude_seed_delivery_point":null,"location_altitude":null,"location_longitude":null,"location_latitude":null,"planting_date":null,"harvest_date":null,"soil_quality":null,"weight_of_all_yield_of_the_variety_a_in_kg":null,"weight_of_all_yield_of_the_variety_b_in_kg":null,"weight_of_all_yield_of_the_variety_c_in_kg":null,"from_the_3_varieties_which_one_would_you_like_to_grow_again":null,"codigo_paquetes":null,"caracteristica_1":"Faster_maturity-(A/B/C)","best_variedad_1":null,"worst_variedad_1":null,"caracteristica_2":"Disease_resistance-(A/B/C)","best_variedad_2":null,"worst_variedad_2":null,"caracteristica_3":"Yield-(A/B/C)","best_variedad_3":null,"worst_variedad_3":null,"caracteristica_4":"Value_in_the_market-(A/B/C)","best_variedad_4":null,"worst_variedad_4":null,"caracteristica_5":"Lodging_tolerant-(A/B/C)","better_variedad_5":null,"worse_variedad_5":null,"caracteristica_6":"Pods_per_plant-(A/B/C)","better_variedad_6":null,"worse_variedad_6":null,"caracteristica_7":"Seed_color-(A/B/C)","better_variedad_7":null,"worse_variedad_7":null,"caracteristica_8":"Overall_performance-(A/B/C)","best_variedad_8":null,"worst_variedad_8":null,"caracteristica_9":"Overall_performance_VS_Local-(Better/Worse)","variedad_a_9":null,"variedad_b_9":null,"variedad_c_9":null,"evaluation":null},
{"observadores":"issd_osw_sinana_fieldpea2019_17","name_user":null,"name_family":null,"village":null,"district":null,"telephone":null,"gender":null,"age":null,"location_longitude_seed_delivery_point":null,"location_latitude_seed_delivery_point":null,"location_altitude":null,"location_longitude":null,"location_latitude":null,"planting_date":null,"harvest_date":null,"soil_quality":null,"weight_of_all_yield_of_the_variety_a_in_kg":null,"weight_of_all_yield_of_the_variety_b_in_kg":null,"weight_of_all_yield_of_the_variety_c_in_kg":null,"from_the_3_varieties_which_one_would_you_like_to_grow_again":null,"codigo_paquetes":null,"caracteristica_1":"Faster_maturity-(A/B/C)","best_variedad_1":null,"worst_variedad_1":null,"caracteristica_2":"Disease_resistance-(A/B/C)","best_variedad_2":null,"worst_variedad_2":null,"caracteristica_3":"Yield-(A/B/C)","best_variedad_3":null,"worst_variedad_3":null,"caracteristica_4":"Value_in_the_market-(A/B/C)","best_variedad_4":null,"worst_variedad_4":null,"caracteristica_5":"Lodging_tolerant-(A/B/C)","better_variedad_5":null,"worse_variedad_5":null,"caracteristica_6":"Pods_per_plant-(A/B/C)","better_variedad_6":null,"worse_variedad_6":null,"caracteristica_7":"Seed_color-(A/B/C)","better_variedad_7":null,"worse_variedad_7":null,"caracteristica_8":"Overall_performance-(A/B/C)","best_variedad_8":null,"worst_variedad_8":null,"caracteristica_9":"Overall_performance_VS_Local-(Better/Worse)","variedad_a_9":null,"variedad_b_9":null,"variedad_c_9":null,"evaluation":null},
{"observadores":"issd_osw_sinana_fieldpea2019_18","name_user":null,"name_family":null,"village":null,"district":null,"telephone":null,"gender":null,"age":null,"location_longitude_seed_delivery_point":null,"location_latitude_seed_delivery_point":null,"location_altitude":null,"location_longitude":null,"location_latitude":null,"planting_date":null,"harvest_date":null,"soil_quality":null,"weight_of_all_yield_of_the_variety_a_in_kg":null,"weight_of_all_yield_of_the_variety_b_in_kg":null,"weight_of_all_yield_of_the_variety_c_in_kg":null,"from_the_3_varieties_which_one_would_you_like_to_grow_again":null,"codigo_paquetes":null,"caracteristica_1":"Faster_maturity-(A/B/C)","best_variedad_1":null,"worst_variedad_1":null,"caracteristica_2":"Disease_resistance-(A/B/C)","best_variedad_2":null,"worst_variedad_2":null,"caracteristica_3":"Yield-(A/B/C)","best_variedad_3":null,"worst_variedad_3":null,"caracteristica_4":"Value_in_the_market-(A/B/C)","best_variedad_4":null,"worst_variedad_4":null,"caracteristica_5":"Lodging_tolerant-(A/B/C)","better_variedad_5":null,"worse_variedad_5":null,"caracteristica_6":"Pods_per_plant-(A/B/C)","better_variedad_6":null,"worse_variedad_6":null,"caracteristica_7":"Seed_color-(A/B/C)","better_variedad_7":null,"worse_variedad_7":null,"caracteristica_8":"Overall_performance-(A/B/C)","best_variedad_8":null,"worst_variedad_8":null,"caracteristica_9":"Overall_performance_VS_Local-(Better/Worse)","variedad_a_9":null,"variedad_b_9":null,"variedad_c_9":null,"evaluation":null},
{"observadores":"issd_osw_sinana_fieldpea2019_19","name_user":null,"name_family":null,"village":null,"district":null,"telephone":null,"gender":null,"age":null,"location_longitude_seed_delivery_point":null,"location_latitude_seed_delivery_point":null,"location_altitude":null,"location_longitude":null,"location_latitude":null,"planting_date":null,"harvest_date":null,"soil_quality":null,"weight_of_all_yield_of_the_variety_a_in_kg":null,"weight_of_all_yield_of_the_variety_b_in_kg":null,"weight_of_all_yield_of_the_variety_c_in_kg":null,"from_the_3_varieties_which_one_would_you_like_to_grow_again":null,"codigo_paquetes":null,"caracteristica_1":"Faster_maturity-(A/B/C)","best_variedad_1":null,"worst_variedad_1":null,"caracteristica_2":"Disease_resistance-(A/B/C)","best_variedad_2":null,"worst_variedad_2":null,"caracteristica_3":"Yield-(A/B/C)","best_variedad_3":null,"worst_variedad_3":null,"caracteristica_4":"Value_in_the_market-(A/B/C)","best_variedad_4":null,"worst_variedad_4":null,"caracteristica_5":"Lodging_tolerant-(A/B/C)","better_variedad_5":null,"worse_variedad_5":null,"caracteristica_6":"Pods_per_plant-(A/B/C)","better_variedad_6":null,"worse_variedad_6":null,"caracteristica_7":"Seed_color-(A/B/C)","better_variedad_7":null,"worse_variedad_7":null,"caracteristica_8":"Overall_performance-(A/B/C)","best_variedad_8":null,"worst_variedad_8":null,"caracteristica_9":"Overall_performance_VS_Local-(Better/Worse)","variedad_a_9":null,"variedad_b_9":null,"variedad_c_9":null,"evaluation":null},
{"observadores":"issd_osw_sinana_fieldpea2019_2","name_user":null,"name_family":null,"village":null,"district":null,"telephone":null,"gender":null,"age":null,"location_longitude_seed_delivery_point":null,"location_latitude_seed_delivery_point":null,"location_altitude":null,"location_longitude":null,"location_latitude":null,"planting_date":null,"harvest_date":null,"soil_quality":null,"weight_of_all_yield_of_the_variety_a_in_kg":null,"weight_of_all_yield_of_the_variety_b_in_kg":null,"weight_of_all_yield_of_the_variety_c_in_kg":null,"from_the_3_varieties_which_one_would_you_like_to_grow_again":null,"codigo_paquetes":null,"caracteristica_1":"Faster_maturity-(A/B/C)","best_variedad_1":null,"worst_variedad_1":null,"caracteristica_2":"Disease_resistance-(A/B/C)","best_variedad_2":null,"worst_variedad_2":null,"caracteristica_3":"Yield-(A/B/C)","best_variedad_3":null,"worst_variedad_3":null,"caracteristica_4":"Value_in_the_market-(A/B/C)","best_variedad_4":null,"worst_variedad_4":null,"caracteristica_5":"Lodging_tolerant-(A/B/C)","better_variedad_5":null,"worse_variedad_5":null,"caracteristica_6":"Pods_per_plant-(A/B/C)","better_variedad_6":null,"worse_variedad_6":null,"caracteristica_7":"Seed_color-(A/B/C)","better_variedad_7":null,"worse_variedad_7":null,"caracteristica_8":"Overall_performance-(A/B/C)","best_variedad_8":null,"worst_variedad_8":null,"caracteristica_9":"Overall_performance_VS_Local-(Better/Worse)","variedad_a_9":null,"variedad_b_9":null,"variedad_c_9":null,"evaluation":null},
{"observadores":"issd_osw_sinana_fieldpea2019_20","name_user":null,"name_family":null,"village":null,"district":null,"telephone":null,"gender":null,"age":null,"location_longitude_seed_delivery_point":null,"location_latitude_seed_delivery_point":null,"location_altitude":null,"location_longitude":null,"location_latitude":null,"planting_date":null,"harvest_date":null,"soil_quality":null,"weight_of_all_yield_of_the_variety_a_in_kg":null,"weight_of_all_yield_of_the_variety_b_in_kg":null,"weight_of_all_yield_of_the_variety_c_in_kg":null,"from_the_3_varieties_which_one_would_you_like_to_grow_again":null,"codigo_paquetes":null,"caracteristica_1":"Faster_maturity-(A/B/C)","best_variedad_1":null,"worst_variedad_1":null,"caracteristica_2":"Disease_resistance-(A/B/C)","best_variedad_2":null,"worst_variedad_2":null,"caracteristica_3":"Yield-(A/B/C)","best_variedad_3":null,"worst_variedad_3":null,"caracteristica_4":"Value_in_the_market-(A/B/C)","best_variedad_4":null,"worst_variedad_4":null,"caracteristica_5":"Lodging_tolerant-(A/B/C)","better_variedad_5":null,"worse_variedad_5":null,"caracteristica_6":"Pods_per_plant-(A/B/C)","better_variedad_6":null,"worse_variedad_6":null,"caracteristica_7":"Seed_color-(A/B/C)","better_variedad_7":null,"worse_variedad_7":null,"caracteristica_8":"Overall_performance-(A/B/C)","best_variedad_8":null,"worst_variedad_8":null,"caracteristica_9":"Overall_performance_VS_Local-(Better/Worse)","variedad_a_9":null,"variedad_b_9":null,"variedad_c_9":null,"evaluation":null},
{"observadores":"issd_osw_sinana_fieldpea2019_21","name_user":null,"name_family":null,"village":null,"district":null,"telephone":null,"gender":null,"age":null,"location_longitude_seed_delivery_point":null,"location_latitude_seed_delivery_point":null,"location_altitude":null,"location_longitude":null,"location_latitude":null,"planting_date":null,"harvest_date":null,"soil_quality":null,"weight_of_all_yield_of_the_variety_a_in_kg":null,"weight_of_all_yield_of_the_variety_b_in_kg":null,"weight_of_all_yield_of_the_variety_c_in_kg":null,"from_the_3_varieties_which_one_would_you_like_to_grow_again":null,"codigo_paquetes":null,"caracteristica_1":"Faster_maturity-(A/B/C)","best_variedad_1":null,"worst_variedad_1":null,"caracteristica_2":"Disease_resistance-(A/B/C)","best_variedad_2":null,"worst_variedad_2":null,"caracteristica_3":"Yield-(A/B/C)","best_variedad_3":null,"worst_variedad_3":null,"caracteristica_4":"Value_in_the_market-(A/B/C)","best_variedad_4":null,"worst_variedad_4":null,"caracteristica_5":"Lodging_tolerant-(A/B/C)","better_variedad_5":null,"worse_variedad_5":null,"caracteristica_6":"Pods_per_plant-(A/B/C)","better_variedad_6":null,"worse_variedad_6":null,"caracteristica_7":"Seed_color-(A/B/C)","better_variedad_7":null,"worse_variedad_7":null,"caracteristica_8":"Overall_performance-(A/B/C)","best_variedad_8":null,"worst_variedad_8":null,"caracteristica_9":"Overall_performance_VS_Local-(Better/Worse)","variedad_a_9":null,"variedad_b_9":null,"variedad_c_9":null,"evaluation":null},
{"observadores":"issd_osw_sinana_fieldpea2019_22","name_user":null,"name_family":null,"village":null,"district":null,"telephone":null,"gender":null,"age":null,"location_longitude_seed_delivery_point":null,"location_latitude_seed_delivery_point":null,"location_altitude":null,"location_longitude":null,"location_latitude":null,"planting_date":null,"harvest_date":null,"soil_quality":null,"weight_of_all_yield_of_the_variety_a_in_kg":null,"weight_of_all_yield_of_the_variety_b_in_kg":null,"weight_of_all_yield_of_the_variety_c_in_kg":null,"from_the_3_varieties_which_one_would_you_like_to_grow_again":null,"codigo_paquetes":null,"caracteristica_1":"Faster_maturity-(A/B/C)","best_variedad_1":null,"worst_variedad_1":null,"caracteristica_2":"Disease_resistance-(A/B/C)","best_variedad_2":null,"worst_variedad_2":null,"caracteristica_3":"Yield-(A/B/C)","best_variedad_3":null,"worst_variedad_3":null,"caracteristica_4":"Value_in_the_market-(A/B/C)","best_variedad_4":null,"worst_variedad_4":null,"caracteristica_5":"Lodging_tolerant-(A/B/C)","better_variedad_5":null,"worse_variedad_5":null,"caracteristica_6":"Pods_per_plant-(A/B/C)","better_variedad_6":null,"worse_variedad_6":null,"caracteristica_7":"Seed_color-(A/B/C)","better_variedad_7":null,"worse_variedad_7":null,"caracteristica_8":"Overall_performance-(A/B/C)","best_variedad_8":null,"worst_variedad_8":null,"caracteristica_9":"Overall_performance_VS_Local-(Better/Worse)","variedad_a_9":null,"variedad_b_9":null,"variedad_c_9":null,"evaluation":null},
{"observadores":"issd_osw_sinana_fieldpea2019_23","name_user":null,"name_family":null,"village":null,"district":null,"telephone":null,"gender":null,"age":null,"location_longitude_seed_delivery_point":null,"location_latitude_seed_delivery_point":null,"location_altitude":null,"location_longitude":null,"location_latitude":null,"planting_date":null,"harvest_date":null,"soil_quality":null,"weight_of_all_yield_of_the_variety_a_in_kg":null,"weight_of_all_yield_of_the_variety_b_in_kg":null,"weight_of_all_yield_of_the_variety_c_in_kg":null,"from_the_3_varieties_which_one_would_you_like_to_grow_again":null,"codigo_paquetes":null,"caracteristica_1":"Faster_maturity-(A/B/C)","best_variedad_1":null,"worst_variedad_1":null,"caracteristica_2":"Disease_resistance-(A/B/C)","best_variedad_2":null,"worst_variedad_2":null,"caracteristica_3":"Yield-(A/B/C)","best_variedad_3":null,"worst_variedad_3":null,"caracteristica_4":"Value_in_the_market-(A/B/C)","best_variedad_4":null,"worst_variedad_4":null,"caracteristica_5":"Lodging_tolerant-(A/B/C)","better_variedad_5":null,"worse_variedad_5":null,"caracteristica_6":"Pods_per_plant-(A/B/C)","better_variedad_6":null,"worse_variedad_6":null,"caracteristica_7":"Seed_color-(A/B/C)","better_variedad_7":null,"worse_variedad_7":null,"caracteristica_8":"Overall_performance-(A/B/C)","best_variedad_8":null,"worst_variedad_8":null,"caracteristica_9":"Overall_performance_VS_Local-(Better/Worse)","variedad_a_9":null,"variedad_b_9":null,"variedad_c_9":null,"evaluation":null},
{"observadores":"issd_osw_sinana_fieldpea2019_24","name_user":null,"name_family":null,"village":null,"district":null,"telephone":null,"gender":null,"age":null,"location_longitude_seed_delivery_point":null,"location_latitude_seed_delivery_point":null,"location_altitude":null,"location_longitude":null,"location_latitude":null,"planting_date":null,"harvest_date":null,"soil_quality":null,"weight_of_all_yield_of_the_variety_a_in_kg":null,"weight_of_all_yield_of_the_variety_b_in_kg":null,"weight_of_all_yield_of_the_variety_c_in_kg":null,"from_the_3_varieties_which_one_would_you_like_to_grow_again":null,"codigo_paquetes":null,"caracteristica_1":"Faster_maturity-(A/B/C)","best_variedad_1":null,"worst_variedad_1":null,"caracteristica_2":"Disease_resistance-(A/B/C)","best_variedad_2":null,"worst_variedad_2":null,"caracteristica_3":"Yield-(A/B/C)","best_variedad_3":null,"worst_variedad_3":null,"caracteristica_4":"Value_in_the_market-(A/B/C)","best_variedad_4":null,"worst_variedad_4":null,"caracteristica_5":"Lodging_tolerant-(A/B/C)","better_variedad_5":null,"worse_variedad_5":null,"caracteristica_6":"Pods_per_plant-(A/B/C)","better_variedad_6":null,"worse_variedad_6":null,"caracteristica_7":"Seed_color-(A/B/C)","better_variedad_7":null,"worse_variedad_7":null,"caracteristica_8":"Overall_performance-(A/B/C)","best_variedad_8":null,"worst_variedad_8":null,"caracteristica_9":"Overall_performance_VS_Local-(Better/Worse)","variedad_a_9":null,"variedad_b_9":null,"variedad_c_9":null,"evaluation":null},
{"observadores":"issd_osw_sinana_fieldpea2019_25","name_user":null,"name_family":null,"village":null,"district":null,"telephone":null,"gender":null,"age":null,"location_longitude_seed_delivery_point":null,"location_latitude_seed_delivery_point":null,"location_altitude":null,"location_longitude":null,"location_latitude":null,"planting_date":null,"harvest_date":null,"soil_quality":null,"weight_of_all_yield_of_the_variety_a_in_kg":null,"weight_of_all_yield_of_the_variety_b_in_kg":null,"weight_of_all_yield_of_the_variety_c_in_kg":null,"from_the_3_varieties_which_one_would_you_like_to_grow_again":null,"codigo_paquetes":null,"caracteristica_1":"Faster_maturity-(A/B/C)","best_variedad_1":null,"worst_variedad_1":null,"caracteristica_2":"Disease_resistance-(A/B/C)","best_variedad_2":null,"worst_variedad_2":null,"caracteristica_3":"Yield-(A/B/C)","best_variedad_3":null,"worst_variedad_3":null,"caracteristica_4":"Value_in_the_market-(A/B/C)","best_variedad_4":null,"worst_variedad_4":null,"caracteristica_5":"Lodging_tolerant-(A/B/C)","better_variedad_5":null,"worse_variedad_5":null,"caracteristica_6":"Pods_per_plant-(A/B/C)","better_variedad_6":null,"worse_variedad_6":null,"caracteristica_7":"Seed_color-(A/B/C)","better_variedad_7":null,"worse_variedad_7":null,"caracteristica_8":"Overall_performance-(A/B/C)","best_variedad_8":null,"worst_variedad_8":null,"caracteristica_9":"Overall_performance_VS_Local-(Better/Worse)","variedad_a_9":null,"variedad_b_9":null,"variedad_c_9":null,"evaluation":null},
{"observadores":"issd_osw_sinana_fieldpea2019_26","name_user":null,"name_family":null,"village":null,"district":null,"telephone":null,"gender":null,"age":null,"location_longitude_seed_delivery_point":null,"location_latitude_seed_delivery_point":null,"location_altitude":null,"location_longitude":null,"location_latitude":null,"planting_date":null,"harvest_date":null,"soil_quality":null,"weight_of_all_yield_of_the_variety_a_in_kg":null,"weight_of_all_yield_of_the_variety_b_in_kg":null,"weight_of_all_yield_of_the_variety_c_in_kg":null,"from_the_3_varieties_which_one_would_you_like_to_grow_again":null,"codigo_paquetes":null,"caracteristica_1":"Faster_maturity-(A/B/C)","best_variedad_1":null,"worst_variedad_1":null,"caracteristica_2":"Disease_resistance-(A/B/C)","best_variedad_2":null,"worst_variedad_2":null,"caracteristica_3":"Yield-(A/B/C)","best_variedad_3":null,"worst_variedad_3":null,"caracteristica_4":"Value_in_the_market-(A/B/C)","best_variedad_4":null,"worst_variedad_4":null,"caracteristica_5":"Lodging_tolerant-(A/B/C)","better_variedad_5":null,"worse_variedad_5":null,"caracteristica_6":"Pods_per_plant-(A/B/C)","better_variedad_6":null,"worse_variedad_6":null,"caracteristica_7":"Seed_color-(A/B/C)","better_variedad_7":null,"worse_variedad_7":null,"caracteristica_8":"Overall_performance-(A/B/C)","best_variedad_8":null,"worst_variedad_8":null,"caracteristica_9":"Overall_performance_VS_Local-(Better/Worse)","variedad_a_9":null,"variedad_b_9":null,"variedad_c_9":null,"evaluation":null},
{"observadores":"issd_osw_sinana_fieldpea2019_27","name_user":null,"name_family":null,"village":null,"district":null,"telephone":null,"gender":null,"age":null,"location_longitude_seed_delivery_point":null,"location_latitude_seed_delivery_point":null,"location_altitude":null,"location_longitude":null,"location_latitude":null,"planting_date":null,"harvest_date":null,"soil_quality":null,"weight_of_all_yield_of_the_variety_a_in_kg":null,"weight_of_all_yield_of_the_variety_b_in_kg":null,"weight_of_all_yield_of_the_variety_c_in_kg":null,"from_the_3_varieties_which_one_would_you_like_to_grow_again":null,"codigo_paquetes":null,"caracteristica_1":"Faster_maturity-(A/B/C)","best_variedad_1":null,"worst_variedad_1":null,"caracteristica_2":"Disease_resistance-(A/B/C)","best_variedad_2":null,"worst_variedad_2":null,"caracteristica_3":"Yield-(A/B/C)","best_variedad_3":null,"worst_variedad_3":null,"caracteristica_4":"Value_in_the_market-(A/B/C)","best_variedad_4":null,"worst_variedad_4":null,"caracteristica_5":"Lodging_tolerant-(A/B/C)","better_variedad_5":null,"worse_variedad_5":null,"caracteristica_6":"Pods_per_plant-(A/B/C)","better_variedad_6":null,"worse_variedad_6":null,"caracteristica_7":"Seed_color-(A/B/C)","better_variedad_7":null,"worse_variedad_7":null,"caracteristica_8":"Overall_performance-(A/B/C)","best_variedad_8":null,"worst_variedad_8":null,"caracteristica_9":"Overall_performance_VS_Local-(Better/Worse)","variedad_a_9":null,"variedad_b_9":null,"variedad_c_9":null,"evaluation":null},
{"observadores":"issd_osw_sinana_fieldpea2019_28","name_user":null,"name_family":null,"village":null,"district":null,"telephone":null,"gender":null,"age":null,"location_longitude_seed_delivery_point":null,"location_latitude_seed_delivery_point":null,"location_altitude":null,"location_longitude":null,"location_latitude":null,"planting_date":null,"harvest_date":null,"soil_quality":null,"weight_of_all_yield_of_the_variety_a_in_kg":null,"weight_of_all_yield_of_the_variety_b_in_kg":null,"weight_of_all_yield_of_the_variety_c_in_kg":null,"from_the_3_varieties_which_one_would_you_like_to_grow_again":null,"codigo_paquetes":null,"caracteristica_1":"Faster_maturity-(A/B/C)","best_variedad_1":null,"worst_variedad_1":null,"caracteristica_2":"Disease_resistance-(A/B/C)","best_variedad_2":null,"worst_variedad_2":null,"caracteristica_3":"Yield-(A/B/C)","best_variedad_3":null,"worst_variedad_3":null,"caracteristica_4":"Value_in_the_market-(A/B/C)","best_variedad_4":null,"worst_variedad_4":null,"caracteristica_5":"Lodging_tolerant-(A/B/C)","better_variedad_5":null,"worse_variedad_5":null,"caracteristica_6":"Pods_per_plant-(A/B/C)","better_variedad_6":null,"worse_variedad_6":null,"caracteristica_7":"Seed_color-(A/B/C)","better_variedad_7":null,"worse_variedad_7":null,"caracteristica_8":"Overall_performance-(A/B/C)","best_variedad_8":null,"worst_variedad_8":null,"caracteristica_9":"Overall_performance_VS_Local-(Better/Worse)","variedad_a_9":null,"variedad_b_9":null,"variedad_c_9":null,"evaluation":null},
{"observadores":"issd_osw_sinana_fieldpea2019_29","name_user":null,"name_family":null,"village":null,"district":null,"telephone":null,"gender":null,"age":null,"location_longitude_seed_delivery_point":null,"location_latitude_seed_delivery_point":null,"location_altitude":null,"location_longitude":null,"location_latitude":null,"planting_date":null,"harvest_date":null,"soil_quality":null,"weight_of_all_yield_of_the_variety_a_in_kg":null,"weight_of_all_yield_of_the_variety_b_in_kg":null,"weight_of_all_yield_of_the_variety_c_in_kg":null,"from_the_3_varieties_which_one_would_you_like_to_grow_again":null,"codigo_paquetes":null,"caracteristica_1":"Faster_maturity-(A/B/C)","best_variedad_1":null,"worst_variedad_1":null,"caracteristica_2":"Disease_resistance-(A/B/C)","best_variedad_2":null,"worst_variedad_2":null,"caracteristica_3":"Yield-(A/B/C)","best_variedad_3":null,"worst_variedad_3":null,"caracteristica_4":"Value_in_the_market-(A/B/C)","best_variedad_4":null,"worst_variedad_4":null,"caracteristica_5":"Lodging_tolerant-(A/B/C)","better_variedad_5":null,"worse_variedad_5":null,"caracteristica_6":"Pods_per_plant-(A/B/C)","better_variedad_6":null,"worse_variedad_6":null,"caracteristica_7":"Seed_color-(A/B/C)","better_variedad_7":null,"worse_variedad_7":null,"caracteristica_8":"Overall_performance-(A/B/C)","best_variedad_8":null,"worst_variedad_8":null,"caracteristica_9":"Overall_performance_VS_Local-(Better/Worse)","variedad_a_9":null,"variedad_b_9":null,"variedad_c_9":null,"evaluation":null},
{"observadores":"issd_osw_sinana_fieldpea2019_3","name_user":null,"name_family":null,"village":null,"district":null,"telephone":null,"gender":null,"age":null,"location_longitude_seed_delivery_point":null,"location_latitude_seed_delivery_point":null,"location_altitude":null,"location_longitude":null,"location_latitude":null,"planting_date":null,"harvest_date":null,"soil_quality":null,"weight_of_all_yield_of_the_variety_a_in_kg":null,"weight_of_all_yield_of_the_variety_b_in_kg":null,"weight_of_all_yield_of_the_variety_c_in_kg":null,"from_the_3_varieties_which_one_would_you_like_to_grow_again":null,"codigo_paquetes":null,"caracteristica_1":"Faster_maturity-(A/B/C)","best_variedad_1":null,"worst_variedad_1":null,"caracteristica_2":"Disease_resistance-(A/B/C)","best_variedad_2":null,"worst_variedad_2":null,"caracteristica_3":"Yield-(A/B/C)","best_variedad_3":null,"worst_variedad_3":null,"caracteristica_4":"Value_in_the_market-(A/B/C)","best_variedad_4":null,"worst_variedad_4":null,"caracteristica_5":"Lodging_tolerant-(A/B/C)","better_variedad_5":null,"worse_variedad_5":null,"caracteristica_6":"Pods_per_plant-(A/B/C)","better_variedad_6":null,"worse_variedad_6":null,"caracteristica_7":"Seed_color-(A/B/C)","better_variedad_7":null,"worse_variedad_7":null,"caracteristica_8":"Overall_performance-(A/B/C)","best_variedad_8":null,"worst_variedad_8":null,"caracteristica_9":"Overall_performance_VS_Local-(Better/Worse)","variedad_a_9":null,"variedad_b_9":null,"variedad_c_9":null,"evaluation":null},
{"observadores":"issd_osw_sinana_fieldpea2019_30","name_user":null,"name_family":null,"village":null,"district":null,"telephone":null,"gender":null,"age":null,"location_longitude_seed_delivery_point":null,"location_latitude_seed_delivery_point":null,"location_altitude":null,"location_longitude":null,"location_latitude":null,"planting_date":null,"harvest_date":null,"soil_quality":null,"weight_of_all_yield_of_the_variety_a_in_kg":null,"weight_of_all_yield_of_the_variety_b_in_kg":null,"weight_of_all_yield_of_the_variety_c_in_kg":null,"from_the_3_varieties_which_one_would_you_like_to_grow_again":null,"codigo_paquetes":null,"caracteristica_1":"Faster_maturity-(A/B/C)","best_variedad_1":null,"worst_variedad_1":null,"caracteristica_2":"Disease_resistance-(A/B/C)","best_variedad_2":null,"worst_variedad_2":null,"caracteristica_3":"Yield-(A/B/C)","best_variedad_3":null,"worst_variedad_3":null,"caracteristica_4":"Value_in_the_market-(A/B/C)","best_variedad_4":null,"worst_variedad_4":null,"caracteristica_5":"Lodging_tolerant-(A/B/C)","better_variedad_5":null,"worse_variedad_5":null,"caracteristica_6":"Pods_per_plant-(A/B/C)","better_variedad_6":null,"worse_variedad_6":null,"caracteristica_7":"Seed_color-(A/B/C)","better_variedad_7":null,"worse_variedad_7":null,"caracteristica_8":"Overall_performance-(A/B/C)","best_variedad_8":null,"worst_variedad_8":null,"caracteristica_9":"Overall_performance_VS_Local-(Better/Worse)","variedad_a_9":null,"variedad_b_9":null,"variedad_c_9":null,"evaluation":null},
{"observadores":"issd_osw_sinana_fieldpea2019_31","name_user":null,"name_family":null,"village":null,"district":null,"telephone":null,"gender":null,"age":null,"location_longitude_seed_delivery_point":null,"location_latitude_seed_delivery_point":null,"location_altitude":null,"location_longitude":null,"location_latitude":null,"planting_date":null,"harvest_date":null,"soil_quality":null,"weight_of_all_yield_of_the_variety_a_in_kg":null,"weight_of_all_yield_of_the_variety_b_in_kg":null,"weight_of_all_yield_of_the_variety_c_in_kg":null,"from_the_3_varieties_which_one_would_you_like_to_grow_again":null,"codigo_paquetes":null,"caracteristica_1":"Faster_maturity-(A/B/C)","best_variedad_1":null,"worst_variedad_1":null,"caracteristica_2":"Disease_resistance-(A/B/C)","best_variedad_2":null,"worst_variedad_2":null,"caracteristica_3":"Yield-(A/B/C)","best_variedad_3":null,"worst_variedad_3":null,"caracteristica_4":"Value_in_the_market-(A/B/C)","best_variedad_4":null,"worst_variedad_4":null,"caracteristica_5":"Lodging_tolerant-(A/B/C)","better_variedad_5":null,"worse_variedad_5":null,"caracteristica_6":"Pods_per_plant-(A/B/C)","better_variedad_6":null,"worse_variedad_6":null,"caracteristica_7":"Seed_color-(A/B/C)","better_variedad_7":null,"worse_variedad_7":null,"caracteristica_8":"Overall_performance-(A/B/C)","best_variedad_8":null,"worst_variedad_8":null,"caracteristica_9":"Overall_performance_VS_Local-(Better/Worse)","variedad_a_9":null,"variedad_b_9":null,"variedad_c_9":null,"evaluation":null},
{"observadores":"issd_osw_sinana_fieldpea2019_32","name_user":null,"name_family":null,"village":null,"district":null,"telephone":null,"gender":null,"age":null,"location_longitude_seed_delivery_point":null,"location_latitude_seed_delivery_point":null,"location_altitude":null,"location_longitude":null,"location_latitude":null,"planting_date":null,"harvest_date":null,"soil_quality":null,"weight_of_all_yield_of_the_variety_a_in_kg":null,"weight_of_all_yield_of_the_variety_b_in_kg":null,"weight_of_all_yield_of_the_variety_c_in_kg":null,"from_the_3_varieties_which_one_would_you_like_to_grow_again":null,"codigo_paquetes":null,"caracteristica_1":"Faster_maturity-(A/B/C)","best_variedad_1":null,"worst_variedad_1":null,"caracteristica_2":"Disease_resistance-(A/B/C)","best_variedad_2":null,"worst_variedad_2":null,"caracteristica_3":"Yield-(A/B/C)","best_variedad_3":null,"worst_variedad_3":null,"caracteristica_4":"Value_in_the_market-(A/B/C)","best_variedad_4":null,"worst_variedad_4":null,"caracteristica_5":"Lodging_tolerant-(A/B/C)","better_variedad_5":null,"worse_variedad_5":null,"caracteristica_6":"Pods_per_plant-(A/B/C)","better_variedad_6":null,"worse_variedad_6":null,"caracteristica_7":"Seed_color-(A/B/C)","better_variedad_7":null,"worse_variedad_7":null,"caracteristica_8":"Overall_performance-(A/B/C)","best_variedad_8":null,"worst_variedad_8":null,"caracteristica_9":"Overall_performance_VS_Local-(Better/Worse)","variedad_a_9":null,"variedad_b_9":null,"variedad_c_9":null,"evaluation":null},
{"observadores":"issd_osw_sinana_fieldpea2019_33","name_user":null,"name_family":null,"village":null,"district":null,"telephone":null,"gender":null,"age":null,"location_longitude_seed_delivery_point":null,"location_latitude_seed_delivery_point":null,"location_altitude":null,"location_longitude":null,"location_latitude":null,"planting_date":null,"harvest_date":null,"soil_quality":null,"weight_of_all_yield_of_the_variety_a_in_kg":null,"weight_of_all_yield_of_the_variety_b_in_kg":null,"weight_of_all_yield_of_the_variety_c_in_kg":null,"from_the_3_varieties_which_one_would_you_like_to_grow_again":null,"codigo_paquetes":null,"caracteristica_1":"Faster_maturity-(A/B/C)","best_variedad_1":null,"worst_variedad_1":null,"caracteristica_2":"Disease_resistance-(A/B/C)","best_variedad_2":null,"worst_variedad_2":null,"caracteristica_3":"Yield-(A/B/C)","best_variedad_3":null,"worst_variedad_3":null,"caracteristica_4":"Value_in_the_market-(A/B/C)","best_variedad_4":null,"worst_variedad_4":null,"caracteristica_5":"Lodging_tolerant-(A/B/C)","better_variedad_5":null,"worse_variedad_5":null,"caracteristica_6":"Pods_per_plant-(A/B/C)","better_variedad_6":null,"worse_variedad_6":null,"caracteristica_7":"Seed_color-(A/B/C)","better_variedad_7":null,"worse_variedad_7":null,"caracteristica_8":"Overall_performance-(A/B/C)","best_variedad_8":null,"worst_variedad_8":null,"caracteristica_9":"Overall_performance_VS_Local-(Better/Worse)","variedad_a_9":null,"variedad_b_9":null,"variedad_c_9":null,"evaluation":null},
{"observadores":"issd_osw_sinana_fieldpea2019_34","name_user":null,"name_family":null,"village":null,"district":null,"telephone":null,"gender":null,"age":null,"location_longitude_seed_delivery_point":null,"location_latitude_seed_delivery_point":null,"location_altitude":null,"location_longitude":null,"location_latitude":null,"planting_date":null,"harvest_date":null,"soil_quality":null,"weight_of_all_yield_of_the_variety_a_in_kg":null,"weight_of_all_yield_of_the_variety_b_in_kg":null,"weight_of_all_yield_of_the_variety_c_in_kg":null,"from_the_3_varieties_which_one_would_you_like_to_grow_again":null,"codigo_paquetes":null,"caracteristica_1":"Faster_maturity-(A/B/C)","best_variedad_1":null,"worst_variedad_1":null,"caracteristica_2":"Disease_resistance-(A/B/C)","best_variedad_2":null,"worst_variedad_2":null,"caracteristica_3":"Yield-(A/B/C)","best_variedad_3":null,"worst_variedad_3":null,"caracteristica_4":"Value_in_the_market-(A/B/C)","best_variedad_4":null,"worst_variedad_4":null,"caracteristica_5":"Lodging_tolerant-(A/B/C)","better_variedad_5":null,"worse_variedad_5":null,"caracteristica_6":"Pods_per_plant-(A/B/C)","better_variedad_6":null,"worse_variedad_6":null,"caracteristica_7":"Seed_color-(A/B/C)","better_variedad_7":null,"worse_variedad_7":null,"caracteristica_8":"Overall_performance-(A/B/C)","best_variedad_8":null,"worst_variedad_8":null,"caracteristica_9":"Overall_performance_VS_Local-(Better/Worse)","variedad_a_9":null,"variedad_b_9":null,"variedad_c_9":null,"evaluation":null},
{"observadores":"issd_osw_sinana_fieldpea2019_35","name_user":null,"name_family":null,"village":null,"district":null,"telephone":null,"gender":null,"age":null,"location_longitude_seed_delivery_point":null,"location_latitude_seed_delivery_point":null,"location_altitude":null,"location_longitude":null,"location_latitude":null,"planting_date":null,"harvest_date":null,"soil_quality":null,"weight_of_all_yield_of_the_variety_a_in_kg":null,"weight_of_all_yield_of_the_variety_b_in_kg":null,"weight_of_all_yield_of_the_variety_c_in_kg":null,"from_the_3_varieties_which_one_would_you_like_to_grow_again":null,"codigo_paquetes":null,"caracteristica_1":"Faster_maturity-(A/B/C)","best_variedad_1":null,"worst_variedad_1":null,"caracteristica_2":"Disease_resistance-(A/B/C)","best_variedad_2":null,"worst_variedad_2":null,"caracteristica_3":"Yield-(A/B/C)","best_variedad_3":null,"worst_variedad_3":null,"caracteristica_4":"Value_in_the_market-(A/B/C)","best_variedad_4":null,"worst_variedad_4":null,"caracteristica_5":"Lodging_tolerant-(A/B/C)","better_variedad_5":null,"worse_variedad_5":null,"caracteristica_6":"Pods_per_plant-(A/B/C)","better_variedad_6":null,"worse_variedad_6":null,"caracteristica_7":"Seed_color-(A/B/C)","better_variedad_7":null,"worse_variedad_7":null,"caracteristica_8":"Overall_performance-(A/B/C)","best_variedad_8":null,"worst_variedad_8":null,"caracteristica_9":"Overall_performance_VS_Local-(Better/Worse)","variedad_a_9":null,"variedad_b_9":null,"variedad_c_9":null,"evaluation":null},
{"observadores":"issd_osw_sinana_fieldpea2019_36","name_user":null,"name_family":null,"village":null,"district":null,"telephone":null,"gender":null,"age":null,"location_longitude_seed_delivery_point":null,"location_latitude_seed_delivery_point":null,"location_altitude":null,"location_longitude":null,"location_latitude":null,"planting_date":null,"harvest_date":null,"soil_quality":null,"weight_of_all_yield_of_the_variety_a_in_kg":null,"weight_of_all_yield_of_the_variety_b_in_kg":null,"weight_of_all_yield_of_the_variety_c_in_kg":null,"from_the_3_varieties_which_one_would_you_like_to_grow_again":null,"codigo_paquetes":null,"caracteristica_1":"Faster_maturity-(A/B/C)","best_variedad_1":null,"worst_variedad_1":null,"caracteristica_2":"Disease_resistance-(A/B/C)","best_variedad_2":null,"worst_variedad_2":null,"caracteristica_3":"Yield-(A/B/C)","best_variedad_3":null,"worst_variedad_3":null,"caracteristica_4":"Value_in_the_market-(A/B/C)","best_variedad_4":null,"worst_variedad_4":null,"caracteristica_5":"Lodging_tolerant-(A/B/C)","better_variedad_5":null,"worse_variedad_5":null,"caracteristica_6":"Pods_per_plant-(A/B/C)","better_variedad_6":null,"worse_variedad_6":null,"caracteristica_7":"Seed_color-(A/B/C)","better_variedad_7":null,"worse_variedad_7":null,"caracteristica_8":"Overall_performance-(A/B/C)","best_variedad_8":null,"worst_variedad_8":null,"caracteristica_9":"Overall_performance_VS_Local-(Better/Worse)","variedad_a_9":null,"variedad_b_9":null,"variedad_c_9":null,"evaluation":null},
{"observadores":"issd_osw_sinana_fieldpea2019_37","name_user":null,"name_family":null,"village":null,"district":null,"telephone":null,"gender":null,"age":null,"location_longitude_seed_delivery_point":null,"location_latitude_seed_delivery_point":null,"location_altitude":null,"location_longitude":null,"location_latitude":null,"planting_date":null,"harvest_date":null,"soil_quality":null,"weight_of_all_yield_of_the_variety_a_in_kg":null,"weight_of_all_yield_of_the_variety_b_in_kg":null,"weight_of_all_yield_of_the_variety_c_in_kg":null,"from_the_3_varieties_which_one_would_you_like_to_grow_again":null,"codigo_paquetes":null,"caracteristica_1":"Faster_maturity-(A/B/C)","best_variedad_1":null,"worst_variedad_1":null,"caracteristica_2":"Disease_resistance-(A/B/C)","best_variedad_2":null,"worst_variedad_2":null,"caracteristica_3":"Yield-(A/B/C)","best_variedad_3":null,"worst_variedad_3":null,"caracteristica_4":"Value_in_the_market-(A/B/C)","best_variedad_4":null,"worst_variedad_4":null,"caracteristica_5":"Lodging_tolerant-(A/B/C)","better_variedad_5":null,"worse_variedad_5":null,"caracteristica_6":"Pods_per_plant-(A/B/C)","better_variedad_6":null,"worse_variedad_6":null,"caracteristica_7":"Seed_color-(A/B/C)","better_variedad_7":null,"worse_variedad_7":null,"caracteristica_8":"Overall_performance-(A/B/C)","best_variedad_8":null,"worst_variedad_8":null,"caracteristica_9":"Overall_performance_VS_Local-(Better/Worse)","variedad_a_9":null,"variedad_b_9":null,"variedad_c_9":null,"evaluation":null},
{"observadores":"issd_osw_sinana_fieldpea2019_38","name_user":null,"name_family":null,"village":null,"district":null,"telephone":null,"gender":null,"age":null,"location_longitude_seed_delivery_point":null,"location_latitude_seed_delivery_point":null,"location_altitude":null,"location_longitude":null,"location_latitude":null,"planting_date":null,"harvest_date":null,"soil_quality":null,"weight_of_all_yield_of_the_variety_a_in_kg":null,"weight_of_all_yield_of_the_variety_b_in_kg":null,"weight_of_all_yield_of_the_variety_c_in_kg":null,"from_the_3_varieties_which_one_would_you_like_to_grow_again":null,"codigo_paquetes":null,"caracteristica_1":"Faster_maturity-(A/B/C)","best_variedad_1":null,"worst_variedad_1":null,"caracteristica_2":"Disease_resistance-(A/B/C)","best_variedad_2":null,"worst_variedad_2":null,"caracteristica_3":"Yield-(A/B/C)","best_variedad_3":null,"worst_variedad_3":null,"caracteristica_4":"Value_in_the_market-(A/B/C)","best_variedad_4":null,"worst_variedad_4":null,"caracteristica_5":"Lodging_tolerant-(A/B/C)","better_variedad_5":null,"worse_variedad_5":null,"caracteristica_6":"Pods_per_plant-(A/B/C)","better_variedad_6":null,"worse_variedad_6":null,"caracteristica_7":"Seed_color-(A/B/C)","better_variedad_7":null,"worse_variedad_7":null,"caracteristica_8":"Overall_performance-(A/B/C)","best_variedad_8":null,"worst_variedad_8":null,"caracteristica_9":"Overall_performance_VS_Local-(Better/Worse)","variedad_a_9":null,"variedad_b_9":null,"variedad_c_9":null,"evaluation":null},
{"observadores":"issd_osw_sinana_fieldpea2019_39","name_user":null,"name_family":null,"village":null,"district":null,"telephone":null,"gender":null,"age":null,"location_longitude_seed_delivery_point":null,"location_latitude_seed_delivery_point":null,"location_altitude":null,"location_longitude":null,"location_latitude":null,"planting_date":null,"harvest_date":null,"soil_quality":null,"weight_of_all_yield_of_the_variety_a_in_kg":null,"weight_of_all_yield_of_the_variety_b_in_kg":null,"weight_of_all_yield_of_the_variety_c_in_kg":null,"from_the_3_varieties_which_one_would_you_like_to_grow_again":null,"codigo_paquetes":null,"caracteristica_1":"Faster_maturity-(A/B/C)","best_variedad_1":null,"worst_variedad_1":null,"caracteristica_2":"Disease_resistance-(A/B/C)","best_variedad_2":null,"worst_variedad_2":null,"caracteristica_3":"Yield-(A/B/C)","best_variedad_3":null,"worst_variedad_3":null,"caracteristica_4":"Value_in_the_market-(A/B/C)","best_variedad_4":null,"worst_variedad_4":null,"caracteristica_5":"Lodging_tolerant-(A/B/C)","better_variedad_5":null,"worse_variedad_5":null,"caracteristica_6":"Pods_per_plant-(A/B/C)","better_variedad_6":null,"worse_variedad_6":null,"caracteristica_7":"Seed_color-(A/B/C)","better_variedad_7":null,"worse_variedad_7":null,"caracteristica_8":"Overall_performance-(A/B/C)","best_variedad_8":null,"worst_variedad_8":null,"caracteristica_9":"Overall_performance_VS_Local-(Better/Worse)","variedad_a_9":null,"variedad_b_9":null,"variedad_c_9":null,"evaluation":null},
{"observadores":"issd_osw_sinana_fieldpea2019_4","name_user":null,"name_family":null,"village":null,"district":null,"telephone":null,"gender":null,"age":null,"location_longitude_seed_delivery_point":null,"location_latitude_seed_delivery_point":null,"location_altitude":null,"location_longitude":null,"location_latitude":null,"planting_date":null,"harvest_date":null,"soil_quality":null,"weight_of_all_yield_of_the_variety_a_in_kg":null,"weight_of_all_yield_of_the_variety_b_in_kg":null,"weight_of_all_yield_of_the_variety_c_in_kg":null,"from_the_3_varieties_which_one_would_you_like_to_grow_again":null,"codigo_paquetes":null,"caracteristica_1":"Faster_maturity-(A/B/C)","best_variedad_1":null,"worst_variedad_1":null,"caracteristica_2":"Disease_resistance-(A/B/C)","best_variedad_2":null,"worst_variedad_2":null,"caracteristica_3":"Yield-(A/B/C)","best_variedad_3":null,"worst_variedad_3":null,"caracteristica_4":"Value_in_the_market-(A/B/C)","best_variedad_4":null,"worst_variedad_4":null,"caracteristica_5":"Lodging_tolerant-(A/B/C)","better_variedad_5":null,"worse_variedad_5":null,"caracteristica_6":"Pods_per_plant-(A/B/C)","better_variedad_6":null,"worse_variedad_6":null,"caracteristica_7":"Seed_color-(A/B/C)","better_variedad_7":null,"worse_variedad_7":null,"caracteristica_8":"Overall_performance-(A/B/C)","best_variedad_8":null,"worst_variedad_8":null,"caracteristica_9":"Overall_performance_VS_Local-(Better/Worse)","variedad_a_9":null,"variedad_b_9":null,"variedad_c_9":null,"evaluation":null},
{"observadores":"issd_osw_sinana_fieldpea2019_40","name_user":null,"name_family":null,"village":null,"district":null,"telephone":null,"gender":null,"age":null,"location_longitude_seed_delivery_point":null,"location_latitude_seed_delivery_point":null,"location_altitude":null,"location_longitude":null,"location_latitude":null,"planting_date":null,"harvest_date":null,"soil_quality":null,"weight_of_all_yield_of_the_variety_a_in_kg":null,"weight_of_all_yield_of_the_variety_b_in_kg":null,"weight_of_all_yield_of_the_variety_c_in_kg":null,"from_the_3_varieties_which_one_would_you_like_to_grow_again":null,"codigo_paquetes":null,"caracteristica_1":"Faster_maturity-(A/B/C)","best_variedad_1":null,"worst_variedad_1":null,"caracteristica_2":"Disease_resistance-(A/B/C)","best_variedad_2":null,"worst_variedad_2":null,"caracteristica_3":"Yield-(A/B/C)","best_variedad_3":null,"worst_variedad_3":null,"caracteristica_4":"Value_in_the_market-(A/B/C)","best_variedad_4":null,"worst_variedad_4":null,"caracteristica_5":"Lodging_tolerant-(A/B/C)","better_variedad_5":null,"worse_variedad_5":null,"caracteristica_6":"Pods_per_plant-(A/B/C)","better_variedad_6":null,"worse_variedad_6":null,"caracteristica_7":"Seed_color-(A/B/C)","better_variedad_7":null,"worse_variedad_7":null,"caracteristica_8":"Overall_performance-(A/B/C)","best_variedad_8":null,"worst_variedad_8":null,"caracteristica_9":"Overall_performance_VS_Local-(Better/Worse)","variedad_a_9":null,"variedad_b_9":null,"variedad_c_9":null,"evaluation":null},
{"observadores":"issd_osw_sinana_fieldpea2019_41","name_user":null,"name_family":null,"village":null,"district":null,"telephone":null,"gender":null,"age":null,"location_longitude_seed_delivery_point":null,"location_latitude_seed_delivery_point":null,"location_altitude":null,"location_longitude":null,"location_latitude":null,"planting_date":null,"harvest_date":null,"soil_quality":null,"weight_of_all_yield_of_the_variety_a_in_kg":null,"weight_of_all_yield_of_the_variety_b_in_kg":null,"weight_of_all_yield_of_the_variety_c_in_kg":null,"from_the_3_varieties_which_one_would_you_like_to_grow_again":null,"codigo_paquetes":null,"caracteristica_1":"Faster_maturity-(A/B/C)","best_variedad_1":null,"worst_variedad_1":null,"caracteristica_2":"Disease_resistance-(A/B/C)","best_variedad_2":null,"worst_variedad_2":null,"caracteristica_3":"Yield-(A/B/C)","best_variedad_3":null,"worst_variedad_3":null,"caracteristica_4":"Value_in_the_market-(A/B/C)","best_variedad_4":null,"worst_variedad_4":null,"caracteristica_5":"Lodging_tolerant-(A/B/C)","better_variedad_5":null,"worse_variedad_5":null,"caracteristica_6":"Pods_per_plant-(A/B/C)","better_variedad_6":null,"worse_variedad_6":null,"caracteristica_7":"Seed_color-(A/B/C)","better_variedad_7":null,"worse_variedad_7":null,"caracteristica_8":"Overall_performance-(A/B/C)","best_variedad_8":null,"worst_variedad_8":null,"caracteristica_9":"Overall_performance_VS_Local-(Better/Worse)","variedad_a_9":null,"variedad_b_9":null,"variedad_c_9":null,"evaluation":null},
{"observadores":"issd_osw_sinana_fieldpea2019_42","name_user":null,"name_family":null,"village":null,"district":null,"telephone":null,"gender":null,"age":null,"location_longitude_seed_delivery_point":null,"location_latitude_seed_delivery_point":null,"location_altitude":null,"location_longitude":null,"location_latitude":null,"planting_date":null,"harvest_date":null,"soil_quality":null,"weight_of_all_yield_of_the_variety_a_in_kg":null,"weight_of_all_yield_of_the_variety_b_in_kg":null,"weight_of_all_yield_of_the_variety_c_in_kg":null,"from_the_3_varieties_which_one_would_you_like_to_grow_again":null,"codigo_paquetes":null,"caracteristica_1":"Faster_maturity-(A/B/C)","best_variedad_1":null,"worst_variedad_1":null,"caracteristica_2":"Disease_resistance-(A/B/C)","best_variedad_2":null,"worst_variedad_2":null,"caracteristica_3":"Yield-(A/B/C)","best_variedad_3":null,"worst_variedad_3":null,"caracteristica_4":"Value_in_the_market-(A/B/C)","best_variedad_4":null,"worst_variedad_4":null,"caracteristica_5":"Lodging_tolerant-(A/B/C)","better_variedad_5":null,"worse_variedad_5":null,"caracteristica_6":"Pods_per_plant-(A/B/C)","better_variedad_6":null,"worse_variedad_6":null,"caracteristica_7":"Seed_color-(A/B/C)","better_variedad_7":null,"worse_variedad_7":null,"caracteristica_8":"Overall_performance-(A/B/C)","best_variedad_8":null,"worst_variedad_8":null,"caracteristica_9":"Overall_performance_VS_Local-(Better/Worse)","variedad_a_9":null,"variedad_b_9":null,"variedad_c_9":null,"evaluation":null},
{"observadores":"issd_osw_sinana_fieldpea2019_43","name_user":null,"name_family":null,"village":null,"district":null,"telephone":null,"gender":null,"age":null,"location_longitude_seed_delivery_point":null,"location_latitude_seed_delivery_point":null,"location_altitude":null,"location_longitude":null,"location_latitude":null,"planting_date":null,"harvest_date":null,"soil_quality":null,"weight_of_all_yield_of_the_variety_a_in_kg":null,"weight_of_all_yield_of_the_variety_b_in_kg":null,"weight_of_all_yield_of_the_variety_c_in_kg":null,"from_the_3_varieties_which_one_would_you_like_to_grow_again":null,"codigo_paquetes":null,"caracteristica_1":"Faster_maturity-(A/B/C)","best_variedad_1":null,"worst_variedad_1":null,"caracteristica_2":"Disease_resistance-(A/B/C)","best_variedad_2":null,"worst_variedad_2":null,"caracteristica_3":"Yield-(A/B/C)","best_variedad_3":null,"worst_variedad_3":null,"caracteristica_4":"Value_in_the_market-(A/B/C)","best_variedad_4":null,"worst_variedad_4":null,"caracteristica_5":"Lodging_tolerant-(A/B/C)","better_variedad_5":null,"worse_variedad_5":null,"caracteristica_6":"Pods_per_plant-(A/B/C)","better_variedad_6":null,"worse_variedad_6":null,"caracteristica_7":"Seed_color-(A/B/C)","better_variedad_7":null,"worse_variedad_7":null,"caracteristica_8":"Overall_performance-(A/B/C)","best_variedad_8":null,"worst_variedad_8":null,"caracteristica_9":"Overall_performance_VS_Local-(Better/Worse)","variedad_a_9":null,"variedad_b_9":null,"variedad_c_9":null,"evaluation":null},
{"observadores":"issd_osw_sinana_fieldpea2019_44","name_user":null,"name_family":null,"village":null,"district":null,"telephone":null,"gender":null,"age":null,"location_longitude_seed_delivery_point":null,"location_latitude_seed_delivery_point":null,"location_altitude":null,"location_longitude":null,"location_latitude":null,"planting_date":null,"harvest_date":null,"soil_quality":null,"weight_of_all_yield_of_the_variety_a_in_kg":null,"weight_of_all_yield_of_the_variety_b_in_kg":null,"weight_of_all_yield_of_the_variety_c_in_kg":null,"from_the_3_varieties_which_one_would_you_like_to_grow_again":null,"codigo_paquetes":null,"caracteristica_1":"Faster_maturity-(A/B/C)","best_variedad_1":null,"worst_variedad_1":null,"caracteristica_2":"Disease_resistance-(A/B/C)","best_variedad_2":null,"worst_variedad_2":null,"caracteristica_3":"Yield-(A/B/C)","best_variedad_3":null,"worst_variedad_3":null,"caracteristica_4":"Value_in_the_market-(A/B/C)","best_variedad_4":null,"worst_variedad_4":null,"caracteristica_5":"Lodging_tolerant-(A/B/C)","better_variedad_5":null,"worse_variedad_5":null,"caracteristica_6":"Pods_per_plant-(A/B/C)","better_variedad_6":null,"worse_variedad_6":null,"caracteristica_7":"Seed_color-(A/B/C)","better_variedad_7":null,"worse_variedad_7":null,"caracteristica_8":"Overall_performance-(A/B/C)","best_variedad_8":null,"worst_variedad_8":null,"caracteristica_9":"Overall_performance_VS_Local-(Better/Worse)","variedad_a_9":null,"variedad_b_9":null,"variedad_c_9":null,"evaluation":null},
{"observadores":"issd_osw_sinana_fieldpea2019_45","name_user":null,"name_family":null,"village":null,"district":null,"telephone":null,"gender":null,"age":null,"location_longitude_seed_delivery_point":null,"location_latitude_seed_delivery_point":null,"location_altitude":null,"location_longitude":null,"location_latitude":null,"planting_date":null,"harvest_date":null,"soil_quality":null,"weight_of_all_yield_of_the_variety_a_in_kg":null,"weight_of_all_yield_of_the_variety_b_in_kg":null,"weight_of_all_yield_of_the_variety_c_in_kg":null,"from_the_3_varieties_which_one_would_you_like_to_grow_again":null,"codigo_paquetes":null,"caracteristica_1":"Faster_maturity-(A/B/C)","best_variedad_1":null,"worst_variedad_1":null,"caracteristica_2":"Disease_resistance-(A/B/C)","best_variedad_2":null,"worst_variedad_2":null,"caracteristica_3":"Yield-(A/B/C)","best_variedad_3":null,"worst_variedad_3":null,"caracteristica_4":"Value_in_the_market-(A/B/C)","best_variedad_4":null,"worst_variedad_4":null,"caracteristica_5":"Lodging_tolerant-(A/B/C)","better_variedad_5":null,"worse_variedad_5":null,"caracteristica_6":"Pods_per_plant-(A/B/C)","better_variedad_6":null,"worse_variedad_6":null,"caracteristica_7":"Seed_color-(A/B/C)","better_variedad_7":null,"worse_variedad_7":null,"caracteristica_8":"Overall_performance-(A/B/C)","best_variedad_8":null,"worst_variedad_8":null,"caracteristica_9":"Overall_performance_VS_Local-(Better/Worse)","variedad_a_9":null,"variedad_b_9":null,"variedad_c_9":null,"evaluation":null},
{"observadores":"issd_osw_sinana_fieldpea2019_46","name_user":null,"name_family":null,"village":null,"district":null,"telephone":null,"gender":null,"age":null,"location_longitude_seed_delivery_point":null,"location_latitude_seed_delivery_point":null,"location_altitude":null,"location_longitude":null,"location_latitude":null,"planting_date":null,"harvest_date":null,"soil_quality":null,"weight_of_all_yield_of_the_variety_a_in_kg":null,"weight_of_all_yield_of_the_variety_b_in_kg":null,"weight_of_all_yield_of_the_variety_c_in_kg":null,"from_the_3_varieties_which_one_would_you_like_to_grow_again":null,"codigo_paquetes":null,"caracteristica_1":"Faster_maturity-(A/B/C)","best_variedad_1":null,"worst_variedad_1":null,"caracteristica_2":"Disease_resistance-(A/B/C)","best_variedad_2":null,"worst_variedad_2":null,"caracteristica_3":"Yield-(A/B/C)","best_variedad_3":null,"worst_variedad_3":null,"caracteristica_4":"Value_in_the_market-(A/B/C)","best_variedad_4":null,"worst_variedad_4":null,"caracteristica_5":"Lodging_tolerant-(A/B/C)","better_variedad_5":null,"worse_variedad_5":null,"caracteristica_6":"Pods_per_plant-(A/B/C)","better_variedad_6":null,"worse_variedad_6":null,"caracteristica_7":"Seed_color-(A/B/C)","better_variedad_7":null,"worse_variedad_7":null,"caracteristica_8":"Overall_performance-(A/B/C)","best_variedad_8":null,"worst_variedad_8":null,"caracteristica_9":"Overall_performance_VS_Local-(Better/Worse)","variedad_a_9":null,"variedad_b_9":null,"variedad_c_9":null,"evaluation":null},
{"observadores":"issd_osw_sinana_fieldpea2019_47","name_user":null,"name_family":null,"village":null,"district":null,"telephone":null,"gender":null,"age":null,"location_longitude_seed_delivery_point":null,"location_latitude_seed_delivery_point":null,"location_altitude":null,"location_longitude":null,"location_latitude":null,"planting_date":null,"harvest_date":null,"soil_quality":null,"weight_of_all_yield_of_the_variety_a_in_kg":null,"weight_of_all_yield_of_the_variety_b_in_kg":null,"weight_of_all_yield_of_the_variety_c_in_kg":null,"from_the_3_varieties_which_one_would_you_like_to_grow_again":null,"codigo_paquetes":null,"caracteristica_1":"Faster_maturity-(A/B/C)","best_variedad_1":null,"worst_variedad_1":null,"caracteristica_2":"Disease_resistance-(A/B/C)","best_variedad_2":null,"worst_variedad_2":null,"caracteristica_3":"Yield-(A/B/C)","best_variedad_3":null,"worst_variedad_3":null,"caracteristica_4":"Value_in_the_market-(A/B/C)","best_variedad_4":null,"worst_variedad_4":null,"caracteristica_5":"Lodging_tolerant-(A/B/C)","better_variedad_5":null,"worse_variedad_5":null,"caracteristica_6":"Pods_per_plant-(A/B/C)","better_variedad_6":null,"worse_variedad_6":null,"caracteristica_7":"Seed_color-(A/B/C)","better_variedad_7":null,"worse_variedad_7":null,"caracteristica_8":"Overall_performance-(A/B/C)","best_variedad_8":null,"worst_variedad_8":null,"caracteristica_9":"Overall_performance_VS_Local-(Better/Worse)","variedad_a_9":null,"variedad_b_9":null,"variedad_c_9":null,"evaluation":null},
{"observadores":"issd_osw_sinana_fieldpea2019_48","name_user":null,"name_family":null,"village":null,"district":null,"telephone":null,"gender":null,"age":null,"location_longitude_seed_delivery_point":null,"location_latitude_seed_delivery_point":null,"location_altitude":null,"location_longitude":null,"location_latitude":null,"planting_date":null,"harvest_date":null,"soil_quality":null,"weight_of_all_yield_of_the_variety_a_in_kg":null,"weight_of_all_yield_of_the_variety_b_in_kg":null,"weight_of_all_yield_of_the_variety_c_in_kg":null,"from_the_3_varieties_which_one_would_you_like_to_grow_again":null,"codigo_paquetes":null,"caracteristica_1":"Faster_maturity-(A/B/C)","best_variedad_1":null,"worst_variedad_1":null,"caracteristica_2":"Disease_resistance-(A/B/C)","best_variedad_2":null,"worst_variedad_2":null,"caracteristica_3":"Yield-(A/B/C)","best_variedad_3":null,"worst_variedad_3":null,"caracteristica_4":"Value_in_the_market-(A/B/C)","best_variedad_4":null,"worst_variedad_4":null,"caracteristica_5":"Lodging_tolerant-(A/B/C)","better_variedad_5":null,"worse_variedad_5":null,"caracteristica_6":"Pods_per_plant-(A/B/C)","better_variedad_6":null,"worse_variedad_6":null,"caracteristica_7":"Seed_color-(A/B/C)","better_variedad_7":null,"worse_variedad_7":null,"caracteristica_8":"Overall_performance-(A/B/C)","best_variedad_8":null,"worst_variedad_8":null,"caracteristica_9":"Overall_performance_VS_Local-(Better/Worse)","variedad_a_9":null,"variedad_b_9":null,"variedad_c_9":null,"evaluation":null},
{"observadores":"issd_osw_sinana_fieldpea2019_49","name_user":null,"name_family":null,"village":null,"district":null,"telephone":null,"gender":null,"age":null,"location_longitude_seed_delivery_point":null,"location_latitude_seed_delivery_point":null,"location_altitude":null,"location_longitude":null,"location_latitude":null,"planting_date":null,"harvest_date":null,"soil_quality":null,"weight_of_all_yield_of_the_variety_a_in_kg":null,"weight_of_all_yield_of_the_variety_b_in_kg":null,"weight_of_all_yield_of_the_variety_c_in_kg":null,"from_the_3_varieties_which_one_would_you_like_to_grow_again":null,"codigo_paquetes":null,"caracteristica_1":"Faster_maturity-(A/B/C)","best_variedad_1":null,"worst_variedad_1":null,"caracteristica_2":"Disease_resistance-(A/B/C)","best_variedad_2":null,"worst_variedad_2":null,"caracteristica_3":"Yield-(A/B/C)","best_variedad_3":null,"worst_variedad_3":null,"caracteristica_4":"Value_in_the_market-(A/B/C)","best_variedad_4":null,"worst_variedad_4":null,"caracteristica_5":"Lodging_tolerant-(A/B/C)","better_variedad_5":null,"worse_variedad_5":null,"caracteristica_6":"Pods_per_plant-(A/B/C)","better_variedad_6":null,"worse_variedad_6":null,"caracteristica_7":"Seed_color-(A/B/C)","better_variedad_7":null,"worse_variedad_7":null,"caracteristica_8":"Overall_performance-(A/B/C)","best_variedad_8":null,"worst_variedad_8":null,"caracteristica_9":"Overall_performance_VS_Local-(Better/Worse)","variedad_a_9":null,"variedad_b_9":null,"variedad_c_9":null,"evaluation":null},
{"observadores":"issd_osw_sinana_fieldpea2019_5","name_user":null,"name_family":null,"village":null,"district":null,"telephone":null,"gender":null,"age":null,"location_longitude_seed_delivery_point":null,"location_latitude_seed_delivery_point":null,"location_altitude":null,"location_longitude":null,"location_latitude":null,"planting_date":null,"harvest_date":null,"soil_quality":null,"weight_of_all_yield_of_the_variety_a_in_kg":null,"weight_of_all_yield_of_the_variety_b_in_kg":null,"weight_of_all_yield_of_the_variety_c_in_kg":null,"from_the_3_varieties_which_one_would_you_like_to_grow_again":null,"codigo_paquetes":null,"caracteristica_1":"Faster_maturity-(A/B/C)","best_variedad_1":null,"worst_variedad_1":null,"caracteristica_2":"Disease_resistance-(A/B/C)","best_variedad_2":null,"worst_variedad_2":null,"caracteristica_3":"Yield-(A/B/C)","best_variedad_3":null,"worst_variedad_3":null,"caracteristica_4":"Value_in_the_market-(A/B/C)","best_variedad_4":null,"worst_variedad_4":null,"caracteristica_5":"Lodging_tolerant-(A/B/C)","better_variedad_5":null,"worse_variedad_5":null,"caracteristica_6":"Pods_per_plant-(A/B/C)","better_variedad_6":null,"worse_variedad_6":null,"caracteristica_7":"Seed_color-(A/B/C)","better_variedad_7":null,"worse_variedad_7":null,"caracteristica_8":"Overall_performance-(A/B/C)","best_variedad_8":null,"worst_variedad_8":null,"caracteristica_9":"Overall_performance_VS_Local-(Better/Worse)","variedad_a_9":null,"variedad_b_9":null,"variedad_c_9":null,"evaluation":null},
{"observadores":"issd_osw_sinana_fieldpea2019_50","name_user":null,"name_family":null,"village":null,"district":null,"telephone":null,"gender":null,"age":null,"location_longitude_seed_delivery_point":null,"location_latitude_seed_delivery_point":null,"location_altitude":null,"location_longitude":null,"location_latitude":null,"planting_date":null,"harvest_date":null,"soil_quality":null,"weight_of_all_yield_of_the_variety_a_in_kg":null,"weight_of_all_yield_of_the_variety_b_in_kg":null,"weight_of_all_yield_of_the_variety_c_in_kg":null,"from_the_3_varieties_which_one_would_you_like_to_grow_again":null,"codigo_paquetes":null,"caracteristica_1":"Faster_maturity-(A/B/C)","best_variedad_1":null,"worst_variedad_1":null,"caracteristica_2":"Disease_resistance-(A/B/C)","best_variedad_2":null,"worst_variedad_2":null,"caracteristica_3":"Yield-(A/B/C)","best_variedad_3":null,"worst_variedad_3":null,"caracteristica_4":"Value_in_the_market-(A/B/C)","best_variedad_4":null,"worst_variedad_4":null,"caracteristica_5":"Lodging_tolerant-(A/B/C)","better_variedad_5":null,"worse_variedad_5":null,"caracteristica_6":"Pods_per_plant-(A/B/C)","better_variedad_6":null,"worse_variedad_6":null,"caracteristica_7":"Seed_color-(A/B/C)","better_variedad_7":null,"worse_variedad_7":null,"caracteristica_8":"Overall_performance-(A/B/C)","best_variedad_8":null,"worst_variedad_8":null,"caracteristica_9":"Overall_performance_VS_Local-(Better/Worse)","variedad_a_9":null,"variedad_b_9":null,"variedad_c_9":null,"evaluation":null},
{"observadores":"issd_osw_sinana_fieldpea2019_6","name_user":null,"name_family":null,"village":null,"district":null,"telephone":null,"gender":null,"age":null,"location_longitude_seed_delivery_point":null,"location_latitude_seed_delivery_point":null,"location_altitude":null,"location_longitude":null,"location_latitude":null,"planting_date":null,"harvest_date":null,"soil_quality":null,"weight_of_all_yield_of_the_variety_a_in_kg":null,"weight_of_all_yield_of_the_variety_b_in_kg":null,"weight_of_all_yield_of_the_variety_c_in_kg":null,"from_the_3_varieties_which_one_would_you_like_to_grow_again":null,"codigo_paquetes":null,"caracteristica_1":"Faster_maturity-(A/B/C)","best_variedad_1":null,"worst_variedad_1":null,"caracteristica_2":"Disease_resistance-(A/B/C)","best_variedad_2":null,"worst_variedad_2":null,"caracteristica_3":"Yield-(A/B/C)","best_variedad_3":null,"worst_variedad_3":null,"caracteristica_4":"Value_in_the_market-(A/B/C)","best_variedad_4":null,"worst_variedad_4":null,"caracteristica_5":"Lodging_tolerant-(A/B/C)","better_variedad_5":null,"worse_variedad_5":null,"caracteristica_6":"Pods_per_plant-(A/B/C)","better_variedad_6":null,"worse_variedad_6":null,"caracteristica_7":"Seed_color-(A/B/C)","better_variedad_7":null,"worse_variedad_7":null,"caracteristica_8":"Overall_performance-(A/B/C)","best_variedad_8":null,"worst_variedad_8":null,"caracteristica_9":"Overall_performance_VS_Local-(Better/Worse)","variedad_a_9":null,"variedad_b_9":null,"variedad_c_9":null,"evaluation":null},
{"observadores":"issd_osw_sinana_fieldpea2019_7","name_user":null,"name_family":null,"village":null,"district":null,"telephone":null,"gender":null,"age":null,"location_longitude_seed_delivery_point":null,"location_latitude_seed_delivery_point":null,"location_altitude":null,"location_longitude":null,"location_latitude":null,"planting_date":null,"harvest_date":null,"soil_quality":null,"weight_of_all_yield_of_the_variety_a_in_kg":null,"weight_of_all_yield_of_the_variety_b_in_kg":null,"weight_of_all_yield_of_the_variety_c_in_kg":null,"from_the_3_varieties_which_one_would_you_like_to_grow_again":null,"codigo_paquetes":null,"caracteristica_1":"Faster_maturity-(A/B/C)","best_variedad_1":null,"worst_variedad_1":null,"caracteristica_2":"Disease_resistance-(A/B/C)","best_variedad_2":null,"worst_variedad_2":null,"caracteristica_3":"Yield-(A/B/C)","best_variedad_3":null,"worst_variedad_3":null,"caracteristica_4":"Value_in_the_market-(A/B/C)","best_variedad_4":null,"worst_variedad_4":null,"caracteristica_5":"Lodging_tolerant-(A/B/C)","better_variedad_5":null,"worse_variedad_5":null,"caracteristica_6":"Pods_per_plant-(A/B/C)","better_variedad_6":null,"worse_variedad_6":null,"caracteristica_7":"Seed_color-(A/B/C)","better_variedad_7":null,"worse_variedad_7":null,"caracteristica_8":"Overall_performance-(A/B/C)","best_variedad_8":null,"worst_variedad_8":null,"caracteristica_9":"Overall_performance_VS_Local-(Better/Worse)","variedad_a_9":null,"variedad_b_9":null,"variedad_c_9":null,"evaluation":null},
{"observadores":"issd_osw_sinana_fieldpea2019_8","name_user":null,"name_family":null,"village":null,"district":null,"telephone":null,"gender":null,"age":null,"location_longitude_seed_delivery_point":null,"location_latitude_seed_delivery_point":null,"location_altitude":null,"location_longitude":null,"location_latitude":null,"planting_date":null,"harvest_date":null,"soil_quality":null,"weight_of_all_yield_of_the_variety_a_in_kg":null,"weight_of_all_yield_of_the_variety_b_in_kg":null,"weight_of_all_yield_of_the_variety_c_in_kg":null,"from_the_3_varieties_which_one_would_you_like_to_grow_again":null,"codigo_paquetes":null,"caracteristica_1":"Faster_maturity-(A/B/C)","best_variedad_1":null,"worst_variedad_1":null,"caracteristica_2":"Disease_resistance-(A/B/C)","best_variedad_2":null,"worst_variedad_2":null,"caracteristica_3":"Yield-(A/B/C)","best_variedad_3":null,"worst_variedad_3":null,"caracteristica_4":"Value_in_the_market-(A/B/C)","best_variedad_4":null,"worst_variedad_4":null,"caracteristica_5":"Lodging_tolerant-(A/B/C)","better_variedad_5":null,"worse_variedad_5":null,"caracteristica_6":"Pods_per_plant-(A/B/C)","better_variedad_6":null,"worse_variedad_6":null,"caracteristica_7":"Seed_color-(A/B/C)","better_variedad_7":null,"worse_variedad_7":null,"caracteristica_8":"Overall_performance-(A/B/C)","best_variedad_8":null,"worst_variedad_8":null,"caracteristica_9":"Overall_performance_VS_Local-(Better/Worse)","variedad_a_9":null,"variedad_b_9":null,"variedad_c_9":null,"evaluation":null},
{"observadores":"issd_osw_sinana_fieldpea2019_9","name_user":null,"name_family":null,"village":null,"district":null,"telephone":null,"gender":null,"age":null,"location_longitude_seed_delivery_point":null,"location_latitude_seed_delivery_point":null,"location_altitude":null,"location_longitude":null,"location_latitude":null,"planting_date":null,"harvest_date":null,"soil_quality":null,"weight_of_all_yield_of_the_variety_a_in_kg":null,"weight_of_all_yield_of_the_variety_b_in_kg":null,"weight_of_all_yield_of_the_variety_c_in_kg":null,"from_the_3_varieties_which_one_would_you_like_to_grow_again":null,"codigo_paquetes":null,"caracteristica_1":"Faster_maturity-(A/B/C)","best_variedad_1":null,"worst_variedad_1":null,"caracteristica_2":"Disease_resistance-(A/B/C)","best_variedad_2":null,"worst_variedad_2":null,"caracteristica_3":"Yield-(A/B/C)","best_variedad_3":null,"worst_variedad_3":null,"caracteristica_4":"Value_in_the_market-(A/B/C)","best_variedad_4":null,"worst_variedad_4":null,"caracteristica_5":"Lodging_tolerant-(A/B/C)","better_variedad_5":null,"worse_variedad_5":null,"caracteristica_6":"Pods_per_plant-(A/B/C)","better_variedad_6":null,"worse_variedad_6":null,"caracteristica_7":"Seed_color-(A/B/C)","better_variedad_7":null,"worse_variedad_7":null,"caracteristica_8":"Overall_performance-(A/B/C)","best_variedad_8":null,"worst_variedad_8":null,"caracteristica_9":"Overall_performance_VS_Local-(Better/Worse)","variedad_a_9":null,"variedad_b_9":null,"variedad_c_9":null,"evaluation":null}
]
