[
{"observadores":"issd_osw_sinana_fbean2018_1","name_user":null,"name_family":null,"village":null,"district":null,"telephone":null,"gender":null,"age":null,"location_longitude_seed_delivery_point":null,"location_latitude_seed_delivery_point":null,"location_altitude":null,"location_longitude":null,"location_latitude":null,"planting_date":null,"harvest_date":null,"fertilization":null,"slope":null,"weight_of_all_yield_of_the_variety_a_in_kg":null,"weight_of_all_yield_of_the_variety_b_in_kg":null,"weight_of_all_yield_of_the_variety_c_in_kg":null,"from_the_3_varieties_which_one_would_you_like_to_grow_again":null,"codigo_paquetes":null,"caracteristica_1":"Faster_maturity-(A/B/C)","best_variedad_1":null,"worst_variedad_1":null,"caracteristica_2":"Disease_resistance-(A/B/C)","best_variedad_2":null,"worst_variedad_2":null,"caracteristica_3":"Yield-(A/B/C)","best_variedad_3":null,"worst_variedad_3":null,"caracteristica_4":"Lodging_tolerant-(A/B/C)","better_variedad_4":null,"worse_variedad_4":null,"caracteristica_5":"Seed_size-(A/B/C)","better_variedad_5":null,"worse_variedad_5":null,"caracteristica_6":"Pods_per_plants-(A/B/C)","better_variedad_6":null,"worse_variedad_6":null,"caracteristica_7":"Seeds_per_pod-(A/B/C)","better_variedad_7":null,"worse_variedad_7":null,"caracteristica_8":"Overall_performance-(A/B/C)","best_variedad_8":null,"worst_variedad_8":null,"caracteristica_9":"Overall_performance_VS_Local-(Better/Worse)","variedad_a_9":null,"variedad_b_9":null,"variedad_c_9":null,"evaluation":null},
{"observadores":"issd_osw_sinana_fbean2018_10","name_user":null,"name_family":null,"village":null,"district":null,"telephone":null,"gender":null,"age":null,"location_longitude_seed_delivery_point":null,"location_latitude_seed_delivery_point":null,"location_altitude":null,"location_longitude":null,"location_latitude":null,"planting_date":null,"harvest_date":null,"fertilization":null,"slope":null,"weight_of_all_yield_of_the_variety_a_in_kg":null,"weight_of_all_yield_of_the_variety_b_in_kg":null,"weight_of_all_yield_of_the_variety_c_in_kg":null,"from_the_3_varieties_which_one_would_you_like_to_grow_again":null,"codigo_paquetes":null,"caracteristica_1":"Faster_maturity-(A/B/C)","best_variedad_1":null,"worst_variedad_1":null,"caracteristica_2":"Disease_resistance-(A/B/C)","best_variedad_2":null,"worst_variedad_2":null,"caracteristica_3":"Yield-(A/B/C)","best_variedad_3":null,"worst_variedad_3":null,"caracteristica_4":"Lodging_tolerant-(A/B/C)","better_variedad_4":null,"worse_variedad_4":null,"caracteristica_5":"Seed_size-(A/B/C)","better_variedad_5":null,"worse_variedad_5":null,"caracteristica_6":"Pods_per_plants-(A/B/C)","better_variedad_6":null,"worse_variedad_6":null,"caracteristica_7":"Seeds_per_pod-(A/B/C)","better_variedad_7":null,"worse_variedad_7":null,"caracteristica_8":"Overall_performance-(A/B/C)","best_variedad_8":null,"worst_variedad_8":null,"caracteristica_9":"Overall_performance_VS_Local-(Better/Worse)","variedad_a_9":null,"variedad_b_9":null,"variedad_c_9":null,"evaluation":null},
{"observadores":"issd_osw_sinana_fbean2018_11","name_user":null,"name_family":null,"village":null,"district":null,"telephone":null,"gender":null,"age":null,"location_longitude_seed_delivery_point":null,"location_latitude_seed_delivery_point":null,"location_altitude":null,"location_longitude":null,"location_latitude":null,"planting_date":null,"harvest_date":null,"fertilization":null,"slope":null,"weight_of_all_yield_of_the_variety_a_in_kg":null,"weight_of_all_yield_of_the_variety_b_in_kg":null,"weight_of_all_yield_of_the_variety_c_in_kg":null,"from_the_3_varieties_which_one_would_you_like_to_grow_again":null,"codigo_paquetes":null,"caracteristica_1":"Faster_maturity-(A/B/C)","best_variedad_1":null,"worst_variedad_1":null,"caracteristica_2":"Disease_resistance-(A/B/C)","best_variedad_2":null,"worst_variedad_2":null,"caracteristica_3":"Yield-(A/B/C)","best_variedad_3":null,"worst_variedad_3":null,"caracteristica_4":"Lodging_tolerant-(A/B/C)","better_variedad_4":null,"worse_variedad_4":null,"caracteristica_5":"Seed_size-(A/B/C)","better_variedad_5":null,"worse_variedad_5":null,"caracteristica_6":"Pods_per_plants-(A/B/C)","better_variedad_6":null,"worse_variedad_6":null,"caracteristica_7":"Seeds_per_pod-(A/B/C)","better_variedad_7":null,"worse_variedad_7":null,"caracteristica_8":"Overall_performance-(A/B/C)","best_variedad_8":null,"worst_variedad_8":null,"caracteristica_9":"Overall_performance_VS_Local-(Better/Worse)","variedad_a_9":null,"variedad_b_9":null,"variedad_c_9":null,"evaluation":null},
{"observadores":"issd_osw_sinana_fbean2018_12","name_user":null,"name_family":null,"village":null,"district":null,"telephone":null,"gender":null,"age":null,"location_longitude_seed_delivery_point":null,"location_latitude_seed_delivery_point":null,"location_altitude":null,"location_longitude":null,"location_latitude":null,"planting_date":null,"harvest_date":null,"fertilization":null,"slope":null,"weight_of_all_yield_of_the_variety_a_in_kg":null,"weight_of_all_yield_of_the_variety_b_in_kg":null,"weight_of_all_yield_of_the_variety_c_in_kg":null,"from_the_3_varieties_which_one_would_you_like_to_grow_again":null,"codigo_paquetes":null,"caracteristica_1":"Faster_maturity-(A/B/C)","best_variedad_1":null,"worst_variedad_1":null,"caracteristica_2":"Disease_resistance-(A/B/C)","best_variedad_2":null,"worst_variedad_2":null,"caracteristica_3":"Yield-(A/B/C)","best_variedad_3":null,"worst_variedad_3":null,"caracteristica_4":"Lodging_tolerant-(A/B/C)","better_variedad_4":null,"worse_variedad_4":null,"caracteristica_5":"Seed_size-(A/B/C)","better_variedad_5":null,"worse_variedad_5":null,"caracteristica_6":"Pods_per_plants-(A/B/C)","better_variedad_6":null,"worse_variedad_6":null,"caracteristica_7":"Seeds_per_pod-(A/B/C)","better_variedad_7":null,"worse_variedad_7":null,"caracteristica_8":"Overall_performance-(A/B/C)","best_variedad_8":null,"worst_variedad_8":null,"caracteristica_9":"Overall_performance_VS_Local-(Better/Worse)","variedad_a_9":null,"variedad_b_9":null,"variedad_c_9":null,"evaluation":null},
{"observadores":"issd_osw_sinana_fbean2018_13","name_user":null,"name_family":null,"village":null,"district":null,"telephone":null,"gender":null,"age":null,"location_longitude_seed_delivery_point":null,"location_latitude_seed_delivery_point":null,"location_altitude":null,"location_longitude":null,"location_latitude":null,"planting_date":null,"harvest_date":null,"fertilization":null,"slope":null,"weight_of_all_yield_of_the_variety_a_in_kg":null,"weight_of_all_yield_of_the_variety_b_in_kg":null,"weight_of_all_yield_of_the_variety_c_in_kg":null,"from_the_3_varieties_which_one_would_you_like_to_grow_again":null,"codigo_paquetes":null,"caracteristica_1":"Faster_maturity-(A/B/C)","best_variedad_1":null,"worst_variedad_1":null,"caracteristica_2":"Disease_resistance-(A/B/C)","best_variedad_2":null,"worst_variedad_2":null,"caracteristica_3":"Yield-(A/B/C)","best_variedad_3":null,"worst_variedad_3":null,"caracteristica_4":"Lodging_tolerant-(A/B/C)","better_variedad_4":null,"worse_variedad_4":null,"caracteristica_5":"Seed_size-(A/B/C)","better_variedad_5":null,"worse_variedad_5":null,"caracteristica_6":"Pods_per_plants-(A/B/C)","better_variedad_6":null,"worse_variedad_6":null,"caracteristica_7":"Seeds_per_pod-(A/B/C)","better_variedad_7":null,"worse_variedad_7":null,"caracteristica_8":"Overall_performance-(A/B/C)","best_variedad_8":null,"worst_variedad_8":null,"caracteristica_9":"Overall_performance_VS_Local-(Better/Worse)","variedad_a_9":null,"variedad_b_9":null,"variedad_c_9":null,"evaluation":null},
{"observadores":"issd_osw_sinana_fbean2018_14","name_user":null,"name_family":null,"village":null,"district":null,"telephone":null,"gender":null,"age":null,"location_longitude_seed_delivery_point":null,"location_latitude_seed_delivery_point":null,"location_altitude":null,"location_longitude":null,"location_latitude":null,"planting_date":null,"harvest_date":null,"fertilization":null,"slope":null,"weight_of_all_yield_of_the_variety_a_in_kg":null,"weight_of_all_yield_of_the_variety_b_in_kg":null,"weight_of_all_yield_of_the_variety_c_in_kg":null,"from_the_3_varieties_which_one_would_you_like_to_grow_again":null,"codigo_paquetes":null,"caracteristica_1":"Faster_maturity-(A/B/C)","best_variedad_1":null,"worst_variedad_1":null,"caracteristica_2":"Disease_resistance-(A/B/C)","best_variedad_2":null,"worst_variedad_2":null,"caracteristica_3":"Yield-(A/B/C)","best_variedad_3":null,"worst_variedad_3":null,"caracteristica_4":"Lodging_tolerant-(A/B/C)","better_variedad_4":null,"worse_variedad_4":null,"caracteristica_5":"Seed_size-(A/B/C)","better_variedad_5":null,"worse_variedad_5":null,"caracteristica_6":"Pods_per_plants-(A/B/C)","better_variedad_6":null,"worse_variedad_6":null,"caracteristica_7":"Seeds_per_pod-(A/B/C)","better_variedad_7":null,"worse_variedad_7":null,"caracteristica_8":"Overall_performance-(A/B/C)","best_variedad_8":null,"worst_variedad_8":null,"caracteristica_9":"Overall_performance_VS_Local-(Better/Worse)","variedad_a_9":null,"variedad_b_9":null,"variedad_c_9":null,"evaluation":null},
{"observadores":"issd_osw_sinana_fbean2018_15","name_user":null,"name_family":null,"village":null,"district":null,"telephone":null,"gender":null,"age":null,"location_longitude_seed_delivery_point":null,"location_latitude_seed_delivery_point":null,"location_altitude":null,"location_longitude":null,"location_latitude":null,"planting_date":null,"harvest_date":null,"fertilization":null,"slope":null,"weight_of_all_yield_of_the_variety_a_in_kg":null,"weight_of_all_yield_of_the_variety_b_in_kg":null,"weight_of_all_yield_of_the_variety_c_in_kg":null,"from_the_3_varieties_which_one_would_you_like_to_grow_again":null,"codigo_paquetes":null,"caracteristica_1":"Faster_maturity-(A/B/C)","best_variedad_1":null,"worst_variedad_1":null,"caracteristica_2":"Disease_resistance-(A/B/C)","best_variedad_2":null,"worst_variedad_2":null,"caracteristica_3":"Yield-(A/B/C)","best_variedad_3":null,"worst_variedad_3":null,"caracteristica_4":"Lodging_tolerant-(A/B/C)","better_variedad_4":null,"worse_variedad_4":null,"caracteristica_5":"Seed_size-(A/B/C)","better_variedad_5":null,"worse_variedad_5":null,"caracteristica_6":"Pods_per_plants-(A/B/C)","better_variedad_6":null,"worse_variedad_6":null,"caracteristica_7":"Seeds_per_pod-(A/B/C)","better_variedad_7":null,"worse_variedad_7":null,"caracteristica_8":"Overall_performance-(A/B/C)","best_variedad_8":null,"worst_variedad_8":null,"caracteristica_9":"Overall_performance_VS_Local-(Better/Worse)","variedad_a_9":null,"variedad_b_9":null,"variedad_c_9":null,"evaluation":null},
{"observadores":"issd_osw_sinana_fbean2018_16","name_user":null,"name_family":null,"village":null,"district":null,"telephone":null,"gender":null,"age":null,"location_longitude_seed_delivery_point":null,"location_latitude_seed_delivery_point":null,"location_altitude":null,"location_longitude":null,"location_latitude":null,"planting_date":null,"harvest_date":null,"fertilization":null,"slope":null,"weight_of_all_yield_of_the_variety_a_in_kg":null,"weight_of_all_yield_of_the_variety_b_in_kg":null,"weight_of_all_yield_of_the_variety_c_in_kg":null,"from_the_3_varieties_which_one_would_you_like_to_grow_again":null,"codigo_paquetes":null,"caracteristica_1":"Faster_maturity-(A/B/C)","best_variedad_1":null,"worst_variedad_1":null,"caracteristica_2":"Disease_resistance-(A/B/C)","best_variedad_2":null,"worst_variedad_2":null,"caracteristica_3":"Yield-(A/B/C)","best_variedad_3":null,"worst_variedad_3":null,"caracteristica_4":"Lodging_tolerant-(A/B/C)","better_variedad_4":null,"worse_variedad_4":null,"caracteristica_5":"Seed_size-(A/B/C)","better_variedad_5":null,"worse_variedad_5":null,"caracteristica_6":"Pods_per_plants-(A/B/C)","better_variedad_6":null,"worse_variedad_6":null,"caracteristica_7":"Seeds_per_pod-(A/B/C)","better_variedad_7":null,"worse_variedad_7":null,"caracteristica_8":"Overall_performance-(A/B/C)","best_variedad_8":null,"worst_variedad_8":null,"caracteristica_9":"Overall_performance_VS_Local-(Better/Worse)","variedad_a_9":null,"variedad_b_9":null,"variedad_c_9":null,"evaluation":null},
{"observadores":"issd_osw_sinana_fbean2018_17","name_user":null,"name_family":null,"village":null,"district":null,"telephone":null,"gender":null,"age":null,"location_longitude_seed_delivery_point":null,"location_latitude_seed_delivery_point":null,"location_altitude":null,"location_longitude":null,"location_latitude":null,"planting_date":null,"harvest_date":null,"fertilization":null,"slope":null,"weight_of_all_yield_of_the_variety_a_in_kg":null,"weight_of_all_yield_of_the_variety_b_in_kg":null,"weight_of_all_yield_of_the_variety_c_in_kg":null,"from_the_3_varieties_which_one_would_you_like_to_grow_again":null,"codigo_paquetes":null,"caracteristica_1":"Faster_maturity-(A/B/C)","best_variedad_1":null,"worst_variedad_1":null,"caracteristica_2":"Disease_resistance-(A/B/C)","best_variedad_2":null,"worst_variedad_2":null,"caracteristica_3":"Yield-(A/B/C)","best_variedad_3":null,"worst_variedad_3":null,"caracteristica_4":"Lodging_tolerant-(A/B/C)","better_variedad_4":null,"worse_variedad_4":null,"caracteristica_5":"Seed_size-(A/B/C)","better_variedad_5":null,"worse_variedad_5":null,"caracteristica_6":"Pods_per_plants-(A/B/C)","better_variedad_6":null,"worse_variedad_6":null,"caracteristica_7":"Seeds_per_pod-(A/B/C)","better_variedad_7":null,"worse_variedad_7":null,"caracteristica_8":"Overall_performance-(A/B/C)","best_variedad_8":null,"worst_variedad_8":null,"caracteristica_9":"Overall_performance_VS_Local-(Better/Worse)","variedad_a_9":null,"variedad_b_9":null,"variedad_c_9":null,"evaluation":null},
{"observadores":"issd_osw_sinana_fbean2018_18","name_user":null,"name_family":null,"village":null,"district":null,"telephone":null,"gender":null,"age":null,"location_longitude_seed_delivery_point":null,"location_latitude_seed_delivery_point":null,"location_altitude":null,"location_longitude":null,"location_latitude":null,"planting_date":null,"harvest_date":null,"fertilization":null,"slope":null,"weight_of_all_yield_of_the_variety_a_in_kg":null,"weight_of_all_yield_of_the_variety_b_in_kg":null,"weight_of_all_yield_of_the_variety_c_in_kg":null,"from_the_3_varieties_which_one_would_you_like_to_grow_again":null,"codigo_paquetes":null,"caracteristica_1":"Faster_maturity-(A/B/C)","best_variedad_1":null,"worst_variedad_1":null,"caracteristica_2":"Disease_resistance-(A/B/C)","best_variedad_2":null,"worst_variedad_2":null,"caracteristica_3":"Yield-(A/B/C)","best_variedad_3":null,"worst_variedad_3":null,"caracteristica_4":"Lodging_tolerant-(A/B/C)","better_variedad_4":null,"worse_variedad_4":null,"caracteristica_5":"Seed_size-(A/B/C)","better_variedad_5":null,"worse_variedad_5":null,"caracteristica_6":"Pods_per_plants-(A/B/C)","better_variedad_6":null,"worse_variedad_6":null,"caracteristica_7":"Seeds_per_pod-(A/B/C)","better_variedad_7":null,"worse_variedad_7":null,"caracteristica_8":"Overall_performance-(A/B/C)","best_variedad_8":null,"worst_variedad_8":null,"caracteristica_9":"Overall_performance_VS_Local-(Better/Worse)","variedad_a_9":null,"variedad_b_9":null,"variedad_c_9":null,"evaluation":null},
{"observadores":"issd_osw_sinana_fbean2018_19","name_user":null,"name_family":null,"village":null,"district":null,"telephone":null,"gender":null,"age":null,"location_longitude_seed_delivery_point":null,"location_latitude_seed_delivery_point":null,"location_altitude":null,"location_longitude":null,"location_latitude":null,"planting_date":null,"harvest_date":null,"fertilization":null,"slope":null,"weight_of_all_yield_of_the_variety_a_in_kg":null,"weight_of_all_yield_of_the_variety_b_in_kg":null,"weight_of_all_yield_of_the_variety_c_in_kg":null,"from_the_3_varieties_which_one_would_you_like_to_grow_again":null,"codigo_paquetes":null,"caracteristica_1":"Faster_maturity-(A/B/C)","best_variedad_1":null,"worst_variedad_1":null,"caracteristica_2":"Disease_resistance-(A/B/C)","best_variedad_2":null,"worst_variedad_2":null,"caracteristica_3":"Yield-(A/B/C)","best_variedad_3":null,"worst_variedad_3":null,"caracteristica_4":"Lodging_tolerant-(A/B/C)","better_variedad_4":null,"worse_variedad_4":null,"caracteristica_5":"Seed_size-(A/B/C)","better_variedad_5":null,"worse_variedad_5":null,"caracteristica_6":"Pods_per_plants-(A/B/C)","better_variedad_6":null,"worse_variedad_6":null,"caracteristica_7":"Seeds_per_pod-(A/B/C)","better_variedad_7":null,"worse_variedad_7":null,"caracteristica_8":"Overall_performance-(A/B/C)","best_variedad_8":null,"worst_variedad_8":null,"caracteristica_9":"Overall_performance_VS_Local-(Better/Worse)","variedad_a_9":null,"variedad_b_9":null,"variedad_c_9":null,"evaluation":null},
{"observadores":"issd_osw_sinana_fbean2018_2","name_user":null,"name_family":null,"village":null,"district":null,"telephone":null,"gender":null,"age":null,"location_longitude_seed_delivery_point":null,"location_latitude_seed_delivery_point":null,"location_altitude":null,"location_longitude":null,"location_latitude":null,"planting_date":null,"harvest_date":null,"fertilization":null,"slope":null,"weight_of_all_yield_of_the_variety_a_in_kg":null,"weight_of_all_yield_of_the_variety_b_in_kg":null,"weight_of_all_yield_of_the_variety_c_in_kg":null,"from_the_3_varieties_which_one_would_you_like_to_grow_again":null,"codigo_paquetes":null,"caracteristica_1":"Faster_maturity-(A/B/C)","best_variedad_1":null,"worst_variedad_1":null,"caracteristica_2":"Disease_resistance-(A/B/C)","best_variedad_2":null,"worst_variedad_2":null,"caracteristica_3":"Yield-(A/B/C)","best_variedad_3":null,"worst_variedad_3":null,"caracteristica_4":"Lodging_tolerant-(A/B/C)","better_variedad_4":null,"worse_variedad_4":null,"caracteristica_5":"Seed_size-(A/B/C)","better_variedad_5":null,"worse_variedad_5":null,"caracteristica_6":"Pods_per_plants-(A/B/C)","better_variedad_6":null,"worse_variedad_6":null,"caracteristica_7":"Seeds_per_pod-(A/B/C)","better_variedad_7":null,"worse_variedad_7":null,"caracteristica_8":"Overall_performance-(A/B/C)","best_variedad_8":null,"worst_variedad_8":null,"caracteristica_9":"Overall_performance_VS_Local-(Better/Worse)","variedad_a_9":null,"variedad_b_9":null,"variedad_c_9":null,"evaluation":null},
{"observadores":"issd_osw_sinana_fbean2018_20","name_user":null,"name_family":null,"village":null,"district":null,"telephone":null,"gender":null,"age":null,"location_longitude_seed_delivery_point":null,"location_latitude_seed_delivery_point":null,"location_altitude":null,"location_longitude":null,"location_latitude":null,"planting_date":null,"harvest_date":null,"fertilization":null,"slope":null,"weight_of_all_yield_of_the_variety_a_in_kg":null,"weight_of_all_yield_of_the_variety_b_in_kg":null,"weight_of_all_yield_of_the_variety_c_in_kg":null,"from_the_3_varieties_which_one_would_you_like_to_grow_again":null,"codigo_paquetes":null,"caracteristica_1":"Faster_maturity-(A/B/C)","best_variedad_1":null,"worst_variedad_1":null,"caracteristica_2":"Disease_resistance-(A/B/C)","best_variedad_2":null,"worst_variedad_2":null,"caracteristica_3":"Yield-(A/B/C)","best_variedad_3":null,"worst_variedad_3":null,"caracteristica_4":"Lodging_tolerant-(A/B/C)","better_variedad_4":null,"worse_variedad_4":null,"caracteristica_5":"Seed_size-(A/B/C)","better_variedad_5":null,"worse_variedad_5":null,"caracteristica_6":"Pods_per_plants-(A/B/C)","better_variedad_6":null,"worse_variedad_6":null,"caracteristica_7":"Seeds_per_pod-(A/B/C)","better_variedad_7":null,"worse_variedad_7":null,"caracteristica_8":"Overall_performance-(A/B/C)","best_variedad_8":null,"worst_variedad_8":null,"caracteristica_9":"Overall_performance_VS_Local-(Better/Worse)","variedad_a_9":null,"variedad_b_9":null,"variedad_c_9":null,"evaluation":null},
{"observadores":"issd_osw_sinana_fbean2018_21","name_user":null,"name_family":null,"village":null,"district":null,"telephone":null,"gender":null,"age":null,"location_longitude_seed_delivery_point":null,"location_latitude_seed_delivery_point":null,"location_altitude":null,"location_longitude":null,"location_latitude":null,"planting_date":null,"harvest_date":null,"fertilization":null,"slope":null,"weight_of_all_yield_of_the_variety_a_in_kg":null,"weight_of_all_yield_of_the_variety_b_in_kg":null,"weight_of_all_yield_of_the_variety_c_in_kg":null,"from_the_3_varieties_which_one_would_you_like_to_grow_again":null,"codigo_paquetes":null,"caracteristica_1":"Faster_maturity-(A/B/C)","best_variedad_1":null,"worst_variedad_1":null,"caracteristica_2":"Disease_resistance-(A/B/C)","best_variedad_2":null,"worst_variedad_2":null,"caracteristica_3":"Yield-(A/B/C)","best_variedad_3":null,"worst_variedad_3":null,"caracteristica_4":"Lodging_tolerant-(A/B/C)","better_variedad_4":null,"worse_variedad_4":null,"caracteristica_5":"Seed_size-(A/B/C)","better_variedad_5":null,"worse_variedad_5":null,"caracteristica_6":"Pods_per_plants-(A/B/C)","better_variedad_6":null,"worse_variedad_6":null,"caracteristica_7":"Seeds_per_pod-(A/B/C)","better_variedad_7":null,"worse_variedad_7":null,"caracteristica_8":"Overall_performance-(A/B/C)","best_variedad_8":null,"worst_variedad_8":null,"caracteristica_9":"Overall_performance_VS_Local-(Better/Worse)","variedad_a_9":null,"variedad_b_9":null,"variedad_c_9":null,"evaluation":null},
{"observadores":"issd_osw_sinana_fbean2018_22","name_user":null,"name_family":null,"village":null,"district":null,"telephone":null,"gender":null,"age":null,"location_longitude_seed_delivery_point":null,"location_latitude_seed_delivery_point":null,"location_altitude":null,"location_longitude":null,"location_latitude":null,"planting_date":null,"harvest_date":null,"fertilization":null,"slope":null,"weight_of_all_yield_of_the_variety_a_in_kg":null,"weight_of_all_yield_of_the_variety_b_in_kg":null,"weight_of_all_yield_of_the_variety_c_in_kg":null,"from_the_3_varieties_which_one_would_you_like_to_grow_again":null,"codigo_paquetes":null,"caracteristica_1":"Faster_maturity-(A/B/C)","best_variedad_1":null,"worst_variedad_1":null,"caracteristica_2":"Disease_resistance-(A/B/C)","best_variedad_2":null,"worst_variedad_2":null,"caracteristica_3":"Yield-(A/B/C)","best_variedad_3":null,"worst_variedad_3":null,"caracteristica_4":"Lodging_tolerant-(A/B/C)","better_variedad_4":null,"worse_variedad_4":null,"caracteristica_5":"Seed_size-(A/B/C)","better_variedad_5":null,"worse_variedad_5":null,"caracteristica_6":"Pods_per_plants-(A/B/C)","better_variedad_6":null,"worse_variedad_6":null,"caracteristica_7":"Seeds_per_pod-(A/B/C)","better_variedad_7":null,"worse_variedad_7":null,"caracteristica_8":"Overall_performance-(A/B/C)","best_variedad_8":null,"worst_variedad_8":null,"caracteristica_9":"Overall_performance_VS_Local-(Better/Worse)","variedad_a_9":null,"variedad_b_9":null,"variedad_c_9":null,"evaluation":null},
{"observadores":"issd_osw_sinana_fbean2018_23","name_user":null,"name_family":null,"village":null,"district":null,"telephone":null,"gender":null,"age":null,"location_longitude_seed_delivery_point":null,"location_latitude_seed_delivery_point":null,"location_altitude":null,"location_longitude":null,"location_latitude":null,"planting_date":null,"harvest_date":null,"fertilization":null,"slope":null,"weight_of_all_yield_of_the_variety_a_in_kg":null,"weight_of_all_yield_of_the_variety_b_in_kg":null,"weight_of_all_yield_of_the_variety_c_in_kg":null,"from_the_3_varieties_which_one_would_you_like_to_grow_again":null,"codigo_paquetes":null,"caracteristica_1":"Faster_maturity-(A/B/C)","best_variedad_1":null,"worst_variedad_1":null,"caracteristica_2":"Disease_resistance-(A/B/C)","best_variedad_2":null,"worst_variedad_2":null,"caracteristica_3":"Yield-(A/B/C)","best_variedad_3":null,"worst_variedad_3":null,"caracteristica_4":"Lodging_tolerant-(A/B/C)","better_variedad_4":null,"worse_variedad_4":null,"caracteristica_5":"Seed_size-(A/B/C)","better_variedad_5":null,"worse_variedad_5":null,"caracteristica_6":"Pods_per_plants-(A/B/C)","better_variedad_6":null,"worse_variedad_6":null,"caracteristica_7":"Seeds_per_pod-(A/B/C)","better_variedad_7":null,"worse_variedad_7":null,"caracteristica_8":"Overall_performance-(A/B/C)","best_variedad_8":null,"worst_variedad_8":null,"caracteristica_9":"Overall_performance_VS_Local-(Better/Worse)","variedad_a_9":null,"variedad_b_9":null,"variedad_c_9":null,"evaluation":null},
{"observadores":"issd_osw_sinana_fbean2018_24","name_user":null,"name_family":null,"village":null,"district":null,"telephone":null,"gender":null,"age":null,"location_longitude_seed_delivery_point":null,"location_latitude_seed_delivery_point":null,"location_altitude":null,"location_longitude":null,"location_latitude":null,"planting_date":null,"harvest_date":null,"fertilization":null,"slope":null,"weight_of_all_yield_of_the_variety_a_in_kg":null,"weight_of_all_yield_of_the_variety_b_in_kg":null,"weight_of_all_yield_of_the_variety_c_in_kg":null,"from_the_3_varieties_which_one_would_you_like_to_grow_again":null,"codigo_paquetes":null,"caracteristica_1":"Faster_maturity-(A/B/C)","best_variedad_1":null,"worst_variedad_1":null,"caracteristica_2":"Disease_resistance-(A/B/C)","best_variedad_2":null,"worst_variedad_2":null,"caracteristica_3":"Yield-(A/B/C)","best_variedad_3":null,"worst_variedad_3":null,"caracteristica_4":"Lodging_tolerant-(A/B/C)","better_variedad_4":null,"worse_variedad_4":null,"caracteristica_5":"Seed_size-(A/B/C)","better_variedad_5":null,"worse_variedad_5":null,"caracteristica_6":"Pods_per_plants-(A/B/C)","better_variedad_6":null,"worse_variedad_6":null,"caracteristica_7":"Seeds_per_pod-(A/B/C)","better_variedad_7":null,"worse_variedad_7":null,"caracteristica_8":"Overall_performance-(A/B/C)","best_variedad_8":null,"worst_variedad_8":null,"caracteristica_9":"Overall_performance_VS_Local-(Better/Worse)","variedad_a_9":null,"variedad_b_9":null,"variedad_c_9":null,"evaluation":null},
{"observadores":"issd_osw_sinana_fbean2018_25","name_user":null,"name_family":null,"village":null,"district":null,"telephone":null,"gender":null,"age":null,"location_longitude_seed_delivery_point":null,"location_latitude_seed_delivery_point":null,"location_altitude":null,"location_longitude":null,"location_latitude":null,"planting_date":null,"harvest_date":null,"fertilization":null,"slope":null,"weight_of_all_yield_of_the_variety_a_in_kg":null,"weight_of_all_yield_of_the_variety_b_in_kg":null,"weight_of_all_yield_of_the_variety_c_in_kg":null,"from_the_3_varieties_which_one_would_you_like_to_grow_again":null,"codigo_paquetes":null,"caracteristica_1":"Faster_maturity-(A/B/C)","best_variedad_1":null,"worst_variedad_1":null,"caracteristica_2":"Disease_resistance-(A/B/C)","best_variedad_2":null,"worst_variedad_2":null,"caracteristica_3":"Yield-(A/B/C)","best_variedad_3":null,"worst_variedad_3":null,"caracteristica_4":"Lodging_tolerant-(A/B/C)","better_variedad_4":null,"worse_variedad_4":null,"caracteristica_5":"Seed_size-(A/B/C)","better_variedad_5":null,"worse_variedad_5":null,"caracteristica_6":"Pods_per_plants-(A/B/C)","better_variedad_6":null,"worse_variedad_6":null,"caracteristica_7":"Seeds_per_pod-(A/B/C)","better_variedad_7":null,"worse_variedad_7":null,"caracteristica_8":"Overall_performance-(A/B/C)","best_variedad_8":null,"worst_variedad_8":null,"caracteristica_9":"Overall_performance_VS_Local-(Better/Worse)","variedad_a_9":null,"variedad_b_9":null,"variedad_c_9":null,"evaluation":null},
{"observadores":"issd_osw_sinana_fbean2018_26","name_user":null,"name_family":null,"village":null,"district":null,"telephone":null,"gender":null,"age":null,"location_longitude_seed_delivery_point":null,"location_latitude_seed_delivery_point":null,"location_altitude":null,"location_longitude":null,"location_latitude":null,"planting_date":null,"harvest_date":null,"fertilization":null,"slope":null,"weight_of_all_yield_of_the_variety_a_in_kg":null,"weight_of_all_yield_of_the_variety_b_in_kg":null,"weight_of_all_yield_of_the_variety_c_in_kg":null,"from_the_3_varieties_which_one_would_you_like_to_grow_again":null,"codigo_paquetes":null,"caracteristica_1":"Faster_maturity-(A/B/C)","best_variedad_1":null,"worst_variedad_1":null,"caracteristica_2":"Disease_resistance-(A/B/C)","best_variedad_2":null,"worst_variedad_2":null,"caracteristica_3":"Yield-(A/B/C)","best_variedad_3":null,"worst_variedad_3":null,"caracteristica_4":"Lodging_tolerant-(A/B/C)","better_variedad_4":null,"worse_variedad_4":null,"caracteristica_5":"Seed_size-(A/B/C)","better_variedad_5":null,"worse_variedad_5":null,"caracteristica_6":"Pods_per_plants-(A/B/C)","better_variedad_6":null,"worse_variedad_6":null,"caracteristica_7":"Seeds_per_pod-(A/B/C)","better_variedad_7":null,"worse_variedad_7":null,"caracteristica_8":"Overall_performance-(A/B/C)","best_variedad_8":null,"worst_variedad_8":null,"caracteristica_9":"Overall_performance_VS_Local-(Better/Worse)","variedad_a_9":null,"variedad_b_9":null,"variedad_c_9":null,"evaluation":null},
{"observadores":"issd_osw_sinana_fbean2018_27","name_user":null,"name_family":null,"village":null,"district":null,"telephone":null,"gender":null,"age":null,"location_longitude_seed_delivery_point":null,"location_latitude_seed_delivery_point":null,"location_altitude":null,"location_longitude":null,"location_latitude":null,"planting_date":null,"harvest_date":null,"fertilization":null,"slope":null,"weight_of_all_yield_of_the_variety_a_in_kg":null,"weight_of_all_yield_of_the_variety_b_in_kg":null,"weight_of_all_yield_of_the_variety_c_in_kg":null,"from_the_3_varieties_which_one_would_you_like_to_grow_again":null,"codigo_paquetes":null,"caracteristica_1":"Faster_maturity-(A/B/C)","best_variedad_1":null,"worst_variedad_1":null,"caracteristica_2":"Disease_resistance-(A/B/C)","best_variedad_2":null,"worst_variedad_2":null,"caracteristica_3":"Yield-(A/B/C)","best_variedad_3":null,"worst_variedad_3":null,"caracteristica_4":"Lodging_tolerant-(A/B/C)","better_variedad_4":null,"worse_variedad_4":null,"caracteristica_5":"Seed_size-(A/B/C)","better_variedad_5":null,"worse_variedad_5":null,"caracteristica_6":"Pods_per_plants-(A/B/C)","better_variedad_6":null,"worse_variedad_6":null,"caracteristica_7":"Seeds_per_pod-(A/B/C)","better_variedad_7":null,"worse_variedad_7":null,"caracteristica_8":"Overall_performance-(A/B/C)","best_variedad_8":null,"worst_variedad_8":null,"caracteristica_9":"Overall_performance_VS_Local-(Better/Worse)","variedad_a_9":null,"variedad_b_9":null,"variedad_c_9":null,"evaluation":null},
{"observadores":"issd_osw_sinana_fbean2018_28","name_user":null,"name_family":null,"village":null,"district":null,"telephone":null,"gender":null,"age":null,"location_longitude_seed_delivery_point":null,"location_latitude_seed_delivery_point":null,"location_altitude":null,"location_longitude":null,"location_latitude":null,"planting_date":null,"harvest_date":null,"fertilization":null,"slope":null,"weight_of_all_yield_of_the_variety_a_in_kg":null,"weight_of_all_yield_of_the_variety_b_in_kg":null,"weight_of_all_yield_of_the_variety_c_in_kg":null,"from_the_3_varieties_which_one_would_you_like_to_grow_again":null,"codigo_paquetes":null,"caracteristica_1":"Faster_maturity-(A/B/C)","best_variedad_1":null,"worst_variedad_1":null,"caracteristica_2":"Disease_resistance-(A/B/C)","best_variedad_2":null,"worst_variedad_2":null,"caracteristica_3":"Yield-(A/B/C)","best_variedad_3":null,"worst_variedad_3":null,"caracteristica_4":"Lodging_tolerant-(A/B/C)","better_variedad_4":null,"worse_variedad_4":null,"caracteristica_5":"Seed_size-(A/B/C)","better_variedad_5":null,"worse_variedad_5":null,"caracteristica_6":"Pods_per_plants-(A/B/C)","better_variedad_6":null,"worse_variedad_6":null,"caracteristica_7":"Seeds_per_pod-(A/B/C)","better_variedad_7":null,"worse_variedad_7":null,"caracteristica_8":"Overall_performance-(A/B/C)","best_variedad_8":null,"worst_variedad_8":null,"caracteristica_9":"Overall_performance_VS_Local-(Better/Worse)","variedad_a_9":null,"variedad_b_9":null,"variedad_c_9":null,"evaluation":null},
{"observadores":"issd_osw_sinana_fbean2018_29","name_user":null,"name_family":null,"village":null,"district":null,"telephone":null,"gender":null,"age":null,"location_longitude_seed_delivery_point":null,"location_latitude_seed_delivery_point":null,"location_altitude":null,"location_longitude":null,"location_latitude":null,"planting_date":null,"harvest_date":null,"fertilization":null,"slope":null,"weight_of_all_yield_of_the_variety_a_in_kg":null,"weight_of_all_yield_of_the_variety_b_in_kg":null,"weight_of_all_yield_of_the_variety_c_in_kg":null,"from_the_3_varieties_which_one_would_you_like_to_grow_again":null,"codigo_paquetes":null,"caracteristica_1":"Faster_maturity-(A/B/C)","best_variedad_1":null,"worst_variedad_1":null,"caracteristica_2":"Disease_resistance-(A/B/C)","best_variedad_2":null,"worst_variedad_2":null,"caracteristica_3":"Yield-(A/B/C)","best_variedad_3":null,"worst_variedad_3":null,"caracteristica_4":"Lodging_tolerant-(A/B/C)","better_variedad_4":null,"worse_variedad_4":null,"caracteristica_5":"Seed_size-(A/B/C)","better_variedad_5":null,"worse_variedad_5":null,"caracteristica_6":"Pods_per_plants-(A/B/C)","better_variedad_6":null,"worse_variedad_6":null,"caracteristica_7":"Seeds_per_pod-(A/B/C)","better_variedad_7":null,"worse_variedad_7":null,"caracteristica_8":"Overall_performance-(A/B/C)","best_variedad_8":null,"worst_variedad_8":null,"caracteristica_9":"Overall_performance_VS_Local-(Better/Worse)","variedad_a_9":null,"variedad_b_9":null,"variedad_c_9":null,"evaluation":null},
{"observadores":"issd_osw_sinana_fbean2018_3","name_user":null,"name_family":null,"village":null,"district":null,"telephone":null,"gender":null,"age":null,"location_longitude_seed_delivery_point":null,"location_latitude_seed_delivery_point":null,"location_altitude":null,"location_longitude":null,"location_latitude":null,"planting_date":null,"harvest_date":null,"fertilization":null,"slope":null,"weight_of_all_yield_of_the_variety_a_in_kg":null,"weight_of_all_yield_of_the_variety_b_in_kg":null,"weight_of_all_yield_of_the_variety_c_in_kg":null,"from_the_3_varieties_which_one_would_you_like_to_grow_again":null,"codigo_paquetes":null,"caracteristica_1":"Faster_maturity-(A/B/C)","best_variedad_1":null,"worst_variedad_1":null,"caracteristica_2":"Disease_resistance-(A/B/C)","best_variedad_2":null,"worst_variedad_2":null,"caracteristica_3":"Yield-(A/B/C)","best_variedad_3":null,"worst_variedad_3":null,"caracteristica_4":"Lodging_tolerant-(A/B/C)","better_variedad_4":null,"worse_variedad_4":null,"caracteristica_5":"Seed_size-(A/B/C)","better_variedad_5":null,"worse_variedad_5":null,"caracteristica_6":"Pods_per_plants-(A/B/C)","better_variedad_6":null,"worse_variedad_6":null,"caracteristica_7":"Seeds_per_pod-(A/B/C)","better_variedad_7":null,"worse_variedad_7":null,"caracteristica_8":"Overall_performance-(A/B/C)","best_variedad_8":null,"worst_variedad_8":null,"caracteristica_9":"Overall_performance_VS_Local-(Better/Worse)","variedad_a_9":null,"variedad_b_9":null,"variedad_c_9":null,"evaluation":null},
{"observadores":"issd_osw_sinana_fbean2018_30","name_user":null,"name_family":null,"village":null,"district":null,"telephone":null,"gender":null,"age":null,"location_longitude_seed_delivery_point":null,"location_latitude_seed_delivery_point":null,"location_altitude":null,"location_longitude":null,"location_latitude":null,"planting_date":null,"harvest_date":null,"fertilization":null,"slope":null,"weight_of_all_yield_of_the_variety_a_in_kg":null,"weight_of_all_yield_of_the_variety_b_in_kg":null,"weight_of_all_yield_of_the_variety_c_in_kg":null,"from_the_3_varieties_which_one_would_you_like_to_grow_again":null,"codigo_paquetes":null,"caracteristica_1":"Faster_maturity-(A/B/C)","best_variedad_1":null,"worst_variedad_1":null,"caracteristica_2":"Disease_resistance-(A/B/C)","best_variedad_2":null,"worst_variedad_2":null,"caracteristica_3":"Yield-(A/B/C)","best_variedad_3":null,"worst_variedad_3":null,"caracteristica_4":"Lodging_tolerant-(A/B/C)","better_variedad_4":null,"worse_variedad_4":null,"caracteristica_5":"Seed_size-(A/B/C)","better_variedad_5":null,"worse_variedad_5":null,"caracteristica_6":"Pods_per_plants-(A/B/C)","better_variedad_6":null,"worse_variedad_6":null,"caracteristica_7":"Seeds_per_pod-(A/B/C)","better_variedad_7":null,"worse_variedad_7":null,"caracteristica_8":"Overall_performance-(A/B/C)","best_variedad_8":null,"worst_variedad_8":null,"caracteristica_9":"Overall_performance_VS_Local-(Better/Worse)","variedad_a_9":null,"variedad_b_9":null,"variedad_c_9":null,"evaluation":null},
{"observadores":"issd_osw_sinana_fbean2018_31","name_user":null,"name_family":null,"village":null,"district":null,"telephone":null,"gender":null,"age":null,"location_longitude_seed_delivery_point":null,"location_latitude_seed_delivery_point":null,"location_altitude":null,"location_longitude":null,"location_latitude":null,"planting_date":null,"harvest_date":null,"fertilization":null,"slope":null,"weight_of_all_yield_of_the_variety_a_in_kg":null,"weight_of_all_yield_of_the_variety_b_in_kg":null,"weight_of_all_yield_of_the_variety_c_in_kg":null,"from_the_3_varieties_which_one_would_you_like_to_grow_again":null,"codigo_paquetes":null,"caracteristica_1":"Faster_maturity-(A/B/C)","best_variedad_1":null,"worst_variedad_1":null,"caracteristica_2":"Disease_resistance-(A/B/C)","best_variedad_2":null,"worst_variedad_2":null,"caracteristica_3":"Yield-(A/B/C)","best_variedad_3":null,"worst_variedad_3":null,"caracteristica_4":"Lodging_tolerant-(A/B/C)","better_variedad_4":null,"worse_variedad_4":null,"caracteristica_5":"Seed_size-(A/B/C)","better_variedad_5":null,"worse_variedad_5":null,"caracteristica_6":"Pods_per_plants-(A/B/C)","better_variedad_6":null,"worse_variedad_6":null,"caracteristica_7":"Seeds_per_pod-(A/B/C)","better_variedad_7":null,"worse_variedad_7":null,"caracteristica_8":"Overall_performance-(A/B/C)","best_variedad_8":null,"worst_variedad_8":null,"caracteristica_9":"Overall_performance_VS_Local-(Better/Worse)","variedad_a_9":null,"variedad_b_9":null,"variedad_c_9":null,"evaluation":null},
{"observadores":"issd_osw_sinana_fbean2018_32","name_user":null,"name_family":null,"village":null,"district":null,"telephone":null,"gender":null,"age":null,"location_longitude_seed_delivery_point":null,"location_latitude_seed_delivery_point":null,"location_altitude":null,"location_longitude":null,"location_latitude":null,"planting_date":null,"harvest_date":null,"fertilization":null,"slope":null,"weight_of_all_yield_of_the_variety_a_in_kg":null,"weight_of_all_yield_of_the_variety_b_in_kg":null,"weight_of_all_yield_of_the_variety_c_in_kg":null,"from_the_3_varieties_which_one_would_you_like_to_grow_again":null,"codigo_paquetes":null,"caracteristica_1":"Faster_maturity-(A/B/C)","best_variedad_1":null,"worst_variedad_1":null,"caracteristica_2":"Disease_resistance-(A/B/C)","best_variedad_2":null,"worst_variedad_2":null,"caracteristica_3":"Yield-(A/B/C)","best_variedad_3":null,"worst_variedad_3":null,"caracteristica_4":"Lodging_tolerant-(A/B/C)","better_variedad_4":null,"worse_variedad_4":null,"caracteristica_5":"Seed_size-(A/B/C)","better_variedad_5":null,"worse_variedad_5":null,"caracteristica_6":"Pods_per_plants-(A/B/C)","better_variedad_6":null,"worse_variedad_6":null,"caracteristica_7":"Seeds_per_pod-(A/B/C)","better_variedad_7":null,"worse_variedad_7":null,"caracteristica_8":"Overall_performance-(A/B/C)","best_variedad_8":null,"worst_variedad_8":null,"caracteristica_9":"Overall_performance_VS_Local-(Better/Worse)","variedad_a_9":null,"variedad_b_9":null,"variedad_c_9":null,"evaluation":null},
{"observadores":"issd_osw_sinana_fbean2018_33","name_user":null,"name_family":null,"village":null,"district":null,"telephone":null,"gender":null,"age":null,"location_longitude_seed_delivery_point":null,"location_latitude_seed_delivery_point":null,"location_altitude":null,"location_longitude":null,"location_latitude":null,"planting_date":null,"harvest_date":null,"fertilization":null,"slope":null,"weight_of_all_yield_of_the_variety_a_in_kg":null,"weight_of_all_yield_of_the_variety_b_in_kg":null,"weight_of_all_yield_of_the_variety_c_in_kg":null,"from_the_3_varieties_which_one_would_you_like_to_grow_again":null,"codigo_paquetes":null,"caracteristica_1":"Faster_maturity-(A/B/C)","best_variedad_1":null,"worst_variedad_1":null,"caracteristica_2":"Disease_resistance-(A/B/C)","best_variedad_2":null,"worst_variedad_2":null,"caracteristica_3":"Yield-(A/B/C)","best_variedad_3":null,"worst_variedad_3":null,"caracteristica_4":"Lodging_tolerant-(A/B/C)","better_variedad_4":null,"worse_variedad_4":null,"caracteristica_5":"Seed_size-(A/B/C)","better_variedad_5":null,"worse_variedad_5":null,"caracteristica_6":"Pods_per_plants-(A/B/C)","better_variedad_6":null,"worse_variedad_6":null,"caracteristica_7":"Seeds_per_pod-(A/B/C)","better_variedad_7":null,"worse_variedad_7":null,"caracteristica_8":"Overall_performance-(A/B/C)","best_variedad_8":null,"worst_variedad_8":null,"caracteristica_9":"Overall_performance_VS_Local-(Better/Worse)","variedad_a_9":null,"variedad_b_9":null,"variedad_c_9":null,"evaluation":null},
{"observadores":"issd_osw_sinana_fbean2018_34","name_user":null,"name_family":null,"village":null,"district":null,"telephone":null,"gender":null,"age":null,"location_longitude_seed_delivery_point":null,"location_latitude_seed_delivery_point":null,"location_altitude":null,"location_longitude":null,"location_latitude":null,"planting_date":null,"harvest_date":null,"fertilization":null,"slope":null,"weight_of_all_yield_of_the_variety_a_in_kg":null,"weight_of_all_yield_of_the_variety_b_in_kg":null,"weight_of_all_yield_of_the_variety_c_in_kg":null,"from_the_3_varieties_which_one_would_you_like_to_grow_again":null,"codigo_paquetes":null,"caracteristica_1":"Faster_maturity-(A/B/C)","best_variedad_1":null,"worst_variedad_1":null,"caracteristica_2":"Disease_resistance-(A/B/C)","best_variedad_2":null,"worst_variedad_2":null,"caracteristica_3":"Yield-(A/B/C)","best_variedad_3":null,"worst_variedad_3":null,"caracteristica_4":"Lodging_tolerant-(A/B/C)","better_variedad_4":null,"worse_variedad_4":null,"caracteristica_5":"Seed_size-(A/B/C)","better_variedad_5":null,"worse_variedad_5":null,"caracteristica_6":"Pods_per_plants-(A/B/C)","better_variedad_6":null,"worse_variedad_6":null,"caracteristica_7":"Seeds_per_pod-(A/B/C)","better_variedad_7":null,"worse_variedad_7":null,"caracteristica_8":"Overall_performance-(A/B/C)","best_variedad_8":null,"worst_variedad_8":null,"caracteristica_9":"Overall_performance_VS_Local-(Better/Worse)","variedad_a_9":null,"variedad_b_9":null,"variedad_c_9":null,"evaluation":null},
{"observadores":"issd_osw_sinana_fbean2018_35","name_user":null,"name_family":null,"village":null,"district":null,"telephone":null,"gender":null,"age":null,"location_longitude_seed_delivery_point":null,"location_latitude_seed_delivery_point":null,"location_altitude":null,"location_longitude":null,"location_latitude":null,"planting_date":null,"harvest_date":null,"fertilization":null,"slope":null,"weight_of_all_yield_of_the_variety_a_in_kg":null,"weight_of_all_yield_of_the_variety_b_in_kg":null,"weight_of_all_yield_of_the_variety_c_in_kg":null,"from_the_3_varieties_which_one_would_you_like_to_grow_again":null,"codigo_paquetes":null,"caracteristica_1":"Faster_maturity-(A/B/C)","best_variedad_1":null,"worst_variedad_1":null,"caracteristica_2":"Disease_resistance-(A/B/C)","best_variedad_2":null,"worst_variedad_2":null,"caracteristica_3":"Yield-(A/B/C)","best_variedad_3":null,"worst_variedad_3":null,"caracteristica_4":"Lodging_tolerant-(A/B/C)","better_variedad_4":null,"worse_variedad_4":null,"caracteristica_5":"Seed_size-(A/B/C)","better_variedad_5":null,"worse_variedad_5":null,"caracteristica_6":"Pods_per_plants-(A/B/C)","better_variedad_6":null,"worse_variedad_6":null,"caracteristica_7":"Seeds_per_pod-(A/B/C)","better_variedad_7":null,"worse_variedad_7":null,"caracteristica_8":"Overall_performance-(A/B/C)","best_variedad_8":null,"worst_variedad_8":null,"caracteristica_9":"Overall_performance_VS_Local-(Better/Worse)","variedad_a_9":null,"variedad_b_9":null,"variedad_c_9":null,"evaluation":null},
{"observadores":"issd_osw_sinana_fbean2018_36","name_user":null,"name_family":null,"village":null,"district":null,"telephone":null,"gender":null,"age":null,"location_longitude_seed_delivery_point":null,"location_latitude_seed_delivery_point":null,"location_altitude":null,"location_longitude":null,"location_latitude":null,"planting_date":null,"harvest_date":null,"fertilization":null,"slope":null,"weight_of_all_yield_of_the_variety_a_in_kg":null,"weight_of_all_yield_of_the_variety_b_in_kg":null,"weight_of_all_yield_of_the_variety_c_in_kg":null,"from_the_3_varieties_which_one_would_you_like_to_grow_again":null,"codigo_paquetes":null,"caracteristica_1":"Faster_maturity-(A/B/C)","best_variedad_1":null,"worst_variedad_1":null,"caracteristica_2":"Disease_resistance-(A/B/C)","best_variedad_2":null,"worst_variedad_2":null,"caracteristica_3":"Yield-(A/B/C)","best_variedad_3":null,"worst_variedad_3":null,"caracteristica_4":"Lodging_tolerant-(A/B/C)","better_variedad_4":null,"worse_variedad_4":null,"caracteristica_5":"Seed_size-(A/B/C)","better_variedad_5":null,"worse_variedad_5":null,"caracteristica_6":"Pods_per_plants-(A/B/C)","better_variedad_6":null,"worse_variedad_6":null,"caracteristica_7":"Seeds_per_pod-(A/B/C)","better_variedad_7":null,"worse_variedad_7":null,"caracteristica_8":"Overall_performance-(A/B/C)","best_variedad_8":null,"worst_variedad_8":null,"caracteristica_9":"Overall_performance_VS_Local-(Better/Worse)","variedad_a_9":null,"variedad_b_9":null,"variedad_c_9":null,"evaluation":null},
{"observadores":"issd_osw_sinana_fbean2018_37","name_user":null,"name_family":null,"village":null,"district":null,"telephone":null,"gender":null,"age":null,"location_longitude_seed_delivery_point":null,"location_latitude_seed_delivery_point":null,"location_altitude":null,"location_longitude":null,"location_latitude":null,"planting_date":null,"harvest_date":null,"fertilization":null,"slope":null,"weight_of_all_yield_of_the_variety_a_in_kg":null,"weight_of_all_yield_of_the_variety_b_in_kg":null,"weight_of_all_yield_of_the_variety_c_in_kg":null,"from_the_3_varieties_which_one_would_you_like_to_grow_again":null,"codigo_paquetes":null,"caracteristica_1":"Faster_maturity-(A/B/C)","best_variedad_1":null,"worst_variedad_1":null,"caracteristica_2":"Disease_resistance-(A/B/C)","best_variedad_2":null,"worst_variedad_2":null,"caracteristica_3":"Yield-(A/B/C)","best_variedad_3":null,"worst_variedad_3":null,"caracteristica_4":"Lodging_tolerant-(A/B/C)","better_variedad_4":null,"worse_variedad_4":null,"caracteristica_5":"Seed_size-(A/B/C)","better_variedad_5":null,"worse_variedad_5":null,"caracteristica_6":"Pods_per_plants-(A/B/C)","better_variedad_6":null,"worse_variedad_6":null,"caracteristica_7":"Seeds_per_pod-(A/B/C)","better_variedad_7":null,"worse_variedad_7":null,"caracteristica_8":"Overall_performance-(A/B/C)","best_variedad_8":null,"worst_variedad_8":null,"caracteristica_9":"Overall_performance_VS_Local-(Better/Worse)","variedad_a_9":null,"variedad_b_9":null,"variedad_c_9":null,"evaluation":null},
{"observadores":"issd_osw_sinana_fbean2018_38","name_user":null,"name_family":null,"village":null,"district":null,"telephone":null,"gender":null,"age":null,"location_longitude_seed_delivery_point":null,"location_latitude_seed_delivery_point":null,"location_altitude":null,"location_longitude":null,"location_latitude":null,"planting_date":null,"harvest_date":null,"fertilization":null,"slope":null,"weight_of_all_yield_of_the_variety_a_in_kg":null,"weight_of_all_yield_of_the_variety_b_in_kg":null,"weight_of_all_yield_of_the_variety_c_in_kg":null,"from_the_3_varieties_which_one_would_you_like_to_grow_again":null,"codigo_paquetes":null,"caracteristica_1":"Faster_maturity-(A/B/C)","best_variedad_1":null,"worst_variedad_1":null,"caracteristica_2":"Disease_resistance-(A/B/C)","best_variedad_2":null,"worst_variedad_2":null,"caracteristica_3":"Yield-(A/B/C)","best_variedad_3":null,"worst_variedad_3":null,"caracteristica_4":"Lodging_tolerant-(A/B/C)","better_variedad_4":null,"worse_variedad_4":null,"caracteristica_5":"Seed_size-(A/B/C)","better_variedad_5":null,"worse_variedad_5":null,"caracteristica_6":"Pods_per_plants-(A/B/C)","better_variedad_6":null,"worse_variedad_6":null,"caracteristica_7":"Seeds_per_pod-(A/B/C)","better_variedad_7":null,"worse_variedad_7":null,"caracteristica_8":"Overall_performance-(A/B/C)","best_variedad_8":null,"worst_variedad_8":null,"caracteristica_9":"Overall_performance_VS_Local-(Better/Worse)","variedad_a_9":null,"variedad_b_9":null,"variedad_c_9":null,"evaluation":null},
{"observadores":"issd_osw_sinana_fbean2018_39","name_user":null,"name_family":null,"village":null,"district":null,"telephone":null,"gender":null,"age":null,"location_longitude_seed_delivery_point":null,"location_latitude_seed_delivery_point":null,"location_altitude":null,"location_longitude":null,"location_latitude":null,"planting_date":null,"harvest_date":null,"fertilization":null,"slope":null,"weight_of_all_yield_of_the_variety_a_in_kg":null,"weight_of_all_yield_of_the_variety_b_in_kg":null,"weight_of_all_yield_of_the_variety_c_in_kg":null,"from_the_3_varieties_which_one_would_you_like_to_grow_again":null,"codigo_paquetes":null,"caracteristica_1":"Faster_maturity-(A/B/C)","best_variedad_1":null,"worst_variedad_1":null,"caracteristica_2":"Disease_resistance-(A/B/C)","best_variedad_2":null,"worst_variedad_2":null,"caracteristica_3":"Yield-(A/B/C)","best_variedad_3":null,"worst_variedad_3":null,"caracteristica_4":"Lodging_tolerant-(A/B/C)","better_variedad_4":null,"worse_variedad_4":null,"caracteristica_5":"Seed_size-(A/B/C)","better_variedad_5":null,"worse_variedad_5":null,"caracteristica_6":"Pods_per_plants-(A/B/C)","better_variedad_6":null,"worse_variedad_6":null,"caracteristica_7":"Seeds_per_pod-(A/B/C)","better_variedad_7":null,"worse_variedad_7":null,"caracteristica_8":"Overall_performance-(A/B/C)","best_variedad_8":null,"worst_variedad_8":null,"caracteristica_9":"Overall_performance_VS_Local-(Better/Worse)","variedad_a_9":null,"variedad_b_9":null,"variedad_c_9":null,"evaluation":null},
{"observadores":"issd_osw_sinana_fbean2018_4","name_user":null,"name_family":null,"village":null,"district":null,"telephone":null,"gender":null,"age":null,"location_longitude_seed_delivery_point":null,"location_latitude_seed_delivery_point":null,"location_altitude":null,"location_longitude":null,"location_latitude":null,"planting_date":null,"harvest_date":null,"fertilization":null,"slope":null,"weight_of_all_yield_of_the_variety_a_in_kg":null,"weight_of_all_yield_of_the_variety_b_in_kg":null,"weight_of_all_yield_of_the_variety_c_in_kg":null,"from_the_3_varieties_which_one_would_you_like_to_grow_again":null,"codigo_paquetes":null,"caracteristica_1":"Faster_maturity-(A/B/C)","best_variedad_1":null,"worst_variedad_1":null,"caracteristica_2":"Disease_resistance-(A/B/C)","best_variedad_2":null,"worst_variedad_2":null,"caracteristica_3":"Yield-(A/B/C)","best_variedad_3":null,"worst_variedad_3":null,"caracteristica_4":"Lodging_tolerant-(A/B/C)","better_variedad_4":null,"worse_variedad_4":null,"caracteristica_5":"Seed_size-(A/B/C)","better_variedad_5":null,"worse_variedad_5":null,"caracteristica_6":"Pods_per_plants-(A/B/C)","better_variedad_6":null,"worse_variedad_6":null,"caracteristica_7":"Seeds_per_pod-(A/B/C)","better_variedad_7":null,"worse_variedad_7":null,"caracteristica_8":"Overall_performance-(A/B/C)","best_variedad_8":null,"worst_variedad_8":null,"caracteristica_9":"Overall_performance_VS_Local-(Better/Worse)","variedad_a_9":null,"variedad_b_9":null,"variedad_c_9":null,"evaluation":null},
{"observadores":"issd_osw_sinana_fbean2018_40","name_user":null,"name_family":null,"village":null,"district":null,"telephone":null,"gender":null,"age":null,"location_longitude_seed_delivery_point":null,"location_latitude_seed_delivery_point":null,"location_altitude":null,"location_longitude":null,"location_latitude":null,"planting_date":null,"harvest_date":null,"fertilization":null,"slope":null,"weight_of_all_yield_of_the_variety_a_in_kg":null,"weight_of_all_yield_of_the_variety_b_in_kg":null,"weight_of_all_yield_of_the_variety_c_in_kg":null,"from_the_3_varieties_which_one_would_you_like_to_grow_again":null,"codigo_paquetes":null,"caracteristica_1":"Faster_maturity-(A/B/C)","best_variedad_1":null,"worst_variedad_1":null,"caracteristica_2":"Disease_resistance-(A/B/C)","best_variedad_2":null,"worst_variedad_2":null,"caracteristica_3":"Yield-(A/B/C)","best_variedad_3":null,"worst_variedad_3":null,"caracteristica_4":"Lodging_tolerant-(A/B/C)","better_variedad_4":null,"worse_variedad_4":null,"caracteristica_5":"Seed_size-(A/B/C)","better_variedad_5":null,"worse_variedad_5":null,"caracteristica_6":"Pods_per_plants-(A/B/C)","better_variedad_6":null,"worse_variedad_6":null,"caracteristica_7":"Seeds_per_pod-(A/B/C)","better_variedad_7":null,"worse_variedad_7":null,"caracteristica_8":"Overall_performance-(A/B/C)","best_variedad_8":null,"worst_variedad_8":null,"caracteristica_9":"Overall_performance_VS_Local-(Better/Worse)","variedad_a_9":null,"variedad_b_9":null,"variedad_c_9":null,"evaluation":null},
{"observadores":"issd_osw_sinana_fbean2018_41","name_user":null,"name_family":null,"village":null,"district":null,"telephone":null,"gender":null,"age":null,"location_longitude_seed_delivery_point":null,"location_latitude_seed_delivery_point":null,"location_altitude":null,"location_longitude":null,"location_latitude":null,"planting_date":null,"harvest_date":null,"fertilization":null,"slope":null,"weight_of_all_yield_of_the_variety_a_in_kg":null,"weight_of_all_yield_of_the_variety_b_in_kg":null,"weight_of_all_yield_of_the_variety_c_in_kg":null,"from_the_3_varieties_which_one_would_you_like_to_grow_again":null,"codigo_paquetes":null,"caracteristica_1":"Faster_maturity-(A/B/C)","best_variedad_1":null,"worst_variedad_1":null,"caracteristica_2":"Disease_resistance-(A/B/C)","best_variedad_2":null,"worst_variedad_2":null,"caracteristica_3":"Yield-(A/B/C)","best_variedad_3":null,"worst_variedad_3":null,"caracteristica_4":"Lodging_tolerant-(A/B/C)","better_variedad_4":null,"worse_variedad_4":null,"caracteristica_5":"Seed_size-(A/B/C)","better_variedad_5":null,"worse_variedad_5":null,"caracteristica_6":"Pods_per_plants-(A/B/C)","better_variedad_6":null,"worse_variedad_6":null,"caracteristica_7":"Seeds_per_pod-(A/B/C)","better_variedad_7":null,"worse_variedad_7":null,"caracteristica_8":"Overall_performance-(A/B/C)","best_variedad_8":null,"worst_variedad_8":null,"caracteristica_9":"Overall_performance_VS_Local-(Better/Worse)","variedad_a_9":null,"variedad_b_9":null,"variedad_c_9":null,"evaluation":null},
{"observadores":"issd_osw_sinana_fbean2018_42","name_user":null,"name_family":null,"village":null,"district":null,"telephone":null,"gender":null,"age":null,"location_longitude_seed_delivery_point":null,"location_latitude_seed_delivery_point":null,"location_altitude":null,"location_longitude":null,"location_latitude":null,"planting_date":null,"harvest_date":null,"fertilization":null,"slope":null,"weight_of_all_yield_of_the_variety_a_in_kg":null,"weight_of_all_yield_of_the_variety_b_in_kg":null,"weight_of_all_yield_of_the_variety_c_in_kg":null,"from_the_3_varieties_which_one_would_you_like_to_grow_again":null,"codigo_paquetes":null,"caracteristica_1":"Faster_maturity-(A/B/C)","best_variedad_1":null,"worst_variedad_1":null,"caracteristica_2":"Disease_resistance-(A/B/C)","best_variedad_2":null,"worst_variedad_2":null,"caracteristica_3":"Yield-(A/B/C)","best_variedad_3":null,"worst_variedad_3":null,"caracteristica_4":"Lodging_tolerant-(A/B/C)","better_variedad_4":null,"worse_variedad_4":null,"caracteristica_5":"Seed_size-(A/B/C)","better_variedad_5":null,"worse_variedad_5":null,"caracteristica_6":"Pods_per_plants-(A/B/C)","better_variedad_6":null,"worse_variedad_6":null,"caracteristica_7":"Seeds_per_pod-(A/B/C)","better_variedad_7":null,"worse_variedad_7":null,"caracteristica_8":"Overall_performance-(A/B/C)","best_variedad_8":null,"worst_variedad_8":null,"caracteristica_9":"Overall_performance_VS_Local-(Better/Worse)","variedad_a_9":null,"variedad_b_9":null,"variedad_c_9":null,"evaluation":null},
{"observadores":"issd_osw_sinana_fbean2018_43","name_user":null,"name_family":null,"village":null,"district":null,"telephone":null,"gender":null,"age":null,"location_longitude_seed_delivery_point":null,"location_latitude_seed_delivery_point":null,"location_altitude":null,"location_longitude":null,"location_latitude":null,"planting_date":null,"harvest_date":null,"fertilization":null,"slope":null,"weight_of_all_yield_of_the_variety_a_in_kg":null,"weight_of_all_yield_of_the_variety_b_in_kg":null,"weight_of_all_yield_of_the_variety_c_in_kg":null,"from_the_3_varieties_which_one_would_you_like_to_grow_again":null,"codigo_paquetes":null,"caracteristica_1":"Faster_maturity-(A/B/C)","best_variedad_1":null,"worst_variedad_1":null,"caracteristica_2":"Disease_resistance-(A/B/C)","best_variedad_2":null,"worst_variedad_2":null,"caracteristica_3":"Yield-(A/B/C)","best_variedad_3":null,"worst_variedad_3":null,"caracteristica_4":"Lodging_tolerant-(A/B/C)","better_variedad_4":null,"worse_variedad_4":null,"caracteristica_5":"Seed_size-(A/B/C)","better_variedad_5":null,"worse_variedad_5":null,"caracteristica_6":"Pods_per_plants-(A/B/C)","better_variedad_6":null,"worse_variedad_6":null,"caracteristica_7":"Seeds_per_pod-(A/B/C)","better_variedad_7":null,"worse_variedad_7":null,"caracteristica_8":"Overall_performance-(A/B/C)","best_variedad_8":null,"worst_variedad_8":null,"caracteristica_9":"Overall_performance_VS_Local-(Better/Worse)","variedad_a_9":null,"variedad_b_9":null,"variedad_c_9":null,"evaluation":null},
{"observadores":"issd_osw_sinana_fbean2018_44","name_user":null,"name_family":null,"village":null,"district":null,"telephone":null,"gender":null,"age":null,"location_longitude_seed_delivery_point":null,"location_latitude_seed_delivery_point":null,"location_altitude":null,"location_longitude":null,"location_latitude":null,"planting_date":null,"harvest_date":null,"fertilization":null,"slope":null,"weight_of_all_yield_of_the_variety_a_in_kg":null,"weight_of_all_yield_of_the_variety_b_in_kg":null,"weight_of_all_yield_of_the_variety_c_in_kg":null,"from_the_3_varieties_which_one_would_you_like_to_grow_again":null,"codigo_paquetes":null,"caracteristica_1":"Faster_maturity-(A/B/C)","best_variedad_1":null,"worst_variedad_1":null,"caracteristica_2":"Disease_resistance-(A/B/C)","best_variedad_2":null,"worst_variedad_2":null,"caracteristica_3":"Yield-(A/B/C)","best_variedad_3":null,"worst_variedad_3":null,"caracteristica_4":"Lodging_tolerant-(A/B/C)","better_variedad_4":null,"worse_variedad_4":null,"caracteristica_5":"Seed_size-(A/B/C)","better_variedad_5":null,"worse_variedad_5":null,"caracteristica_6":"Pods_per_plants-(A/B/C)","better_variedad_6":null,"worse_variedad_6":null,"caracteristica_7":"Seeds_per_pod-(A/B/C)","better_variedad_7":null,"worse_variedad_7":null,"caracteristica_8":"Overall_performance-(A/B/C)","best_variedad_8":null,"worst_variedad_8":null,"caracteristica_9":"Overall_performance_VS_Local-(Better/Worse)","variedad_a_9":null,"variedad_b_9":null,"variedad_c_9":null,"evaluation":null},
{"observadores":"issd_osw_sinana_fbean2018_45","name_user":null,"name_family":null,"village":null,"district":null,"telephone":null,"gender":null,"age":null,"location_longitude_seed_delivery_point":null,"location_latitude_seed_delivery_point":null,"location_altitude":null,"location_longitude":null,"location_latitude":null,"planting_date":null,"harvest_date":null,"fertilization":null,"slope":null,"weight_of_all_yield_of_the_variety_a_in_kg":null,"weight_of_all_yield_of_the_variety_b_in_kg":null,"weight_of_all_yield_of_the_variety_c_in_kg":null,"from_the_3_varieties_which_one_would_you_like_to_grow_again":null,"codigo_paquetes":null,"caracteristica_1":"Faster_maturity-(A/B/C)","best_variedad_1":null,"worst_variedad_1":null,"caracteristica_2":"Disease_resistance-(A/B/C)","best_variedad_2":null,"worst_variedad_2":null,"caracteristica_3":"Yield-(A/B/C)","best_variedad_3":null,"worst_variedad_3":null,"caracteristica_4":"Lodging_tolerant-(A/B/C)","better_variedad_4":null,"worse_variedad_4":null,"caracteristica_5":"Seed_size-(A/B/C)","better_variedad_5":null,"worse_variedad_5":null,"caracteristica_6":"Pods_per_plants-(A/B/C)","better_variedad_6":null,"worse_variedad_6":null,"caracteristica_7":"Seeds_per_pod-(A/B/C)","better_variedad_7":null,"worse_variedad_7":null,"caracteristica_8":"Overall_performance-(A/B/C)","best_variedad_8":null,"worst_variedad_8":null,"caracteristica_9":"Overall_performance_VS_Local-(Better/Worse)","variedad_a_9":null,"variedad_b_9":null,"variedad_c_9":null,"evaluation":null},
{"observadores":"issd_osw_sinana_fbean2018_46","name_user":null,"name_family":null,"village":null,"district":null,"telephone":null,"gender":null,"age":null,"location_longitude_seed_delivery_point":null,"location_latitude_seed_delivery_point":null,"location_altitude":null,"location_longitude":null,"location_latitude":null,"planting_date":null,"harvest_date":null,"fertilization":null,"slope":null,"weight_of_all_yield_of_the_variety_a_in_kg":null,"weight_of_all_yield_of_the_variety_b_in_kg":null,"weight_of_all_yield_of_the_variety_c_in_kg":null,"from_the_3_varieties_which_one_would_you_like_to_grow_again":null,"codigo_paquetes":null,"caracteristica_1":"Faster_maturity-(A/B/C)","best_variedad_1":null,"worst_variedad_1":null,"caracteristica_2":"Disease_resistance-(A/B/C)","best_variedad_2":null,"worst_variedad_2":null,"caracteristica_3":"Yield-(A/B/C)","best_variedad_3":null,"worst_variedad_3":null,"caracteristica_4":"Lodging_tolerant-(A/B/C)","better_variedad_4":null,"worse_variedad_4":null,"caracteristica_5":"Seed_size-(A/B/C)","better_variedad_5":null,"worse_variedad_5":null,"caracteristica_6":"Pods_per_plants-(A/B/C)","better_variedad_6":null,"worse_variedad_6":null,"caracteristica_7":"Seeds_per_pod-(A/B/C)","better_variedad_7":null,"worse_variedad_7":null,"caracteristica_8":"Overall_performance-(A/B/C)","best_variedad_8":null,"worst_variedad_8":null,"caracteristica_9":"Overall_performance_VS_Local-(Better/Worse)","variedad_a_9":null,"variedad_b_9":null,"variedad_c_9":null,"evaluation":null},
{"observadores":"issd_osw_sinana_fbean2018_47","name_user":null,"name_family":null,"village":null,"district":null,"telephone":null,"gender":null,"age":null,"location_longitude_seed_delivery_point":null,"location_latitude_seed_delivery_point":null,"location_altitude":null,"location_longitude":null,"location_latitude":null,"planting_date":null,"harvest_date":null,"fertilization":null,"slope":null,"weight_of_all_yield_of_the_variety_a_in_kg":null,"weight_of_all_yield_of_the_variety_b_in_kg":null,"weight_of_all_yield_of_the_variety_c_in_kg":null,"from_the_3_varieties_which_one_would_you_like_to_grow_again":null,"codigo_paquetes":null,"caracteristica_1":"Faster_maturity-(A/B/C)","best_variedad_1":null,"worst_variedad_1":null,"caracteristica_2":"Disease_resistance-(A/B/C)","best_variedad_2":null,"worst_variedad_2":null,"caracteristica_3":"Yield-(A/B/C)","best_variedad_3":null,"worst_variedad_3":null,"caracteristica_4":"Lodging_tolerant-(A/B/C)","better_variedad_4":null,"worse_variedad_4":null,"caracteristica_5":"Seed_size-(A/B/C)","better_variedad_5":null,"worse_variedad_5":null,"caracteristica_6":"Pods_per_plants-(A/B/C)","better_variedad_6":null,"worse_variedad_6":null,"caracteristica_7":"Seeds_per_pod-(A/B/C)","better_variedad_7":null,"worse_variedad_7":null,"caracteristica_8":"Overall_performance-(A/B/C)","best_variedad_8":null,"worst_variedad_8":null,"caracteristica_9":"Overall_performance_VS_Local-(Better/Worse)","variedad_a_9":null,"variedad_b_9":null,"variedad_c_9":null,"evaluation":null},
{"observadores":"issd_osw_sinana_fbean2018_48","name_user":null,"name_family":null,"village":null,"district":null,"telephone":null,"gender":null,"age":null,"location_longitude_seed_delivery_point":null,"location_latitude_seed_delivery_point":null,"location_altitude":null,"location_longitude":null,"location_latitude":null,"planting_date":null,"harvest_date":null,"fertilization":null,"slope":null,"weight_of_all_yield_of_the_variety_a_in_kg":null,"weight_of_all_yield_of_the_variety_b_in_kg":null,"weight_of_all_yield_of_the_variety_c_in_kg":null,"from_the_3_varieties_which_one_would_you_like_to_grow_again":null,"codigo_paquetes":null,"caracteristica_1":"Faster_maturity-(A/B/C)","best_variedad_1":null,"worst_variedad_1":null,"caracteristica_2":"Disease_resistance-(A/B/C)","best_variedad_2":null,"worst_variedad_2":null,"caracteristica_3":"Yield-(A/B/C)","best_variedad_3":null,"worst_variedad_3":null,"caracteristica_4":"Lodging_tolerant-(A/B/C)","better_variedad_4":null,"worse_variedad_4":null,"caracteristica_5":"Seed_size-(A/B/C)","better_variedad_5":null,"worse_variedad_5":null,"caracteristica_6":"Pods_per_plants-(A/B/C)","better_variedad_6":null,"worse_variedad_6":null,"caracteristica_7":"Seeds_per_pod-(A/B/C)","better_variedad_7":null,"worse_variedad_7":null,"caracteristica_8":"Overall_performance-(A/B/C)","best_variedad_8":null,"worst_variedad_8":null,"caracteristica_9":"Overall_performance_VS_Local-(Better/Worse)","variedad_a_9":null,"variedad_b_9":null,"variedad_c_9":null,"evaluation":null},
{"observadores":"issd_osw_sinana_fbean2018_49","name_user":null,"name_family":null,"village":null,"district":null,"telephone":null,"gender":null,"age":null,"location_longitude_seed_delivery_point":null,"location_latitude_seed_delivery_point":null,"location_altitude":null,"location_longitude":null,"location_latitude":null,"planting_date":null,"harvest_date":null,"fertilization":null,"slope":null,"weight_of_all_yield_of_the_variety_a_in_kg":null,"weight_of_all_yield_of_the_variety_b_in_kg":null,"weight_of_all_yield_of_the_variety_c_in_kg":null,"from_the_3_varieties_which_one_would_you_like_to_grow_again":null,"codigo_paquetes":null,"caracteristica_1":"Faster_maturity-(A/B/C)","best_variedad_1":null,"worst_variedad_1":null,"caracteristica_2":"Disease_resistance-(A/B/C)","best_variedad_2":null,"worst_variedad_2":null,"caracteristica_3":"Yield-(A/B/C)","best_variedad_3":null,"worst_variedad_3":null,"caracteristica_4":"Lodging_tolerant-(A/B/C)","better_variedad_4":null,"worse_variedad_4":null,"caracteristica_5":"Seed_size-(A/B/C)","better_variedad_5":null,"worse_variedad_5":null,"caracteristica_6":"Pods_per_plants-(A/B/C)","better_variedad_6":null,"worse_variedad_6":null,"caracteristica_7":"Seeds_per_pod-(A/B/C)","better_variedad_7":null,"worse_variedad_7":null,"caracteristica_8":"Overall_performance-(A/B/C)","best_variedad_8":null,"worst_variedad_8":null,"caracteristica_9":"Overall_performance_VS_Local-(Better/Worse)","variedad_a_9":null,"variedad_b_9":null,"variedad_c_9":null,"evaluation":null},
{"observadores":"issd_osw_sinana_fbean2018_5","name_user":null,"name_family":null,"village":null,"district":null,"telephone":null,"gender":null,"age":null,"location_longitude_seed_delivery_point":null,"location_latitude_seed_delivery_point":null,"location_altitude":null,"location_longitude":null,"location_latitude":null,"planting_date":null,"harvest_date":null,"fertilization":null,"slope":null,"weight_of_all_yield_of_the_variety_a_in_kg":null,"weight_of_all_yield_of_the_variety_b_in_kg":null,"weight_of_all_yield_of_the_variety_c_in_kg":null,"from_the_3_varieties_which_one_would_you_like_to_grow_again":null,"codigo_paquetes":null,"caracteristica_1":"Faster_maturity-(A/B/C)","best_variedad_1":null,"worst_variedad_1":null,"caracteristica_2":"Disease_resistance-(A/B/C)","best_variedad_2":null,"worst_variedad_2":null,"caracteristica_3":"Yield-(A/B/C)","best_variedad_3":null,"worst_variedad_3":null,"caracteristica_4":"Lodging_tolerant-(A/B/C)","better_variedad_4":null,"worse_variedad_4":null,"caracteristica_5":"Seed_size-(A/B/C)","better_variedad_5":null,"worse_variedad_5":null,"caracteristica_6":"Pods_per_plants-(A/B/C)","better_variedad_6":null,"worse_variedad_6":null,"caracteristica_7":"Seeds_per_pod-(A/B/C)","better_variedad_7":null,"worse_variedad_7":null,"caracteristica_8":"Overall_performance-(A/B/C)","best_variedad_8":null,"worst_variedad_8":null,"caracteristica_9":"Overall_performance_VS_Local-(Better/Worse)","variedad_a_9":null,"variedad_b_9":null,"variedad_c_9":null,"evaluation":null},
{"observadores":"issd_osw_sinana_fbean2018_50","name_user":null,"name_family":null,"village":null,"district":null,"telephone":null,"gender":null,"age":null,"location_longitude_seed_delivery_point":null,"location_latitude_seed_delivery_point":null,"location_altitude":null,"location_longitude":null,"location_latitude":null,"planting_date":null,"harvest_date":null,"fertilization":null,"slope":null,"weight_of_all_yield_of_the_variety_a_in_kg":null,"weight_of_all_yield_of_the_variety_b_in_kg":null,"weight_of_all_yield_of_the_variety_c_in_kg":null,"from_the_3_varieties_which_one_would_you_like_to_grow_again":null,"codigo_paquetes":null,"caracteristica_1":"Faster_maturity-(A/B/C)","best_variedad_1":null,"worst_variedad_1":null,"caracteristica_2":"Disease_resistance-(A/B/C)","best_variedad_2":null,"worst_variedad_2":null,"caracteristica_3":"Yield-(A/B/C)","best_variedad_3":null,"worst_variedad_3":null,"caracteristica_4":"Lodging_tolerant-(A/B/C)","better_variedad_4":null,"worse_variedad_4":null,"caracteristica_5":"Seed_size-(A/B/C)","better_variedad_5":null,"worse_variedad_5":null,"caracteristica_6":"Pods_per_plants-(A/B/C)","better_variedad_6":null,"worse_variedad_6":null,"caracteristica_7":"Seeds_per_pod-(A/B/C)","better_variedad_7":null,"worse_variedad_7":null,"caracteristica_8":"Overall_performance-(A/B/C)","best_variedad_8":null,"worst_variedad_8":null,"caracteristica_9":"Overall_performance_VS_Local-(Better/Worse)","variedad_a_9":null,"variedad_b_9":null,"variedad_c_9":null,"evaluation":null},
{"observadores":"issd_osw_sinana_fbean2018_6","name_user":null,"name_family":null,"village":null,"district":null,"telephone":null,"gender":null,"age":null,"location_longitude_seed_delivery_point":null,"location_latitude_seed_delivery_point":null,"location_altitude":null,"location_longitude":null,"location_latitude":null,"planting_date":null,"harvest_date":null,"fertilization":null,"slope":null,"weight_of_all_yield_of_the_variety_a_in_kg":null,"weight_of_all_yield_of_the_variety_b_in_kg":null,"weight_of_all_yield_of_the_variety_c_in_kg":null,"from_the_3_varieties_which_one_would_you_like_to_grow_again":null,"codigo_paquetes":null,"caracteristica_1":"Faster_maturity-(A/B/C)","best_variedad_1":null,"worst_variedad_1":null,"caracteristica_2":"Disease_resistance-(A/B/C)","best_variedad_2":null,"worst_variedad_2":null,"caracteristica_3":"Yield-(A/B/C)","best_variedad_3":null,"worst_variedad_3":null,"caracteristica_4":"Lodging_tolerant-(A/B/C)","better_variedad_4":null,"worse_variedad_4":null,"caracteristica_5":"Seed_size-(A/B/C)","better_variedad_5":null,"worse_variedad_5":null,"caracteristica_6":"Pods_per_plants-(A/B/C)","better_variedad_6":null,"worse_variedad_6":null,"caracteristica_7":"Seeds_per_pod-(A/B/C)","better_variedad_7":null,"worse_variedad_7":null,"caracteristica_8":"Overall_performance-(A/B/C)","best_variedad_8":null,"worst_variedad_8":null,"caracteristica_9":"Overall_performance_VS_Local-(Better/Worse)","variedad_a_9":null,"variedad_b_9":null,"variedad_c_9":null,"evaluation":null},
{"observadores":"issd_osw_sinana_fbean2018_7","name_user":null,"name_family":null,"village":null,"district":null,"telephone":null,"gender":null,"age":null,"location_longitude_seed_delivery_point":null,"location_latitude_seed_delivery_point":null,"location_altitude":null,"location_longitude":null,"location_latitude":null,"planting_date":null,"harvest_date":null,"fertilization":null,"slope":null,"weight_of_all_yield_of_the_variety_a_in_kg":null,"weight_of_all_yield_of_the_variety_b_in_kg":null,"weight_of_all_yield_of_the_variety_c_in_kg":null,"from_the_3_varieties_which_one_would_you_like_to_grow_again":null,"codigo_paquetes":null,"caracteristica_1":"Faster_maturity-(A/B/C)","best_variedad_1":null,"worst_variedad_1":null,"caracteristica_2":"Disease_resistance-(A/B/C)","best_variedad_2":null,"worst_variedad_2":null,"caracteristica_3":"Yield-(A/B/C)","best_variedad_3":null,"worst_variedad_3":null,"caracteristica_4":"Lodging_tolerant-(A/B/C)","better_variedad_4":null,"worse_variedad_4":null,"caracteristica_5":"Seed_size-(A/B/C)","better_variedad_5":null,"worse_variedad_5":null,"caracteristica_6":"Pods_per_plants-(A/B/C)","better_variedad_6":null,"worse_variedad_6":null,"caracteristica_7":"Seeds_per_pod-(A/B/C)","better_variedad_7":null,"worse_variedad_7":null,"caracteristica_8":"Overall_performance-(A/B/C)","best_variedad_8":null,"worst_variedad_8":null,"caracteristica_9":"Overall_performance_VS_Local-(Better/Worse)","variedad_a_9":null,"variedad_b_9":null,"variedad_c_9":null,"evaluation":null},
{"observadores":"issd_osw_sinana_fbean2018_8","name_user":null,"name_family":null,"village":null,"district":null,"telephone":null,"gender":null,"age":null,"location_longitude_seed_delivery_point":null,"location_latitude_seed_delivery_point":null,"location_altitude":null,"location_longitude":null,"location_latitude":null,"planting_date":null,"harvest_date":null,"fertilization":null,"slope":null,"weight_of_all_yield_of_the_variety_a_in_kg":null,"weight_of_all_yield_of_the_variety_b_in_kg":null,"weight_of_all_yield_of_the_variety_c_in_kg":null,"from_the_3_varieties_which_one_would_you_like_to_grow_again":null,"codigo_paquetes":null,"caracteristica_1":"Faster_maturity-(A/B/C)","best_variedad_1":null,"worst_variedad_1":null,"caracteristica_2":"Disease_resistance-(A/B/C)","best_variedad_2":null,"worst_variedad_2":null,"caracteristica_3":"Yield-(A/B/C)","best_variedad_3":null,"worst_variedad_3":null,"caracteristica_4":"Lodging_tolerant-(A/B/C)","better_variedad_4":null,"worse_variedad_4":null,"caracteristica_5":"Seed_size-(A/B/C)","better_variedad_5":null,"worse_variedad_5":null,"caracteristica_6":"Pods_per_plants-(A/B/C)","better_variedad_6":null,"worse_variedad_6":null,"caracteristica_7":"Seeds_per_pod-(A/B/C)","better_variedad_7":null,"worse_variedad_7":null,"caracteristica_8":"Overall_performance-(A/B/C)","best_variedad_8":null,"worst_variedad_8":null,"caracteristica_9":"Overall_performance_VS_Local-(Better/Worse)","variedad_a_9":null,"variedad_b_9":null,"variedad_c_9":null,"evaluation":null},
{"observadores":"issd_osw_sinana_fbean2018_9","name_user":null,"name_family":null,"village":null,"district":null,"telephone":null,"gender":null,"age":null,"location_longitude_seed_delivery_point":null,"location_latitude_seed_delivery_point":null,"location_altitude":null,"location_longitude":null,"location_latitude":null,"planting_date":null,"harvest_date":null,"fertilization":null,"slope":null,"weight_of_all_yield_of_the_variety_a_in_kg":null,"weight_of_all_yield_of_the_variety_b_in_kg":null,"weight_of_all_yield_of_the_variety_c_in_kg":null,"from_the_3_varieties_which_one_would_you_like_to_grow_again":null,"codigo_paquetes":null,"caracteristica_1":"Faster_maturity-(A/B/C)","best_variedad_1":null,"worst_variedad_1":null,"caracteristica_2":"Disease_resistance-(A/B/C)","best_variedad_2":null,"worst_variedad_2":null,"caracteristica_3":"Yield-(A/B/C)","best_variedad_3":null,"worst_variedad_3":null,"caracteristica_4":"Lodging_tolerant-(A/B/C)","better_variedad_4":null,"worse_variedad_4":null,"caracteristica_5":"Seed_size-(A/B/C)","better_variedad_5":null,"worse_variedad_5":null,"caracteristica_6":"Pods_per_plants-(A/B/C)","better_variedad_6":null,"worse_variedad_6":null,"caracteristica_7":"Seeds_per_pod-(A/B/C)","better_variedad_7":null,"worse_variedad_7":null,"caracteristica_8":"Overall_performance-(A/B/C)","best_variedad_8":null,"worst_variedad_8":null,"caracteristica_9":"Overall_performance_VS_Local-(Better/Worse)","variedad_a_9":null,"variedad_b_9":null,"variedad_c_9":null,"evaluation":null}
]
