[
{"observadores":"jimma_tiruafetadist_teff_2018_1","name_user":null,"name_family":null,"village":null,"district":null,"telephone":null,"gender":null,"age":null,"location_longitude_seed_delivery_point":null,"location_latitude_seed_delivery_point":null,"location_altitude":null,"location_longitude":null,"location_latitude":null,"planting_date":null,"harvest_date":null,"codigo_paquetes":null,"caracteristica_1":"Overall_performance-(A/B/C)","best_variedad_1":null,"worst_variedad_1":null,"caracteristica_2":"Overall_performance_VS_Local-(Better/Worse)","variedad_a_2":null,"variedad_b_2":null,"variedad_c_2":null,"evaluation":null},
{"observadores":"jimma_tiruafetadist_teff_2018_10","name_user":null,"name_family":null,"village":null,"district":null,"telephone":null,"gender":null,"age":null,"location_longitude_seed_delivery_point":null,"location_latitude_seed_delivery_point":null,"location_altitude":null,"location_longitude":null,"location_latitude":null,"planting_date":null,"harvest_date":null,"codigo_paquetes":null,"caracteristica_1":"Overall_performance-(A/B/C)","best_variedad_1":null,"worst_variedad_1":null,"caracteristica_2":"Overall_performance_VS_Local-(Better/Worse)","variedad_a_2":null,"variedad_b_2":null,"variedad_c_2":null,"evaluation":null},
{"observadores":"jimma_tiruafetadist_teff_2018_100","name_user":null,"name_family":null,"village":null,"district":null,"telephone":null,"gender":null,"age":null,"location_longitude_seed_delivery_point":null,"location_latitude_seed_delivery_point":null,"location_altitude":null,"location_longitude":null,"location_latitude":null,"planting_date":null,"harvest_date":null,"codigo_paquetes":null,"caracteristica_1":"Overall_performance-(A/B/C)","best_variedad_1":null,"worst_variedad_1":null,"caracteristica_2":"Overall_performance_VS_Local-(Better/Worse)","variedad_a_2":null,"variedad_b_2":null,"variedad_c_2":null,"evaluation":null},
{"observadores":"jimma_tiruafetadist_teff_2018_101","name_user":null,"name_family":null,"village":null,"district":null,"telephone":null,"gender":null,"age":null,"location_longitude_seed_delivery_point":null,"location_latitude_seed_delivery_point":null,"location_altitude":null,"location_longitude":null,"location_latitude":null,"planting_date":null,"harvest_date":null,"codigo_paquetes":null,"caracteristica_1":"Overall_performance-(A/B/C)","best_variedad_1":null,"worst_variedad_1":null,"caracteristica_2":"Overall_performance_VS_Local-(Better/Worse)","variedad_a_2":null,"variedad_b_2":null,"variedad_c_2":null,"evaluation":null},
{"observadores":"jimma_tiruafetadist_teff_2018_102","name_user":null,"name_family":null,"village":null,"district":null,"telephone":null,"gender":null,"age":null,"location_longitude_seed_delivery_point":null,"location_latitude_seed_delivery_point":null,"location_altitude":null,"location_longitude":null,"location_latitude":null,"planting_date":null,"harvest_date":null,"codigo_paquetes":null,"caracteristica_1":"Overall_performance-(A/B/C)","best_variedad_1":null,"worst_variedad_1":null,"caracteristica_2":"Overall_performance_VS_Local-(Better/Worse)","variedad_a_2":null,"variedad_b_2":null,"variedad_c_2":null,"evaluation":null},
{"observadores":"jimma_tiruafetadist_teff_2018_103","name_user":null,"name_family":null,"village":null,"district":null,"telephone":null,"gender":null,"age":null,"location_longitude_seed_delivery_point":null,"location_latitude_seed_delivery_point":null,"location_altitude":null,"location_longitude":null,"location_latitude":null,"planting_date":null,"harvest_date":null,"codigo_paquetes":null,"caracteristica_1":"Overall_performance-(A/B/C)","best_variedad_1":null,"worst_variedad_1":null,"caracteristica_2":"Overall_performance_VS_Local-(Better/Worse)","variedad_a_2":null,"variedad_b_2":null,"variedad_c_2":null,"evaluation":null},
{"observadores":"jimma_tiruafetadist_teff_2018_104","name_user":null,"name_family":null,"village":null,"district":null,"telephone":null,"gender":null,"age":null,"location_longitude_seed_delivery_point":null,"location_latitude_seed_delivery_point":null,"location_altitude":null,"location_longitude":null,"location_latitude":null,"planting_date":null,"harvest_date":null,"codigo_paquetes":null,"caracteristica_1":"Overall_performance-(A/B/C)","best_variedad_1":null,"worst_variedad_1":null,"caracteristica_2":"Overall_performance_VS_Local-(Better/Worse)","variedad_a_2":null,"variedad_b_2":null,"variedad_c_2":null,"evaluation":null},
{"observadores":"jimma_tiruafetadist_teff_2018_105","name_user":null,"name_family":null,"village":null,"district":null,"telephone":null,"gender":null,"age":null,"location_longitude_seed_delivery_point":null,"location_latitude_seed_delivery_point":null,"location_altitude":null,"location_longitude":null,"location_latitude":null,"planting_date":null,"harvest_date":null,"codigo_paquetes":null,"caracteristica_1":"Overall_performance-(A/B/C)","best_variedad_1":null,"worst_variedad_1":null,"caracteristica_2":"Overall_performance_VS_Local-(Better/Worse)","variedad_a_2":null,"variedad_b_2":null,"variedad_c_2":null,"evaluation":null},
{"observadores":"jimma_tiruafetadist_teff_2018_106","name_user":null,"name_family":null,"village":null,"district":null,"telephone":null,"gender":null,"age":null,"location_longitude_seed_delivery_point":null,"location_latitude_seed_delivery_point":null,"location_altitude":null,"location_longitude":null,"location_latitude":null,"planting_date":null,"harvest_date":null,"codigo_paquetes":null,"caracteristica_1":"Overall_performance-(A/B/C)","best_variedad_1":null,"worst_variedad_1":null,"caracteristica_2":"Overall_performance_VS_Local-(Better/Worse)","variedad_a_2":null,"variedad_b_2":null,"variedad_c_2":null,"evaluation":null},
{"observadores":"jimma_tiruafetadist_teff_2018_107","name_user":null,"name_family":null,"village":null,"district":null,"telephone":null,"gender":null,"age":null,"location_longitude_seed_delivery_point":null,"location_latitude_seed_delivery_point":null,"location_altitude":null,"location_longitude":null,"location_latitude":null,"planting_date":null,"harvest_date":null,"codigo_paquetes":null,"caracteristica_1":"Overall_performance-(A/B/C)","best_variedad_1":null,"worst_variedad_1":null,"caracteristica_2":"Overall_performance_VS_Local-(Better/Worse)","variedad_a_2":null,"variedad_b_2":null,"variedad_c_2":null,"evaluation":null},
{"observadores":"jimma_tiruafetadist_teff_2018_108","name_user":null,"name_family":null,"village":null,"district":null,"telephone":null,"gender":null,"age":null,"location_longitude_seed_delivery_point":null,"location_latitude_seed_delivery_point":null,"location_altitude":null,"location_longitude":null,"location_latitude":null,"planting_date":null,"harvest_date":null,"codigo_paquetes":null,"caracteristica_1":"Overall_performance-(A/B/C)","best_variedad_1":null,"worst_variedad_1":null,"caracteristica_2":"Overall_performance_VS_Local-(Better/Worse)","variedad_a_2":null,"variedad_b_2":null,"variedad_c_2":null,"evaluation":null},
{"observadores":"jimma_tiruafetadist_teff_2018_109","name_user":null,"name_family":null,"village":null,"district":null,"telephone":null,"gender":null,"age":null,"location_longitude_seed_delivery_point":null,"location_latitude_seed_delivery_point":null,"location_altitude":null,"location_longitude":null,"location_latitude":null,"planting_date":null,"harvest_date":null,"codigo_paquetes":null,"caracteristica_1":"Overall_performance-(A/B/C)","best_variedad_1":null,"worst_variedad_1":null,"caracteristica_2":"Overall_performance_VS_Local-(Better/Worse)","variedad_a_2":null,"variedad_b_2":null,"variedad_c_2":null,"evaluation":null},
{"observadores":"jimma_tiruafetadist_teff_2018_11","name_user":null,"name_family":null,"village":null,"district":null,"telephone":null,"gender":null,"age":null,"location_longitude_seed_delivery_point":null,"location_latitude_seed_delivery_point":null,"location_altitude":null,"location_longitude":null,"location_latitude":null,"planting_date":null,"harvest_date":null,"codigo_paquetes":null,"caracteristica_1":"Overall_performance-(A/B/C)","best_variedad_1":null,"worst_variedad_1":null,"caracteristica_2":"Overall_performance_VS_Local-(Better/Worse)","variedad_a_2":null,"variedad_b_2":null,"variedad_c_2":null,"evaluation":null},
{"observadores":"jimma_tiruafetadist_teff_2018_110","name_user":null,"name_family":null,"village":null,"district":null,"telephone":null,"gender":null,"age":null,"location_longitude_seed_delivery_point":null,"location_latitude_seed_delivery_point":null,"location_altitude":null,"location_longitude":null,"location_latitude":null,"planting_date":null,"harvest_date":null,"codigo_paquetes":null,"caracteristica_1":"Overall_performance-(A/B/C)","best_variedad_1":null,"worst_variedad_1":null,"caracteristica_2":"Overall_performance_VS_Local-(Better/Worse)","variedad_a_2":null,"variedad_b_2":null,"variedad_c_2":null,"evaluation":null},
{"observadores":"jimma_tiruafetadist_teff_2018_111","name_user":null,"name_family":null,"village":null,"district":null,"telephone":null,"gender":null,"age":null,"location_longitude_seed_delivery_point":null,"location_latitude_seed_delivery_point":null,"location_altitude":null,"location_longitude":null,"location_latitude":null,"planting_date":null,"harvest_date":null,"codigo_paquetes":null,"caracteristica_1":"Overall_performance-(A/B/C)","best_variedad_1":null,"worst_variedad_1":null,"caracteristica_2":"Overall_performance_VS_Local-(Better/Worse)","variedad_a_2":null,"variedad_b_2":null,"variedad_c_2":null,"evaluation":null},
{"observadores":"jimma_tiruafetadist_teff_2018_112","name_user":null,"name_family":null,"village":null,"district":null,"telephone":null,"gender":null,"age":null,"location_longitude_seed_delivery_point":null,"location_latitude_seed_delivery_point":null,"location_altitude":null,"location_longitude":null,"location_latitude":null,"planting_date":null,"harvest_date":null,"codigo_paquetes":null,"caracteristica_1":"Overall_performance-(A/B/C)","best_variedad_1":null,"worst_variedad_1":null,"caracteristica_2":"Overall_performance_VS_Local-(Better/Worse)","variedad_a_2":null,"variedad_b_2":null,"variedad_c_2":null,"evaluation":null},
{"observadores":"jimma_tiruafetadist_teff_2018_113","name_user":null,"name_family":null,"village":null,"district":null,"telephone":null,"gender":null,"age":null,"location_longitude_seed_delivery_point":null,"location_latitude_seed_delivery_point":null,"location_altitude":null,"location_longitude":null,"location_latitude":null,"planting_date":null,"harvest_date":null,"codigo_paquetes":null,"caracteristica_1":"Overall_performance-(A/B/C)","best_variedad_1":null,"worst_variedad_1":null,"caracteristica_2":"Overall_performance_VS_Local-(Better/Worse)","variedad_a_2":null,"variedad_b_2":null,"variedad_c_2":null,"evaluation":null},
{"observadores":"jimma_tiruafetadist_teff_2018_114","name_user":null,"name_family":null,"village":null,"district":null,"telephone":null,"gender":null,"age":null,"location_longitude_seed_delivery_point":null,"location_latitude_seed_delivery_point":null,"location_altitude":null,"location_longitude":null,"location_latitude":null,"planting_date":null,"harvest_date":null,"codigo_paquetes":null,"caracteristica_1":"Overall_performance-(A/B/C)","best_variedad_1":null,"worst_variedad_1":null,"caracteristica_2":"Overall_performance_VS_Local-(Better/Worse)","variedad_a_2":null,"variedad_b_2":null,"variedad_c_2":null,"evaluation":null},
{"observadores":"jimma_tiruafetadist_teff_2018_115","name_user":null,"name_family":null,"village":null,"district":null,"telephone":null,"gender":null,"age":null,"location_longitude_seed_delivery_point":null,"location_latitude_seed_delivery_point":null,"location_altitude":null,"location_longitude":null,"location_latitude":null,"planting_date":null,"harvest_date":null,"codigo_paquetes":null,"caracteristica_1":"Overall_performance-(A/B/C)","best_variedad_1":null,"worst_variedad_1":null,"caracteristica_2":"Overall_performance_VS_Local-(Better/Worse)","variedad_a_2":null,"variedad_b_2":null,"variedad_c_2":null,"evaluation":null},
{"observadores":"jimma_tiruafetadist_teff_2018_116","name_user":null,"name_family":null,"village":null,"district":null,"telephone":null,"gender":null,"age":null,"location_longitude_seed_delivery_point":null,"location_latitude_seed_delivery_point":null,"location_altitude":null,"location_longitude":null,"location_latitude":null,"planting_date":null,"harvest_date":null,"codigo_paquetes":null,"caracteristica_1":"Overall_performance-(A/B/C)","best_variedad_1":null,"worst_variedad_1":null,"caracteristica_2":"Overall_performance_VS_Local-(Better/Worse)","variedad_a_2":null,"variedad_b_2":null,"variedad_c_2":null,"evaluation":null},
{"observadores":"jimma_tiruafetadist_teff_2018_117","name_user":null,"name_family":null,"village":null,"district":null,"telephone":null,"gender":null,"age":null,"location_longitude_seed_delivery_point":null,"location_latitude_seed_delivery_point":null,"location_altitude":null,"location_longitude":null,"location_latitude":null,"planting_date":null,"harvest_date":null,"codigo_paquetes":null,"caracteristica_1":"Overall_performance-(A/B/C)","best_variedad_1":null,"worst_variedad_1":null,"caracteristica_2":"Overall_performance_VS_Local-(Better/Worse)","variedad_a_2":null,"variedad_b_2":null,"variedad_c_2":null,"evaluation":null},
{"observadores":"jimma_tiruafetadist_teff_2018_118","name_user":null,"name_family":null,"village":null,"district":null,"telephone":null,"gender":null,"age":null,"location_longitude_seed_delivery_point":null,"location_latitude_seed_delivery_point":null,"location_altitude":null,"location_longitude":null,"location_latitude":null,"planting_date":null,"harvest_date":null,"codigo_paquetes":null,"caracteristica_1":"Overall_performance-(A/B/C)","best_variedad_1":null,"worst_variedad_1":null,"caracteristica_2":"Overall_performance_VS_Local-(Better/Worse)","variedad_a_2":null,"variedad_b_2":null,"variedad_c_2":null,"evaluation":null},
{"observadores":"jimma_tiruafetadist_teff_2018_119","name_user":null,"name_family":null,"village":null,"district":null,"telephone":null,"gender":null,"age":null,"location_longitude_seed_delivery_point":null,"location_latitude_seed_delivery_point":null,"location_altitude":null,"location_longitude":null,"location_latitude":null,"planting_date":null,"harvest_date":null,"codigo_paquetes":null,"caracteristica_1":"Overall_performance-(A/B/C)","best_variedad_1":null,"worst_variedad_1":null,"caracteristica_2":"Overall_performance_VS_Local-(Better/Worse)","variedad_a_2":null,"variedad_b_2":null,"variedad_c_2":null,"evaluation":null},
{"observadores":"jimma_tiruafetadist_teff_2018_12","name_user":null,"name_family":null,"village":null,"district":null,"telephone":null,"gender":null,"age":null,"location_longitude_seed_delivery_point":null,"location_latitude_seed_delivery_point":null,"location_altitude":null,"location_longitude":null,"location_latitude":null,"planting_date":null,"harvest_date":null,"codigo_paquetes":null,"caracteristica_1":"Overall_performance-(A/B/C)","best_variedad_1":null,"worst_variedad_1":null,"caracteristica_2":"Overall_performance_VS_Local-(Better/Worse)","variedad_a_2":null,"variedad_b_2":null,"variedad_c_2":null,"evaluation":null},
{"observadores":"jimma_tiruafetadist_teff_2018_120","name_user":null,"name_family":null,"village":null,"district":null,"telephone":null,"gender":null,"age":null,"location_longitude_seed_delivery_point":null,"location_latitude_seed_delivery_point":null,"location_altitude":null,"location_longitude":null,"location_latitude":null,"planting_date":null,"harvest_date":null,"codigo_paquetes":null,"caracteristica_1":"Overall_performance-(A/B/C)","best_variedad_1":null,"worst_variedad_1":null,"caracteristica_2":"Overall_performance_VS_Local-(Better/Worse)","variedad_a_2":null,"variedad_b_2":null,"variedad_c_2":null,"evaluation":null},
{"observadores":"jimma_tiruafetadist_teff_2018_121","name_user":null,"name_family":null,"village":null,"district":null,"telephone":null,"gender":null,"age":null,"location_longitude_seed_delivery_point":null,"location_latitude_seed_delivery_point":null,"location_altitude":null,"location_longitude":null,"location_latitude":null,"planting_date":null,"harvest_date":null,"codigo_paquetes":null,"caracteristica_1":"Overall_performance-(A/B/C)","best_variedad_1":null,"worst_variedad_1":null,"caracteristica_2":"Overall_performance_VS_Local-(Better/Worse)","variedad_a_2":null,"variedad_b_2":null,"variedad_c_2":null,"evaluation":null},
{"observadores":"jimma_tiruafetadist_teff_2018_122","name_user":null,"name_family":null,"village":null,"district":null,"telephone":null,"gender":null,"age":null,"location_longitude_seed_delivery_point":null,"location_latitude_seed_delivery_point":null,"location_altitude":null,"location_longitude":null,"location_latitude":null,"planting_date":null,"harvest_date":null,"codigo_paquetes":null,"caracteristica_1":"Overall_performance-(A/B/C)","best_variedad_1":null,"worst_variedad_1":null,"caracteristica_2":"Overall_performance_VS_Local-(Better/Worse)","variedad_a_2":null,"variedad_b_2":null,"variedad_c_2":null,"evaluation":null},
{"observadores":"jimma_tiruafetadist_teff_2018_123","name_user":null,"name_family":null,"village":null,"district":null,"telephone":null,"gender":null,"age":null,"location_longitude_seed_delivery_point":null,"location_latitude_seed_delivery_point":null,"location_altitude":null,"location_longitude":null,"location_latitude":null,"planting_date":null,"harvest_date":null,"codigo_paquetes":null,"caracteristica_1":"Overall_performance-(A/B/C)","best_variedad_1":null,"worst_variedad_1":null,"caracteristica_2":"Overall_performance_VS_Local-(Better/Worse)","variedad_a_2":null,"variedad_b_2":null,"variedad_c_2":null,"evaluation":null},
{"observadores":"jimma_tiruafetadist_teff_2018_124","name_user":null,"name_family":null,"village":null,"district":null,"telephone":null,"gender":null,"age":null,"location_longitude_seed_delivery_point":null,"location_latitude_seed_delivery_point":null,"location_altitude":null,"location_longitude":null,"location_latitude":null,"planting_date":null,"harvest_date":null,"codigo_paquetes":null,"caracteristica_1":"Overall_performance-(A/B/C)","best_variedad_1":null,"worst_variedad_1":null,"caracteristica_2":"Overall_performance_VS_Local-(Better/Worse)","variedad_a_2":null,"variedad_b_2":null,"variedad_c_2":null,"evaluation":null},
{"observadores":"jimma_tiruafetadist_teff_2018_125","name_user":null,"name_family":null,"village":null,"district":null,"telephone":null,"gender":null,"age":null,"location_longitude_seed_delivery_point":null,"location_latitude_seed_delivery_point":null,"location_altitude":null,"location_longitude":null,"location_latitude":null,"planting_date":null,"harvest_date":null,"codigo_paquetes":null,"caracteristica_1":"Overall_performance-(A/B/C)","best_variedad_1":null,"worst_variedad_1":null,"caracteristica_2":"Overall_performance_VS_Local-(Better/Worse)","variedad_a_2":null,"variedad_b_2":null,"variedad_c_2":null,"evaluation":null},
{"observadores":"jimma_tiruafetadist_teff_2018_126","name_user":null,"name_family":null,"village":null,"district":null,"telephone":null,"gender":null,"age":null,"location_longitude_seed_delivery_point":null,"location_latitude_seed_delivery_point":null,"location_altitude":null,"location_longitude":null,"location_latitude":null,"planting_date":null,"harvest_date":null,"codigo_paquetes":null,"caracteristica_1":"Overall_performance-(A/B/C)","best_variedad_1":null,"worst_variedad_1":null,"caracteristica_2":"Overall_performance_VS_Local-(Better/Worse)","variedad_a_2":null,"variedad_b_2":null,"variedad_c_2":null,"evaluation":null},
{"observadores":"jimma_tiruafetadist_teff_2018_127","name_user":null,"name_family":null,"village":null,"district":null,"telephone":null,"gender":null,"age":null,"location_longitude_seed_delivery_point":null,"location_latitude_seed_delivery_point":null,"location_altitude":null,"location_longitude":null,"location_latitude":null,"planting_date":null,"harvest_date":null,"codigo_paquetes":null,"caracteristica_1":"Overall_performance-(A/B/C)","best_variedad_1":null,"worst_variedad_1":null,"caracteristica_2":"Overall_performance_VS_Local-(Better/Worse)","variedad_a_2":null,"variedad_b_2":null,"variedad_c_2":null,"evaluation":null},
{"observadores":"jimma_tiruafetadist_teff_2018_128","name_user":null,"name_family":null,"village":null,"district":null,"telephone":null,"gender":null,"age":null,"location_longitude_seed_delivery_point":null,"location_latitude_seed_delivery_point":null,"location_altitude":null,"location_longitude":null,"location_latitude":null,"planting_date":null,"harvest_date":null,"codigo_paquetes":null,"caracteristica_1":"Overall_performance-(A/B/C)","best_variedad_1":null,"worst_variedad_1":null,"caracteristica_2":"Overall_performance_VS_Local-(Better/Worse)","variedad_a_2":null,"variedad_b_2":null,"variedad_c_2":null,"evaluation":null},
{"observadores":"jimma_tiruafetadist_teff_2018_129","name_user":null,"name_family":null,"village":null,"district":null,"telephone":null,"gender":null,"age":null,"location_longitude_seed_delivery_point":null,"location_latitude_seed_delivery_point":null,"location_altitude":null,"location_longitude":null,"location_latitude":null,"planting_date":null,"harvest_date":null,"codigo_paquetes":null,"caracteristica_1":"Overall_performance-(A/B/C)","best_variedad_1":null,"worst_variedad_1":null,"caracteristica_2":"Overall_performance_VS_Local-(Better/Worse)","variedad_a_2":null,"variedad_b_2":null,"variedad_c_2":null,"evaluation":null},
{"observadores":"jimma_tiruafetadist_teff_2018_13","name_user":null,"name_family":null,"village":null,"district":null,"telephone":null,"gender":null,"age":null,"location_longitude_seed_delivery_point":null,"location_latitude_seed_delivery_point":null,"location_altitude":null,"location_longitude":null,"location_latitude":null,"planting_date":null,"harvest_date":null,"codigo_paquetes":null,"caracteristica_1":"Overall_performance-(A/B/C)","best_variedad_1":null,"worst_variedad_1":null,"caracteristica_2":"Overall_performance_VS_Local-(Better/Worse)","variedad_a_2":null,"variedad_b_2":null,"variedad_c_2":null,"evaluation":null},
{"observadores":"jimma_tiruafetadist_teff_2018_130","name_user":null,"name_family":null,"village":null,"district":null,"telephone":null,"gender":null,"age":null,"location_longitude_seed_delivery_point":null,"location_latitude_seed_delivery_point":null,"location_altitude":null,"location_longitude":null,"location_latitude":null,"planting_date":null,"harvest_date":null,"codigo_paquetes":null,"caracteristica_1":"Overall_performance-(A/B/C)","best_variedad_1":null,"worst_variedad_1":null,"caracteristica_2":"Overall_performance_VS_Local-(Better/Worse)","variedad_a_2":null,"variedad_b_2":null,"variedad_c_2":null,"evaluation":null},
{"observadores":"jimma_tiruafetadist_teff_2018_131","name_user":null,"name_family":null,"village":null,"district":null,"telephone":null,"gender":null,"age":null,"location_longitude_seed_delivery_point":null,"location_latitude_seed_delivery_point":null,"location_altitude":null,"location_longitude":null,"location_latitude":null,"planting_date":null,"harvest_date":null,"codigo_paquetes":null,"caracteristica_1":"Overall_performance-(A/B/C)","best_variedad_1":null,"worst_variedad_1":null,"caracteristica_2":"Overall_performance_VS_Local-(Better/Worse)","variedad_a_2":null,"variedad_b_2":null,"variedad_c_2":null,"evaluation":null},
{"observadores":"jimma_tiruafetadist_teff_2018_132","name_user":null,"name_family":null,"village":null,"district":null,"telephone":null,"gender":null,"age":null,"location_longitude_seed_delivery_point":null,"location_latitude_seed_delivery_point":null,"location_altitude":null,"location_longitude":null,"location_latitude":null,"planting_date":null,"harvest_date":null,"codigo_paquetes":null,"caracteristica_1":"Overall_performance-(A/B/C)","best_variedad_1":null,"worst_variedad_1":null,"caracteristica_2":"Overall_performance_VS_Local-(Better/Worse)","variedad_a_2":null,"variedad_b_2":null,"variedad_c_2":null,"evaluation":null},
{"observadores":"jimma_tiruafetadist_teff_2018_133","name_user":null,"name_family":null,"village":null,"district":null,"telephone":null,"gender":null,"age":null,"location_longitude_seed_delivery_point":null,"location_latitude_seed_delivery_point":null,"location_altitude":null,"location_longitude":null,"location_latitude":null,"planting_date":null,"harvest_date":null,"codigo_paquetes":null,"caracteristica_1":"Overall_performance-(A/B/C)","best_variedad_1":null,"worst_variedad_1":null,"caracteristica_2":"Overall_performance_VS_Local-(Better/Worse)","variedad_a_2":null,"variedad_b_2":null,"variedad_c_2":null,"evaluation":null},
{"observadores":"jimma_tiruafetadist_teff_2018_134","name_user":null,"name_family":null,"village":null,"district":null,"telephone":null,"gender":null,"age":null,"location_longitude_seed_delivery_point":null,"location_latitude_seed_delivery_point":null,"location_altitude":null,"location_longitude":null,"location_latitude":null,"planting_date":null,"harvest_date":null,"codigo_paquetes":null,"caracteristica_1":"Overall_performance-(A/B/C)","best_variedad_1":null,"worst_variedad_1":null,"caracteristica_2":"Overall_performance_VS_Local-(Better/Worse)","variedad_a_2":null,"variedad_b_2":null,"variedad_c_2":null,"evaluation":null},
{"observadores":"jimma_tiruafetadist_teff_2018_135","name_user":null,"name_family":null,"village":null,"district":null,"telephone":null,"gender":null,"age":null,"location_longitude_seed_delivery_point":null,"location_latitude_seed_delivery_point":null,"location_altitude":null,"location_longitude":null,"location_latitude":null,"planting_date":null,"harvest_date":null,"codigo_paquetes":null,"caracteristica_1":"Overall_performance-(A/B/C)","best_variedad_1":null,"worst_variedad_1":null,"caracteristica_2":"Overall_performance_VS_Local-(Better/Worse)","variedad_a_2":null,"variedad_b_2":null,"variedad_c_2":null,"evaluation":null},
{"observadores":"jimma_tiruafetadist_teff_2018_136","name_user":null,"name_family":null,"village":null,"district":null,"telephone":null,"gender":null,"age":null,"location_longitude_seed_delivery_point":null,"location_latitude_seed_delivery_point":null,"location_altitude":null,"location_longitude":null,"location_latitude":null,"planting_date":null,"harvest_date":null,"codigo_paquetes":null,"caracteristica_1":"Overall_performance-(A/B/C)","best_variedad_1":null,"worst_variedad_1":null,"caracteristica_2":"Overall_performance_VS_Local-(Better/Worse)","variedad_a_2":null,"variedad_b_2":null,"variedad_c_2":null,"evaluation":null},
{"observadores":"jimma_tiruafetadist_teff_2018_137","name_user":null,"name_family":null,"village":null,"district":null,"telephone":null,"gender":null,"age":null,"location_longitude_seed_delivery_point":null,"location_latitude_seed_delivery_point":null,"location_altitude":null,"location_longitude":null,"location_latitude":null,"planting_date":null,"harvest_date":null,"codigo_paquetes":null,"caracteristica_1":"Overall_performance-(A/B/C)","best_variedad_1":null,"worst_variedad_1":null,"caracteristica_2":"Overall_performance_VS_Local-(Better/Worse)","variedad_a_2":null,"variedad_b_2":null,"variedad_c_2":null,"evaluation":null},
{"observadores":"jimma_tiruafetadist_teff_2018_138","name_user":null,"name_family":null,"village":null,"district":null,"telephone":null,"gender":null,"age":null,"location_longitude_seed_delivery_point":null,"location_latitude_seed_delivery_point":null,"location_altitude":null,"location_longitude":null,"location_latitude":null,"planting_date":null,"harvest_date":null,"codigo_paquetes":null,"caracteristica_1":"Overall_performance-(A/B/C)","best_variedad_1":null,"worst_variedad_1":null,"caracteristica_2":"Overall_performance_VS_Local-(Better/Worse)","variedad_a_2":null,"variedad_b_2":null,"variedad_c_2":null,"evaluation":null},
{"observadores":"jimma_tiruafetadist_teff_2018_139","name_user":null,"name_family":null,"village":null,"district":null,"telephone":null,"gender":null,"age":null,"location_longitude_seed_delivery_point":null,"location_latitude_seed_delivery_point":null,"location_altitude":null,"location_longitude":null,"location_latitude":null,"planting_date":null,"harvest_date":null,"codigo_paquetes":null,"caracteristica_1":"Overall_performance-(A/B/C)","best_variedad_1":null,"worst_variedad_1":null,"caracteristica_2":"Overall_performance_VS_Local-(Better/Worse)","variedad_a_2":null,"variedad_b_2":null,"variedad_c_2":null,"evaluation":null},
{"observadores":"jimma_tiruafetadist_teff_2018_14","name_user":null,"name_family":null,"village":null,"district":null,"telephone":null,"gender":null,"age":null,"location_longitude_seed_delivery_point":null,"location_latitude_seed_delivery_point":null,"location_altitude":null,"location_longitude":null,"location_latitude":null,"planting_date":null,"harvest_date":null,"codigo_paquetes":null,"caracteristica_1":"Overall_performance-(A/B/C)","best_variedad_1":null,"worst_variedad_1":null,"caracteristica_2":"Overall_performance_VS_Local-(Better/Worse)","variedad_a_2":null,"variedad_b_2":null,"variedad_c_2":null,"evaluation":null},
{"observadores":"jimma_tiruafetadist_teff_2018_140","name_user":null,"name_family":null,"village":null,"district":null,"telephone":null,"gender":null,"age":null,"location_longitude_seed_delivery_point":null,"location_latitude_seed_delivery_point":null,"location_altitude":null,"location_longitude":null,"location_latitude":null,"planting_date":null,"harvest_date":null,"codigo_paquetes":null,"caracteristica_1":"Overall_performance-(A/B/C)","best_variedad_1":null,"worst_variedad_1":null,"caracteristica_2":"Overall_performance_VS_Local-(Better/Worse)","variedad_a_2":null,"variedad_b_2":null,"variedad_c_2":null,"evaluation":null},
{"observadores":"jimma_tiruafetadist_teff_2018_141","name_user":null,"name_family":null,"village":null,"district":null,"telephone":null,"gender":null,"age":null,"location_longitude_seed_delivery_point":null,"location_latitude_seed_delivery_point":null,"location_altitude":null,"location_longitude":null,"location_latitude":null,"planting_date":null,"harvest_date":null,"codigo_paquetes":null,"caracteristica_1":"Overall_performance-(A/B/C)","best_variedad_1":null,"worst_variedad_1":null,"caracteristica_2":"Overall_performance_VS_Local-(Better/Worse)","variedad_a_2":null,"variedad_b_2":null,"variedad_c_2":null,"evaluation":null},
{"observadores":"jimma_tiruafetadist_teff_2018_142","name_user":null,"name_family":null,"village":null,"district":null,"telephone":null,"gender":null,"age":null,"location_longitude_seed_delivery_point":null,"location_latitude_seed_delivery_point":null,"location_altitude":null,"location_longitude":null,"location_latitude":null,"planting_date":null,"harvest_date":null,"codigo_paquetes":null,"caracteristica_1":"Overall_performance-(A/B/C)","best_variedad_1":null,"worst_variedad_1":null,"caracteristica_2":"Overall_performance_VS_Local-(Better/Worse)","variedad_a_2":null,"variedad_b_2":null,"variedad_c_2":null,"evaluation":null},
{"observadores":"jimma_tiruafetadist_teff_2018_143","name_user":null,"name_family":null,"village":null,"district":null,"telephone":null,"gender":null,"age":null,"location_longitude_seed_delivery_point":null,"location_latitude_seed_delivery_point":null,"location_altitude":null,"location_longitude":null,"location_latitude":null,"planting_date":null,"harvest_date":null,"codigo_paquetes":null,"caracteristica_1":"Overall_performance-(A/B/C)","best_variedad_1":null,"worst_variedad_1":null,"caracteristica_2":"Overall_performance_VS_Local-(Better/Worse)","variedad_a_2":null,"variedad_b_2":null,"variedad_c_2":null,"evaluation":null},
{"observadores":"jimma_tiruafetadist_teff_2018_15","name_user":null,"name_family":null,"village":null,"district":null,"telephone":null,"gender":null,"age":null,"location_longitude_seed_delivery_point":null,"location_latitude_seed_delivery_point":null,"location_altitude":null,"location_longitude":null,"location_latitude":null,"planting_date":null,"harvest_date":null,"codigo_paquetes":null,"caracteristica_1":"Overall_performance-(A/B/C)","best_variedad_1":null,"worst_variedad_1":null,"caracteristica_2":"Overall_performance_VS_Local-(Better/Worse)","variedad_a_2":null,"variedad_b_2":null,"variedad_c_2":null,"evaluation":null},
{"observadores":"jimma_tiruafetadist_teff_2018_16","name_user":null,"name_family":null,"village":null,"district":null,"telephone":null,"gender":null,"age":null,"location_longitude_seed_delivery_point":null,"location_latitude_seed_delivery_point":null,"location_altitude":null,"location_longitude":null,"location_latitude":null,"planting_date":null,"harvest_date":null,"codigo_paquetes":null,"caracteristica_1":"Overall_performance-(A/B/C)","best_variedad_1":null,"worst_variedad_1":null,"caracteristica_2":"Overall_performance_VS_Local-(Better/Worse)","variedad_a_2":null,"variedad_b_2":null,"variedad_c_2":null,"evaluation":null},
{"observadores":"jimma_tiruafetadist_teff_2018_17","name_user":null,"name_family":null,"village":null,"district":null,"telephone":null,"gender":null,"age":null,"location_longitude_seed_delivery_point":null,"location_latitude_seed_delivery_point":null,"location_altitude":null,"location_longitude":null,"location_latitude":null,"planting_date":null,"harvest_date":null,"codigo_paquetes":null,"caracteristica_1":"Overall_performance-(A/B/C)","best_variedad_1":null,"worst_variedad_1":null,"caracteristica_2":"Overall_performance_VS_Local-(Better/Worse)","variedad_a_2":null,"variedad_b_2":null,"variedad_c_2":null,"evaluation":null},
{"observadores":"jimma_tiruafetadist_teff_2018_18","name_user":null,"name_family":null,"village":null,"district":null,"telephone":null,"gender":null,"age":null,"location_longitude_seed_delivery_point":null,"location_latitude_seed_delivery_point":null,"location_altitude":null,"location_longitude":null,"location_latitude":null,"planting_date":null,"harvest_date":null,"codigo_paquetes":null,"caracteristica_1":"Overall_performance-(A/B/C)","best_variedad_1":null,"worst_variedad_1":null,"caracteristica_2":"Overall_performance_VS_Local-(Better/Worse)","variedad_a_2":null,"variedad_b_2":null,"variedad_c_2":null,"evaluation":null},
{"observadores":"jimma_tiruafetadist_teff_2018_19","name_user":null,"name_family":null,"village":null,"district":null,"telephone":null,"gender":null,"age":null,"location_longitude_seed_delivery_point":null,"location_latitude_seed_delivery_point":null,"location_altitude":null,"location_longitude":null,"location_latitude":null,"planting_date":null,"harvest_date":null,"codigo_paquetes":null,"caracteristica_1":"Overall_performance-(A/B/C)","best_variedad_1":null,"worst_variedad_1":null,"caracteristica_2":"Overall_performance_VS_Local-(Better/Worse)","variedad_a_2":null,"variedad_b_2":null,"variedad_c_2":null,"evaluation":null},
{"observadores":"jimma_tiruafetadist_teff_2018_2","name_user":null,"name_family":null,"village":null,"district":null,"telephone":null,"gender":null,"age":null,"location_longitude_seed_delivery_point":null,"location_latitude_seed_delivery_point":null,"location_altitude":null,"location_longitude":null,"location_latitude":null,"planting_date":null,"harvest_date":null,"codigo_paquetes":null,"caracteristica_1":"Overall_performance-(A/B/C)","best_variedad_1":null,"worst_variedad_1":null,"caracteristica_2":"Overall_performance_VS_Local-(Better/Worse)","variedad_a_2":null,"variedad_b_2":null,"variedad_c_2":null,"evaluation":null},
{"observadores":"jimma_tiruafetadist_teff_2018_20","name_user":null,"name_family":null,"village":null,"district":null,"telephone":null,"gender":null,"age":null,"location_longitude_seed_delivery_point":null,"location_latitude_seed_delivery_point":null,"location_altitude":null,"location_longitude":null,"location_latitude":null,"planting_date":null,"harvest_date":null,"codigo_paquetes":null,"caracteristica_1":"Overall_performance-(A/B/C)","best_variedad_1":null,"worst_variedad_1":null,"caracteristica_2":"Overall_performance_VS_Local-(Better/Worse)","variedad_a_2":null,"variedad_b_2":null,"variedad_c_2":null,"evaluation":null},
{"observadores":"jimma_tiruafetadist_teff_2018_21","name_user":null,"name_family":null,"village":null,"district":null,"telephone":null,"gender":null,"age":null,"location_longitude_seed_delivery_point":null,"location_latitude_seed_delivery_point":null,"location_altitude":null,"location_longitude":null,"location_latitude":null,"planting_date":null,"harvest_date":null,"codigo_paquetes":null,"caracteristica_1":"Overall_performance-(A/B/C)","best_variedad_1":null,"worst_variedad_1":null,"caracteristica_2":"Overall_performance_VS_Local-(Better/Worse)","variedad_a_2":null,"variedad_b_2":null,"variedad_c_2":null,"evaluation":null},
{"observadores":"jimma_tiruafetadist_teff_2018_22","name_user":null,"name_family":null,"village":null,"district":null,"telephone":null,"gender":null,"age":null,"location_longitude_seed_delivery_point":null,"location_latitude_seed_delivery_point":null,"location_altitude":null,"location_longitude":null,"location_latitude":null,"planting_date":null,"harvest_date":null,"codigo_paquetes":null,"caracteristica_1":"Overall_performance-(A/B/C)","best_variedad_1":null,"worst_variedad_1":null,"caracteristica_2":"Overall_performance_VS_Local-(Better/Worse)","variedad_a_2":null,"variedad_b_2":null,"variedad_c_2":null,"evaluation":null},
{"observadores":"jimma_tiruafetadist_teff_2018_23","name_user":null,"name_family":null,"village":null,"district":null,"telephone":null,"gender":null,"age":null,"location_longitude_seed_delivery_point":null,"location_latitude_seed_delivery_point":null,"location_altitude":null,"location_longitude":null,"location_latitude":null,"planting_date":null,"harvest_date":null,"codigo_paquetes":null,"caracteristica_1":"Overall_performance-(A/B/C)","best_variedad_1":null,"worst_variedad_1":null,"caracteristica_2":"Overall_performance_VS_Local-(Better/Worse)","variedad_a_2":null,"variedad_b_2":null,"variedad_c_2":null,"evaluation":null},
{"observadores":"jimma_tiruafetadist_teff_2018_24","name_user":null,"name_family":null,"village":null,"district":null,"telephone":null,"gender":null,"age":null,"location_longitude_seed_delivery_point":null,"location_latitude_seed_delivery_point":null,"location_altitude":null,"location_longitude":null,"location_latitude":null,"planting_date":null,"harvest_date":null,"codigo_paquetes":null,"caracteristica_1":"Overall_performance-(A/B/C)","best_variedad_1":null,"worst_variedad_1":null,"caracteristica_2":"Overall_performance_VS_Local-(Better/Worse)","variedad_a_2":null,"variedad_b_2":null,"variedad_c_2":null,"evaluation":null},
{"observadores":"jimma_tiruafetadist_teff_2018_25","name_user":null,"name_family":null,"village":null,"district":null,"telephone":null,"gender":null,"age":null,"location_longitude_seed_delivery_point":null,"location_latitude_seed_delivery_point":null,"location_altitude":null,"location_longitude":null,"location_latitude":null,"planting_date":null,"harvest_date":null,"codigo_paquetes":null,"caracteristica_1":"Overall_performance-(A/B/C)","best_variedad_1":null,"worst_variedad_1":null,"caracteristica_2":"Overall_performance_VS_Local-(Better/Worse)","variedad_a_2":null,"variedad_b_2":null,"variedad_c_2":null,"evaluation":null},
{"observadores":"jimma_tiruafetadist_teff_2018_26","name_user":null,"name_family":null,"village":null,"district":null,"telephone":null,"gender":null,"age":null,"location_longitude_seed_delivery_point":null,"location_latitude_seed_delivery_point":null,"location_altitude":null,"location_longitude":null,"location_latitude":null,"planting_date":null,"harvest_date":null,"codigo_paquetes":null,"caracteristica_1":"Overall_performance-(A/B/C)","best_variedad_1":null,"worst_variedad_1":null,"caracteristica_2":"Overall_performance_VS_Local-(Better/Worse)","variedad_a_2":null,"variedad_b_2":null,"variedad_c_2":null,"evaluation":null},
{"observadores":"jimma_tiruafetadist_teff_2018_27","name_user":null,"name_family":null,"village":null,"district":null,"telephone":null,"gender":null,"age":null,"location_longitude_seed_delivery_point":null,"location_latitude_seed_delivery_point":null,"location_altitude":null,"location_longitude":null,"location_latitude":null,"planting_date":null,"harvest_date":null,"codigo_paquetes":null,"caracteristica_1":"Overall_performance-(A/B/C)","best_variedad_1":null,"worst_variedad_1":null,"caracteristica_2":"Overall_performance_VS_Local-(Better/Worse)","variedad_a_2":null,"variedad_b_2":null,"variedad_c_2":null,"evaluation":null},
{"observadores":"jimma_tiruafetadist_teff_2018_28","name_user":null,"name_family":null,"village":null,"district":null,"telephone":null,"gender":null,"age":null,"location_longitude_seed_delivery_point":null,"location_latitude_seed_delivery_point":null,"location_altitude":null,"location_longitude":null,"location_latitude":null,"planting_date":null,"harvest_date":null,"codigo_paquetes":null,"caracteristica_1":"Overall_performance-(A/B/C)","best_variedad_1":null,"worst_variedad_1":null,"caracteristica_2":"Overall_performance_VS_Local-(Better/Worse)","variedad_a_2":null,"variedad_b_2":null,"variedad_c_2":null,"evaluation":null},
{"observadores":"jimma_tiruafetadist_teff_2018_29","name_user":null,"name_family":null,"village":null,"district":null,"telephone":null,"gender":null,"age":null,"location_longitude_seed_delivery_point":null,"location_latitude_seed_delivery_point":null,"location_altitude":null,"location_longitude":null,"location_latitude":null,"planting_date":null,"harvest_date":null,"codigo_paquetes":null,"caracteristica_1":"Overall_performance-(A/B/C)","best_variedad_1":null,"worst_variedad_1":null,"caracteristica_2":"Overall_performance_VS_Local-(Better/Worse)","variedad_a_2":null,"variedad_b_2":null,"variedad_c_2":null,"evaluation":null},
{"observadores":"jimma_tiruafetadist_teff_2018_3","name_user":null,"name_family":null,"village":null,"district":null,"telephone":null,"gender":null,"age":null,"location_longitude_seed_delivery_point":null,"location_latitude_seed_delivery_point":null,"location_altitude":null,"location_longitude":null,"location_latitude":null,"planting_date":null,"harvest_date":null,"codigo_paquetes":null,"caracteristica_1":"Overall_performance-(A/B/C)","best_variedad_1":null,"worst_variedad_1":null,"caracteristica_2":"Overall_performance_VS_Local-(Better/Worse)","variedad_a_2":null,"variedad_b_2":null,"variedad_c_2":null,"evaluation":null},
{"observadores":"jimma_tiruafetadist_teff_2018_30","name_user":null,"name_family":null,"village":null,"district":null,"telephone":null,"gender":null,"age":null,"location_longitude_seed_delivery_point":null,"location_latitude_seed_delivery_point":null,"location_altitude":null,"location_longitude":null,"location_latitude":null,"planting_date":null,"harvest_date":null,"codigo_paquetes":null,"caracteristica_1":"Overall_performance-(A/B/C)","best_variedad_1":null,"worst_variedad_1":null,"caracteristica_2":"Overall_performance_VS_Local-(Better/Worse)","variedad_a_2":null,"variedad_b_2":null,"variedad_c_2":null,"evaluation":null},
{"observadores":"jimma_tiruafetadist_teff_2018_31","name_user":null,"name_family":null,"village":null,"district":null,"telephone":null,"gender":null,"age":null,"location_longitude_seed_delivery_point":null,"location_latitude_seed_delivery_point":null,"location_altitude":null,"location_longitude":null,"location_latitude":null,"planting_date":null,"harvest_date":null,"codigo_paquetes":null,"caracteristica_1":"Overall_performance-(A/B/C)","best_variedad_1":null,"worst_variedad_1":null,"caracteristica_2":"Overall_performance_VS_Local-(Better/Worse)","variedad_a_2":null,"variedad_b_2":null,"variedad_c_2":null,"evaluation":null},
{"observadores":"jimma_tiruafetadist_teff_2018_32","name_user":null,"name_family":null,"village":null,"district":null,"telephone":null,"gender":null,"age":null,"location_longitude_seed_delivery_point":null,"location_latitude_seed_delivery_point":null,"location_altitude":null,"location_longitude":null,"location_latitude":null,"planting_date":null,"harvest_date":null,"codigo_paquetes":null,"caracteristica_1":"Overall_performance-(A/B/C)","best_variedad_1":null,"worst_variedad_1":null,"caracteristica_2":"Overall_performance_VS_Local-(Better/Worse)","variedad_a_2":null,"variedad_b_2":null,"variedad_c_2":null,"evaluation":null},
{"observadores":"jimma_tiruafetadist_teff_2018_33","name_user":null,"name_family":null,"village":null,"district":null,"telephone":null,"gender":null,"age":null,"location_longitude_seed_delivery_point":null,"location_latitude_seed_delivery_point":null,"location_altitude":null,"location_longitude":null,"location_latitude":null,"planting_date":null,"harvest_date":null,"codigo_paquetes":null,"caracteristica_1":"Overall_performance-(A/B/C)","best_variedad_1":null,"worst_variedad_1":null,"caracteristica_2":"Overall_performance_VS_Local-(Better/Worse)","variedad_a_2":null,"variedad_b_2":null,"variedad_c_2":null,"evaluation":null},
{"observadores":"jimma_tiruafetadist_teff_2018_34","name_user":null,"name_family":null,"village":null,"district":null,"telephone":null,"gender":null,"age":null,"location_longitude_seed_delivery_point":null,"location_latitude_seed_delivery_point":null,"location_altitude":null,"location_longitude":null,"location_latitude":null,"planting_date":null,"harvest_date":null,"codigo_paquetes":null,"caracteristica_1":"Overall_performance-(A/B/C)","best_variedad_1":null,"worst_variedad_1":null,"caracteristica_2":"Overall_performance_VS_Local-(Better/Worse)","variedad_a_2":null,"variedad_b_2":null,"variedad_c_2":null,"evaluation":null},
{"observadores":"jimma_tiruafetadist_teff_2018_35","name_user":null,"name_family":null,"village":null,"district":null,"telephone":null,"gender":null,"age":null,"location_longitude_seed_delivery_point":null,"location_latitude_seed_delivery_point":null,"location_altitude":null,"location_longitude":null,"location_latitude":null,"planting_date":null,"harvest_date":null,"codigo_paquetes":null,"caracteristica_1":"Overall_performance-(A/B/C)","best_variedad_1":null,"worst_variedad_1":null,"caracteristica_2":"Overall_performance_VS_Local-(Better/Worse)","variedad_a_2":null,"variedad_b_2":null,"variedad_c_2":null,"evaluation":null},
{"observadores":"jimma_tiruafetadist_teff_2018_36","name_user":null,"name_family":null,"village":null,"district":null,"telephone":null,"gender":null,"age":null,"location_longitude_seed_delivery_point":null,"location_latitude_seed_delivery_point":null,"location_altitude":null,"location_longitude":null,"location_latitude":null,"planting_date":null,"harvest_date":null,"codigo_paquetes":null,"caracteristica_1":"Overall_performance-(A/B/C)","best_variedad_1":null,"worst_variedad_1":null,"caracteristica_2":"Overall_performance_VS_Local-(Better/Worse)","variedad_a_2":null,"variedad_b_2":null,"variedad_c_2":null,"evaluation":null},
{"observadores":"jimma_tiruafetadist_teff_2018_37","name_user":null,"name_family":null,"village":null,"district":null,"telephone":null,"gender":null,"age":null,"location_longitude_seed_delivery_point":null,"location_latitude_seed_delivery_point":null,"location_altitude":null,"location_longitude":null,"location_latitude":null,"planting_date":null,"harvest_date":null,"codigo_paquetes":null,"caracteristica_1":"Overall_performance-(A/B/C)","best_variedad_1":null,"worst_variedad_1":null,"caracteristica_2":"Overall_performance_VS_Local-(Better/Worse)","variedad_a_2":null,"variedad_b_2":null,"variedad_c_2":null,"evaluation":null},
{"observadores":"jimma_tiruafetadist_teff_2018_38","name_user":null,"name_family":null,"village":null,"district":null,"telephone":null,"gender":null,"age":null,"location_longitude_seed_delivery_point":null,"location_latitude_seed_delivery_point":null,"location_altitude":null,"location_longitude":null,"location_latitude":null,"planting_date":null,"harvest_date":null,"codigo_paquetes":null,"caracteristica_1":"Overall_performance-(A/B/C)","best_variedad_1":null,"worst_variedad_1":null,"caracteristica_2":"Overall_performance_VS_Local-(Better/Worse)","variedad_a_2":null,"variedad_b_2":null,"variedad_c_2":null,"evaluation":null},
{"observadores":"jimma_tiruafetadist_teff_2018_39","name_user":null,"name_family":null,"village":null,"district":null,"telephone":null,"gender":null,"age":null,"location_longitude_seed_delivery_point":null,"location_latitude_seed_delivery_point":null,"location_altitude":null,"location_longitude":null,"location_latitude":null,"planting_date":null,"harvest_date":null,"codigo_paquetes":null,"caracteristica_1":"Overall_performance-(A/B/C)","best_variedad_1":null,"worst_variedad_1":null,"caracteristica_2":"Overall_performance_VS_Local-(Better/Worse)","variedad_a_2":null,"variedad_b_2":null,"variedad_c_2":null,"evaluation":null},
{"observadores":"jimma_tiruafetadist_teff_2018_4","name_user":null,"name_family":null,"village":null,"district":null,"telephone":null,"gender":null,"age":null,"location_longitude_seed_delivery_point":null,"location_latitude_seed_delivery_point":null,"location_altitude":null,"location_longitude":null,"location_latitude":null,"planting_date":null,"harvest_date":null,"codigo_paquetes":null,"caracteristica_1":"Overall_performance-(A/B/C)","best_variedad_1":null,"worst_variedad_1":null,"caracteristica_2":"Overall_performance_VS_Local-(Better/Worse)","variedad_a_2":null,"variedad_b_2":null,"variedad_c_2":null,"evaluation":null},
{"observadores":"jimma_tiruafetadist_teff_2018_40","name_user":null,"name_family":null,"village":null,"district":null,"telephone":null,"gender":null,"age":null,"location_longitude_seed_delivery_point":null,"location_latitude_seed_delivery_point":null,"location_altitude":null,"location_longitude":null,"location_latitude":null,"planting_date":null,"harvest_date":null,"codigo_paquetes":null,"caracteristica_1":"Overall_performance-(A/B/C)","best_variedad_1":null,"worst_variedad_1":null,"caracteristica_2":"Overall_performance_VS_Local-(Better/Worse)","variedad_a_2":null,"variedad_b_2":null,"variedad_c_2":null,"evaluation":null},
{"observadores":"jimma_tiruafetadist_teff_2018_41","name_user":null,"name_family":null,"village":null,"district":null,"telephone":null,"gender":null,"age":null,"location_longitude_seed_delivery_point":null,"location_latitude_seed_delivery_point":null,"location_altitude":null,"location_longitude":null,"location_latitude":null,"planting_date":null,"harvest_date":null,"codigo_paquetes":null,"caracteristica_1":"Overall_performance-(A/B/C)","best_variedad_1":null,"worst_variedad_1":null,"caracteristica_2":"Overall_performance_VS_Local-(Better/Worse)","variedad_a_2":null,"variedad_b_2":null,"variedad_c_2":null,"evaluation":null},
{"observadores":"jimma_tiruafetadist_teff_2018_42","name_user":null,"name_family":null,"village":null,"district":null,"telephone":null,"gender":null,"age":null,"location_longitude_seed_delivery_point":null,"location_latitude_seed_delivery_point":null,"location_altitude":null,"location_longitude":null,"location_latitude":null,"planting_date":null,"harvest_date":null,"codigo_paquetes":null,"caracteristica_1":"Overall_performance-(A/B/C)","best_variedad_1":null,"worst_variedad_1":null,"caracteristica_2":"Overall_performance_VS_Local-(Better/Worse)","variedad_a_2":null,"variedad_b_2":null,"variedad_c_2":null,"evaluation":null},
{"observadores":"jimma_tiruafetadist_teff_2018_43","name_user":null,"name_family":null,"village":null,"district":null,"telephone":null,"gender":null,"age":null,"location_longitude_seed_delivery_point":null,"location_latitude_seed_delivery_point":null,"location_altitude":null,"location_longitude":null,"location_latitude":null,"planting_date":null,"harvest_date":null,"codigo_paquetes":null,"caracteristica_1":"Overall_performance-(A/B/C)","best_variedad_1":null,"worst_variedad_1":null,"caracteristica_2":"Overall_performance_VS_Local-(Better/Worse)","variedad_a_2":null,"variedad_b_2":null,"variedad_c_2":null,"evaluation":null},
{"observadores":"jimma_tiruafetadist_teff_2018_44","name_user":null,"name_family":null,"village":null,"district":null,"telephone":null,"gender":null,"age":null,"location_longitude_seed_delivery_point":null,"location_latitude_seed_delivery_point":null,"location_altitude":null,"location_longitude":null,"location_latitude":null,"planting_date":null,"harvest_date":null,"codigo_paquetes":null,"caracteristica_1":"Overall_performance-(A/B/C)","best_variedad_1":null,"worst_variedad_1":null,"caracteristica_2":"Overall_performance_VS_Local-(Better/Worse)","variedad_a_2":null,"variedad_b_2":null,"variedad_c_2":null,"evaluation":null},
{"observadores":"jimma_tiruafetadist_teff_2018_45","name_user":null,"name_family":null,"village":null,"district":null,"telephone":null,"gender":null,"age":null,"location_longitude_seed_delivery_point":null,"location_latitude_seed_delivery_point":null,"location_altitude":null,"location_longitude":null,"location_latitude":null,"planting_date":null,"harvest_date":null,"codigo_paquetes":null,"caracteristica_1":"Overall_performance-(A/B/C)","best_variedad_1":null,"worst_variedad_1":null,"caracteristica_2":"Overall_performance_VS_Local-(Better/Worse)","variedad_a_2":null,"variedad_b_2":null,"variedad_c_2":null,"evaluation":null},
{"observadores":"jimma_tiruafetadist_teff_2018_46","name_user":null,"name_family":null,"village":null,"district":null,"telephone":null,"gender":null,"age":null,"location_longitude_seed_delivery_point":null,"location_latitude_seed_delivery_point":null,"location_altitude":null,"location_longitude":null,"location_latitude":null,"planting_date":null,"harvest_date":null,"codigo_paquetes":null,"caracteristica_1":"Overall_performance-(A/B/C)","best_variedad_1":null,"worst_variedad_1":null,"caracteristica_2":"Overall_performance_VS_Local-(Better/Worse)","variedad_a_2":null,"variedad_b_2":null,"variedad_c_2":null,"evaluation":null},
{"observadores":"jimma_tiruafetadist_teff_2018_47","name_user":null,"name_family":null,"village":null,"district":null,"telephone":null,"gender":null,"age":null,"location_longitude_seed_delivery_point":null,"location_latitude_seed_delivery_point":null,"location_altitude":null,"location_longitude":null,"location_latitude":null,"planting_date":null,"harvest_date":null,"codigo_paquetes":null,"caracteristica_1":"Overall_performance-(A/B/C)","best_variedad_1":null,"worst_variedad_1":null,"caracteristica_2":"Overall_performance_VS_Local-(Better/Worse)","variedad_a_2":null,"variedad_b_2":null,"variedad_c_2":null,"evaluation":null},
{"observadores":"jimma_tiruafetadist_teff_2018_48","name_user":null,"name_family":null,"village":null,"district":null,"telephone":null,"gender":null,"age":null,"location_longitude_seed_delivery_point":null,"location_latitude_seed_delivery_point":null,"location_altitude":null,"location_longitude":null,"location_latitude":null,"planting_date":null,"harvest_date":null,"codigo_paquetes":null,"caracteristica_1":"Overall_performance-(A/B/C)","best_variedad_1":null,"worst_variedad_1":null,"caracteristica_2":"Overall_performance_VS_Local-(Better/Worse)","variedad_a_2":null,"variedad_b_2":null,"variedad_c_2":null,"evaluation":null},
{"observadores":"jimma_tiruafetadist_teff_2018_49","name_user":null,"name_family":null,"village":null,"district":null,"telephone":null,"gender":null,"age":null,"location_longitude_seed_delivery_point":null,"location_latitude_seed_delivery_point":null,"location_altitude":null,"location_longitude":null,"location_latitude":null,"planting_date":null,"harvest_date":null,"codigo_paquetes":null,"caracteristica_1":"Overall_performance-(A/B/C)","best_variedad_1":null,"worst_variedad_1":null,"caracteristica_2":"Overall_performance_VS_Local-(Better/Worse)","variedad_a_2":null,"variedad_b_2":null,"variedad_c_2":null,"evaluation":null},
{"observadores":"jimma_tiruafetadist_teff_2018_5","name_user":null,"name_family":null,"village":null,"district":null,"telephone":null,"gender":null,"age":null,"location_longitude_seed_delivery_point":null,"location_latitude_seed_delivery_point":null,"location_altitude":null,"location_longitude":null,"location_latitude":null,"planting_date":null,"harvest_date":null,"codigo_paquetes":null,"caracteristica_1":"Overall_performance-(A/B/C)","best_variedad_1":null,"worst_variedad_1":null,"caracteristica_2":"Overall_performance_VS_Local-(Better/Worse)","variedad_a_2":null,"variedad_b_2":null,"variedad_c_2":null,"evaluation":null},
{"observadores":"jimma_tiruafetadist_teff_2018_50","name_user":null,"name_family":null,"village":null,"district":null,"telephone":null,"gender":null,"age":null,"location_longitude_seed_delivery_point":null,"location_latitude_seed_delivery_point":null,"location_altitude":null,"location_longitude":null,"location_latitude":null,"planting_date":null,"harvest_date":null,"codigo_paquetes":null,"caracteristica_1":"Overall_performance-(A/B/C)","best_variedad_1":null,"worst_variedad_1":null,"caracteristica_2":"Overall_performance_VS_Local-(Better/Worse)","variedad_a_2":null,"variedad_b_2":null,"variedad_c_2":null,"evaluation":null},
{"observadores":"jimma_tiruafetadist_teff_2018_51","name_user":null,"name_family":null,"village":null,"district":null,"telephone":null,"gender":null,"age":null,"location_longitude_seed_delivery_point":null,"location_latitude_seed_delivery_point":null,"location_altitude":null,"location_longitude":null,"location_latitude":null,"planting_date":null,"harvest_date":null,"codigo_paquetes":null,"caracteristica_1":"Overall_performance-(A/B/C)","best_variedad_1":null,"worst_variedad_1":null,"caracteristica_2":"Overall_performance_VS_Local-(Better/Worse)","variedad_a_2":null,"variedad_b_2":null,"variedad_c_2":null,"evaluation":null},
{"observadores":"jimma_tiruafetadist_teff_2018_52","name_user":null,"name_family":null,"village":null,"district":null,"telephone":null,"gender":null,"age":null,"location_longitude_seed_delivery_point":null,"location_latitude_seed_delivery_point":null,"location_altitude":null,"location_longitude":null,"location_latitude":null,"planting_date":null,"harvest_date":null,"codigo_paquetes":null,"caracteristica_1":"Overall_performance-(A/B/C)","best_variedad_1":null,"worst_variedad_1":null,"caracteristica_2":"Overall_performance_VS_Local-(Better/Worse)","variedad_a_2":null,"variedad_b_2":null,"variedad_c_2":null,"evaluation":null},
{"observadores":"jimma_tiruafetadist_teff_2018_53","name_user":null,"name_family":null,"village":null,"district":null,"telephone":null,"gender":null,"age":null,"location_longitude_seed_delivery_point":null,"location_latitude_seed_delivery_point":null,"location_altitude":null,"location_longitude":null,"location_latitude":null,"planting_date":null,"harvest_date":null,"codigo_paquetes":null,"caracteristica_1":"Overall_performance-(A/B/C)","best_variedad_1":null,"worst_variedad_1":null,"caracteristica_2":"Overall_performance_VS_Local-(Better/Worse)","variedad_a_2":null,"variedad_b_2":null,"variedad_c_2":null,"evaluation":null},
{"observadores":"jimma_tiruafetadist_teff_2018_54","name_user":null,"name_family":null,"village":null,"district":null,"telephone":null,"gender":null,"age":null,"location_longitude_seed_delivery_point":null,"location_latitude_seed_delivery_point":null,"location_altitude":null,"location_longitude":null,"location_latitude":null,"planting_date":null,"harvest_date":null,"codigo_paquetes":null,"caracteristica_1":"Overall_performance-(A/B/C)","best_variedad_1":null,"worst_variedad_1":null,"caracteristica_2":"Overall_performance_VS_Local-(Better/Worse)","variedad_a_2":null,"variedad_b_2":null,"variedad_c_2":null,"evaluation":null},
{"observadores":"jimma_tiruafetadist_teff_2018_55","name_user":null,"name_family":null,"village":null,"district":null,"telephone":null,"gender":null,"age":null,"location_longitude_seed_delivery_point":null,"location_latitude_seed_delivery_point":null,"location_altitude":null,"location_longitude":null,"location_latitude":null,"planting_date":null,"harvest_date":null,"codigo_paquetes":null,"caracteristica_1":"Overall_performance-(A/B/C)","best_variedad_1":null,"worst_variedad_1":null,"caracteristica_2":"Overall_performance_VS_Local-(Better/Worse)","variedad_a_2":null,"variedad_b_2":null,"variedad_c_2":null,"evaluation":null},
{"observadores":"jimma_tiruafetadist_teff_2018_56","name_user":null,"name_family":null,"village":null,"district":null,"telephone":null,"gender":null,"age":null,"location_longitude_seed_delivery_point":null,"location_latitude_seed_delivery_point":null,"location_altitude":null,"location_longitude":null,"location_latitude":null,"planting_date":null,"harvest_date":null,"codigo_paquetes":null,"caracteristica_1":"Overall_performance-(A/B/C)","best_variedad_1":null,"worst_variedad_1":null,"caracteristica_2":"Overall_performance_VS_Local-(Better/Worse)","variedad_a_2":null,"variedad_b_2":null,"variedad_c_2":null,"evaluation":null},
{"observadores":"jimma_tiruafetadist_teff_2018_57","name_user":null,"name_family":null,"village":null,"district":null,"telephone":null,"gender":null,"age":null,"location_longitude_seed_delivery_point":null,"location_latitude_seed_delivery_point":null,"location_altitude":null,"location_longitude":null,"location_latitude":null,"planting_date":null,"harvest_date":null,"codigo_paquetes":null,"caracteristica_1":"Overall_performance-(A/B/C)","best_variedad_1":null,"worst_variedad_1":null,"caracteristica_2":"Overall_performance_VS_Local-(Better/Worse)","variedad_a_2":null,"variedad_b_2":null,"variedad_c_2":null,"evaluation":null},
{"observadores":"jimma_tiruafetadist_teff_2018_58","name_user":null,"name_family":null,"village":null,"district":null,"telephone":null,"gender":null,"age":null,"location_longitude_seed_delivery_point":null,"location_latitude_seed_delivery_point":null,"location_altitude":null,"location_longitude":null,"location_latitude":null,"planting_date":null,"harvest_date":null,"codigo_paquetes":null,"caracteristica_1":"Overall_performance-(A/B/C)","best_variedad_1":null,"worst_variedad_1":null,"caracteristica_2":"Overall_performance_VS_Local-(Better/Worse)","variedad_a_2":null,"variedad_b_2":null,"variedad_c_2":null,"evaluation":null},
{"observadores":"jimma_tiruafetadist_teff_2018_59","name_user":null,"name_family":null,"village":null,"district":null,"telephone":null,"gender":null,"age":null,"location_longitude_seed_delivery_point":null,"location_latitude_seed_delivery_point":null,"location_altitude":null,"location_longitude":null,"location_latitude":null,"planting_date":null,"harvest_date":null,"codigo_paquetes":null,"caracteristica_1":"Overall_performance-(A/B/C)","best_variedad_1":null,"worst_variedad_1":null,"caracteristica_2":"Overall_performance_VS_Local-(Better/Worse)","variedad_a_2":null,"variedad_b_2":null,"variedad_c_2":null,"evaluation":null},
{"observadores":"jimma_tiruafetadist_teff_2018_6","name_user":null,"name_family":null,"village":null,"district":null,"telephone":null,"gender":null,"age":null,"location_longitude_seed_delivery_point":null,"location_latitude_seed_delivery_point":null,"location_altitude":null,"location_longitude":null,"location_latitude":null,"planting_date":null,"harvest_date":null,"codigo_paquetes":null,"caracteristica_1":"Overall_performance-(A/B/C)","best_variedad_1":null,"worst_variedad_1":null,"caracteristica_2":"Overall_performance_VS_Local-(Better/Worse)","variedad_a_2":null,"variedad_b_2":null,"variedad_c_2":null,"evaluation":null},
{"observadores":"jimma_tiruafetadist_teff_2018_60","name_user":null,"name_family":null,"village":null,"district":null,"telephone":null,"gender":null,"age":null,"location_longitude_seed_delivery_point":null,"location_latitude_seed_delivery_point":null,"location_altitude":null,"location_longitude":null,"location_latitude":null,"planting_date":null,"harvest_date":null,"codigo_paquetes":null,"caracteristica_1":"Overall_performance-(A/B/C)","best_variedad_1":null,"worst_variedad_1":null,"caracteristica_2":"Overall_performance_VS_Local-(Better/Worse)","variedad_a_2":null,"variedad_b_2":null,"variedad_c_2":null,"evaluation":null},
{"observadores":"jimma_tiruafetadist_teff_2018_61","name_user":null,"name_family":null,"village":null,"district":null,"telephone":null,"gender":null,"age":null,"location_longitude_seed_delivery_point":null,"location_latitude_seed_delivery_point":null,"location_altitude":null,"location_longitude":null,"location_latitude":null,"planting_date":null,"harvest_date":null,"codigo_paquetes":null,"caracteristica_1":"Overall_performance-(A/B/C)","best_variedad_1":null,"worst_variedad_1":null,"caracteristica_2":"Overall_performance_VS_Local-(Better/Worse)","variedad_a_2":null,"variedad_b_2":null,"variedad_c_2":null,"evaluation":null},
{"observadores":"jimma_tiruafetadist_teff_2018_62","name_user":null,"name_family":null,"village":null,"district":null,"telephone":null,"gender":null,"age":null,"location_longitude_seed_delivery_point":null,"location_latitude_seed_delivery_point":null,"location_altitude":null,"location_longitude":null,"location_latitude":null,"planting_date":null,"harvest_date":null,"codigo_paquetes":null,"caracteristica_1":"Overall_performance-(A/B/C)","best_variedad_1":null,"worst_variedad_1":null,"caracteristica_2":"Overall_performance_VS_Local-(Better/Worse)","variedad_a_2":null,"variedad_b_2":null,"variedad_c_2":null,"evaluation":null},
{"observadores":"jimma_tiruafetadist_teff_2018_63","name_user":null,"name_family":null,"village":null,"district":null,"telephone":null,"gender":null,"age":null,"location_longitude_seed_delivery_point":null,"location_latitude_seed_delivery_point":null,"location_altitude":null,"location_longitude":null,"location_latitude":null,"planting_date":null,"harvest_date":null,"codigo_paquetes":null,"caracteristica_1":"Overall_performance-(A/B/C)","best_variedad_1":null,"worst_variedad_1":null,"caracteristica_2":"Overall_performance_VS_Local-(Better/Worse)","variedad_a_2":null,"variedad_b_2":null,"variedad_c_2":null,"evaluation":null},
{"observadores":"jimma_tiruafetadist_teff_2018_64","name_user":null,"name_family":null,"village":null,"district":null,"telephone":null,"gender":null,"age":null,"location_longitude_seed_delivery_point":null,"location_latitude_seed_delivery_point":null,"location_altitude":null,"location_longitude":null,"location_latitude":null,"planting_date":null,"harvest_date":null,"codigo_paquetes":null,"caracteristica_1":"Overall_performance-(A/B/C)","best_variedad_1":null,"worst_variedad_1":null,"caracteristica_2":"Overall_performance_VS_Local-(Better/Worse)","variedad_a_2":null,"variedad_b_2":null,"variedad_c_2":null,"evaluation":null},
{"observadores":"jimma_tiruafetadist_teff_2018_65","name_user":null,"name_family":null,"village":null,"district":null,"telephone":null,"gender":null,"age":null,"location_longitude_seed_delivery_point":null,"location_latitude_seed_delivery_point":null,"location_altitude":null,"location_longitude":null,"location_latitude":null,"planting_date":null,"harvest_date":null,"codigo_paquetes":null,"caracteristica_1":"Overall_performance-(A/B/C)","best_variedad_1":null,"worst_variedad_1":null,"caracteristica_2":"Overall_performance_VS_Local-(Better/Worse)","variedad_a_2":null,"variedad_b_2":null,"variedad_c_2":null,"evaluation":null},
{"observadores":"jimma_tiruafetadist_teff_2018_66","name_user":null,"name_family":null,"village":null,"district":null,"telephone":null,"gender":null,"age":null,"location_longitude_seed_delivery_point":null,"location_latitude_seed_delivery_point":null,"location_altitude":null,"location_longitude":null,"location_latitude":null,"planting_date":null,"harvest_date":null,"codigo_paquetes":null,"caracteristica_1":"Overall_performance-(A/B/C)","best_variedad_1":null,"worst_variedad_1":null,"caracteristica_2":"Overall_performance_VS_Local-(Better/Worse)","variedad_a_2":null,"variedad_b_2":null,"variedad_c_2":null,"evaluation":null},
{"observadores":"jimma_tiruafetadist_teff_2018_67","name_user":null,"name_family":null,"village":null,"district":null,"telephone":null,"gender":null,"age":null,"location_longitude_seed_delivery_point":null,"location_latitude_seed_delivery_point":null,"location_altitude":null,"location_longitude":null,"location_latitude":null,"planting_date":null,"harvest_date":null,"codigo_paquetes":null,"caracteristica_1":"Overall_performance-(A/B/C)","best_variedad_1":null,"worst_variedad_1":null,"caracteristica_2":"Overall_performance_VS_Local-(Better/Worse)","variedad_a_2":null,"variedad_b_2":null,"variedad_c_2":null,"evaluation":null},
{"observadores":"jimma_tiruafetadist_teff_2018_68","name_user":null,"name_family":null,"village":null,"district":null,"telephone":null,"gender":null,"age":null,"location_longitude_seed_delivery_point":null,"location_latitude_seed_delivery_point":null,"location_altitude":null,"location_longitude":null,"location_latitude":null,"planting_date":null,"harvest_date":null,"codigo_paquetes":null,"caracteristica_1":"Overall_performance-(A/B/C)","best_variedad_1":null,"worst_variedad_1":null,"caracteristica_2":"Overall_performance_VS_Local-(Better/Worse)","variedad_a_2":null,"variedad_b_2":null,"variedad_c_2":null,"evaluation":null},
{"observadores":"jimma_tiruafetadist_teff_2018_69","name_user":null,"name_family":null,"village":null,"district":null,"telephone":null,"gender":null,"age":null,"location_longitude_seed_delivery_point":null,"location_latitude_seed_delivery_point":null,"location_altitude":null,"location_longitude":null,"location_latitude":null,"planting_date":null,"harvest_date":null,"codigo_paquetes":null,"caracteristica_1":"Overall_performance-(A/B/C)","best_variedad_1":null,"worst_variedad_1":null,"caracteristica_2":"Overall_performance_VS_Local-(Better/Worse)","variedad_a_2":null,"variedad_b_2":null,"variedad_c_2":null,"evaluation":null},
{"observadores":"jimma_tiruafetadist_teff_2018_7","name_user":null,"name_family":null,"village":null,"district":null,"telephone":null,"gender":null,"age":null,"location_longitude_seed_delivery_point":null,"location_latitude_seed_delivery_point":null,"location_altitude":null,"location_longitude":null,"location_latitude":null,"planting_date":null,"harvest_date":null,"codigo_paquetes":null,"caracteristica_1":"Overall_performance-(A/B/C)","best_variedad_1":null,"worst_variedad_1":null,"caracteristica_2":"Overall_performance_VS_Local-(Better/Worse)","variedad_a_2":null,"variedad_b_2":null,"variedad_c_2":null,"evaluation":null},
{"observadores":"jimma_tiruafetadist_teff_2018_70","name_user":null,"name_family":null,"village":null,"district":null,"telephone":null,"gender":null,"age":null,"location_longitude_seed_delivery_point":null,"location_latitude_seed_delivery_point":null,"location_altitude":null,"location_longitude":null,"location_latitude":null,"planting_date":null,"harvest_date":null,"codigo_paquetes":null,"caracteristica_1":"Overall_performance-(A/B/C)","best_variedad_1":null,"worst_variedad_1":null,"caracteristica_2":"Overall_performance_VS_Local-(Better/Worse)","variedad_a_2":null,"variedad_b_2":null,"variedad_c_2":null,"evaluation":null},
{"observadores":"jimma_tiruafetadist_teff_2018_71","name_user":null,"name_family":null,"village":null,"district":null,"telephone":null,"gender":null,"age":null,"location_longitude_seed_delivery_point":null,"location_latitude_seed_delivery_point":null,"location_altitude":null,"location_longitude":null,"location_latitude":null,"planting_date":null,"harvest_date":null,"codigo_paquetes":null,"caracteristica_1":"Overall_performance-(A/B/C)","best_variedad_1":null,"worst_variedad_1":null,"caracteristica_2":"Overall_performance_VS_Local-(Better/Worse)","variedad_a_2":null,"variedad_b_2":null,"variedad_c_2":null,"evaluation":null},
{"observadores":"jimma_tiruafetadist_teff_2018_72","name_user":null,"name_family":null,"village":null,"district":null,"telephone":null,"gender":null,"age":null,"location_longitude_seed_delivery_point":null,"location_latitude_seed_delivery_point":null,"location_altitude":null,"location_longitude":null,"location_latitude":null,"planting_date":null,"harvest_date":null,"codigo_paquetes":null,"caracteristica_1":"Overall_performance-(A/B/C)","best_variedad_1":null,"worst_variedad_1":null,"caracteristica_2":"Overall_performance_VS_Local-(Better/Worse)","variedad_a_2":null,"variedad_b_2":null,"variedad_c_2":null,"evaluation":null},
{"observadores":"jimma_tiruafetadist_teff_2018_73","name_user":null,"name_family":null,"village":null,"district":null,"telephone":null,"gender":null,"age":null,"location_longitude_seed_delivery_point":null,"location_latitude_seed_delivery_point":null,"location_altitude":null,"location_longitude":null,"location_latitude":null,"planting_date":null,"harvest_date":null,"codigo_paquetes":null,"caracteristica_1":"Overall_performance-(A/B/C)","best_variedad_1":null,"worst_variedad_1":null,"caracteristica_2":"Overall_performance_VS_Local-(Better/Worse)","variedad_a_2":null,"variedad_b_2":null,"variedad_c_2":null,"evaluation":null},
{"observadores":"jimma_tiruafetadist_teff_2018_74","name_user":null,"name_family":null,"village":null,"district":null,"telephone":null,"gender":null,"age":null,"location_longitude_seed_delivery_point":null,"location_latitude_seed_delivery_point":null,"location_altitude":null,"location_longitude":null,"location_latitude":null,"planting_date":null,"harvest_date":null,"codigo_paquetes":null,"caracteristica_1":"Overall_performance-(A/B/C)","best_variedad_1":null,"worst_variedad_1":null,"caracteristica_2":"Overall_performance_VS_Local-(Better/Worse)","variedad_a_2":null,"variedad_b_2":null,"variedad_c_2":null,"evaluation":null},
{"observadores":"jimma_tiruafetadist_teff_2018_75","name_user":null,"name_family":null,"village":null,"district":null,"telephone":null,"gender":null,"age":null,"location_longitude_seed_delivery_point":null,"location_latitude_seed_delivery_point":null,"location_altitude":null,"location_longitude":null,"location_latitude":null,"planting_date":null,"harvest_date":null,"codigo_paquetes":null,"caracteristica_1":"Overall_performance-(A/B/C)","best_variedad_1":null,"worst_variedad_1":null,"caracteristica_2":"Overall_performance_VS_Local-(Better/Worse)","variedad_a_2":null,"variedad_b_2":null,"variedad_c_2":null,"evaluation":null},
{"observadores":"jimma_tiruafetadist_teff_2018_76","name_user":null,"name_family":null,"village":null,"district":null,"telephone":null,"gender":null,"age":null,"location_longitude_seed_delivery_point":null,"location_latitude_seed_delivery_point":null,"location_altitude":null,"location_longitude":null,"location_latitude":null,"planting_date":null,"harvest_date":null,"codigo_paquetes":null,"caracteristica_1":"Overall_performance-(A/B/C)","best_variedad_1":null,"worst_variedad_1":null,"caracteristica_2":"Overall_performance_VS_Local-(Better/Worse)","variedad_a_2":null,"variedad_b_2":null,"variedad_c_2":null,"evaluation":null},
{"observadores":"jimma_tiruafetadist_teff_2018_77","name_user":null,"name_family":null,"village":null,"district":null,"telephone":null,"gender":null,"age":null,"location_longitude_seed_delivery_point":null,"location_latitude_seed_delivery_point":null,"location_altitude":null,"location_longitude":null,"location_latitude":null,"planting_date":null,"harvest_date":null,"codigo_paquetes":null,"caracteristica_1":"Overall_performance-(A/B/C)","best_variedad_1":null,"worst_variedad_1":null,"caracteristica_2":"Overall_performance_VS_Local-(Better/Worse)","variedad_a_2":null,"variedad_b_2":null,"variedad_c_2":null,"evaluation":null},
{"observadores":"jimma_tiruafetadist_teff_2018_78","name_user":null,"name_family":null,"village":null,"district":null,"telephone":null,"gender":null,"age":null,"location_longitude_seed_delivery_point":null,"location_latitude_seed_delivery_point":null,"location_altitude":null,"location_longitude":null,"location_latitude":null,"planting_date":null,"harvest_date":null,"codigo_paquetes":null,"caracteristica_1":"Overall_performance-(A/B/C)","best_variedad_1":null,"worst_variedad_1":null,"caracteristica_2":"Overall_performance_VS_Local-(Better/Worse)","variedad_a_2":null,"variedad_b_2":null,"variedad_c_2":null,"evaluation":null},
{"observadores":"jimma_tiruafetadist_teff_2018_79","name_user":null,"name_family":null,"village":null,"district":null,"telephone":null,"gender":null,"age":null,"location_longitude_seed_delivery_point":null,"location_latitude_seed_delivery_point":null,"location_altitude":null,"location_longitude":null,"location_latitude":null,"planting_date":null,"harvest_date":null,"codigo_paquetes":null,"caracteristica_1":"Overall_performance-(A/B/C)","best_variedad_1":null,"worst_variedad_1":null,"caracteristica_2":"Overall_performance_VS_Local-(Better/Worse)","variedad_a_2":null,"variedad_b_2":null,"variedad_c_2":null,"evaluation":null},
{"observadores":"jimma_tiruafetadist_teff_2018_8","name_user":null,"name_family":null,"village":null,"district":null,"telephone":null,"gender":null,"age":null,"location_longitude_seed_delivery_point":null,"location_latitude_seed_delivery_point":null,"location_altitude":null,"location_longitude":null,"location_latitude":null,"planting_date":null,"harvest_date":null,"codigo_paquetes":null,"caracteristica_1":"Overall_performance-(A/B/C)","best_variedad_1":null,"worst_variedad_1":null,"caracteristica_2":"Overall_performance_VS_Local-(Better/Worse)","variedad_a_2":null,"variedad_b_2":null,"variedad_c_2":null,"evaluation":null},
{"observadores":"jimma_tiruafetadist_teff_2018_80","name_user":null,"name_family":null,"village":null,"district":null,"telephone":null,"gender":null,"age":null,"location_longitude_seed_delivery_point":null,"location_latitude_seed_delivery_point":null,"location_altitude":null,"location_longitude":null,"location_latitude":null,"planting_date":null,"harvest_date":null,"codigo_paquetes":null,"caracteristica_1":"Overall_performance-(A/B/C)","best_variedad_1":null,"worst_variedad_1":null,"caracteristica_2":"Overall_performance_VS_Local-(Better/Worse)","variedad_a_2":null,"variedad_b_2":null,"variedad_c_2":null,"evaluation":null},
{"observadores":"jimma_tiruafetadist_teff_2018_81","name_user":null,"name_family":null,"village":null,"district":null,"telephone":null,"gender":null,"age":null,"location_longitude_seed_delivery_point":null,"location_latitude_seed_delivery_point":null,"location_altitude":null,"location_longitude":null,"location_latitude":null,"planting_date":null,"harvest_date":null,"codigo_paquetes":null,"caracteristica_1":"Overall_performance-(A/B/C)","best_variedad_1":null,"worst_variedad_1":null,"caracteristica_2":"Overall_performance_VS_Local-(Better/Worse)","variedad_a_2":null,"variedad_b_2":null,"variedad_c_2":null,"evaluation":null},
{"observadores":"jimma_tiruafetadist_teff_2018_82","name_user":null,"name_family":null,"village":null,"district":null,"telephone":null,"gender":null,"age":null,"location_longitude_seed_delivery_point":null,"location_latitude_seed_delivery_point":null,"location_altitude":null,"location_longitude":null,"location_latitude":null,"planting_date":null,"harvest_date":null,"codigo_paquetes":null,"caracteristica_1":"Overall_performance-(A/B/C)","best_variedad_1":null,"worst_variedad_1":null,"caracteristica_2":"Overall_performance_VS_Local-(Better/Worse)","variedad_a_2":null,"variedad_b_2":null,"variedad_c_2":null,"evaluation":null},
{"observadores":"jimma_tiruafetadist_teff_2018_83","name_user":null,"name_family":null,"village":null,"district":null,"telephone":null,"gender":null,"age":null,"location_longitude_seed_delivery_point":null,"location_latitude_seed_delivery_point":null,"location_altitude":null,"location_longitude":null,"location_latitude":null,"planting_date":null,"harvest_date":null,"codigo_paquetes":null,"caracteristica_1":"Overall_performance-(A/B/C)","best_variedad_1":null,"worst_variedad_1":null,"caracteristica_2":"Overall_performance_VS_Local-(Better/Worse)","variedad_a_2":null,"variedad_b_2":null,"variedad_c_2":null,"evaluation":null},
{"observadores":"jimma_tiruafetadist_teff_2018_84","name_user":null,"name_family":null,"village":null,"district":null,"telephone":null,"gender":null,"age":null,"location_longitude_seed_delivery_point":null,"location_latitude_seed_delivery_point":null,"location_altitude":null,"location_longitude":null,"location_latitude":null,"planting_date":null,"harvest_date":null,"codigo_paquetes":null,"caracteristica_1":"Overall_performance-(A/B/C)","best_variedad_1":null,"worst_variedad_1":null,"caracteristica_2":"Overall_performance_VS_Local-(Better/Worse)","variedad_a_2":null,"variedad_b_2":null,"variedad_c_2":null,"evaluation":null},
{"observadores":"jimma_tiruafetadist_teff_2018_85","name_user":null,"name_family":null,"village":null,"district":null,"telephone":null,"gender":null,"age":null,"location_longitude_seed_delivery_point":null,"location_latitude_seed_delivery_point":null,"location_altitude":null,"location_longitude":null,"location_latitude":null,"planting_date":null,"harvest_date":null,"codigo_paquetes":null,"caracteristica_1":"Overall_performance-(A/B/C)","best_variedad_1":null,"worst_variedad_1":null,"caracteristica_2":"Overall_performance_VS_Local-(Better/Worse)","variedad_a_2":null,"variedad_b_2":null,"variedad_c_2":null,"evaluation":null},
{"observadores":"jimma_tiruafetadist_teff_2018_86","name_user":null,"name_family":null,"village":null,"district":null,"telephone":null,"gender":null,"age":null,"location_longitude_seed_delivery_point":null,"location_latitude_seed_delivery_point":null,"location_altitude":null,"location_longitude":null,"location_latitude":null,"planting_date":null,"harvest_date":null,"codigo_paquetes":null,"caracteristica_1":"Overall_performance-(A/B/C)","best_variedad_1":null,"worst_variedad_1":null,"caracteristica_2":"Overall_performance_VS_Local-(Better/Worse)","variedad_a_2":null,"variedad_b_2":null,"variedad_c_2":null,"evaluation":null},
{"observadores":"jimma_tiruafetadist_teff_2018_87","name_user":null,"name_family":null,"village":null,"district":null,"telephone":null,"gender":null,"age":null,"location_longitude_seed_delivery_point":null,"location_latitude_seed_delivery_point":null,"location_altitude":null,"location_longitude":null,"location_latitude":null,"planting_date":null,"harvest_date":null,"codigo_paquetes":null,"caracteristica_1":"Overall_performance-(A/B/C)","best_variedad_1":null,"worst_variedad_1":null,"caracteristica_2":"Overall_performance_VS_Local-(Better/Worse)","variedad_a_2":null,"variedad_b_2":null,"variedad_c_2":null,"evaluation":null},
{"observadores":"jimma_tiruafetadist_teff_2018_88","name_user":null,"name_family":null,"village":null,"district":null,"telephone":null,"gender":null,"age":null,"location_longitude_seed_delivery_point":null,"location_latitude_seed_delivery_point":null,"location_altitude":null,"location_longitude":null,"location_latitude":null,"planting_date":null,"harvest_date":null,"codigo_paquetes":null,"caracteristica_1":"Overall_performance-(A/B/C)","best_variedad_1":null,"worst_variedad_1":null,"caracteristica_2":"Overall_performance_VS_Local-(Better/Worse)","variedad_a_2":null,"variedad_b_2":null,"variedad_c_2":null,"evaluation":null},
{"observadores":"jimma_tiruafetadist_teff_2018_89","name_user":null,"name_family":null,"village":null,"district":null,"telephone":null,"gender":null,"age":null,"location_longitude_seed_delivery_point":null,"location_latitude_seed_delivery_point":null,"location_altitude":null,"location_longitude":null,"location_latitude":null,"planting_date":null,"harvest_date":null,"codigo_paquetes":null,"caracteristica_1":"Overall_performance-(A/B/C)","best_variedad_1":null,"worst_variedad_1":null,"caracteristica_2":"Overall_performance_VS_Local-(Better/Worse)","variedad_a_2":null,"variedad_b_2":null,"variedad_c_2":null,"evaluation":null},
{"observadores":"jimma_tiruafetadist_teff_2018_9","name_user":null,"name_family":null,"village":null,"district":null,"telephone":null,"gender":null,"age":null,"location_longitude_seed_delivery_point":null,"location_latitude_seed_delivery_point":null,"location_altitude":null,"location_longitude":null,"location_latitude":null,"planting_date":null,"harvest_date":null,"codigo_paquetes":null,"caracteristica_1":"Overall_performance-(A/B/C)","best_variedad_1":null,"worst_variedad_1":null,"caracteristica_2":"Overall_performance_VS_Local-(Better/Worse)","variedad_a_2":null,"variedad_b_2":null,"variedad_c_2":null,"evaluation":null},
{"observadores":"jimma_tiruafetadist_teff_2018_90","name_user":null,"name_family":null,"village":null,"district":null,"telephone":null,"gender":null,"age":null,"location_longitude_seed_delivery_point":null,"location_latitude_seed_delivery_point":null,"location_altitude":null,"location_longitude":null,"location_latitude":null,"planting_date":null,"harvest_date":null,"codigo_paquetes":null,"caracteristica_1":"Overall_performance-(A/B/C)","best_variedad_1":null,"worst_variedad_1":null,"caracteristica_2":"Overall_performance_VS_Local-(Better/Worse)","variedad_a_2":null,"variedad_b_2":null,"variedad_c_2":null,"evaluation":null},
{"observadores":"jimma_tiruafetadist_teff_2018_91","name_user":null,"name_family":null,"village":null,"district":null,"telephone":null,"gender":null,"age":null,"location_longitude_seed_delivery_point":null,"location_latitude_seed_delivery_point":null,"location_altitude":null,"location_longitude":null,"location_latitude":null,"planting_date":null,"harvest_date":null,"codigo_paquetes":null,"caracteristica_1":"Overall_performance-(A/B/C)","best_variedad_1":null,"worst_variedad_1":null,"caracteristica_2":"Overall_performance_VS_Local-(Better/Worse)","variedad_a_2":null,"variedad_b_2":null,"variedad_c_2":null,"evaluation":null},
{"observadores":"jimma_tiruafetadist_teff_2018_92","name_user":null,"name_family":null,"village":null,"district":null,"telephone":null,"gender":null,"age":null,"location_longitude_seed_delivery_point":null,"location_latitude_seed_delivery_point":null,"location_altitude":null,"location_longitude":null,"location_latitude":null,"planting_date":null,"harvest_date":null,"codigo_paquetes":null,"caracteristica_1":"Overall_performance-(A/B/C)","best_variedad_1":null,"worst_variedad_1":null,"caracteristica_2":"Overall_performance_VS_Local-(Better/Worse)","variedad_a_2":null,"variedad_b_2":null,"variedad_c_2":null,"evaluation":null},
{"observadores":"jimma_tiruafetadist_teff_2018_93","name_user":null,"name_family":null,"village":null,"district":null,"telephone":null,"gender":null,"age":null,"location_longitude_seed_delivery_point":null,"location_latitude_seed_delivery_point":null,"location_altitude":null,"location_longitude":null,"location_latitude":null,"planting_date":null,"harvest_date":null,"codigo_paquetes":null,"caracteristica_1":"Overall_performance-(A/B/C)","best_variedad_1":null,"worst_variedad_1":null,"caracteristica_2":"Overall_performance_VS_Local-(Better/Worse)","variedad_a_2":null,"variedad_b_2":null,"variedad_c_2":null,"evaluation":null},
{"observadores":"jimma_tiruafetadist_teff_2018_94","name_user":null,"name_family":null,"village":null,"district":null,"telephone":null,"gender":null,"age":null,"location_longitude_seed_delivery_point":null,"location_latitude_seed_delivery_point":null,"location_altitude":null,"location_longitude":null,"location_latitude":null,"planting_date":null,"harvest_date":null,"codigo_paquetes":null,"caracteristica_1":"Overall_performance-(A/B/C)","best_variedad_1":null,"worst_variedad_1":null,"caracteristica_2":"Overall_performance_VS_Local-(Better/Worse)","variedad_a_2":null,"variedad_b_2":null,"variedad_c_2":null,"evaluation":null},
{"observadores":"jimma_tiruafetadist_teff_2018_95","name_user":null,"name_family":null,"village":null,"district":null,"telephone":null,"gender":null,"age":null,"location_longitude_seed_delivery_point":null,"location_latitude_seed_delivery_point":null,"location_altitude":null,"location_longitude":null,"location_latitude":null,"planting_date":null,"harvest_date":null,"codigo_paquetes":null,"caracteristica_1":"Overall_performance-(A/B/C)","best_variedad_1":null,"worst_variedad_1":null,"caracteristica_2":"Overall_performance_VS_Local-(Better/Worse)","variedad_a_2":null,"variedad_b_2":null,"variedad_c_2":null,"evaluation":null},
{"observadores":"jimma_tiruafetadist_teff_2018_96","name_user":null,"name_family":null,"village":null,"district":null,"telephone":null,"gender":null,"age":null,"location_longitude_seed_delivery_point":null,"location_latitude_seed_delivery_point":null,"location_altitude":null,"location_longitude":null,"location_latitude":null,"planting_date":null,"harvest_date":null,"codigo_paquetes":null,"caracteristica_1":"Overall_performance-(A/B/C)","best_variedad_1":null,"worst_variedad_1":null,"caracteristica_2":"Overall_performance_VS_Local-(Better/Worse)","variedad_a_2":null,"variedad_b_2":null,"variedad_c_2":null,"evaluation":null},
{"observadores":"jimma_tiruafetadist_teff_2018_97","name_user":null,"name_family":null,"village":null,"district":null,"telephone":null,"gender":null,"age":null,"location_longitude_seed_delivery_point":null,"location_latitude_seed_delivery_point":null,"location_altitude":null,"location_longitude":null,"location_latitude":null,"planting_date":null,"harvest_date":null,"codigo_paquetes":null,"caracteristica_1":"Overall_performance-(A/B/C)","best_variedad_1":null,"worst_variedad_1":null,"caracteristica_2":"Overall_performance_VS_Local-(Better/Worse)","variedad_a_2":null,"variedad_b_2":null,"variedad_c_2":null,"evaluation":null},
{"observadores":"jimma_tiruafetadist_teff_2018_98","name_user":null,"name_family":null,"village":null,"district":null,"telephone":null,"gender":null,"age":null,"location_longitude_seed_delivery_point":null,"location_latitude_seed_delivery_point":null,"location_altitude":null,"location_longitude":null,"location_latitude":null,"planting_date":null,"harvest_date":null,"codigo_paquetes":null,"caracteristica_1":"Overall_performance-(A/B/C)","best_variedad_1":null,"worst_variedad_1":null,"caracteristica_2":"Overall_performance_VS_Local-(Better/Worse)","variedad_a_2":null,"variedad_b_2":null,"variedad_c_2":null,"evaluation":null},
{"observadores":"jimma_tiruafetadist_teff_2018_99","name_user":null,"name_family":null,"village":null,"district":null,"telephone":null,"gender":null,"age":null,"location_longitude_seed_delivery_point":null,"location_latitude_seed_delivery_point":null,"location_altitude":null,"location_longitude":null,"location_latitude":null,"planting_date":null,"harvest_date":null,"codigo_paquetes":null,"caracteristica_1":"Overall_performance-(A/B/C)","best_variedad_1":null,"worst_variedad_1":null,"caracteristica_2":"Overall_performance_VS_Local-(Better/Worse)","variedad_a_2":null,"variedad_b_2":null,"variedad_c_2":null,"evaluation":null}
]
