[
{"codigo_paquetes":"package_issd_osw_goro_lentil2019_01","variedad_a":"Adea","variedad_b":"Derash","variedad_c":"Gudo"},
{"codigo_paquetes":"package_issd_osw_goro_lentil2019_02","variedad_a":"Asano","variedad_b":"Alemtena","variedad_c":"Chekol"},
{"codigo_paquetes":"package_issd_osw_goro_lentil2019_03","variedad_a":"Derash","variedad_b":"Chekol","variedad_c":"Asano"},
{"codigo_paquetes":"package_issd_osw_goro_lentil2019_04","variedad_a":"Alemtena","variedad_b":"Gudo","variedad_c":"Adea"},
{"codigo_paquetes":"package_issd_osw_goro_lentil2019_05","variedad_a":"Chekol","variedad_b":"Adea","variedad_c":"Derash"},
{"codigo_paquetes":"package_issd_osw_goro_lentil2019_06","variedad_a":"Gudo","variedad_b":"Asano","variedad_c":"Alemtena"},
{"codigo_paquetes":"package_issd_osw_goro_lentil2019_07","variedad_a":"Asano","variedad_b":"Alemtena","variedad_c":"Chekol"},
{"codigo_paquetes":"package_issd_osw_goro_lentil2019_08","variedad_a":"Adea","variedad_b":"Derash","variedad_c":"Gudo"},
{"codigo_paquetes":"package_issd_osw_goro_lentil2019_09","variedad_a":"Derash","variedad_b":"Gudo","variedad_c":"Asano"},
{"codigo_paquetes":"package_issd_osw_goro_lentil2019_10","variedad_a":"Alemtena","variedad_b":"Chekol","variedad_c":"Adea"},
{"codigo_paquetes":"package_issd_osw_goro_lentil2019_11","variedad_a":"Gudo","variedad_b":"Adea","variedad_c":"Alemtena"},
{"codigo_paquetes":"package_issd_osw_goro_lentil2019_12","variedad_a":"Chekol","variedad_b":"Asano","variedad_c":"Derash"},
{"codigo_paquetes":"package_issd_osw_goro_lentil2019_13","variedad_a":"Asano","variedad_b":"Derash","variedad_c":"Gudo"},
{"codigo_paquetes":"package_issd_osw_goro_lentil2019_14","variedad_a":"Alemtena","variedad_b":"Adea","variedad_c":"Chekol"},
{"codigo_paquetes":"package_issd_osw_goro_lentil2019_15","variedad_a":"Derash","variedad_b":"Asano","variedad_c":"Alemtena"},
{"codigo_paquetes":"package_issd_osw_goro_lentil2019_16","variedad_a":"Gudo","variedad_b":"Chekol","variedad_c":"Adea"},
{"codigo_paquetes":"package_issd_osw_goro_lentil2019_17","variedad_a":"Alemtena","variedad_b":"Gudo","variedad_c":"Asano"},
{"codigo_paquetes":"package_issd_osw_goro_lentil2019_18","variedad_a":"Adea","variedad_b":"Chekol","variedad_c":"Derash"},
{"codigo_paquetes":"package_issd_osw_goro_lentil2019_19","variedad_a":"Chekol","variedad_b":"Asano","variedad_c":"Gudo"},
{"codigo_paquetes":"package_issd_osw_goro_lentil2019_20","variedad_a":"Adea","variedad_b":"Alemtena","variedad_c":"Derash"},
{"codigo_paquetes":"package_issd_osw_goro_lentil2019_21","variedad_a":"Asano","variedad_b":"Adea","variedad_c":"Chekol"},
{"codigo_paquetes":"package_issd_osw_goro_lentil2019_22","variedad_a":"Derash","variedad_b":"Gudo","variedad_c":"Alemtena"},
{"codigo_paquetes":"package_issd_osw_goro_lentil2019_23","variedad_a":"Asano","variedad_b":"Derash","variedad_c":"Adea"},
{"codigo_paquetes":"package_issd_osw_goro_lentil2019_24","variedad_a":"Gudo","variedad_b":"Alemtena","variedad_c":"Chekol"},
{"codigo_paquetes":"package_issd_osw_goro_lentil2019_25","variedad_a":"Adea","variedad_b":"Gudo","variedad_c":"Asano"},
{"codigo_paquetes":"package_issd_osw_goro_lentil2019_26","variedad_a":"Chekol","variedad_b":"Alemtena","variedad_c":"Derash"},
{"codigo_paquetes":"package_issd_osw_goro_lentil2019_27","variedad_a":"Derash","variedad_b":"Asano","variedad_c":"Gudo"},
{"codigo_paquetes":"package_issd_osw_goro_lentil2019_28","variedad_a":"Alemtena","variedad_b":"Chekol","variedad_c":"Adea"},
{"codigo_paquetes":"package_issd_osw_goro_lentil2019_29","variedad_a":"Asano","variedad_b":"Adea","variedad_c":"Alemtena"},
{"codigo_paquetes":"package_issd_osw_goro_lentil2019_30","variedad_a":"Gudo","variedad_b":"Derash","variedad_c":"Chekol"},
{"codigo_paquetes":"package_issd_osw_goro_lentil2019_31","variedad_a":"Alemtena","variedad_b":"Derash","variedad_c":"Asano"},
{"codigo_paquetes":"package_issd_osw_goro_lentil2019_32","variedad_a":"Chekol","variedad_b":"Adea","variedad_c":"Gudo"},
{"codigo_paquetes":"package_issd_osw_goro_lentil2019_33","variedad_a":"Chekol","variedad_b":"Asano","variedad_c":"Alemtena"},
{"codigo_paquetes":"package_issd_osw_goro_lentil2019_34","variedad_a":"Adea","variedad_b":"Gudo","variedad_c":"Derash"},
{"codigo_paquetes":"package_issd_osw_goro_lentil2019_35","variedad_a":"Gudo","variedad_b":"Alemtena","variedad_c":"Asano"},
{"codigo_paquetes":"package_issd_osw_goro_lentil2019_36","variedad_a":"Derash","variedad_b":"Chekol","variedad_c":"Adea"},
{"codigo_paquetes":"package_issd_osw_goro_lentil2019_37","variedad_a":"Alemtena","variedad_b":"Adea","variedad_c":"Derash"},
{"codigo_paquetes":"package_issd_osw_goro_lentil2019_38","variedad_a":"Asano","variedad_b":"Gudo","variedad_c":"Chekol"},
{"codigo_paquetes":"package_issd_osw_goro_lentil2019_39","variedad_a":"Adea","variedad_b":"Chekol","variedad_c":"Asano"},
{"codigo_paquetes":"package_issd_osw_goro_lentil2019_40","variedad_a":"Derash","variedad_b":"Alemtena","variedad_c":"Gudo"},
{"codigo_paquetes":"package_issd_osw_goro_lentil2019_41","variedad_a":"Alemtena","variedad_b":"Asano","variedad_c":"Adea"},
{"codigo_paquetes":"package_issd_osw_goro_lentil2019_42","variedad_a":"Gudo","variedad_b":"Derash","variedad_c":"Chekol"},
{"codigo_paquetes":"package_issd_osw_goro_lentil2019_43","variedad_a":"Asano","variedad_b":"Adea","variedad_c":"Derash"},
{"codigo_paquetes":"package_issd_osw_goro_lentil2019_44","variedad_a":"Chekol","variedad_b":"Gudo","variedad_c":"Alemtena"},
{"codigo_paquetes":"package_issd_osw_goro_lentil2019_45","variedad_a":"Adea","variedad_b":"Asano","variedad_c":"Gudo"},
{"codigo_paquetes":"package_issd_osw_goro_lentil2019_46","variedad_a":"Derash","variedad_b":"Chekol","variedad_c":"Alemtena"},
{"codigo_paquetes":"package_issd_osw_goro_lentil2019_47","variedad_a":"Chekol","variedad_b":"Asano","variedad_c":"Adea"},
{"codigo_paquetes":"package_issd_osw_goro_lentil2019_48","variedad_a":"Gudo","variedad_b":"Alemtena","variedad_c":"Derash"},
{"codigo_paquetes":"package_issd_osw_goro_lentil2019_49","variedad_a":"Alemtena","variedad_b":"Derash","variedad_c":"Adea"},
{"codigo_paquetes":"package_issd_osw_goro_lentil2019_50","variedad_a":"Gudo","variedad_b":"Chekol","variedad_c":"Asano"}
]
