[
{"codigo_paquetes":"package_issdose_sire_wheat2019_001","variedad_a":"Dembel","variedad_b":"Dendea","variedad_c":"Hidase"},
{"codigo_paquetes":"package_issdose_sire_wheat2019_002","variedad_a":"Ogolcho","variedad_b":"Hulluka","variedad_c":"Shorima"},
{"codigo_paquetes":"package_issdose_sire_wheat2019_003","variedad_a":"Sanate","variedad_b":"Kekeba","variedad_c":"Kingbird"},
{"codigo_paquetes":"package_issdose_sire_wheat2019_004","variedad_a":"Obora","variedad_b":"Mandayou","variedad_c":"Kekeba"},
{"codigo_paquetes":"package_issdose_sire_wheat2019_005","variedad_a":"Kingbird","variedad_b":"Dembel","variedad_c":"Hulluka"},
{"codigo_paquetes":"package_issdose_sire_wheat2019_006","variedad_a":"Hidase","variedad_b":"Obora","variedad_c":"Ogolcho"},
{"codigo_paquetes":"package_issdose_sire_wheat2019_007","variedad_a":"Mandayou","variedad_b":"Shorima","variedad_c":"Dendea"},
{"codigo_paquetes":"package_issdose_sire_wheat2019_008","variedad_a":"Dendea","variedad_b":"Hidase","variedad_c":"Sanate"},
{"codigo_paquetes":"package_issdose_sire_wheat2019_009","variedad_a":"Ogolcho","variedad_b":"Kingbird","variedad_c":"Dembel"},
{"codigo_paquetes":"package_issdose_sire_wheat2019_010","variedad_a":"Obora","variedad_b":"Sanate","variedad_c":"Mandayou"},
{"codigo_paquetes":"package_issdose_sire_wheat2019_011","variedad_a":"Kekeba","variedad_b":"Hulluka","variedad_c":"Shorima"},
{"codigo_paquetes":"package_issdose_sire_wheat2019_012","variedad_a":"Dembel","variedad_b":"Ogolcho","variedad_c":"Obora"},
{"codigo_paquetes":"package_issdose_sire_wheat2019_013","variedad_a":"Hulluka","variedad_b":"Shorima","variedad_c":"Kingbird"},
{"codigo_paquetes":"package_issdose_sire_wheat2019_014","variedad_a":"Sanate","variedad_b":"Mandayou","variedad_c":"Kekeba"},
{"codigo_paquetes":"package_issdose_sire_wheat2019_015","variedad_a":"Mandayou","variedad_b":"Dendea","variedad_c":"Hidase"},
{"codigo_paquetes":"package_issdose_sire_wheat2019_016","variedad_a":"Hidase","variedad_b":"Obora","variedad_c":"Hulluka"},
{"codigo_paquetes":"package_issdose_sire_wheat2019_017","variedad_a":"Shorima","variedad_b":"Dembel","variedad_c":"Dendea"},
{"codigo_paquetes":"package_issdose_sire_wheat2019_018","variedad_a":"Kekeba","variedad_b":"Sanate","variedad_c":"Ogolcho"},
{"codigo_paquetes":"package_issdose_sire_wheat2019_019","variedad_a":"Kingbird","variedad_b":"Hidase","variedad_c":"Sanate"},
{"codigo_paquetes":"package_issdose_sire_wheat2019_020","variedad_a":"Shorima","variedad_b":"Kekeba","variedad_c":"Kingbird"},
{"codigo_paquetes":"package_issdose_sire_wheat2019_021","variedad_a":"Dendea","variedad_b":"Hulluka","variedad_c":"Obora"},
{"codigo_paquetes":"package_issdose_sire_wheat2019_022","variedad_a":"Dembel","variedad_b":"Ogolcho","variedad_c":"Mandayou"},
{"codigo_paquetes":"package_issdose_sire_wheat2019_023","variedad_a":"Hulluka","variedad_b":"Shorima","variedad_c":"Dembel"},
{"codigo_paquetes":"package_issdose_sire_wheat2019_024","variedad_a":"Mandayou","variedad_b":"Kingbird","variedad_c":"Ogolcho"},
{"codigo_paquetes":"package_issdose_sire_wheat2019_025","variedad_a":"Dendea","variedad_b":"Kekeba","variedad_c":"Hidase"},
{"codigo_paquetes":"package_issdose_sire_wheat2019_026","variedad_a":"Obora","variedad_b":"Sanate","variedad_c":"Mandayou"},
{"codigo_paquetes":"package_issdose_sire_wheat2019_027","variedad_a":"Ogolcho","variedad_b":"Hidase","variedad_c":"Hulluka"},
{"codigo_paquetes":"package_issdose_sire_wheat2019_028","variedad_a":"Obora","variedad_b":"Dembel","variedad_c":"Dendea"},
{"codigo_paquetes":"package_issdose_sire_wheat2019_029","variedad_a":"Sanate","variedad_b":"Kekeba","variedad_c":"Shorima"},
{"codigo_paquetes":"package_issdose_sire_wheat2019_030","variedad_a":"Hidase","variedad_b":"Kingbird","variedad_c":"Obora"},
{"codigo_paquetes":"package_issdose_sire_wheat2019_031","variedad_a":"Kingbird","variedad_b":"Shorima","variedad_c":"Kekeba"},
{"codigo_paquetes":"package_issdose_sire_wheat2019_032","variedad_a":"Hulluka","variedad_b":"Dendea","variedad_c":"Sanate"},
{"codigo_paquetes":"package_issdose_sire_wheat2019_033","variedad_a":"Mandayou","variedad_b":"Ogolcho","variedad_c":"Dembel"},
{"codigo_paquetes":"package_issdose_sire_wheat2019_034","variedad_a":"Shorima","variedad_b":"Mandayou","variedad_c":"Hulluka"},
{"codigo_paquetes":"package_issdose_sire_wheat2019_035","variedad_a":"Sanate","variedad_b":"Ogolcho","variedad_c":"Kingbird"},
{"codigo_paquetes":"package_issdose_sire_wheat2019_036","variedad_a":"Kekeba","variedad_b":"Dembel","variedad_c":"Hidase"},
{"codigo_paquetes":"package_issdose_sire_wheat2019_037","variedad_a":"Dendea","variedad_b":"Obora","variedad_c":"Mandayou"},
{"codigo_paquetes":"package_issdose_sire_wheat2019_038","variedad_a":"Ogolcho","variedad_b":"Hulluka","variedad_c":"Obora"},
{"codigo_paquetes":"package_issdose_sire_wheat2019_039","variedad_a":"Dembel","variedad_b":"Hidase","variedad_c":"Dendea"},
{"codigo_paquetes":"package_issdose_sire_wheat2019_040","variedad_a":"Kekeba","variedad_b":"Kingbird","variedad_c":"Sanate"},
{"codigo_paquetes":"package_issdose_sire_wheat2019_041","variedad_a":"Hidase","variedad_b":"Obora","variedad_c":"Shorima"},
{"codigo_paquetes":"package_issdose_sire_wheat2019_042","variedad_a":"Kingbird","variedad_b":"Shorima","variedad_c":"Dembel"},
{"codigo_paquetes":"package_issdose_sire_wheat2019_043","variedad_a":"Hulluka","variedad_b":"Sanate","variedad_c":"Dendea"},
{"codigo_paquetes":"package_issdose_sire_wheat2019_044","variedad_a":"Kekeba","variedad_b":"Mandayou","variedad_c":"Ogolcho"},
{"codigo_paquetes":"package_issdose_sire_wheat2019_045","variedad_a":"Shorima","variedad_b":"Sanate","variedad_c":"Mandayou"},
{"codigo_paquetes":"package_issdose_sire_wheat2019_046","variedad_a":"Ogolcho","variedad_b":"Kingbird","variedad_c":"Hulluka"},
{"codigo_paquetes":"package_issdose_sire_wheat2019_047","variedad_a":"Obora","variedad_b":"Dembel","variedad_c":"Kekeba"},
{"codigo_paquetes":"package_issdose_sire_wheat2019_048","variedad_a":"Hidase","variedad_b":"Dendea","variedad_c":"Ogolcho"},
{"codigo_paquetes":"package_issdose_sire_wheat2019_049","variedad_a":"Mandayou","variedad_b":"Hulluka","variedad_c":"Obora"},
{"codigo_paquetes":"package_issdose_sire_wheat2019_050","variedad_a":"Dembel","variedad_b":"Hidase","variedad_c":"Sanate"},
{"codigo_paquetes":"package_issdose_sire_wheat2019_051","variedad_a":"Dendea","variedad_b":"Kekeba","variedad_c":"Kingbird"},
{"codigo_paquetes":"package_issdose_sire_wheat2019_052","variedad_a":"Obora","variedad_b":"Dendea","variedad_c":"Shorima"},
{"codigo_paquetes":"package_issdose_sire_wheat2019_053","variedad_a":"Kingbird","variedad_b":"Shorima","variedad_c":"Hidase"},
{"codigo_paquetes":"package_issdose_sire_wheat2019_054","variedad_a":"Sanate","variedad_b":"Hulluka","variedad_c":"Dembel"},
{"codigo_paquetes":"package_issdose_sire_wheat2019_055","variedad_a":"Sanate","variedad_b":"Ogolcho","variedad_c":"Kekeba"},
{"codigo_paquetes":"package_issdose_sire_wheat2019_056","variedad_a":"Shorima","variedad_b":"Mandayou","variedad_c":"Dembel"},
{"codigo_paquetes":"package_issdose_sire_wheat2019_057","variedad_a":"Mandayou","variedad_b":"Ogolcho","variedad_c":"Kingbird"},
{"codigo_paquetes":"package_issdose_sire_wheat2019_058","variedad_a":"Hulluka","variedad_b":"Obora","variedad_c":"Kekeba"},
{"codigo_paquetes":"package_issdose_sire_wheat2019_059","variedad_a":"Dendea","variedad_b":"Hidase","variedad_c":"Ogolcho"},
{"codigo_paquetes":"package_issdose_sire_wheat2019_060","variedad_a":"Hulluka","variedad_b":"Mandayou","variedad_c":"Dendea"},
{"codigo_paquetes":"package_issdose_sire_wheat2019_061","variedad_a":"Hidase","variedad_b":"Obora","variedad_c":"Sanate"},
{"codigo_paquetes":"package_issdose_sire_wheat2019_062","variedad_a":"Dembel","variedad_b":"Kekeba","variedad_c":"Kingbird"},
{"codigo_paquetes":"package_issdose_sire_wheat2019_063","variedad_a":"Shorima","variedad_b":"Dendea","variedad_c":"Obora"},
{"codigo_paquetes":"package_issdose_sire_wheat2019_064","variedad_a":"Hidase","variedad_b":"Kingbird","variedad_c":"Hulluka"},
{"codigo_paquetes":"package_issdose_sire_wheat2019_065","variedad_a":"Dembel","variedad_b":"Sanate","variedad_c":"Shorima"},
{"codigo_paquetes":"package_issdose_sire_wheat2019_066","variedad_a":"Kekeba","variedad_b":"Ogolcho","variedad_c":"Shorima"},
{"codigo_paquetes":"package_issdose_sire_wheat2019_067","variedad_a":"Sanate","variedad_b":"Dembel","variedad_c":"Mandayou"},
{"codigo_paquetes":"package_issdose_sire_wheat2019_068","variedad_a":"Ogolcho","variedad_b":"Obora","variedad_c":"Mandayou"},
{"codigo_paquetes":"package_issdose_sire_wheat2019_069","variedad_a":"Kingbird","variedad_b":"Kekeba","variedad_c":"Hulluka"},
{"codigo_paquetes":"package_issdose_sire_wheat2019_070","variedad_a":"Kekeba","variedad_b":"Dendea","variedad_c":"Hidase"},
{"codigo_paquetes":"package_issdose_sire_wheat2019_071","variedad_a":"Mandayou","variedad_b":"Hulluka","variedad_c":"Ogolcho"},
{"codigo_paquetes":"package_issdose_sire_wheat2019_072","variedad_a":"Obora","variedad_b":"Kingbird","variedad_c":"Sanate"},
{"codigo_paquetes":"package_issdose_sire_wheat2019_073","variedad_a":"Shorima","variedad_b":"Dembel","variedad_c":"Hidase"},
{"codigo_paquetes":"package_issdose_sire_wheat2019_074","variedad_a":"Dendea","variedad_b":"Sanate","variedad_c":"Obora"},
{"codigo_paquetes":"package_issdose_sire_wheat2019_075","variedad_a":"Hulluka","variedad_b":"Hidase","variedad_c":"Dendea"},
{"codigo_paquetes":"package_issdose_sire_wheat2019_076","variedad_a":"Kingbird","variedad_b":"Mandayou","variedad_c":"Shorima"},
{"codigo_paquetes":"package_issdose_sire_wheat2019_077","variedad_a":"Ogolcho","variedad_b":"Dembel","variedad_c":"Kekeba"},
{"codigo_paquetes":"package_issdose_sire_wheat2019_078","variedad_a":"Sanate","variedad_b":"Shorima","variedad_c":"Dembel"},
{"codigo_paquetes":"package_issdose_sire_wheat2019_079","variedad_a":"Obora","variedad_b":"Mandayou","variedad_c":"Hidase"},
{"codigo_paquetes":"package_issdose_sire_wheat2019_080","variedad_a":"Kekeba","variedad_b":"Ogolcho","variedad_c":"Kingbird"},
{"codigo_paquetes":"package_issdose_sire_wheat2019_081","variedad_a":"Dendea","variedad_b":"Kekeba","variedad_c":"Hulluka"},
{"codigo_paquetes":"package_issdose_sire_wheat2019_082","variedad_a":"Mandayou","variedad_b":"Dendea","variedad_c":"Ogolcho"},
{"codigo_paquetes":"package_issdose_sire_wheat2019_083","variedad_a":"Kingbird","variedad_b":"Hulluka","variedad_c":"Sanate"},
{"codigo_paquetes":"package_issdose_sire_wheat2019_084","variedad_a":"Dembel","variedad_b":"Hidase","variedad_c":"Obora"},
{"codigo_paquetes":"package_issdose_sire_wheat2019_085","variedad_a":"Shorima","variedad_b":"Obora","variedad_c":"Kekeba"},
{"codigo_paquetes":"package_issdose_sire_wheat2019_086","variedad_a":"Hidase","variedad_b":"Sanate","variedad_c":"Hulluka"},
{"codigo_paquetes":"package_issdose_sire_wheat2019_087","variedad_a":"Kingbird","variedad_b":"Shorima","variedad_c":"Dendea"},
{"codigo_paquetes":"package_issdose_sire_wheat2019_088","variedad_a":"Ogolcho","variedad_b":"Hulluka","variedad_c":"Dembel"},
{"codigo_paquetes":"package_issdose_sire_wheat2019_089","variedad_a":"Dembel","variedad_b":"Shorima","variedad_c":"Mandayou"},
{"codigo_paquetes":"package_issdose_sire_wheat2019_090","variedad_a":"Sanate","variedad_b":"Mandayou","variedad_c":"Hidase"},
{"codigo_paquetes":"package_issdose_sire_wheat2019_091","variedad_a":"Obora","variedad_b":"Kingbird","variedad_c":"Ogolcho"},
{"codigo_paquetes":"package_issdose_sire_wheat2019_092","variedad_a":"Dendea","variedad_b":"Sanate","variedad_c":"Kekeba"},
{"codigo_paquetes":"package_issdose_sire_wheat2019_093","variedad_a":"Mandayou","variedad_b":"Ogolcho","variedad_c":"Dendea"},
{"codigo_paquetes":"package_issdose_sire_wheat2019_094","variedad_a":"Kekeba","variedad_b":"Hidase","variedad_c":"Kingbird"},
{"codigo_paquetes":"package_issdose_sire_wheat2019_095","variedad_a":"Hulluka","variedad_b":"Obora","variedad_c":"Dembel"},
{"codigo_paquetes":"package_issdose_sire_wheat2019_096","variedad_a":"Shorima","variedad_b":"Obora","variedad_c":"Sanate"},
{"codigo_paquetes":"package_issdose_sire_wheat2019_097","variedad_a":"Hidase","variedad_b":"Kekeba","variedad_c":"Hulluka"},
{"codigo_paquetes":"package_issdose_sire_wheat2019_098","variedad_a":"Dendea","variedad_b":"Kingbird","variedad_c":"Shorima"},
{"codigo_paquetes":"package_issdose_sire_wheat2019_099","variedad_a":"Ogolcho","variedad_b":"Dembel","variedad_c":"Hidase"},
{"codigo_paquetes":"package_issdose_sire_wheat2019_100","variedad_a":"Hulluka","variedad_b":"Dembel","variedad_c":"Mandayou"},
{"codigo_paquetes":"package_issdose_sire_wheat2019_101","variedad_a":"Mandayou","variedad_b":"Kekeba","variedad_c":"Shorima"},
{"codigo_paquetes":"package_issdose_sire_wheat2019_102","variedad_a":"Sanate","variedad_b":"Ogolcho","variedad_c":"Kingbird"},
{"codigo_paquetes":"package_issdose_sire_wheat2019_103","variedad_a":"Hidase","variedad_b":"Dendea","variedad_c":"Obora"},
{"codigo_paquetes":"package_issdose_sire_wheat2019_104","variedad_a":"Sanate","variedad_b":"Mandayou","variedad_c":"Dendea"},
{"codigo_paquetes":"package_issdose_sire_wheat2019_105","variedad_a":"Obora","variedad_b":"Kingbird","variedad_c":"Kekeba"},
{"codigo_paquetes":"package_issdose_sire_wheat2019_106","variedad_a":"Dembel","variedad_b":"Shorima","variedad_c":"Ogolcho"},
{"codigo_paquetes":"package_issdose_sire_wheat2019_107","variedad_a":"Hulluka","variedad_b":"Sanate","variedad_c":"Obora"},
{"codigo_paquetes":"package_issdose_sire_wheat2019_108","variedad_a":"Kekeba","variedad_b":"Hidase","variedad_c":"Hulluka"},
{"codigo_paquetes":"package_issdose_sire_wheat2019_109","variedad_a":"Kingbird","variedad_b":"Dendea","variedad_c":"Dembel"},
{"codigo_paquetes":"package_issdose_sire_wheat2019_110","variedad_a":"Ogolcho","variedad_b":"Shorima","variedad_c":"Mandayou"},
{"codigo_paquetes":"package_issdose_sire_wheat2019_111","variedad_a":"Dembel","variedad_b":"Hulluka","variedad_c":"Hidase"},
{"codigo_paquetes":"package_issdose_sire_wheat2019_112","variedad_a":"Shorima","variedad_b":"Mandayou","variedad_c":"Kekeba"},
{"codigo_paquetes":"package_issdose_sire_wheat2019_113","variedad_a":"Obora","variedad_b":"Ogolcho","variedad_c":"Sanate"},
{"codigo_paquetes":"package_issdose_sire_wheat2019_114","variedad_a":"Dendea","variedad_b":"Hidase","variedad_c":"Kingbird"},
{"codigo_paquetes":"package_issdose_sire_wheat2019_115","variedad_a":"Shorima","variedad_b":"Sanate","variedad_c":"Dendea"},
{"codigo_paquetes":"package_issdose_sire_wheat2019_116","variedad_a":"Mandayou","variedad_b":"Kingbird","variedad_c":"Obora"},
{"codigo_paquetes":"package_issdose_sire_wheat2019_117","variedad_a":"Kekeba","variedad_b":"Hulluka","variedad_c":"Ogolcho"},
{"codigo_paquetes":"package_issdose_sire_wheat2019_118","variedad_a":"Obora","variedad_b":"Dembel","variedad_c":"Sanate"},
{"codigo_paquetes":"package_issdose_sire_wheat2019_119","variedad_a":"Hidase","variedad_b":"Kekeba","variedad_c":"Shorima"},
{"codigo_paquetes":"package_issdose_sire_wheat2019_120","variedad_a":"Kingbird","variedad_b":"Hulluka","variedad_c":"Dembel"},
{"codigo_paquetes":"package_issdose_sire_wheat2019_121","variedad_a":"Dembel","variedad_b":"Dendea","variedad_c":"Mandayou"},
{"codigo_paquetes":"package_issdose_sire_wheat2019_122","variedad_a":"Ogolcho","variedad_b":"Mandayou","variedad_c":"Hidase"},
{"codigo_paquetes":"package_issdose_sire_wheat2019_123","variedad_a":"Hulluka","variedad_b":"Obora","variedad_c":"Shorima"},
{"codigo_paquetes":"package_issdose_sire_wheat2019_124","variedad_a":"Sanate","variedad_b":"Dendea","variedad_c":"Ogolcho"},
{"codigo_paquetes":"package_issdose_sire_wheat2019_125","variedad_a":"Kekeba","variedad_b":"Hidase","variedad_c":"Kingbird"},
{"codigo_paquetes":"package_issdose_sire_wheat2019_126","variedad_a":"Dendea","variedad_b":"Shorima","variedad_c":"Kekeba"},
{"codigo_paquetes":"package_issdose_sire_wheat2019_127","variedad_a":"Mandayou","variedad_b":"Kingbird","variedad_c":"Obora"},
{"codigo_paquetes":"package_issdose_sire_wheat2019_128","variedad_a":"Ogolcho","variedad_b":"Sanate","variedad_c":"Hulluka"},
{"codigo_paquetes":"package_issdose_sire_wheat2019_129","variedad_a":"Dembel","variedad_b":"Kekeba","variedad_c":"Sanate"},
{"codigo_paquetes":"package_issdose_sire_wheat2019_130","variedad_a":"Hidase","variedad_b":"Obora","variedad_c":"Dendea"},
{"codigo_paquetes":"package_issdose_sire_wheat2019_131","variedad_a":"Kingbird","variedad_b":"Hulluka","variedad_c":"Shorima"},
{"codigo_paquetes":"package_issdose_sire_wheat2019_132","variedad_a":"Hulluka","variedad_b":"Dembel","variedad_c":"Mandayou"},
{"codigo_paquetes":"package_issdose_sire_wheat2019_133","variedad_a":"Hidase","variedad_b":"Ogolcho","variedad_c":"Dembel"},
{"codigo_paquetes":"package_issdose_sire_wheat2019_134","variedad_a":"Shorima","variedad_b":"Obora","variedad_c":"Ogolcho"},
{"codigo_paquetes":"package_issdose_sire_wheat2019_135","variedad_a":"Sanate","variedad_b":"Dendea","variedad_c":"Kingbird"},
{"codigo_paquetes":"package_issdose_sire_wheat2019_136","variedad_a":"Mandayou","variedad_b":"Kekeba","variedad_c":"Hidase"},
{"codigo_paquetes":"package_issdose_sire_wheat2019_137","variedad_a":"Dendea","variedad_b":"Ogolcho","variedad_c":"Kekeba"},
{"codigo_paquetes":"package_issdose_sire_wheat2019_138","variedad_a":"Obora","variedad_b":"Shorima","variedad_c":"Mandayou"},
{"codigo_paquetes":"package_issdose_sire_wheat2019_139","variedad_a":"Kingbird","variedad_b":"Dembel","variedad_c":"Sanate"},
{"codigo_paquetes":"package_issdose_sire_wheat2019_140","variedad_a":"Kekeba","variedad_b":"Sanate","variedad_c":"Hulluka"},
{"codigo_paquetes":"package_issdose_sire_wheat2019_141","variedad_a":"Hidase","variedad_b":"Kingbird","variedad_c":"Obora"},
{"codigo_paquetes":"package_issdose_sire_wheat2019_142","variedad_a":"Hulluka","variedad_b":"Shorima","variedad_c":"Dendea"},
{"codigo_paquetes":"package_issdose_sire_wheat2019_143","variedad_a":"Sanate","variedad_b":"Mandayou","variedad_c":"Dembel"},
{"codigo_paquetes":"package_issdose_sire_wheat2019_144","variedad_a":"Ogolcho","variedad_b":"Obora","variedad_c":"Dembel"},
{"codigo_paquetes":"package_issdose_sire_wheat2019_145","variedad_a":"Shorima","variedad_b":"Hidase","variedad_c":"Ogolcho"},
{"codigo_paquetes":"package_issdose_sire_wheat2019_146","variedad_a":"Dendea","variedad_b":"Kingbird","variedad_c":"Hulluka"},
{"codigo_paquetes":"package_issdose_sire_wheat2019_147","variedad_a":"Mandayou","variedad_b":"Kekeba","variedad_c":"Kingbird"},
{"codigo_paquetes":"package_issdose_sire_wheat2019_148","variedad_a":"Kekeba","variedad_b":"Ogolcho","variedad_c":"Hidase"},
{"codigo_paquetes":"package_issdose_sire_wheat2019_149","variedad_a":"Shorima","variedad_b":"Mandayou","variedad_c":"Dendea"},
{"codigo_paquetes":"package_issdose_sire_wheat2019_150","variedad_a":"Obora","variedad_b":"Hulluka","variedad_c":"Sanate"},
{"codigo_paquetes":"package_issdose_sire_wheat2019_151","variedad_a":"Dembel","variedad_b":"Dendea","variedad_c":"Kekeba"},
{"codigo_paquetes":"package_issdose_sire_wheat2019_152","variedad_a":"Sanate","variedad_b":"Hidase","variedad_c":"Mandayou"},
{"codigo_paquetes":"package_issdose_sire_wheat2019_153","variedad_a":"Kingbird","variedad_b":"Obora","variedad_c":"Shorima"},
{"codigo_paquetes":"package_issdose_sire_wheat2019_154","variedad_a":"Ogolcho","variedad_b":"Sanate","variedad_c":"Hulluka"},
{"codigo_paquetes":"package_issdose_sire_wheat2019_155","variedad_a":"Mandayou","variedad_b":"Dembel","variedad_c":"Obora"},
{"codigo_paquetes":"package_issdose_sire_wheat2019_156","variedad_a":"Dembel","variedad_b":"Ogolcho","variedad_c":"Shorima"},
{"codigo_paquetes":"package_issdose_sire_wheat2019_157","variedad_a":"Dendea","variedad_b":"Sanate","variedad_c":"Kingbird"},
{"codigo_paquetes":"package_issdose_sire_wheat2019_158","variedad_a":"Hulluka","variedad_b":"Shorima","variedad_c":"Hidase"},
{"codigo_paquetes":"package_issdose_sire_wheat2019_159","variedad_a":"Obora","variedad_b":"Hidase","variedad_c":"Kekeba"},
{"codigo_paquetes":"package_issdose_sire_wheat2019_160","variedad_a":"Ogolcho","variedad_b":"Kingbird","variedad_c":"Dendea"},
{"codigo_paquetes":"package_issdose_sire_wheat2019_161","variedad_a":"Kekeba","variedad_b":"Hulluka","variedad_c":"Mandayou"},
{"codigo_paquetes":"package_issdose_sire_wheat2019_162","variedad_a":"Dendea","variedad_b":"Kekeba","variedad_c":"Dembel"},
{"codigo_paquetes":"package_issdose_sire_wheat2019_163","variedad_a":"Hidase","variedad_b":"Mandayou","variedad_c":"Kingbird"},
{"codigo_paquetes":"package_issdose_sire_wheat2019_164","variedad_a":"Shorima","variedad_b":"Obora","variedad_c":"Ogolcho"},
{"codigo_paquetes":"package_issdose_sire_wheat2019_165","variedad_a":"Hulluka","variedad_b":"Shorima","variedad_c":"Sanate"},
{"codigo_paquetes":"package_issdose_sire_wheat2019_166","variedad_a":"Kingbird","variedad_b":"Dembel","variedad_c":"Obora"},
{"codigo_paquetes":"package_issdose_sire_wheat2019_167","variedad_a":"Sanate","variedad_b":"Mandayou","variedad_c":"Ogolcho"},
{"codigo_paquetes":"package_issdose_sire_wheat2019_168","variedad_a":"Dembel","variedad_b":"Dendea","variedad_c":"Hulluka"},
{"codigo_paquetes":"package_issdose_sire_wheat2019_169","variedad_a":"Kekeba","variedad_b":"Sanate","variedad_c":"Hidase"},
{"codigo_paquetes":"package_issdose_sire_wheat2019_170","variedad_a":"Hidase","variedad_b":"Dendea","variedad_c":"Shorima"},
{"codigo_paquetes":"package_issdose_sire_wheat2019_171","variedad_a":"Obora","variedad_b":"Ogolcho","variedad_c":"Kekeba"},
{"codigo_paquetes":"package_issdose_sire_wheat2019_172","variedad_a":"Kingbird","variedad_b":"Hulluka","variedad_c":"Mandayou"},
{"codigo_paquetes":"package_issdose_sire_wheat2019_173","variedad_a":"Mandayou","variedad_b":"Kekeba","variedad_c":"Dembel"},
{"codigo_paquetes":"package_issdose_sire_wheat2019_174","variedad_a":"Ogolcho","variedad_b":"Hidase","variedad_c":"Kingbird"},
{"codigo_paquetes":"package_issdose_sire_wheat2019_175","variedad_a":"Obora","variedad_b":"Sanate","variedad_c":"Dendea"},
{"codigo_paquetes":"package_issdose_sire_wheat2019_176","variedad_a":"Hulluka","variedad_b":"Shorima","variedad_c":"Sanate"},
{"codigo_paquetes":"package_issdose_sire_wheat2019_177","variedad_a":"Dembel","variedad_b":"Kingbird","variedad_c":"Obora"},
{"codigo_paquetes":"package_issdose_sire_wheat2019_178","variedad_a":"Shorima","variedad_b":"Mandayou","variedad_c":"Hidase"},
{"codigo_paquetes":"package_issdose_sire_wheat2019_179","variedad_a":"Dendea","variedad_b":"Dembel","variedad_c":"Hulluka"},
{"codigo_paquetes":"package_issdose_sire_wheat2019_180","variedad_a":"Kekeba","variedad_b":"Hulluka","variedad_c":"Ogolcho"},
{"codigo_paquetes":"package_issdose_sire_wheat2019_181","variedad_a":"Sanate","variedad_b":"Hidase","variedad_c":"Kekeba"},
{"codigo_paquetes":"package_issdose_sire_wheat2019_182","variedad_a":"Ogolcho","variedad_b":"Dendea","variedad_c":"Shorima"},
{"codigo_paquetes":"package_issdose_sire_wheat2019_183","variedad_a":"Mandayou","variedad_b":"Kingbird","variedad_c":"Dembel"},
{"codigo_paquetes":"package_issdose_sire_wheat2019_184","variedad_a":"Obora","variedad_b":"Kekeba","variedad_c":"Mandayou"},
{"codigo_paquetes":"package_issdose_sire_wheat2019_185","variedad_a":"Kingbird","variedad_b":"Ogolcho","variedad_c":"Shorima"},
{"codigo_paquetes":"package_issdose_sire_wheat2019_186","variedad_a":"Hidase","variedad_b":"Obora","variedad_c":"Hulluka"},
{"codigo_paquetes":"package_issdose_sire_wheat2019_187","variedad_a":"Sanate","variedad_b":"Dembel","variedad_c":"Dendea"},
{"codigo_paquetes":"package_issdose_sire_wheat2019_188","variedad_a":"Dendea","variedad_b":"Kingbird","variedad_c":"Obora"},
{"codigo_paquetes":"package_issdose_sire_wheat2019_189","variedad_a":"Shorima","variedad_b":"Mandayou","variedad_c":"Hidase"},
{"codigo_paquetes":"package_issdose_sire_wheat2019_190","variedad_a":"Hulluka","variedad_b":"Dembel","variedad_c":"Kekeba"},
{"codigo_paquetes":"package_issdose_sire_wheat2019_191","variedad_a":"Ogolcho","variedad_b":"Hidase","variedad_c":"Sanate"},
{"codigo_paquetes":"package_issdose_sire_wheat2019_192","variedad_a":"Mandayou","variedad_b":"Hulluka","variedad_c":"Sanate"},
{"codigo_paquetes":"package_issdose_sire_wheat2019_193","variedad_a":"Kekeba","variedad_b":"Shorima","variedad_c":"Dembel"},
{"codigo_paquetes":"package_issdose_sire_wheat2019_194","variedad_a":"Kingbird","variedad_b":"Dendea","variedad_c":"Ogolcho"},
{"codigo_paquetes":"package_issdose_sire_wheat2019_195","variedad_a":"Kekeba","variedad_b":"Ogolcho","variedad_c":"Obora"},
{"codigo_paquetes":"package_issdose_sire_wheat2019_196","variedad_a":"Shorima","variedad_b":"Sanate","variedad_c":"Kingbird"},
{"codigo_paquetes":"package_issdose_sire_wheat2019_197","variedad_a":"Dembel","variedad_b":"Hidase","variedad_c":"Mandayou"},
{"codigo_paquetes":"package_issdose_sire_wheat2019_198","variedad_a":"Hulluka","variedad_b":"Ogolcho","variedad_c":"Dendea"},
{"codigo_paquetes":"package_issdose_sire_wheat2019_199","variedad_a":"Kingbird","variedad_b":"Obora","variedad_c":"Shorima"},
{"codigo_paquetes":"package_issdose_sire_wheat2019_200","variedad_a":"Mandayou","variedad_b":"Kekeba","variedad_c":"Dendea"},
{"codigo_paquetes":"package_issdose_sire_wheat2019_201","variedad_a":"Obora","variedad_b":"Shorima","variedad_c":"Hulluka"},
{"codigo_paquetes":"package_issdose_sire_wheat2019_202","variedad_a":"Hidase","variedad_b":"Dembel","variedad_c":"Kingbird"},
{"codigo_paquetes":"package_issdose_sire_wheat2019_203","variedad_a":"Dembel","variedad_b":"Sanate","variedad_c":"Ogolcho"},
{"codigo_paquetes":"package_issdose_sire_wheat2019_204","variedad_a":"Hidase","variedad_b":"Hulluka","variedad_c":"Mandayou"},
{"codigo_paquetes":"package_issdose_sire_wheat2019_205","variedad_a":"Sanate","variedad_b":"Obora","variedad_c":"Kekeba"},
{"codigo_paquetes":"package_issdose_sire_wheat2019_206","variedad_a":"Ogolcho","variedad_b":"Dendea","variedad_c":"Obora"},
{"codigo_paquetes":"package_issdose_sire_wheat2019_207","variedad_a":"Shorima","variedad_b":"Sanate","variedad_c":"Hidase"},
{"codigo_paquetes":"package_issdose_sire_wheat2019_208","variedad_a":"Dendea","variedad_b":"Mandayou","variedad_c":"Kingbird"},
{"codigo_paquetes":"package_issdose_sire_wheat2019_209","variedad_a":"Shorima","variedad_b":"Kekeba","variedad_c":"Dembel"},
{"codigo_paquetes":"package_issdose_sire_wheat2019_210","variedad_a":"Hulluka","variedad_b":"Dendea","variedad_c":"Ogolcho"},
{"codigo_paquetes":"package_issdose_sire_wheat2019_211","variedad_a":"Mandayou","variedad_b":"Kekeba","variedad_c":"Hulluka"},
{"codigo_paquetes":"package_issdose_sire_wheat2019_212","variedad_a":"Dembel","variedad_b":"Kingbird","variedad_c":"Hidase"},
{"codigo_paquetes":"package_issdose_sire_wheat2019_213","variedad_a":"Kingbird","variedad_b":"Hulluka","variedad_c":"Obora"},
{"codigo_paquetes":"package_issdose_sire_wheat2019_214","variedad_a":"Ogolcho","variedad_b":"Shorima","variedad_c":"Sanate"},
{"codigo_paquetes":"package_issdose_sire_wheat2019_215","variedad_a":"Sanate","variedad_b":"Dembel","variedad_c":"Dendea"},
{"codigo_paquetes":"package_issdose_sire_wheat2019_216","variedad_a":"Hulluka","variedad_b":"Hidase","variedad_c":"Mandayou"},
{"codigo_paquetes":"package_issdose_sire_wheat2019_217","variedad_a":"Dendea","variedad_b":"Obora","variedad_c":"Kekeba"},
{"codigo_paquetes":"package_issdose_sire_wheat2019_218","variedad_a":"Hidase","variedad_b":"Sanate","variedad_c":"Shorima"},
{"codigo_paquetes":"package_issdose_sire_wheat2019_219","variedad_a":"Obora","variedad_b":"Kekeba","variedad_c":"Dembel"},
{"codigo_paquetes":"package_issdose_sire_wheat2019_220","variedad_a":"Mandayou","variedad_b":"Kingbird","variedad_c":"Sanate"},
{"codigo_paquetes":"package_issdose_sire_wheat2019_221","variedad_a":"Dembel","variedad_b":"Ogolcho","variedad_c":"Dendea"},
{"codigo_paquetes":"package_issdose_sire_wheat2019_222","variedad_a":"Ogolcho","variedad_b":"Hidase","variedad_c":"Shorima"},
{"codigo_paquetes":"package_issdose_sire_wheat2019_223","variedad_a":"Kingbird","variedad_b":"Mandayou","variedad_c":"Hulluka"},
{"codigo_paquetes":"package_issdose_sire_wheat2019_224","variedad_a":"Kekeba","variedad_b":"Dendea","variedad_c":"Mandayou"},
{"codigo_paquetes":"package_issdose_sire_wheat2019_225","variedad_a":"Obora","variedad_b":"Shorima","variedad_c":"Dembel"}
]
