[
{"codigo_paquetes":"package_2019_tig_asgedetsimbela_sorghum_001","variedad_a":"raya","variedad_b":"argieti","variedad_c":"dagnew"},
{"codigo_paquetes":"package_2019_tig_asgedetsimbela_sorghum_002","variedad_a":"alena","variedad_b":"dekeba","variedad_c":"zeri addis"},
{"codigo_paquetes":"package_2019_tig_asgedetsimbela_sorghum_003","variedad_a":"girana","variedad_b":"merewey","variedad_c":"tsaeda chimure"},
{"codigo_paquetes":"package_2019_tig_asgedetsimbela_sorghum_004","variedad_a":"dagnew","variedad_b":"zeri addis","variedad_c":"melkam"},
{"codigo_paquetes":"package_2019_tig_asgedetsimbela_sorghum_005","variedad_a":"argieti","variedad_b":"melkam","variedad_c":"merewey"},
{"codigo_paquetes":"package_2019_tig_asgedetsimbela_sorghum_006","variedad_a":"dekeba","variedad_b":"tsaeda chimure","variedad_c":"girana"},
{"codigo_paquetes":"package_2019_tig_asgedetsimbela_sorghum_007","variedad_a":"alena","variedad_b":"dagnew","variedad_c":"raya"},
{"codigo_paquetes":"package_2019_tig_asgedetsimbela_sorghum_008","variedad_a":"melkam","variedad_b":"tsaeda chimure","variedad_c":"dekeba"},
{"codigo_paquetes":"package_2019_tig_asgedetsimbela_sorghum_009","variedad_a":"tsaeda chimure","variedad_b":"argieti","variedad_c":"alena"},
{"codigo_paquetes":"package_2019_tig_asgedetsimbela_sorghum_010","variedad_a":"dekeba","variedad_b":"dagnew","variedad_c":"merewey"},
{"codigo_paquetes":"package_2019_tig_asgedetsimbela_sorghum_011","variedad_a":"zeri addis","variedad_b":"raya","variedad_c":"girana"},
{"codigo_paquetes":"package_2019_tig_asgedetsimbela_sorghum_012","variedad_a":"melkam","variedad_b":"merewey","variedad_c":"tsaeda chimure"},
{"codigo_paquetes":"package_2019_tig_asgedetsimbela_sorghum_013","variedad_a":"girana","variedad_b":"zeri addis","variedad_c":"alena"},
{"codigo_paquetes":"package_2019_tig_asgedetsimbela_sorghum_014","variedad_a":"raya","variedad_b":"melkam","variedad_c":"dekeba"},
{"codigo_paquetes":"package_2019_tig_asgedetsimbela_sorghum_015","variedad_a":"argieti","variedad_b":"alena","variedad_c":"dagnew"},
{"codigo_paquetes":"package_2019_tig_asgedetsimbela_sorghum_016","variedad_a":"melkam","variedad_b":"raya","variedad_c":"argieti"},
{"codigo_paquetes":"package_2019_tig_asgedetsimbela_sorghum_017","variedad_a":"dagnew","variedad_b":"girana","variedad_c":"zeri addis"},
{"codigo_paquetes":"package_2019_tig_asgedetsimbela_sorghum_018","variedad_a":"zeri addis","variedad_b":"argieti","variedad_c":"merewey"},
{"codigo_paquetes":"package_2019_tig_asgedetsimbela_sorghum_019","variedad_a":"alena","variedad_b":"dekeba","variedad_c":"dagnew"},
{"codigo_paquetes":"package_2019_tig_asgedetsimbela_sorghum_020","variedad_a":"girana","variedad_b":"raya","variedad_c":"melkam"},
{"codigo_paquetes":"package_2019_tig_asgedetsimbela_sorghum_021","variedad_a":"tsaeda chimure","variedad_b":"dagnew","variedad_c":"zeri addis"},
{"codigo_paquetes":"package_2019_tig_asgedetsimbela_sorghum_022","variedad_a":"tsaeda chimure","variedad_b":"girana","variedad_c":"melkam"},
{"codigo_paquetes":"package_2019_tig_asgedetsimbela_sorghum_023","variedad_a":"argieti","variedad_b":"dekeba","variedad_c":"raya"},
{"codigo_paquetes":"package_2019_tig_asgedetsimbela_sorghum_024","variedad_a":"dagnew","variedad_b":"alena","variedad_c":"girana"},
{"codigo_paquetes":"package_2019_tig_asgedetsimbela_sorghum_025","variedad_a":"merewey","variedad_b":"melkam","variedad_c":"raya"},
{"codigo_paquetes":"package_2019_tig_asgedetsimbela_sorghum_026","variedad_a":"zeri addis","variedad_b":"tsaeda chimure","variedad_c":"argieti"},
{"codigo_paquetes":"package_2019_tig_asgedetsimbela_sorghum_027","variedad_a":"girana","variedad_b":"zeri addis","variedad_c":"raya"},
{"codigo_paquetes":"package_2019_tig_asgedetsimbela_sorghum_028","variedad_a":"argieti","variedad_b":"dagnew","variedad_c":"merewey"},
{"codigo_paquetes":"package_2019_tig_asgedetsimbela_sorghum_029","variedad_a":"alena","variedad_b":"tsaeda chimure","variedad_c":"dekeba"},
{"codigo_paquetes":"package_2019_tig_asgedetsimbela_sorghum_030","variedad_a":"melkam","variedad_b":"alena","variedad_c":"argieti"},
{"codigo_paquetes":"package_2019_tig_asgedetsimbela_sorghum_031","variedad_a":"dagnew","variedad_b":"zeri addis","variedad_c":"melkam"},
{"codigo_paquetes":"package_2019_tig_asgedetsimbela_sorghum_032","variedad_a":"dekeba","variedad_b":"merewey","variedad_c":"tsaeda chimure"},
{"codigo_paquetes":"package_2019_tig_asgedetsimbela_sorghum_033","variedad_a":"tsaeda chimure","variedad_b":"raya","variedad_c":"girana"},
{"codigo_paquetes":"package_2019_tig_asgedetsimbela_sorghum_034","variedad_a":"raya","variedad_b":"zeri addis","variedad_c":"dekeba"},
{"codigo_paquetes":"package_2019_tig_asgedetsimbela_sorghum_035","variedad_a":"alena","variedad_b":"girana","variedad_c":"dagnew"},
{"codigo_paquetes":"package_2019_tig_asgedetsimbela_sorghum_036","variedad_a":"merewey","variedad_b":"melkam","variedad_c":"dekeba"},
{"codigo_paquetes":"package_2019_tig_asgedetsimbela_sorghum_037","variedad_a":"raya","variedad_b":"argieti","variedad_c":"tsaeda chimure"},
{"codigo_paquetes":"package_2019_tig_asgedetsimbela_sorghum_038","variedad_a":"zeri addis","variedad_b":"girana","variedad_c":"melkam"},
{"codigo_paquetes":"package_2019_tig_asgedetsimbela_sorghum_039","variedad_a":"argieti","variedad_b":"dagnew","variedad_c":"merewey"},
{"codigo_paquetes":"package_2019_tig_asgedetsimbela_sorghum_040","variedad_a":"merewey","variedad_b":"raya","variedad_c":"alena"},
{"codigo_paquetes":"package_2019_tig_asgedetsimbela_sorghum_041","variedad_a":"dekeba","variedad_b":"argieti","variedad_c":"zeri addis"},
{"codigo_paquetes":"package_2019_tig_asgedetsimbela_sorghum_042","variedad_a":"melkam","variedad_b":"alena","variedad_c":"dagnew"},
{"codigo_paquetes":"package_2019_tig_asgedetsimbela_sorghum_043","variedad_a":"tsaeda chimure","variedad_b":"dekeba","variedad_c":"girana"},
{"codigo_paquetes":"package_2019_tig_asgedetsimbela_sorghum_044","variedad_a":"zeri addis","variedad_b":"tsaeda chimure","variedad_c":"alena"},
{"codigo_paquetes":"package_2019_tig_asgedetsimbela_sorghum_045","variedad_a":"girana","variedad_b":"dagnew","variedad_c":"raya"},
{"codigo_paquetes":"package_2019_tig_asgedetsimbela_sorghum_046","variedad_a":"tsaeda chimure","variedad_b":"melkam","variedad_c":"argieti"},
{"codigo_paquetes":"package_2019_tig_asgedetsimbela_sorghum_047","variedad_a":"girana","variedad_b":"merewey","variedad_c":"dekeba"},
{"codigo_paquetes":"package_2019_tig_asgedetsimbela_sorghum_048","variedad_a":"raya","variedad_b":"melkam","variedad_c":"zeri addis"},
{"codigo_paquetes":"package_2019_tig_asgedetsimbela_sorghum_049","variedad_a":"alena","variedad_b":"argieti","variedad_c":"merewey"},
{"codigo_paquetes":"package_2019_tig_asgedetsimbela_sorghum_050","variedad_a":"dagnew","variedad_b":"dekeba","variedad_c":"melkam"},
{"codigo_paquetes":"package_2019_tig_asgedetsimbela_sorghum_051","variedad_a":"argieti","variedad_b":"zeri addis","variedad_c":"girana"},
{"codigo_paquetes":"package_2019_tig_asgedetsimbela_sorghum_052","variedad_a":"dekeba","variedad_b":"alena","variedad_c":"dagnew"},
{"codigo_paquetes":"package_2019_tig_asgedetsimbela_sorghum_053","variedad_a":"dagnew","variedad_b":"zeri addis","variedad_c":"alena"},
{"codigo_paquetes":"package_2019_tig_asgedetsimbela_sorghum_054","variedad_a":"melkam","variedad_b":"raya","variedad_c":"argieti"},
{"codigo_paquetes":"package_2019_tig_asgedetsimbela_sorghum_055","variedad_a":"dekeba","variedad_b":"girana","variedad_c":"merewey"},
{"codigo_paquetes":"package_2019_tig_asgedetsimbela_sorghum_056","variedad_a":"zeri addis","variedad_b":"alena","variedad_c":"melkam"},
{"codigo_paquetes":"package_2019_tig_asgedetsimbela_sorghum_057","variedad_a":"argieti","variedad_b":"merewey","variedad_c":"zeri addis"},
{"codigo_paquetes":"package_2019_tig_asgedetsimbela_sorghum_058","variedad_a":"melkam","variedad_b":"girana","variedad_c":"dekeba"},
{"codigo_paquetes":"package_2019_tig_asgedetsimbela_sorghum_059","variedad_a":"alena","variedad_b":"tsaeda chimure","variedad_c":"raya"},
{"codigo_paquetes":"package_2019_tig_asgedetsimbela_sorghum_060","variedad_a":"girana","variedad_b":"argieti","variedad_c":"dagnew"},
{"codigo_paquetes":"package_2019_tig_asgedetsimbela_sorghum_061","variedad_a":"zeri addis","variedad_b":"dekeba","variedad_c":"dagnew"},
{"codigo_paquetes":"package_2019_tig_asgedetsimbela_sorghum_062","variedad_a":"merewey","variedad_b":"alena","variedad_c":"argieti"},
{"codigo_paquetes":"package_2019_tig_asgedetsimbela_sorghum_063","variedad_a":"raya","variedad_b":"melkam","variedad_c":"tsaeda chimure"},
{"codigo_paquetes":"package_2019_tig_asgedetsimbela_sorghum_064","variedad_a":"tsaeda chimure","variedad_b":"dekeba","variedad_c":"argieti"},
{"codigo_paquetes":"package_2019_tig_asgedetsimbela_sorghum_065","variedad_a":"alena","variedad_b":"raya","variedad_c":"girana"},
{"codigo_paquetes":"package_2019_tig_asgedetsimbela_sorghum_066","variedad_a":"melkam","variedad_b":"dagnew","variedad_c":"merewey"},
{"codigo_paquetes":"package_2019_tig_asgedetsimbela_sorghum_067","variedad_a":"zeri addis","variedad_b":"tsaeda chimure","variedad_c":"girana"},
{"codigo_paquetes":"package_2019_tig_asgedetsimbela_sorghum_068","variedad_a":"raya","variedad_b":"merewey","variedad_c":"zeri addis"},
{"codigo_paquetes":"package_2019_tig_asgedetsimbela_sorghum_069","variedad_a":"dekeba","variedad_b":"melkam","variedad_c":"alena"},
{"codigo_paquetes":"package_2019_tig_asgedetsimbela_sorghum_070","variedad_a":"argieti","variedad_b":"dagnew","variedad_c":"melkam"},
{"codigo_paquetes":"package_2019_tig_asgedetsimbela_sorghum_071","variedad_a":"raya","variedad_b":"girana","variedad_c":"dekeba"},
{"codigo_paquetes":"package_2019_tig_asgedetsimbela_sorghum_072","variedad_a":"merewey","variedad_b":"girana","variedad_c":"dagnew"},
{"codigo_paquetes":"package_2019_tig_asgedetsimbela_sorghum_073","variedad_a":"tsaeda chimure","variedad_b":"argieti","variedad_c":"merewey"},
{"codigo_paquetes":"package_2019_tig_asgedetsimbela_sorghum_074","variedad_a":"melkam","variedad_b":"dekeba","variedad_c":"raya"},
{"codigo_paquetes":"package_2019_tig_asgedetsimbela_sorghum_075","variedad_a":"tsaeda chimure","variedad_b":"raya","variedad_c":"melkam"},
{"codigo_paquetes":"package_2019_tig_asgedetsimbela_sorghum_076","variedad_a":"merewey","variedad_b":"zeri addis","variedad_c":"girana"},
{"codigo_paquetes":"package_2019_tig_asgedetsimbela_sorghum_077","variedad_a":"dagnew","variedad_b":"alena","variedad_c":"raya"},
{"codigo_paquetes":"package_2019_tig_asgedetsimbela_sorghum_078","variedad_a":"melkam","variedad_b":"merewey","variedad_c":"alena"},
{"codigo_paquetes":"package_2019_tig_asgedetsimbela_sorghum_079","variedad_a":"girana","variedad_b":"dagnew","variedad_c":"dekeba"},
{"codigo_paquetes":"package_2019_tig_asgedetsimbela_sorghum_080","variedad_a":"alena","variedad_b":"merewey","variedad_c":"tsaeda chimure"},
{"codigo_paquetes":"package_2019_tig_asgedetsimbela_sorghum_081","variedad_a":"girana","variedad_b":"raya","variedad_c":"argieti"},
{"codigo_paquetes":"package_2019_tig_asgedetsimbela_sorghum_082","variedad_a":"zeri addis","variedad_b":"dekeba","variedad_c":"dagnew"},
{"codigo_paquetes":"package_2019_tig_asgedetsimbela_sorghum_083","variedad_a":"dagnew","variedad_b":"melkam","variedad_c":"girana"},
{"codigo_paquetes":"package_2019_tig_asgedetsimbela_sorghum_084","variedad_a":"raya","variedad_b":"tsaeda chimure","variedad_c":"merewey"},
{"codigo_paquetes":"package_2019_tig_asgedetsimbela_sorghum_085","variedad_a":"raya","variedad_b":"dagnew","variedad_c":"melkam"},
{"codigo_paquetes":"package_2019_tig_asgedetsimbela_sorghum_086","variedad_a":"zeri addis","variedad_b":"dekeba","variedad_c":"tsaeda chimure"},
{"codigo_paquetes":"package_2019_tig_asgedetsimbela_sorghum_087","variedad_a":"alena","variedad_b":"girana","variedad_c":"merewey"},
{"codigo_paquetes":"package_2019_tig_asgedetsimbela_sorghum_088","variedad_a":"argieti","variedad_b":"zeri addis","variedad_c":"raya"},
{"codigo_paquetes":"package_2019_tig_asgedetsimbela_sorghum_089","variedad_a":"dagnew","variedad_b":"tsaeda chimure","variedad_c":"argieti"},
{"codigo_paquetes":"package_2019_tig_asgedetsimbela_sorghum_090","variedad_a":"girana","variedad_b":"dagnew","variedad_c":"dekeba"},
{"codigo_paquetes":"package_2019_tig_asgedetsimbela_sorghum_091","variedad_a":"melkam","variedad_b":"alena","variedad_c":"raya"},
{"codigo_paquetes":"package_2019_tig_asgedetsimbela_sorghum_092","variedad_a":"zeri addis","variedad_b":"merewey","variedad_c":"dagnew"},
{"codigo_paquetes":"package_2019_tig_asgedetsimbela_sorghum_093","variedad_a":"merewey","variedad_b":"tsaeda chimure","variedad_c":"melkam"},
{"codigo_paquetes":"package_2019_tig_asgedetsimbela_sorghum_094","variedad_a":"dekeba","variedad_b":"girana","variedad_c":"raya"},
{"codigo_paquetes":"package_2019_tig_asgedetsimbela_sorghum_095","variedad_a":"alena","variedad_b":"argieti","variedad_c":"zeri addis"},
{"codigo_paquetes":"package_2019_tig_asgedetsimbela_sorghum_096","variedad_a":"girana","variedad_b":"melkam","variedad_c":"dagnew"},
{"codigo_paquetes":"package_2019_tig_asgedetsimbela_sorghum_097","variedad_a":"merewey","variedad_b":"zeri addis","variedad_c":"alena"},
{"codigo_paquetes":"package_2019_tig_asgedetsimbela_sorghum_098","variedad_a":"dekeba","variedad_b":"alena","variedad_c":"argieti"},
{"codigo_paquetes":"package_2019_tig_asgedetsimbela_sorghum_099","variedad_a":"zeri addis","variedad_b":"dagnew","variedad_c":"tsaeda chimure"},
{"codigo_paquetes":"package_2019_tig_asgedetsimbela_sorghum_100","variedad_a":"melkam","variedad_b":"raya","variedad_c":"alena"},
{"codigo_paquetes":"package_2019_tig_asgedetsimbela_sorghum_101","variedad_a":"raya","variedad_b":"merewey","variedad_c":"dagnew"},
{"codigo_paquetes":"package_2019_tig_asgedetsimbela_sorghum_102","variedad_a":"tsaeda chimure","variedad_b":"melkam","variedad_c":"zeri addis"},
{"codigo_paquetes":"package_2019_tig_asgedetsimbela_sorghum_103","variedad_a":"dagnew","variedad_b":"alena","variedad_c":"argieti"},
{"codigo_paquetes":"package_2019_tig_asgedetsimbela_sorghum_104","variedad_a":"girana","variedad_b":"merewey","variedad_c":"melkam"},
{"codigo_paquetes":"package_2019_tig_asgedetsimbela_sorghum_105","variedad_a":"raya","variedad_b":"dekeba","variedad_c":"tsaeda chimure"},
{"codigo_paquetes":"package_2019_tig_asgedetsimbela_sorghum_106","variedad_a":"merewey","variedad_b":"dekeba","variedad_c":"zeri addis"},
{"codigo_paquetes":"package_2019_tig_asgedetsimbela_sorghum_107","variedad_a":"dagnew","variedad_b":"tsaeda chimure","variedad_c":"girana"},
{"codigo_paquetes":"package_2019_tig_asgedetsimbela_sorghum_108","variedad_a":"alena","variedad_b":"argieti","variedad_c":"melkam"},
{"codigo_paquetes":"package_2019_tig_asgedetsimbela_sorghum_109","variedad_a":"argieti","variedad_b":"zeri addis","variedad_c":"raya"},
{"codigo_paquetes":"package_2019_tig_asgedetsimbela_sorghum_110","variedad_a":"girana","variedad_b":"raya","variedad_c":"alena"},
{"codigo_paquetes":"package_2019_tig_asgedetsimbela_sorghum_111","variedad_a":"zeri addis","variedad_b":"dagnew","variedad_c":"merewey"},
{"codigo_paquetes":"package_2019_tig_asgedetsimbela_sorghum_112","variedad_a":"melkam","variedad_b":"tsaeda chimure","variedad_c":"dekeba"},
{"codigo_paquetes":"package_2019_tig_asgedetsimbela_sorghum_113","variedad_a":"alena","variedad_b":"raya","variedad_c":"dekeba"},
{"codigo_paquetes":"package_2019_tig_asgedetsimbela_sorghum_114","variedad_a":"melkam","variedad_b":"argieti","variedad_c":"dagnew"},
{"codigo_paquetes":"package_2019_tig_asgedetsimbela_sorghum_115","variedad_a":"tsaeda chimure","variedad_b":"girana","variedad_c":"zeri addis"},
{"codigo_paquetes":"package_2019_tig_asgedetsimbela_sorghum_116","variedad_a":"raya","variedad_b":"melkam","variedad_c":"merewey"},
{"codigo_paquetes":"package_2019_tig_asgedetsimbela_sorghum_117","variedad_a":"dagnew","variedad_b":"girana","variedad_c":"tsaeda chimure"},
{"codigo_paquetes":"package_2019_tig_asgedetsimbela_sorghum_118","variedad_a":"argieti","variedad_b":"merewey","variedad_c":"raya"},
{"codigo_paquetes":"package_2019_tig_asgedetsimbela_sorghum_119","variedad_a":"zeri addis","variedad_b":"dagnew","variedad_c":"raya"},
{"codigo_paquetes":"package_2019_tig_asgedetsimbela_sorghum_120","variedad_a":"dekeba","variedad_b":"tsaeda chimure","variedad_c":"alena"},
{"codigo_paquetes":"package_2019_tig_asgedetsimbela_sorghum_121","variedad_a":"merewey","variedad_b":"melkam","variedad_c":"dagnew"},
{"codigo_paquetes":"package_2019_tig_asgedetsimbela_sorghum_122","variedad_a":"raya","variedad_b":"zeri addis","variedad_c":"alena"},
{"codigo_paquetes":"package_2019_tig_asgedetsimbela_sorghum_123","variedad_a":"girana","variedad_b":"zeri addis","variedad_c":"dekeba"},
{"codigo_paquetes":"package_2019_tig_asgedetsimbela_sorghum_124","variedad_a":"merewey","variedad_b":"dekeba","variedad_c":"argieti"},
{"codigo_paquetes":"package_2019_tig_asgedetsimbela_sorghum_125","variedad_a":"tsaeda chimure","variedad_b":"alena","variedad_c":"merewey"},
{"codigo_paquetes":"package_2019_tig_asgedetsimbela_sorghum_126","variedad_a":"raya","variedad_b":"argieti","variedad_c":"girana"},
{"codigo_paquetes":"package_2019_tig_asgedetsimbela_sorghum_127","variedad_a":"zeri addis","variedad_b":"argieti","variedad_c":"melkam"},
{"codigo_paquetes":"package_2019_tig_asgedetsimbela_sorghum_128","variedad_a":"dagnew","variedad_b":"raya","variedad_c":"girana"},
{"codigo_paquetes":"package_2019_tig_asgedetsimbela_sorghum_129","variedad_a":"melkam","variedad_b":"zeri addis","variedad_c":"tsaeda chimure"},
{"codigo_paquetes":"package_2019_tig_asgedetsimbela_sorghum_130","variedad_a":"dagnew","variedad_b":"merewey","variedad_c":"raya"},
{"codigo_paquetes":"package_2019_tig_asgedetsimbela_sorghum_131","variedad_a":"girana","variedad_b":"alena","variedad_c":"argieti"},
{"codigo_paquetes":"package_2019_tig_asgedetsimbela_sorghum_132","variedad_a":"tsaeda chimure","variedad_b":"melkam","variedad_c":"dagnew"},
{"codigo_paquetes":"package_2019_tig_asgedetsimbela_sorghum_133","variedad_a":"dekeba","variedad_b":"raya","variedad_c":"zeri addis"},
{"codigo_paquetes":"package_2019_tig_asgedetsimbela_sorghum_134","variedad_a":"argieti","variedad_b":"dagnew","variedad_c":"dekeba"},
{"codigo_paquetes":"package_2019_tig_asgedetsimbela_sorghum_135","variedad_a":"zeri addis","variedad_b":"tsaeda chimure","variedad_c":"alena"},
{"codigo_paquetes":"package_2019_tig_asgedetsimbela_sorghum_136","variedad_a":"merewey","variedad_b":"girana","variedad_c":"melkam"},
{"codigo_paquetes":"package_2019_tig_asgedetsimbela_sorghum_137","variedad_a":"dekeba","variedad_b":"dagnew","variedad_c":"tsaeda chimure"},
{"codigo_paquetes":"package_2019_tig_asgedetsimbela_sorghum_138","variedad_a":"merewey","variedad_b":"zeri addis","variedad_c":"alena"},
{"codigo_paquetes":"package_2019_tig_asgedetsimbela_sorghum_139","variedad_a":"alena","variedad_b":"tsaeda chimure","variedad_c":"raya"},
{"codigo_paquetes":"package_2019_tig_asgedetsimbela_sorghum_140","variedad_a":"melkam","variedad_b":"merewey","variedad_c":"dekeba"},
{"codigo_paquetes":"package_2019_tig_asgedetsimbela_sorghum_141","variedad_a":"raya","variedad_b":"dagnew","variedad_c":"zeri addis"},
{"codigo_paquetes":"package_2019_tig_asgedetsimbela_sorghum_142","variedad_a":"alena","variedad_b":"dekeba","variedad_c":"girana"},
{"codigo_paquetes":"package_2019_tig_asgedetsimbela_sorghum_143","variedad_a":"tsaeda chimure","variedad_b":"merewey","variedad_c":"argieti"},
{"codigo_paquetes":"package_2019_tig_asgedetsimbela_sorghum_144","variedad_a":"dagnew","variedad_b":"raya","variedad_c":"melkam"},
{"codigo_paquetes":"package_2019_tig_asgedetsimbela_sorghum_145","variedad_a":"girana","variedad_b":"melkam","variedad_c":"argieti"},
{"codigo_paquetes":"package_2019_tig_asgedetsimbela_sorghum_146","variedad_a":"zeri addis","variedad_b":"alena","variedad_c":"dekeba"},
{"codigo_paquetes":"package_2019_tig_asgedetsimbela_sorghum_147","variedad_a":"dagnew","variedad_b":"tsaeda chimure","variedad_c":"merewey"},
{"codigo_paquetes":"package_2019_tig_asgedetsimbela_sorghum_148","variedad_a":"zeri addis","variedad_b":"girana","variedad_c":"melkam"},
{"codigo_paquetes":"package_2019_tig_asgedetsimbela_sorghum_149","variedad_a":"raya","variedad_b":"argieti","variedad_c":"tsaeda chimure"},
{"codigo_paquetes":"package_2019_tig_asgedetsimbela_sorghum_150","variedad_a":"merewey","variedad_b":"alena","variedad_c":"girana"},
{"codigo_paquetes":"package_2019_tig_asgedetsimbela_sorghum_151","variedad_a":"raya","variedad_b":"dekeba","variedad_c":"argieti"},
{"codigo_paquetes":"package_2019_tig_asgedetsimbela_sorghum_152","variedad_a":"girana","variedad_b":"raya","variedad_c":"merewey"},
{"codigo_paquetes":"package_2019_tig_asgedetsimbela_sorghum_153","variedad_a":"dagnew","variedad_b":"zeri addis","variedad_c":"alena"},
{"codigo_paquetes":"package_2019_tig_asgedetsimbela_sorghum_154","variedad_a":"zeri addis","variedad_b":"raya","variedad_c":"tsaeda chimure"},
{"codigo_paquetes":"package_2019_tig_asgedetsimbela_sorghum_155","variedad_a":"alena","variedad_b":"melkam","variedad_c":"girana"},
{"codigo_paquetes":"package_2019_tig_asgedetsimbela_sorghum_156","variedad_a":"tsaeda chimure","variedad_b":"argieti","variedad_c":"dagnew"},
{"codigo_paquetes":"package_2019_tig_asgedetsimbela_sorghum_157","variedad_a":"alena","variedad_b":"merewey","variedad_c":"raya"},
{"codigo_paquetes":"package_2019_tig_asgedetsimbela_sorghum_158","variedad_a":"melkam","variedad_b":"dekeba","variedad_c":"argieti"},
{"codigo_paquetes":"package_2019_tig_asgedetsimbela_sorghum_159","variedad_a":"tsaeda chimure","variedad_b":"alena","variedad_c":"melkam"},
{"codigo_paquetes":"package_2019_tig_asgedetsimbela_sorghum_160","variedad_a":"merewey","variedad_b":"tsaeda chimure","variedad_c":"zeri addis"},
{"codigo_paquetes":"package_2019_tig_asgedetsimbela_sorghum_161","variedad_a":"raya","variedad_b":"dagnew","variedad_c":"dekeba"},
{"codigo_paquetes":"package_2019_tig_asgedetsimbela_sorghum_162","variedad_a":"dekeba","variedad_b":"melkam","variedad_c":"zeri addis"},
{"codigo_paquetes":"package_2019_tig_asgedetsimbela_sorghum_163","variedad_a":"alena","variedad_b":"dagnew","variedad_c":"merewey"},
{"codigo_paquetes":"package_2019_tig_asgedetsimbela_sorghum_164","variedad_a":"dekeba","variedad_b":"argieti","variedad_c":"dagnew"},
{"codigo_paquetes":"package_2019_tig_asgedetsimbela_sorghum_165","variedad_a":"alena","variedad_b":"zeri addis","variedad_c":"melkam"},
{"codigo_paquetes":"package_2019_tig_asgedetsimbela_sorghum_166","variedad_a":"raya","variedad_b":"dagnew","variedad_c":"tsaeda chimure"},
{"codigo_paquetes":"package_2019_tig_asgedetsimbela_sorghum_167","variedad_a":"tsaeda chimure","variedad_b":"girana","variedad_c":"argieti"}
]
