[
{"codigo_paquetes":"package_2019_snnpr_halaba_tef_001","variedad_a":"Magna","variedad_b":"Dagim","variedad_c":"Quncho"},
{"codigo_paquetes":"package_2019_snnpr_halaba_tef_002","variedad_a":"Tsedey","variedad_b":"Kora","variedad_c":"Dukem"},
{"codigo_paquetes":"package_2019_snnpr_halaba_tef_003","variedad_a":"Boset","variedad_b":"Dukem","variedad_c":"Magna"},
{"codigo_paquetes":"package_2019_snnpr_halaba_tef_004","variedad_a":"Kora","variedad_b":"Tsedey","variedad_c":"Boset"},
{"codigo_paquetes":"package_2019_snnpr_halaba_tef_005","variedad_a":"Dagim","variedad_b":"Quncho","variedad_c":"Tsedey"},
{"codigo_paquetes":"package_2019_snnpr_halaba_tef_006","variedad_a":"Boset","variedad_b":"Magna","variedad_c":"Dagim"},
{"codigo_paquetes":"package_2019_snnpr_halaba_tef_007","variedad_a":"Dukem","variedad_b":"Quncho","variedad_c":"Kora"},
{"codigo_paquetes":"package_2019_snnpr_halaba_tef_008","variedad_a":"Tsedey","variedad_b":"Boset","variedad_c":"Dagim"},
{"codigo_paquetes":"package_2019_snnpr_halaba_tef_009","variedad_a":"Quncho","variedad_b":"Kora","variedad_c":"Magna"},
{"codigo_paquetes":"package_2019_snnpr_halaba_tef_010","variedad_a":"Magna","variedad_b":"Tsedey","variedad_c":"Dukem"},
{"codigo_paquetes":"package_2019_snnpr_halaba_tef_011","variedad_a":"Dagim","variedad_b":"Dukem","variedad_c":"Kora"},
{"codigo_paquetes":"package_2019_snnpr_halaba_tef_012","variedad_a":"Kora","variedad_b":"Boset","variedad_c":"Quncho"},
{"codigo_paquetes":"package_2019_snnpr_halaba_tef_013","variedad_a":"Dukem","variedad_b":"Magna","variedad_c":"Dagim"},
{"codigo_paquetes":"package_2019_snnpr_halaba_tef_014","variedad_a":"Quncho","variedad_b":"Tsedey","variedad_c":"Boset"},
{"codigo_paquetes":"package_2019_snnpr_halaba_tef_015","variedad_a":"Quncho","variedad_b":"Dagim","variedad_c":"Tsedey"},
{"codigo_paquetes":"package_2019_snnpr_halaba_tef_016","variedad_a":"Kora","variedad_b":"Magna","variedad_c":"Dukem"},
{"codigo_paquetes":"package_2019_snnpr_halaba_tef_017","variedad_a":"Boset","variedad_b":"Quncho","variedad_c":"Magna"},
{"codigo_paquetes":"package_2019_snnpr_halaba_tef_018","variedad_a":"Tsedey","variedad_b":"Dukem","variedad_c":"Boset"},
{"codigo_paquetes":"package_2019_snnpr_halaba_tef_019","variedad_a":"Dagim","variedad_b":"Boset","variedad_c":"Kora"},
{"codigo_paquetes":"package_2019_snnpr_halaba_tef_020","variedad_a":"Magna","variedad_b":"Tsedey","variedad_c":"Quncho"},
{"codigo_paquetes":"package_2019_snnpr_halaba_tef_021","variedad_a":"Dukem","variedad_b":"Kora","variedad_c":"Dagim"},
{"codigo_paquetes":"package_2019_snnpr_halaba_tef_022","variedad_a":"Boset","variedad_b":"Kora","variedad_c":"Quncho"},
{"codigo_paquetes":"package_2019_snnpr_halaba_tef_023","variedad_a":"Magna","variedad_b":"Dagim","variedad_c":"Dukem"},
{"codigo_paquetes":"package_2019_snnpr_halaba_tef_024","variedad_a":"Dagim","variedad_b":"Dukem","variedad_c":"Tsedey"},
{"codigo_paquetes":"package_2019_snnpr_halaba_tef_025","variedad_a":"Tsedey","variedad_b":"Quncho","variedad_c":"Kora"},
{"codigo_paquetes":"package_2019_snnpr_halaba_tef_026","variedad_a":"Boset","variedad_b":"Dagim","variedad_c":"Magna"},
{"codigo_paquetes":"package_2019_snnpr_halaba_tef_027","variedad_a":"Dukem","variedad_b":"Magna","variedad_c":"Quncho"},
{"codigo_paquetes":"package_2019_snnpr_halaba_tef_028","variedad_a":"Kora","variedad_b":"Boset","variedad_c":"Tsedey"},
{"codigo_paquetes":"package_2019_snnpr_halaba_tef_029","variedad_a":"Quncho","variedad_b":"Dukem","variedad_c":"Boset"},
{"codigo_paquetes":"package_2019_snnpr_halaba_tef_030","variedad_a":"Kora","variedad_b":"Magna","variedad_c":"Dagim"},
{"codigo_paquetes":"package_2019_snnpr_halaba_tef_031","variedad_a":"Tsedey","variedad_b":"Quncho","variedad_c":"Magna"},
{"codigo_paquetes":"package_2019_snnpr_halaba_tef_032","variedad_a":"Dagim","variedad_b":"Kora","variedad_c":"Dukem"},
{"codigo_paquetes":"package_2019_snnpr_halaba_tef_033","variedad_a":"Tsedey","variedad_b":"Dagim","variedad_c":"Boset"},
{"codigo_paquetes":"package_2019_snnpr_halaba_tef_034","variedad_a":"Quncho","variedad_b":"Boset","variedad_c":"Kora"},
{"codigo_paquetes":"package_2019_snnpr_halaba_tef_035","variedad_a":"Magna","variedad_b":"Tsedey","variedad_c":"Dukem"},
{"codigo_paquetes":"package_2019_snnpr_halaba_tef_036","variedad_a":"Kora","variedad_b":"Dagim","variedad_c":"Quncho"},
{"codigo_paquetes":"package_2019_snnpr_halaba_tef_037","variedad_a":"Dukem","variedad_b":"Boset","variedad_c":"Magna"},
{"codigo_paquetes":"package_2019_snnpr_halaba_tef_038","variedad_a":"Dagim","variedad_b":"Dukem","variedad_c":"Tsedey"},
{"codigo_paquetes":"package_2019_snnpr_halaba_tef_039","variedad_a":"Quncho","variedad_b":"Tsedey","variedad_c":"Kora"},
{"codigo_paquetes":"package_2019_snnpr_halaba_tef_040","variedad_a":"Magna","variedad_b":"Quncho","variedad_c":"Boset"},
{"codigo_paquetes":"package_2019_snnpr_halaba_tef_041","variedad_a":"Boset","variedad_b":"Kora","variedad_c":"Dukem"},
{"codigo_paquetes":"package_2019_snnpr_halaba_tef_042","variedad_a":"Tsedey","variedad_b":"Magna","variedad_c":"Dagim"},
{"codigo_paquetes":"package_2019_snnpr_halaba_tef_043","variedad_a":"Dukem","variedad_b":"Magna","variedad_c":"Quncho"},
{"codigo_paquetes":"package_2019_snnpr_halaba_tef_044","variedad_a":"Boset","variedad_b":"Dagim","variedad_c":"Tsedey"},
{"codigo_paquetes":"package_2019_snnpr_halaba_tef_045","variedad_a":"Magna","variedad_b":"Kora","variedad_c":"Dagim"},
{"codigo_paquetes":"package_2019_snnpr_halaba_tef_046","variedad_a":"Quncho","variedad_b":"Tsedey","variedad_c":"Boset"},
{"codigo_paquetes":"package_2019_snnpr_halaba_tef_047","variedad_a":"Dukem","variedad_b":"Quncho","variedad_c":"Kora"},
{"codigo_paquetes":"package_2019_snnpr_halaba_tef_048","variedad_a":"Dagim","variedad_b":"Boset","variedad_c":"Dukem"},
{"codigo_paquetes":"package_2019_snnpr_halaba_tef_049","variedad_a":"Kora","variedad_b":"Tsedey","variedad_c":"Magna"},
{"codigo_paquetes":"package_2019_snnpr_halaba_tef_050","variedad_a":"Dagim","variedad_b":"Dukem","variedad_c":"Tsedey"},
{"codigo_paquetes":"package_2019_snnpr_halaba_tef_051","variedad_a":"Boset","variedad_b":"Magna","variedad_c":"Quncho"},
{"codigo_paquetes":"package_2019_snnpr_halaba_tef_052","variedad_a":"Kora","variedad_b":"Dukem","variedad_c":"Boset"},
{"codigo_paquetes":"package_2019_snnpr_halaba_tef_053","variedad_a":"Quncho","variedad_b":"Kora","variedad_c":"Dagim"},
{"codigo_paquetes":"package_2019_snnpr_halaba_tef_054","variedad_a":"Tsedey","variedad_b":"Dukem","variedad_c":"Magna"},
{"codigo_paquetes":"package_2019_snnpr_halaba_tef_055","variedad_a":"Dagim","variedad_b":"Quncho","variedad_c":"Tsedey"},
{"codigo_paquetes":"package_2019_snnpr_halaba_tef_056","variedad_a":"Magna","variedad_b":"Boset","variedad_c":"Kora"},
{"codigo_paquetes":"package_2019_snnpr_halaba_tef_057","variedad_a":"Magna","variedad_b":"Dagim","variedad_c":"Quncho"},
{"codigo_paquetes":"package_2019_snnpr_halaba_tef_058","variedad_a":"Tsedey","variedad_b":"Boset","variedad_c":"Kora"},
{"codigo_paquetes":"package_2019_snnpr_halaba_tef_059","variedad_a":"Dukem","variedad_b":"Quncho","variedad_c":"Boset"},
{"codigo_paquetes":"package_2019_snnpr_halaba_tef_060","variedad_a":"Dukem","variedad_b":"Magna","variedad_c":"Dagim"},
{"codigo_paquetes":"package_2019_snnpr_halaba_tef_061","variedad_a":"Kora","variedad_b":"Dagim","variedad_c":"Tsedey"},
{"codigo_paquetes":"package_2019_snnpr_halaba_tef_062","variedad_a":"Boset","variedad_b":"Tsedey","variedad_c":"Quncho"},
{"codigo_paquetes":"package_2019_snnpr_halaba_tef_063","variedad_a":"Magna","variedad_b":"Kora","variedad_c":"Dukem"},
{"codigo_paquetes":"package_2019_snnpr_halaba_tef_064","variedad_a":"Boset","variedad_b":"Kora","variedad_c":"Dagim"},
{"codigo_paquetes":"package_2019_snnpr_halaba_tef_065","variedad_a":"Quncho","variedad_b":"Tsedey","variedad_c":"Dukem"},
{"codigo_paquetes":"package_2019_snnpr_halaba_tef_066","variedad_a":"Tsedey","variedad_b":"Quncho","variedad_c":"Magna"},
{"codigo_paquetes":"package_2019_snnpr_halaba_tef_067","variedad_a":"Kora","variedad_b":"Boset","variedad_c":"Magna"},
{"codigo_paquetes":"package_2019_snnpr_halaba_tef_068","variedad_a":"Dagim","variedad_b":"Dukem","variedad_c":"Quncho"},
{"codigo_paquetes":"package_2019_snnpr_halaba_tef_069","variedad_a":"Magna","variedad_b":"Dagim","variedad_c":"Tsedey"},
{"codigo_paquetes":"package_2019_snnpr_halaba_tef_070","variedad_a":"Dukem","variedad_b":"Boset","variedad_c":"Kora"},
{"codigo_paquetes":"package_2019_snnpr_halaba_tef_071","variedad_a":"Quncho","variedad_b":"Dagim","variedad_c":"Boset"},
{"codigo_paquetes":"package_2019_snnpr_halaba_tef_072","variedad_a":"Tsedey","variedad_b":"Kora","variedad_c":"Dukem"},
{"codigo_paquetes":"package_2019_snnpr_halaba_tef_073","variedad_a":"Boset","variedad_b":"Magna","variedad_c":"Tsedey"},
{"codigo_paquetes":"package_2019_snnpr_halaba_tef_074","variedad_a":"Kora","variedad_b":"Quncho","variedad_c":"Magna"},
{"codigo_paquetes":"package_2019_snnpr_halaba_tef_075","variedad_a":"Dagim","variedad_b":"Dukem","variedad_c":"Boset"},
{"codigo_paquetes":"package_2019_snnpr_halaba_tef_076","variedad_a":"Kora","variedad_b":"Tsedey","variedad_c":"Dagim"},
{"codigo_paquetes":"package_2019_snnpr_halaba_tef_077","variedad_a":"Dukem","variedad_b":"Tsedey","variedad_c":"Quncho"},
{"codigo_paquetes":"package_2019_snnpr_halaba_tef_078","variedad_a":"Boset","variedad_b":"Magna","variedad_c":"Kora"},
{"codigo_paquetes":"package_2019_snnpr_halaba_tef_079","variedad_a":"Quncho","variedad_b":"Dagim","variedad_c":"Dukem"},
{"codigo_paquetes":"package_2019_snnpr_halaba_tef_080","variedad_a":"Tsedey","variedad_b":"Magna","variedad_c":"Dagim"},
{"codigo_paquetes":"package_2019_snnpr_halaba_tef_081","variedad_a":"Magna","variedad_b":"Dukem","variedad_c":"Boset"},
{"codigo_paquetes":"package_2019_snnpr_halaba_tef_082","variedad_a":"Dagim","variedad_b":"Quncho","variedad_c":"Kora"},
{"codigo_paquetes":"package_2019_snnpr_halaba_tef_083","variedad_a":"Dukem","variedad_b":"Kora","variedad_c":"Tsedey"},
{"codigo_paquetes":"package_2019_snnpr_halaba_tef_084","variedad_a":"Tsedey","variedad_b":"Boset","variedad_c":"Magna"},
{"codigo_paquetes":"package_2019_snnpr_halaba_tef_085","variedad_a":"Quncho","variedad_b":"Kora","variedad_c":"Magna"},
{"codigo_paquetes":"package_2019_snnpr_halaba_tef_086","variedad_a":"Boset","variedad_b":"Dagim","variedad_c":"Quncho"},
{"codigo_paquetes":"package_2019_snnpr_halaba_tef_087","variedad_a":"Dagim","variedad_b":"Boset","variedad_c":"Dukem"},
{"codigo_paquetes":"package_2019_snnpr_halaba_tef_088","variedad_a":"Dukem","variedad_b":"Quncho","variedad_c":"Tsedey"},
{"codigo_paquetes":"package_2019_snnpr_halaba_tef_089","variedad_a":"Magna","variedad_b":"Tsedey","variedad_c":"Kora"},
{"codigo_paquetes":"package_2019_snnpr_halaba_tef_090","variedad_a":"Kora","variedad_b":"Boset","variedad_c":"Dagim"},
{"codigo_paquetes":"package_2019_snnpr_halaba_tef_091","variedad_a":"Quncho","variedad_b":"Magna","variedad_c":"Dagim"},
{"codigo_paquetes":"package_2019_snnpr_halaba_tef_092","variedad_a":"Tsedey","variedad_b":"Dukem","variedad_c":"Boset"},
{"codigo_paquetes":"package_2019_snnpr_halaba_tef_093","variedad_a":"Kora","variedad_b":"Dukem","variedad_c":"Quncho"},
{"codigo_paquetes":"package_2019_snnpr_halaba_tef_094","variedad_a":"Magna","variedad_b":"Kora","variedad_c":"Dukem"},
{"codigo_paquetes":"package_2019_snnpr_halaba_tef_095","variedad_a":"Boset","variedad_b":"Tsedey","variedad_c":"Magna"},
{"codigo_paquetes":"package_2019_snnpr_halaba_tef_096","variedad_a":"Dagim","variedad_b":"Quncho","variedad_c":"Dukem"},
{"codigo_paquetes":"package_2019_snnpr_halaba_tef_097","variedad_a":"Quncho","variedad_b":"Dagim","variedad_c":"Boset"},
{"codigo_paquetes":"package_2019_snnpr_halaba_tef_098","variedad_a":"Tsedey","variedad_b":"Magna","variedad_c":"Kora"},
{"codigo_paquetes":"package_2019_snnpr_halaba_tef_099","variedad_a":"Dukem","variedad_b":"Boset","variedad_c":"Quncho"},
{"codigo_paquetes":"package_2019_snnpr_halaba_tef_100","variedad_a":"Kora","variedad_b":"Magna","variedad_c":"Dagim"}
]
