[
{"codigo_paquetes":"package_sample_questionaire_001","variedad_a":"Amarach","variedad_b":"Boset","variedad_c":"Hibir"},
{"codigo_paquetes":"package_sample_questionaire_002","variedad_a":"Flagot","variedad_b":"Kora","variedad_c":"Quncho"},
{"codigo_paquetes":"package_sample_questionaire_003","variedad_a":"Gola","variedad_b":"Quncho","variedad_c":"Lakech"},
{"codigo_paquetes":"package_sample_questionaire_004","variedad_a":"Boset","variedad_b":"Lakech","variedad_c":"Gola"},
{"codigo_paquetes":"package_sample_questionaire_005","variedad_a":"Hibir","variedad_b":"Amarach","variedad_c":"Kora"},
{"codigo_paquetes":"package_sample_questionaire_006","variedad_a":"Kora","variedad_b":"Flagot","variedad_c":"Boset"},
{"codigo_paquetes":"package_sample_questionaire_007","variedad_a":"Gola","variedad_b":"Hibir","variedad_c":"Amarach"},
{"codigo_paquetes":"package_sample_questionaire_008","variedad_a":"Lakech","variedad_b":"Quncho","variedad_c":"Flagot"},
{"codigo_paquetes":"package_sample_questionaire_009","variedad_a":"Amarach","variedad_b":"Flagot","variedad_c":"Kora"},
{"codigo_paquetes":"package_sample_questionaire_010","variedad_a":"Quncho","variedad_b":"Hibir","variedad_c":"Lakech"},
{"codigo_paquetes":"package_sample_questionaire_011","variedad_a":"Boset","variedad_b":"Gola","variedad_c":"Amarach"},
{"codigo_paquetes":"package_sample_questionaire_012","variedad_a":"Flagot","variedad_b":"Kora","variedad_c":"Gola"},
{"codigo_paquetes":"package_sample_questionaire_013","variedad_a":"Hibir","variedad_b":"Lakech","variedad_c":"Boset"},
{"codigo_paquetes":"package_sample_questionaire_014","variedad_a":"Quncho","variedad_b":"Amarach","variedad_c":"Flagot"},
{"codigo_paquetes":"package_sample_questionaire_015","variedad_a":"Kora","variedad_b":"Gola","variedad_c":"Lakech"},
{"codigo_paquetes":"package_sample_questionaire_016","variedad_a":"Hibir","variedad_b":"Boset","variedad_c":"Quncho"},
{"codigo_paquetes":"package_sample_questionaire_017","variedad_a":"Boset","variedad_b":"Kora","variedad_c":"Quncho"},
{"codigo_paquetes":"package_sample_questionaire_018","variedad_a":"Lakech","variedad_b":"Flagot","variedad_c":"Hibir"},
{"codigo_paquetes":"package_sample_questionaire_019","variedad_a":"Amarach","variedad_b":"Lakech","variedad_c":"Gola"},
{"codigo_paquetes":"package_sample_questionaire_020","variedad_a":"Gola","variedad_b":"Quncho","variedad_c":"Amarach"},
{"codigo_paquetes":"package_sample_questionaire_021","variedad_a":"Flagot","variedad_b":"Boset","variedad_c":"Hibir"},
{"codigo_paquetes":"package_sample_questionaire_022","variedad_a":"Amarach","variedad_b":"Hibir","variedad_c":"Kora"},
{"codigo_paquetes":"package_sample_questionaire_023","variedad_a":"Kora","variedad_b":"Lakech","variedad_c":"Boset"},
{"codigo_paquetes":"package_sample_questionaire_024","variedad_a":"Quncho","variedad_b":"Gola","variedad_c":"Flagot"},
{"codigo_paquetes":"package_sample_questionaire_025","variedad_a":"Lakech","variedad_b":"Amarach","variedad_c":"Quncho"},
{"codigo_paquetes":"package_sample_questionaire_026","variedad_a":"Flagot","variedad_b":"Gola","variedad_c":"Kora"},
{"codigo_paquetes":"package_sample_questionaire_027","variedad_a":"Boset","variedad_b":"Hibir","variedad_c":"Gola"},
{"codigo_paquetes":"package_sample_questionaire_028","variedad_a":"Kora","variedad_b":"Quncho","variedad_c":"Boset"},
{"codigo_paquetes":"package_sample_questionaire_029","variedad_a":"Hibir","variedad_b":"Flagot","variedad_c":"Lakech"},
{"codigo_paquetes":"package_sample_questionaire_030","variedad_a":"Lakech","variedad_b":"Amarach","variedad_c":"Flagot"},
{"codigo_paquetes":"package_sample_questionaire_031","variedad_a":"Gola","variedad_b":"Quncho","variedad_c":"Amarach"},
{"codigo_paquetes":"package_sample_questionaire_032","variedad_a":"Boset","variedad_b":"Kora","variedad_c":"Hibir"},
{"codigo_paquetes":"package_sample_questionaire_033","variedad_a":"Amarach","variedad_b":"Boset","variedad_c":"Hibir"},
{"codigo_paquetes":"package_sample_questionaire_034","variedad_a":"Gola","variedad_b":"Kora","variedad_c":"Lakech"},
{"codigo_paquetes":"package_sample_questionaire_035","variedad_a":"Quncho","variedad_b":"Boset","variedad_c":"Flagot"},
{"codigo_paquetes":"package_sample_questionaire_036","variedad_a":"Lakech","variedad_b":"Amarach","variedad_c":"Quncho"},
{"codigo_paquetes":"package_sample_questionaire_037","variedad_a":"Flagot","variedad_b":"Hibir","variedad_c":"Kora"},
{"codigo_paquetes":"package_sample_questionaire_038","variedad_a":"Boset","variedad_b":"Flagot","variedad_c":"Gola"},
{"codigo_paquetes":"package_sample_questionaire_039","variedad_a":"Kora","variedad_b":"Gola","variedad_c":"Quncho"},
{"codigo_paquetes":"package_sample_questionaire_040","variedad_a":"Hibir","variedad_b":"Lakech","variedad_c":"Amarach"},
{"codigo_paquetes":"package_sample_questionaire_041","variedad_a":"Amarach","variedad_b":"Flagot","variedad_c":"Lakech"},
{"codigo_paquetes":"package_sample_questionaire_042","variedad_a":"Quncho","variedad_b":"Gola","variedad_c":"Hibir"},
{"codigo_paquetes":"package_sample_questionaire_043","variedad_a":"Kora","variedad_b":"Amarach","variedad_c":"Boset"},
{"codigo_paquetes":"package_sample_questionaire_044","variedad_a":"Hibir","variedad_b":"Lakech","variedad_c":"Boset"},
{"codigo_paquetes":"package_sample_questionaire_045","variedad_a":"Flagot","variedad_b":"Quncho","variedad_c":"Kora"},
{"codigo_paquetes":"package_sample_questionaire_046","variedad_a":"Lakech","variedad_b":"Boset","variedad_c":"Gola"},
{"codigo_paquetes":"package_sample_questionaire_047","variedad_a":"Quncho","variedad_b":"Hibir","variedad_c":"Amarach"},
{"codigo_paquetes":"package_sample_questionaire_048","variedad_a":"Lakech","variedad_b":"Kora","variedad_c":"Flagot"},
{"codigo_paquetes":"package_sample_questionaire_049","variedad_a":"Gola","variedad_b":"Boset","variedad_c":"Flagot"},
{"codigo_paquetes":"package_sample_questionaire_050","variedad_a":"Gola","variedad_b":"Hibir","variedad_c":"Kora"},
{"codigo_paquetes":"package_sample_questionaire_051","variedad_a":"Amarach","variedad_b":"Quncho","variedad_c":"Boset"},
{"codigo_paquetes":"package_sample_questionaire_052","variedad_a":"Flagot","variedad_b":"Amarach","variedad_c":"Gola"},
{"codigo_paquetes":"package_sample_questionaire_053","variedad_a":"Kora","variedad_b":"Lakech","variedad_c":"Quncho"},
{"codigo_paquetes":"package_sample_questionaire_054","variedad_a":"Hibir","variedad_b":"Flagot","variedad_c":"Amarach"},
{"codigo_paquetes":"package_sample_questionaire_055","variedad_a":"Hibir","variedad_b":"Gola","variedad_c":"Lakech"},
{"codigo_paquetes":"package_sample_questionaire_056","variedad_a":"Boset","variedad_b":"Kora","variedad_c":"Amarach"},
{"codigo_paquetes":"package_sample_questionaire_057","variedad_a":"Quncho","variedad_b":"Boset","variedad_c":"Lakech"},
{"codigo_paquetes":"package_sample_questionaire_058","variedad_a":"Flagot","variedad_b":"Quncho","variedad_c":"Hibir"},
{"codigo_paquetes":"package_sample_questionaire_059","variedad_a":"Boset","variedad_b":"Gola","variedad_c":"Kora"},
{"codigo_paquetes":"package_sample_questionaire_060","variedad_a":"Kora","variedad_b":"Lakech","variedad_c":"Flagot"},
{"codigo_paquetes":"package_sample_questionaire_061","variedad_a":"Gola","variedad_b":"Hibir","variedad_c":"Quncho"},
{"codigo_paquetes":"package_sample_questionaire_062","variedad_a":"Lakech","variedad_b":"Amarach","variedad_c":"Boset"},
{"codigo_paquetes":"package_sample_questionaire_063","variedad_a":"Amarach","variedad_b":"Flagot","variedad_c":"Gola"},
{"codigo_paquetes":"package_sample_questionaire_064","variedad_a":"Quncho","variedad_b":"Kora","variedad_c":"Hibir"},
{"codigo_paquetes":"package_sample_questionaire_065","variedad_a":"Amarach","variedad_b":"Flagot","variedad_c":"Quncho"},
{"codigo_paquetes":"package_sample_questionaire_066","variedad_a":"Hibir","variedad_b":"Kora","variedad_c":"Lakech"},
{"codigo_paquetes":"package_sample_questionaire_067","variedad_a":"Boset","variedad_b":"Gola","variedad_c":"Hibir"},
{"codigo_paquetes":"package_sample_questionaire_068","variedad_a":"Lakech","variedad_b":"Quncho","variedad_c":"Boset"},
{"codigo_paquetes":"package_sample_questionaire_069","variedad_a":"Flagot","variedad_b":"Amarach","variedad_c":"Kora"},
{"codigo_paquetes":"package_sample_questionaire_070","variedad_a":"Kora","variedad_b":"Boset","variedad_c":"Gola"},
{"codigo_paquetes":"package_sample_questionaire_071","variedad_a":"Gola","variedad_b":"Lakech","variedad_c":"Flagot"},
{"codigo_paquetes":"package_sample_questionaire_072","variedad_a":"Quncho","variedad_b":"Hibir","variedad_c":"Amarach"},
{"codigo_paquetes":"package_sample_questionaire_073","variedad_a":"Amarach","variedad_b":"Boset","variedad_c":"Lakech"},
{"codigo_paquetes":"package_sample_questionaire_074","variedad_a":"Flagot","variedad_b":"Gola","variedad_c":"Quncho"},
{"codigo_paquetes":"package_sample_questionaire_075","variedad_a":"Hibir","variedad_b":"Quncho","variedad_c":"Kora"},
{"codigo_paquetes":"package_sample_questionaire_076","variedad_a":"Boset","variedad_b":"Amarach","variedad_c":"Flagot"},
{"codigo_paquetes":"package_sample_questionaire_077","variedad_a":"Kora","variedad_b":"Lakech","variedad_c":"Hibir"},
{"codigo_paquetes":"package_sample_questionaire_078","variedad_a":"Gola","variedad_b":"Hibir","variedad_c":"Amarach"},
{"codigo_paquetes":"package_sample_questionaire_079","variedad_a":"Quncho","variedad_b":"Boset","variedad_c":"Gola"},
{"codigo_paquetes":"package_sample_questionaire_080","variedad_a":"Flagot","variedad_b":"Kora","variedad_c":"Boset"},
{"codigo_paquetes":"package_sample_questionaire_081","variedad_a":"Lakech","variedad_b":"Kora","variedad_c":"Quncho"},
{"codigo_paquetes":"package_sample_questionaire_082","variedad_a":"Amarach","variedad_b":"Gola","variedad_c":"Lakech"},
{"codigo_paquetes":"package_sample_questionaire_083","variedad_a":"Gola","variedad_b":"Flagot","variedad_c":"Hibir"},
{"codigo_paquetes":"package_sample_questionaire_084","variedad_a":"Boset","variedad_b":"Lakech","variedad_c":"Flagot"},
{"codigo_paquetes":"package_sample_questionaire_085","variedad_a":"Kora","variedad_b":"Quncho","variedad_c":"Amarach"},
{"codigo_paquetes":"package_sample_questionaire_086","variedad_a":"Hibir","variedad_b":"Flagot","variedad_c":"Quncho"},
{"codigo_paquetes":"package_sample_questionaire_087","variedad_a":"Gola","variedad_b":"Amarach","variedad_c":"Kora"},
{"codigo_paquetes":"package_sample_questionaire_088","variedad_a":"Lakech","variedad_b":"Hibir","variedad_c":"Amarach"},
{"codigo_paquetes":"package_sample_questionaire_089","variedad_a":"Quncho","variedad_b":"Hibir","variedad_c":"Boset"},
{"codigo_paquetes":"package_sample_questionaire_090","variedad_a":"Boset","variedad_b":"Kora","variedad_c":"Lakech"},
{"codigo_paquetes":"package_sample_questionaire_091","variedad_a":"Hibir","variedad_b":"Flagot","variedad_c":"Gola"},
{"codigo_paquetes":"package_sample_questionaire_092","variedad_a":"Quncho","variedad_b":"Boset","variedad_c":"Gola"},
{"codigo_paquetes":"package_sample_questionaire_093","variedad_a":"Amarach","variedad_b":"Lakech","variedad_c":"Kora"},
{"codigo_paquetes":"package_sample_questionaire_094","variedad_a":"Flagot","variedad_b":"Amarach","variedad_c":"Boset"},
{"codigo_paquetes":"package_sample_questionaire_095","variedad_a":"Lakech","variedad_b":"Quncho","variedad_c":"Flagot"},
{"codigo_paquetes":"package_sample_questionaire_096","variedad_a":"Kora","variedad_b":"Gola","variedad_c":"Hibir"},
{"codigo_paquetes":"package_sample_questionaire_097","variedad_a":"Amarach","variedad_b":"Kora","variedad_c":"Quncho"},
{"codigo_paquetes":"package_sample_questionaire_098","variedad_a":"Boset","variedad_b":"Flagot","variedad_c":"Hibir"},
{"codigo_paquetes":"package_sample_questionaire_099","variedad_a":"Gola","variedad_b":"Quncho","variedad_c":"Lakech"},
{"codigo_paquetes":"package_sample_questionaire_100","variedad_a":"Kora","variedad_b":"Amarach","variedad_c":"Gola"}
]
