[
{"codigo_paquetes":"package_2017_osw_bosat_2kebele_sorghum_01","variedad_a":"Meko 1","variedad_b":"Teshale","variedad_c":"Dhakaba"},
{"codigo_paquetes":"package_2017_osw_bosat_2kebele_sorghum_02","variedad_a":"Gubiye","variedad_b":"Abshir","variedad_c":"Melkam"},
{"codigo_paquetes":"package_2017_osw_bosat_2kebele_sorghum_03","variedad_a":"Dhakaba","variedad_b":"Meko 1","variedad_c":"Melkam"},
{"codigo_paquetes":"package_2017_osw_bosat_2kebele_sorghum_04","variedad_a":"Abshir","variedad_b":"Gubiye","variedad_c":"Teshale"},
{"codigo_paquetes":"package_2017_osw_bosat_2kebele_sorghum_05","variedad_a":"Meko 1","variedad_b":"Melkam","variedad_c":"Abshir"},
{"codigo_paquetes":"package_2017_osw_bosat_2kebele_sorghum_06","variedad_a":"Melkam","variedad_b":"Dhakaba","variedad_c":"Meko 1"},
{"codigo_paquetes":"package_2017_osw_bosat_2kebele_sorghum_07","variedad_a":"Gubiye","variedad_b":"Melkam","variedad_c":"Teshale"},
{"codigo_paquetes":"package_2017_osw_bosat_2kebele_sorghum_08","variedad_a":"Abshir","variedad_b":"Dhakaba","variedad_c":"Meko 1"},
{"codigo_paquetes":"package_2017_osw_bosat_2kebele_sorghum_09","variedad_a":"Dhakaba","variedad_b":"Gubiye","variedad_c":"Melkam"},
{"codigo_paquetes":"package_2017_osw_bosat_2kebele_sorghum_10","variedad_a":"Teshale","variedad_b":"Meko 1","variedad_c":"Gubiye"},
{"codigo_paquetes":"package_2017_osw_bosat_2kebele_sorghum_11","variedad_a":"Dhakaba","variedad_b":"Gubiye","variedad_c":"Melkam"},
{"codigo_paquetes":"package_2017_osw_bosat_2kebele_sorghum_12","variedad_a":"Melkam","variedad_b":"Teshale","variedad_c":"Dhakaba"},
{"codigo_paquetes":"package_2017_osw_bosat_2kebele_sorghum_13","variedad_a":"Teshale","variedad_b":"Dhakaba","variedad_c":"Gubiye"},
{"codigo_paquetes":"package_2017_osw_bosat_2kebele_sorghum_14","variedad_a":"Abshir","variedad_b":"Dhakaba","variedad_c":"Meko 1"},
{"codigo_paquetes":"package_2017_osw_bosat_2kebele_sorghum_15","variedad_a":"Abshir","variedad_b":"Gubiye","variedad_c":"Melkam"},
{"codigo_paquetes":"package_2017_osw_bosat_2kebele_sorghum_16","variedad_a":"Gubiye","variedad_b":"Meko 1","variedad_c":"Teshale"},
{"codigo_paquetes":"package_2017_osw_bosat_2kebele_sorghum_17","variedad_a":"Melkam","variedad_b":"Teshale","variedad_c":"Meko 1"},
{"codigo_paquetes":"package_2017_osw_bosat_2kebele_sorghum_18","variedad_a":"Teshale","variedad_b":"Dhakaba","variedad_c":"Gubiye"},
{"codigo_paquetes":"package_2017_osw_bosat_2kebele_sorghum_19","variedad_a":"Abshir","variedad_b":"Gubiye","variedad_c":"Melkam"},
{"codigo_paquetes":"package_2017_osw_bosat_2kebele_sorghum_20","variedad_a":"Meko 1","variedad_b":"Melkam","variedad_c":"Dhakaba"},
{"codigo_paquetes":"package_2017_osw_bosat_2kebele_sorghum_21","variedad_a":"Teshale","variedad_b":"Dhakaba","variedad_c":"Gubiye"},
{"codigo_paquetes":"package_2017_osw_bosat_2kebele_sorghum_22","variedad_a":"Melkam","variedad_b":"Meko 1","variedad_c":"Teshale"},
{"codigo_paquetes":"package_2017_osw_bosat_2kebele_sorghum_23","variedad_a":"Dhakaba","variedad_b":"Abshir","variedad_c":"Gubiye"},
{"codigo_paquetes":"package_2017_osw_bosat_2kebele_sorghum_24","variedad_a":"Meko 1","variedad_b":"Melkam","variedad_c":"Abshir"},
{"codigo_paquetes":"package_2017_osw_bosat_2kebele_sorghum_25","variedad_a":"Melkam","variedad_b":"Dhakaba","variedad_c":"Teshale"},
{"codigo_paquetes":"package_2017_osw_bosat_2kebele_sorghum_26","variedad_a":"Teshale","variedad_b":"Gubiye","variedad_c":"Melkam"},
{"codigo_paquetes":"package_2017_osw_bosat_2kebele_sorghum_27","variedad_a":"Dhakaba","variedad_b":"Meko 1","variedad_c":"Abshir"},
{"codigo_paquetes":"package_2017_osw_bosat_2kebele_sorghum_28","variedad_a":"Gubiye","variedad_b":"Teshale","variedad_c":"Meko 1"},
{"codigo_paquetes":"package_2017_osw_bosat_2kebele_sorghum_29","variedad_a":"Gubiye","variedad_b":"Melkam","variedad_c":"Dhakaba"},
{"codigo_paquetes":"package_2017_osw_bosat_2kebele_sorghum_30","variedad_a":"Abshir","variedad_b":"Meko 1","variedad_c":"Melkam"},
{"codigo_paquetes":"package_2017_osw_bosat_2kebele_sorghum_31","variedad_a":"Teshale","variedad_b":"Abshir","variedad_c":"Meko 1"},
{"codigo_paquetes":"package_2017_osw_bosat_2kebele_sorghum_32","variedad_a":"Meko 1","variedad_b":"Melkam","variedad_c":"Teshale"},
{"codigo_paquetes":"package_2017_osw_bosat_2kebele_sorghum_33","variedad_a":"Abshir","variedad_b":"Meko 1","variedad_c":"Gubiye"},
{"codigo_paquetes":"package_2017_osw_bosat_2kebele_sorghum_34","variedad_a":"Melkam","variedad_b":"Abshir","variedad_c":"Gubiye"},
{"codigo_paquetes":"package_2017_osw_bosat_2kebele_sorghum_35","variedad_a":"Teshale","variedad_b":"Dhakaba","variedad_c":"Abshir"},
{"codigo_paquetes":"package_2017_osw_bosat_2kebele_sorghum_36","variedad_a":"Gubiye","variedad_b":"Dhakaba","variedad_c":"Meko 1"},
{"codigo_paquetes":"package_2017_osw_bosat_2kebele_sorghum_37","variedad_a":"Melkam","variedad_b":"Gubiye","variedad_c":"Abshir"}
]
