[
{"codigo_paquetes":"package_2019_humbo_koisha_hbean_01","variedad_a":"Rori","variedad_b":"Remeda","variedad_c":"Hawassa Dume"},
{"codigo_paquetes":"package_2019_humbo_koisha_hbean_02","variedad_a":"Remeda","variedad_b":"Rori","variedad_c":"weju"},
{"codigo_paquetes":"package_2019_humbo_koisha_hbean_03","variedad_a":"Gegeba","variedad_b":"weju","variedad_c":"Nasir"},
{"codigo_paquetes":"package_2019_humbo_koisha_hbean_04","variedad_a":"Hawassa Dume","variedad_b":"Remeda","variedad_c":"Rori"},
{"codigo_paquetes":"package_2019_humbo_koisha_hbean_05","variedad_a":"Rori","variedad_b":"Nasir","variedad_c":"weju"},
{"codigo_paquetes":"package_2019_humbo_koisha_hbean_06","variedad_a":"Hawassa Dume","variedad_b":"Gegeba","variedad_c":"Remeda"},
{"codigo_paquetes":"package_2019_humbo_koisha_hbean_07","variedad_a":"weju","variedad_b":"Remeda","variedad_c":"Hawassa Dume"},
{"codigo_paquetes":"package_2019_humbo_koisha_hbean_08","variedad_a":"Nasir","variedad_b":"Gegeba","variedad_c":"Rori"},
{"codigo_paquetes":"package_2019_humbo_koisha_hbean_09","variedad_a":"Remeda","variedad_b":"Rori","variedad_c":"Nasir"},
{"codigo_paquetes":"package_2019_humbo_koisha_hbean_10","variedad_a":"Gegeba","variedad_b":"weju","variedad_c":"Hawassa Dume"},
{"codigo_paquetes":"package_2019_humbo_koisha_hbean_11","variedad_a":"Nasir","variedad_b":"Hawassa Dume","variedad_c":"Remeda"},
{"codigo_paquetes":"package_2019_humbo_koisha_hbean_12","variedad_a":"Rori","variedad_b":"weju","variedad_c":"Gegeba"},
{"codigo_paquetes":"package_2019_humbo_koisha_hbean_13","variedad_a":"weju","variedad_b":"Nasir","variedad_c":"Gegeba"},
{"codigo_paquetes":"package_2019_humbo_koisha_hbean_14","variedad_a":"Hawassa Dume","variedad_b":"Remeda","variedad_c":"Rori"},
{"codigo_paquetes":"package_2019_humbo_koisha_hbean_15","variedad_a":"Rori","variedad_b":"Hawassa Dume","variedad_c":"weju"},
{"codigo_paquetes":"package_2019_humbo_koisha_hbean_16","variedad_a":"Gegeba","variedad_b":"Nasir","variedad_c":"Remeda"},
{"codigo_paquetes":"package_2019_humbo_koisha_hbean_17","variedad_a":"Remeda","variedad_b":"Gegeba","variedad_c":"Rori"},
{"codigo_paquetes":"package_2019_humbo_koisha_hbean_18","variedad_a":"weju","variedad_b":"Nasir","variedad_c":"Hawassa Dume"},
{"codigo_paquetes":"package_2019_humbo_koisha_hbean_19","variedad_a":"Hawassa Dume","variedad_b":"Rori","variedad_c":"Gegeba"},
{"codigo_paquetes":"package_2019_humbo_koisha_hbean_20","variedad_a":"Remeda","variedad_b":"weju","variedad_c":"Nasir"},
{"codigo_paquetes":"package_2019_humbo_koisha_hbean_21","variedad_a":"Nasir","variedad_b":"Hawassa Dume","variedad_c":"Remeda"},
{"codigo_paquetes":"package_2019_humbo_koisha_hbean_22","variedad_a":"Gegeba","variedad_b":"Rori","variedad_c":"weju"},
{"codigo_paquetes":"package_2019_humbo_koisha_hbean_23","variedad_a":"weju","variedad_b":"Remeda","variedad_c":"Hawassa Dume"},
{"codigo_paquetes":"package_2019_humbo_koisha_hbean_24","variedad_a":"Rori","variedad_b":"Gegeba","variedad_c":"Nasir"},
{"codigo_paquetes":"package_2019_humbo_koisha_hbean_25","variedad_a":"Remeda","variedad_b":"Rori","variedad_c":"weju"},
{"codigo_paquetes":"package_2019_humbo_koisha_hbean_26","variedad_a":"Nasir","variedad_b":"Hawassa Dume","variedad_c":"Gegeba"},
{"codigo_paquetes":"package_2019_humbo_koisha_hbean_27","variedad_a":"Hawassa Dume","variedad_b":"Gegeba","variedad_c":"Remeda"},
{"codigo_paquetes":"package_2019_humbo_koisha_hbean_28","variedad_a":"Rori","variedad_b":"weju","variedad_c":"Nasir"},
{"codigo_paquetes":"package_2019_humbo_koisha_hbean_29","variedad_a":"Gegeba","variedad_b":"weju","variedad_c":"Hawassa Dume"},
{"codigo_paquetes":"package_2019_humbo_koisha_hbean_30","variedad_a":"Nasir","variedad_b":"Remeda","variedad_c":"Rori"},
{"codigo_paquetes":"package_2019_humbo_koisha_hbean_31","variedad_a":"Hawassa Dume","variedad_b":"Gegeba","variedad_c":"Rori"},
{"codigo_paquetes":"package_2019_humbo_koisha_hbean_32","variedad_a":"weju","variedad_b":"Nasir","variedad_c":"Remeda"},
{"codigo_paquetes":"package_2019_humbo_koisha_hbean_33","variedad_a":"weju","variedad_b":"Nasir","variedad_c":"Hawassa Dume"},
{"codigo_paquetes":"package_2019_humbo_koisha_hbean_34","variedad_a":"Remeda","variedad_b":"Rori","variedad_c":"Gegeba"},
{"codigo_paquetes":"package_2019_humbo_koisha_hbean_35","variedad_a":"Rori","variedad_b":"Hawassa Dume","variedad_c":"Nasir"},
{"codigo_paquetes":"package_2019_humbo_koisha_hbean_36","variedad_a":"Gegeba","variedad_b":"Remeda","variedad_c":"weju"},
{"codigo_paquetes":"package_2019_humbo_koisha_hbean_37","variedad_a":"Nasir","variedad_b":"Gegeba","variedad_c":"weju"},
{"codigo_paquetes":"package_2019_humbo_koisha_hbean_38","variedad_a":"Hawassa Dume","variedad_b":"Remeda","variedad_c":"Rori"},
{"codigo_paquetes":"package_2019_humbo_koisha_hbean_39","variedad_a":"Rori","variedad_b":"weju","variedad_c":"Remeda"},
{"codigo_paquetes":"package_2019_humbo_koisha_hbean_40","variedad_a":"Gegeba","variedad_b":"Nasir","variedad_c":"Hawassa Dume"},
{"codigo_paquetes":"package_2019_humbo_koisha_hbean_41","variedad_a":"Remeda","variedad_b":"Rori","variedad_c":"Nasir"},
{"codigo_paquetes":"package_2019_humbo_koisha_hbean_42","variedad_a":"weju","variedad_b":"Hawassa Dume","variedad_c":"Gegeba"},
{"codigo_paquetes":"package_2019_humbo_koisha_hbean_43","variedad_a":"Nasir","variedad_b":"Remeda","variedad_c":"weju"},
{"codigo_paquetes":"package_2019_humbo_koisha_hbean_44","variedad_a":"Hawassa Dume","variedad_b":"Gegeba","variedad_c":"Rori"},
{"codigo_paquetes":"package_2019_humbo_koisha_hbean_45","variedad_a":"Rori","variedad_b":"weju","variedad_c":"Gegeba"},
{"codigo_paquetes":"package_2019_humbo_koisha_hbean_46","variedad_a":"Remeda","variedad_b":"Nasir","variedad_c":"Hawassa Dume"},
{"codigo_paquetes":"package_2019_humbo_koisha_hbean_47","variedad_a":"Gegeba","variedad_b":"Nasir","variedad_c":"Remeda"},
{"codigo_paquetes":"package_2019_humbo_koisha_hbean_48","variedad_a":"weju","variedad_b":"Hawassa Dume","variedad_c":"Rori"},
{"codigo_paquetes":"package_2019_humbo_koisha_hbean_49","variedad_a":"Gegeba","variedad_b":"Remeda","variedad_c":"weju"},
{"codigo_paquetes":"package_2019_humbo_koisha_hbean_50","variedad_a":"Hawassa Dume","variedad_b":"Rori","variedad_c":"Nasir"},
{"codigo_paquetes":"package_2019_humbo_koisha_hbean_51","variedad_a":"Nasir","variedad_b":"weju","variedad_c":"Hawassa Dume"},
{"codigo_paquetes":"package_2019_humbo_koisha_hbean_52","variedad_a":"Remeda","variedad_b":"Rori","variedad_c":"Gegeba"},
{"codigo_paquetes":"package_2019_humbo_koisha_hbean_53","variedad_a":"Rori","variedad_b":"Nasir","variedad_c":"Remeda"},
{"codigo_paquetes":"package_2019_humbo_koisha_hbean_54","variedad_a":"weju","variedad_b":"Hawassa Dume","variedad_c":"Gegeba"},
{"codigo_paquetes":"package_2019_humbo_koisha_hbean_55","variedad_a":"weju","variedad_b":"Gegeba","variedad_c":"Nasir"},
{"codigo_paquetes":"package_2019_humbo_koisha_hbean_56","variedad_a":"Hawassa Dume","variedad_b":"Remeda","variedad_c":"Rori"},
{"codigo_paquetes":"package_2019_humbo_koisha_hbean_57","variedad_a":"Gegeba","variedad_b":"Hawassa Dume","variedad_c":"Remeda"},
{"codigo_paquetes":"package_2019_humbo_koisha_hbean_58","variedad_a":"Nasir","variedad_b":"Rori","variedad_c":"weju"},
{"codigo_paquetes":"package_2019_humbo_koisha_hbean_59","variedad_a":"Rori","variedad_b":"Gegeba","variedad_c":"Nasir"},
{"codigo_paquetes":"package_2019_humbo_koisha_hbean_60","variedad_a":"Remeda","variedad_b":"weju","variedad_c":"Hawassa Dume"},
{"codigo_paquetes":"package_2019_humbo_koisha_hbean_61","variedad_a":"Nasir","variedad_b":"Hawassa Dume","variedad_c":"Remeda"},
{"codigo_paquetes":"package_2019_humbo_koisha_hbean_62","variedad_a":"Gegeba","variedad_b":"Rori","variedad_c":"weju"},
{"codigo_paquetes":"package_2019_humbo_koisha_hbean_63","variedad_a":"Remeda","variedad_b":"weju","variedad_c":"Rori"},
{"codigo_paquetes":"package_2019_humbo_koisha_hbean_64","variedad_a":"Hawassa Dume","variedad_b":"Nasir","variedad_c":"Gegeba"},
{"codigo_paquetes":"package_2019_humbo_koisha_hbean_65","variedad_a":"Rori","variedad_b":"Gegeba","variedad_c":"Remeda"},
{"codigo_paquetes":"package_2019_humbo_koisha_hbean_66","variedad_a":"weju","variedad_b":"Nasir","variedad_c":"Hawassa Dume"},
{"codigo_paquetes":"package_2019_humbo_koisha_hbean_67","variedad_a":"Hawassa Dume","variedad_b":"Gegeba","variedad_c":"Rori"},
{"codigo_paquetes":"package_2019_humbo_koisha_hbean_68","variedad_a":"weju","variedad_b":"Remeda","variedad_c":"Nasir"},
{"codigo_paquetes":"package_2019_humbo_koisha_hbean_69","variedad_a":"Remeda","variedad_b":"Rori","variedad_c":"Nasir"},
{"codigo_paquetes":"package_2019_humbo_koisha_hbean_70","variedad_a":"Gegeba","variedad_b":"Hawassa Dume","variedad_c":"weju"},
{"codigo_paquetes":"package_2019_humbo_koisha_hbean_71","variedad_a":"Hawassa Dume","variedad_b":"Remeda","variedad_c":"Gegeba"},
{"codigo_paquetes":"package_2019_humbo_koisha_hbean_72","variedad_a":"Nasir","variedad_b":"weju","variedad_c":"Rori"},
{"codigo_paquetes":"package_2019_humbo_koisha_hbean_73","variedad_a":"Rori","variedad_b":"Nasir","variedad_c":"Gegeba"},
{"codigo_paquetes":"package_2019_humbo_koisha_hbean_74","variedad_a":"Remeda","variedad_b":"weju","variedad_c":"Hawassa Dume"},
{"codigo_paquetes":"package_2019_humbo_koisha_hbean_75","variedad_a":"Nasir","variedad_b":"Gegeba","variedad_c":"Hawassa Dume"},
{"codigo_paquetes":"package_2019_humbo_koisha_hbean_76","variedad_a":"Rori","variedad_b":"Remeda","variedad_c":"weju"},
{"codigo_paquetes":"package_2019_humbo_koisha_hbean_77","variedad_a":"weju","variedad_b":"Hawassa Dume","variedad_c":"Nasir"},
{"codigo_paquetes":"package_2019_humbo_koisha_hbean_78","variedad_a":"Gegeba","variedad_b":"Rori","variedad_c":"Remeda"},
{"codigo_paquetes":"package_2019_humbo_koisha_hbean_79","variedad_a":"Hawassa Dume","variedad_b":"Remeda","variedad_c":"Rori"},
{"codigo_paquetes":"package_2019_humbo_koisha_hbean_80","variedad_a":"Nasir","variedad_b":"Gegeba","variedad_c":"weju"}
]
