[
{"codigo_paquetes":"package_2018_orosw_tole_lentil_01","variedad_a":"Chekol","variedad_b":"Assano","variedad_c":"Gudo"},
{"codigo_paquetes":"package_2018_orosw_tole_lentil_02","variedad_a":"Alem Tena","variedad_b":"Chekol","variedad_c":"Assano"},
{"codigo_paquetes":"package_2018_orosw_tole_lentil_03","variedad_a":"Alemaya 98","variedad_b":"Derash","variedad_c":"Alem Tena"},
{"codigo_paquetes":"package_2018_orosw_tole_lentil_04","variedad_a":"Assano","variedad_b":"Gudo","variedad_c":"Ada"},
{"codigo_paquetes":"package_2018_orosw_tole_lentil_05","variedad_a":"Chekol","variedad_b":"Ada","variedad_c":"Alemaya 98"},
{"codigo_paquetes":"package_2018_orosw_tole_lentil_06","variedad_a":"Gudo","variedad_b":"Alem Tena","variedad_c":"Derash"},
{"codigo_paquetes":"package_2018_orosw_tole_lentil_07","variedad_a":"Derash","variedad_b":"Assano","variedad_c":"Chekol"},
{"codigo_paquetes":"package_2018_orosw_tole_lentil_08","variedad_a":"Ada","variedad_b":"Alem Tena","variedad_c":"Alemaya 98"},
{"codigo_paquetes":"package_2018_orosw_tole_lentil_09","variedad_a":"Alemaya 98","variedad_b":"Chekol","variedad_c":"Gudo"},
{"codigo_paquetes":"package_2018_orosw_tole_lentil_10","variedad_a":"Alem Tena","variedad_b":"Gudo","variedad_c":"Derash"},
{"codigo_paquetes":"package_2018_orosw_tole_lentil_11","variedad_a":"Ada","variedad_b":"Derash","variedad_c":"Assano"},
{"codigo_paquetes":"package_2018_orosw_tole_lentil_12","variedad_a":"Assano","variedad_b":"Alemaya 98","variedad_c":"Gudo"},
{"codigo_paquetes":"package_2018_orosw_tole_lentil_13","variedad_a":"Gudo","variedad_b":"Derash","variedad_c":"Alemaya 98"},
{"codigo_paquetes":"package_2018_orosw_tole_lentil_14","variedad_a":"Derash","variedad_b":"Chekol","variedad_c":"Alem Tena"},
{"codigo_paquetes":"package_2018_orosw_tole_lentil_15","variedad_a":"Alemaya 98","variedad_b":"Ada","variedad_c":"Assano"},
{"codigo_paquetes":"package_2018_orosw_tole_lentil_16","variedad_a":"Gudo","variedad_b":"Alem Tena","variedad_c":"Chekol"},
{"codigo_paquetes":"package_2018_orosw_tole_lentil_17","variedad_a":"Ada","variedad_b":"Gudo","variedad_c":"Alem Tena"},
{"codigo_paquetes":"package_2018_orosw_tole_lentil_18","variedad_a":"Assano","variedad_b":"Alemaya 98","variedad_c":"Derash"},
{"codigo_paquetes":"package_2018_orosw_tole_lentil_19","variedad_a":"Derash","variedad_b":"Chekol","variedad_c":"Ada"},
{"codigo_paquetes":"package_2018_orosw_tole_lentil_20","variedad_a":"Alemaya 98","variedad_b":"Ada","variedad_c":"Gudo"},
{"codigo_paquetes":"package_2018_orosw_tole_lentil_21","variedad_a":"Gudo","variedad_b":"Alemaya 98","variedad_c":"Derash"},
{"codigo_paquetes":"package_2018_orosw_tole_lentil_22","variedad_a":"Assano","variedad_b":"Gudo","variedad_c":"Chekol"},
{"codigo_paquetes":"package_2018_orosw_tole_lentil_23","variedad_a":"Ada","variedad_b":"Derash","variedad_c":"Alem Tena"},
{"codigo_paquetes":"package_2018_orosw_tole_lentil_24","variedad_a":"Derash","variedad_b":"Assano","variedad_c":"Gudo"},
{"codigo_paquetes":"package_2018_orosw_tole_lentil_25","variedad_a":"Gudo","variedad_b":"Ada","variedad_c":"Alem Tena"},
{"codigo_paquetes":"package_2018_orosw_tole_lentil_26","variedad_a":"Assano","variedad_b":"Derash","variedad_c":"Alemaya 98"},
{"codigo_paquetes":"package_2018_orosw_tole_lentil_27","variedad_a":"Alemaya 98","variedad_b":"Alem Tena","variedad_c":"Chekol"},
{"codigo_paquetes":"package_2018_orosw_tole_lentil_28","variedad_a":"Ada","variedad_b":"Chekol","variedad_c":"Derash"},
{"codigo_paquetes":"package_2018_orosw_tole_lentil_29","variedad_a":"Alem Tena","variedad_b":"Gudo","variedad_c":"Assano"},
{"codigo_paquetes":"package_2018_orosw_tole_lentil_30","variedad_a":"Assano","variedad_b":"Alemaya 98","variedad_c":"Ada"},
{"codigo_paquetes":"package_2018_orosw_tole_lentil_31","variedad_a":"Derash","variedad_b":"Chekol","variedad_c":"Gudo"},
{"codigo_paquetes":"package_2018_orosw_tole_lentil_32","variedad_a":"Alem Tena","variedad_b":"Assano","variedad_c":"Chekol"},
{"codigo_paquetes":"package_2018_orosw_tole_lentil_33","variedad_a":"Alemaya 98","variedad_b":"Derash","variedad_c":"Alem Tena"},
{"codigo_paquetes":"package_2018_orosw_tole_lentil_34","variedad_a":"Gudo","variedad_b":"Ada","variedad_c":"Alemaya 98"},
{"codigo_paquetes":"package_2018_orosw_tole_lentil_35","variedad_a":"Chekol","variedad_b":"Ada","variedad_c":"Assano"},
{"codigo_paquetes":"package_2018_orosw_tole_lentil_36","variedad_a":"Alem Tena","variedad_b":"Gudo","variedad_c":"Derash"},
{"codigo_paquetes":"package_2018_orosw_tole_lentil_37","variedad_a":"Derash","variedad_b":"Assano","variedad_c":"Alemaya 98"},
{"codigo_paquetes":"package_2018_orosw_tole_lentil_38","variedad_a":"Ada","variedad_b":"Alem Tena","variedad_c":"Chekol"},
{"codigo_paquetes":"package_2018_orosw_tole_lentil_39","variedad_a":"Chekol","variedad_b":"Alemaya 98","variedad_c":"Gudo"},
{"codigo_paquetes":"package_2018_orosw_tole_lentil_40","variedad_a":"Assano","variedad_b":"Gudo","variedad_c":"Alem Tena"},
{"codigo_paquetes":"package_2018_orosw_tole_lentil_41","variedad_a":"Ada","variedad_b":"Derash","variedad_c":"Assano"},
{"codigo_paquetes":"package_2018_orosw_tole_lentil_42","variedad_a":"Gudo","variedad_b":"Chekol","variedad_c":"Derash"},
{"codigo_paquetes":"package_2018_orosw_tole_lentil_43","variedad_a":"Alemaya 98","variedad_b":"Alem Tena","variedad_c":"Ada"},
{"codigo_paquetes":"package_2018_orosw_tole_lentil_44","variedad_a":"Derash","variedad_b":"Chekol","variedad_c":"Alemaya 98"},
{"codigo_paquetes":"package_2018_orosw_tole_lentil_45","variedad_a":"Assano","variedad_b":"Gudo","variedad_c":"Ada"},
{"codigo_paquetes":"package_2018_orosw_tole_lentil_46","variedad_a":"Alem Tena","variedad_b":"Alemaya 98","variedad_c":"Assano"},
{"codigo_paquetes":"package_2018_orosw_tole_lentil_47","variedad_a":"Chekol","variedad_b":"Derash","variedad_c":"Alem Tena"},
{"codigo_paquetes":"package_2018_orosw_tole_lentil_48","variedad_a":"Gudo","variedad_b":"Ada","variedad_c":"Derash"},
{"codigo_paquetes":"package_2018_orosw_tole_lentil_49","variedad_a":"Ada","variedad_b":"Alem Tena","variedad_c":"Chekol"},
{"codigo_paquetes":"package_2018_orosw_tole_lentil_50","variedad_a":"Alemaya 98","variedad_b":"Assano","variedad_c":"Gudo"},
{"codigo_paquetes":"package_2018_orosw_tole_lentil_51","variedad_a":"Chekol","variedad_b":"Assano","variedad_c":"Gudo"},
{"codigo_paquetes":"package_2018_orosw_tole_lentil_52","variedad_a":"Derash","variedad_b":"Alemaya 98","variedad_c":"Ada"},
{"codigo_paquetes":"package_2018_orosw_tole_lentil_53","variedad_a":"Alem Tena","variedad_b":"Derash","variedad_c":"Assano"},
{"codigo_paquetes":"package_2018_orosw_tole_lentil_54","variedad_a":"Alemaya 98","variedad_b":"Gudo","variedad_c":"Alem Tena"},
{"codigo_paquetes":"package_2018_orosw_tole_lentil_55","variedad_a":"Ada","variedad_b":"Chekol","variedad_c":"Derash"},
{"codigo_paquetes":"package_2018_orosw_tole_lentil_56","variedad_a":"Assano","variedad_b":"Ada","variedad_c":"Alemaya 98"},
{"codigo_paquetes":"package_2018_orosw_tole_lentil_57","variedad_a":"Gudo","variedad_b":"Alem Tena","variedad_c":"Chekol"},
{"codigo_paquetes":"package_2018_orosw_tole_lentil_58","variedad_a":"Derash","variedad_b":"Chekol","variedad_c":"Alemaya 98"},
{"codigo_paquetes":"package_2018_orosw_tole_lentil_59","variedad_a":"Assano","variedad_b":"Gudo","variedad_c":"Ada"},
{"codigo_paquetes":"package_2018_orosw_tole_lentil_60","variedad_a":"Alem Tena","variedad_b":"Ada","variedad_c":"Derash"},
{"codigo_paquetes":"package_2018_orosw_tole_lentil_61","variedad_a":"Chekol","variedad_b":"Alemaya 98","variedad_c":"Assano"},
{"codigo_paquetes":"package_2018_orosw_tole_lentil_62","variedad_a":"Gudo","variedad_b":"Alem Tena","variedad_c":"Chekol"},
{"codigo_paquetes":"package_2018_orosw_tole_lentil_63","variedad_a":"Derash","variedad_b":"Assano","variedad_c":"Gudo"},
{"codigo_paquetes":"package_2018_orosw_tole_lentil_64","variedad_a":"Alemaya 98","variedad_b":"Ada","variedad_c":"Alem Tena"},
{"codigo_paquetes":"package_2018_orosw_tole_lentil_65","variedad_a":"Alem Tena","variedad_b":"Derash","variedad_c":"Assano"},
{"codigo_paquetes":"package_2018_orosw_tole_lentil_66","variedad_a":"Ada","variedad_b":"Alemaya 98","variedad_c":"Gudo"},
{"codigo_paquetes":"package_2018_orosw_tole_lentil_67","variedad_a":"Chekol","variedad_b":"Assano","variedad_c":"Alemaya 98"},
{"codigo_paquetes":"package_2018_orosw_tole_lentil_68","variedad_a":"Gudo","variedad_b":"Chekol","variedad_c":"Ada"},
{"codigo_paquetes":"package_2018_orosw_tole_lentil_69","variedad_a":"Derash","variedad_b":"Alem Tena","variedad_c":"Chekol"},
{"codigo_paquetes":"package_2018_orosw_tole_lentil_70","variedad_a":"Alemaya 98","variedad_b":"Derash","variedad_c":"Ada"},
{"codigo_paquetes":"package_2018_orosw_tole_lentil_71","variedad_a":"Assano","variedad_b":"Gudo","variedad_c":"Alem Tena"},
{"codigo_paquetes":"package_2018_orosw_tole_lentil_72","variedad_a":"Ada","variedad_b":"Assano","variedad_c":"Derash"},
{"codigo_paquetes":"package_2018_orosw_tole_lentil_73","variedad_a":"Alem Tena","variedad_b":"Chekol","variedad_c":"Alemaya 98"},
{"codigo_paquetes":"package_2018_orosw_tole_lentil_74","variedad_a":"Chekol","variedad_b":"Derash","variedad_c":"Gudo"},
{"codigo_paquetes":"package_2018_orosw_tole_lentil_75","variedad_a":"Assano","variedad_b":"Ada","variedad_c":"Alem Tena"},
{"codigo_paquetes":"package_2018_orosw_tole_lentil_76","variedad_a":"Alemaya 98","variedad_b":"Gudo","variedad_c":"Assano"},
{"codigo_paquetes":"package_2018_orosw_tole_lentil_77","variedad_a":"Alem Tena","variedad_b":"Alemaya 98","variedad_c":"Derash"},
{"codigo_paquetes":"package_2018_orosw_tole_lentil_78","variedad_a":"Gudo","variedad_b":"Ada","variedad_c":"Chekol"},
{"codigo_paquetes":"package_2018_orosw_tole_lentil_79","variedad_a":"Chekol","variedad_b":"Assano","variedad_c":"Alemaya 98"},
{"codigo_paquetes":"package_2018_orosw_tole_lentil_80","variedad_a":"Ada","variedad_b":"Derash","variedad_c":"Gudo"},
{"codigo_paquetes":"package_2018_orosw_tole_lentil_81","variedad_a":"Derash","variedad_b":"Alem Tena","variedad_c":"Ada"},
{"codigo_paquetes":"package_2018_orosw_tole_lentil_82","variedad_a":"Alemaya 98","variedad_b":"Gudo","variedad_c":"Alem Tena"},
{"codigo_paquetes":"package_2018_orosw_tole_lentil_83","variedad_a":"Assano","variedad_b":"Chekol","variedad_c":"Derash"},
{"codigo_paquetes":"package_2018_orosw_tole_lentil_84","variedad_a":"Alem Tena","variedad_b":"Alemaya 98","variedad_c":"Chekol"},
{"codigo_paquetes":"package_2018_orosw_tole_lentil_85","variedad_a":"Gudo","variedad_b":"Derash","variedad_c":"Assano"},
{"codigo_paquetes":"package_2018_orosw_tole_lentil_86","variedad_a":"Ada","variedad_b":"Alem Tena","variedad_c":"Assano"},
{"codigo_paquetes":"package_2018_orosw_tole_lentil_87","variedad_a":"Chekol","variedad_b":"Alemaya 98","variedad_c":"Gudo"},
{"codigo_paquetes":"package_2018_orosw_tole_lentil_88","variedad_a":"Assano","variedad_b":"Alem Tena","variedad_c":"Ada"},
{"codigo_paquetes":"package_2018_orosw_tole_lentil_89","variedad_a":"Gudo","variedad_b":"Ada","variedad_c":"Chekol"},
{"codigo_paquetes":"package_2018_orosw_tole_lentil_90","variedad_a":"Derash","variedad_b":"Chekol","variedad_c":"Alemaya 98"},
{"codigo_paquetes":"package_2018_orosw_tole_lentil_91","variedad_a":"Ada","variedad_b":"Gudo","variedad_c":"Derash"},
{"codigo_paquetes":"package_2018_orosw_tole_lentil_92","variedad_a":"Alemaya 98","variedad_b":"Assano","variedad_c":"Alem Tena"},
{"codigo_paquetes":"package_2018_orosw_tole_lentil_93","variedad_a":"Alem Tena","variedad_b":"Alemaya 98","variedad_c":"Gudo"},
{"codigo_paquetes":"package_2018_orosw_tole_lentil_94","variedad_a":"Derash","variedad_b":"Chekol","variedad_c":"Assano"}
]
