[
{"codigo_paquetes":"package_2019_oe_kersa_fababean_001","variedad_a":"Gebalcho","variedad_b":"Dagaga","variedad_c":"Local"},
{"codigo_paquetes":"package_2019_oe_kersa_fababean_002","variedad_a":"Tumsa","variedad_b":"Gebalcho","variedad_c":"Walki"},
{"codigo_paquetes":"package_2019_oe_kersa_fababean_003","variedad_a":"Dagaga","variedad_b":"Local","variedad_c":"Tumsa"},
{"codigo_paquetes":"package_2019_oe_kersa_fababean_004","variedad_a":"Walki","variedad_b":"Tumsa","variedad_c":"Local"},
{"codigo_paquetes":"package_2019_oe_kersa_fababean_005","variedad_a":"Gebalcho","variedad_b":"Walki","variedad_c":"Dagaga"},
{"codigo_paquetes":"package_2019_oe_kersa_fababean_006","variedad_a":"Dagaga","variedad_b":"Walki","variedad_c":"Gebalcho"},
{"codigo_paquetes":"package_2019_oe_kersa_fababean_007","variedad_a":"Local","variedad_b":"Dagaga","variedad_c":"Tumsa"},
{"codigo_paquetes":"package_2019_oe_kersa_fababean_008","variedad_a":"Tumsa","variedad_b":"Gebalcho","variedad_c":"Walki"},
{"codigo_paquetes":"package_2019_oe_kersa_fababean_009","variedad_a":"Local","variedad_b":"Tumsa","variedad_c":"Gebalcho"},
{"codigo_paquetes":"package_2019_oe_kersa_fababean_010","variedad_a":"Walki","variedad_b":"Local","variedad_c":"Dagaga"},
{"codigo_paquetes":"package_2019_oe_kersa_fababean_011","variedad_a":"Gebalcho","variedad_b":"Dagaga","variedad_c":"Local"},
{"codigo_paquetes":"package_2019_oe_kersa_fababean_012","variedad_a":"Dagaga","variedad_b":"Tumsa","variedad_c":"Walki"},
{"codigo_paquetes":"package_2019_oe_kersa_fababean_013","variedad_a":"Tumsa","variedad_b":"Walki","variedad_c":"Gebalcho"},
{"codigo_paquetes":"package_2019_oe_kersa_fababean_014","variedad_a":"Local","variedad_b":"Gebalcho","variedad_c":"Dagaga"},
{"codigo_paquetes":"package_2019_oe_kersa_fababean_015","variedad_a":"Walki","variedad_b":"Local","variedad_c":"Tumsa"},
{"codigo_paquetes":"package_2019_oe_kersa_fababean_016","variedad_a":"Gebalcho","variedad_b":"Tumsa","variedad_c":"Walki"},
{"codigo_paquetes":"package_2019_oe_kersa_fababean_017","variedad_a":"Dagaga","variedad_b":"Gebalcho","variedad_c":"Local"},
{"codigo_paquetes":"package_2019_oe_kersa_fababean_018","variedad_a":"Walki","variedad_b":"Local","variedad_c":"Dagaga"},
{"codigo_paquetes":"package_2019_oe_kersa_fababean_019","variedad_a":"Tumsa","variedad_b":"Dagaga","variedad_c":"Gebalcho"},
{"codigo_paquetes":"package_2019_oe_kersa_fababean_020","variedad_a":"Local","variedad_b":"Walki","variedad_c":"Tumsa"},
{"codigo_paquetes":"package_2019_oe_kersa_fababean_021","variedad_a":"Gebalcho","variedad_b":"Tumsa","variedad_c":"Local"},
{"codigo_paquetes":"package_2019_oe_kersa_fababean_022","variedad_a":"Dagaga","variedad_b":"Walki","variedad_c":"Tumsa"},
{"codigo_paquetes":"package_2019_oe_kersa_fababean_023","variedad_a":"Local","variedad_b":"Gebalcho","variedad_c":"Dagaga"},
{"codigo_paquetes":"package_2019_oe_kersa_fababean_024","variedad_a":"Walki","variedad_b":"Dagaga","variedad_c":"Gebalcho"},
{"codigo_paquetes":"package_2019_oe_kersa_fababean_025","variedad_a":"Tumsa","variedad_b":"Local","variedad_c":"Walki"},
{"codigo_paquetes":"package_2019_oe_kersa_fababean_026","variedad_a":"Dagaga","variedad_b":"Tumsa","variedad_c":"Local"},
{"codigo_paquetes":"package_2019_oe_kersa_fababean_027","variedad_a":"Gebalcho","variedad_b":"Walki","variedad_c":"Tumsa"},
{"codigo_paquetes":"package_2019_oe_kersa_fababean_028","variedad_a":"Walki","variedad_b":"Local","variedad_c":"Gebalcho"},
{"codigo_paquetes":"package_2019_oe_kersa_fababean_029","variedad_a":"Local","variedad_b":"Dagaga","variedad_c":"Walki"},
{"codigo_paquetes":"package_2019_oe_kersa_fababean_030","variedad_a":"Tumsa","variedad_b":"Gebalcho","variedad_c":"Dagaga"},
{"codigo_paquetes":"package_2019_oe_kersa_fababean_031","variedad_a":"Gebalcho","variedad_b":"Dagaga","variedad_c":"Tumsa"},
{"codigo_paquetes":"package_2019_oe_kersa_fababean_032","variedad_a":"Walki","variedad_b":"Gebalcho","variedad_c":"Local"},
{"codigo_paquetes":"package_2019_oe_kersa_fababean_033","variedad_a":"Dagaga","variedad_b":"Tumsa","variedad_c":"Walki"},
{"codigo_paquetes":"package_2019_oe_kersa_fababean_034","variedad_a":"Tumsa","variedad_b":"Local","variedad_c":"Gebalcho"},
{"codigo_paquetes":"package_2019_oe_kersa_fababean_035","variedad_a":"Local","variedad_b":"Walki","variedad_c":"Dagaga"},
{"codigo_paquetes":"package_2019_oe_kersa_fababean_036","variedad_a":"Tumsa","variedad_b":"Walki","variedad_c":"Local"},
{"codigo_paquetes":"package_2019_oe_kersa_fababean_037","variedad_a":"Gebalcho","variedad_b":"Local","variedad_c":"Dagaga"},
{"codigo_paquetes":"package_2019_oe_kersa_fababean_038","variedad_a":"Walki","variedad_b":"Gebalcho","variedad_c":"Tumsa"},
{"codigo_paquetes":"package_2019_oe_kersa_fababean_039","variedad_a":"Dagaga","variedad_b":"Tumsa","variedad_c":"Local"},
{"codigo_paquetes":"package_2019_oe_kersa_fababean_040","variedad_a":"Gebalcho","variedad_b":"Dagaga","variedad_c":"Walki"},
{"codigo_paquetes":"package_2019_oe_kersa_fababean_041","variedad_a":"Local","variedad_b":"Dagaga","variedad_c":"Walki"},
{"codigo_paquetes":"package_2019_oe_kersa_fababean_042","variedad_a":"Dagaga","variedad_b":"Tumsa","variedad_c":"Gebalcho"},
{"codigo_paquetes":"package_2019_oe_kersa_fababean_043","variedad_a":"Walki","variedad_b":"Local","variedad_c":"Gebalcho"},
{"codigo_paquetes":"package_2019_oe_kersa_fababean_044","variedad_a":"Tumsa","variedad_b":"Walki","variedad_c":"Dagaga"},
{"codigo_paquetes":"package_2019_oe_kersa_fababean_045","variedad_a":"Local","variedad_b":"Gebalcho","variedad_c":"Tumsa"},
{"codigo_paquetes":"package_2019_oe_kersa_fababean_046","variedad_a":"Dagaga","variedad_b":"Tumsa","variedad_c":"Walki"},
{"codigo_paquetes":"package_2019_oe_kersa_fababean_047","variedad_a":"Gebalcho","variedad_b":"Walki","variedad_c":"Local"},
{"codigo_paquetes":"package_2019_oe_kersa_fababean_048","variedad_a":"Local","variedad_b":"Gebalcho","variedad_c":"Dagaga"},
{"codigo_paquetes":"package_2019_oe_kersa_fababean_049","variedad_a":"Walki","variedad_b":"Local","variedad_c":"Tumsa"},
{"codigo_paquetes":"package_2019_oe_kersa_fababean_050","variedad_a":"Tumsa","variedad_b":"Dagaga","variedad_c":"Gebalcho"},
{"codigo_paquetes":"package_2019_oe_kersa_fababean_051","variedad_a":"Dagaga","variedad_b":"Tumsa","variedad_c":"Local"},
{"codigo_paquetes":"package_2019_oe_kersa_fababean_052","variedad_a":"Gebalcho","variedad_b":"Dagaga","variedad_c":"Walki"},
{"codigo_paquetes":"package_2019_oe_kersa_fababean_053","variedad_a":"Tumsa","variedad_b":"Local","variedad_c":"Gebalcho"},
{"codigo_paquetes":"package_2019_oe_kersa_fababean_054","variedad_a":"Local","variedad_b":"Gebalcho","variedad_c":"Dagaga"},
{"codigo_paquetes":"package_2019_oe_kersa_fababean_055","variedad_a":"Walki","variedad_b":"Gebalcho","variedad_c":"Tumsa"},
{"codigo_paquetes":"package_2019_oe_kersa_fababean_056","variedad_a":"Dagaga","variedad_b":"Tumsa","variedad_c":"Local"},
{"codigo_paquetes":"package_2019_oe_kersa_fababean_057","variedad_a":"Gebalcho","variedad_b":"Local","variedad_c":"Tumsa"},
{"codigo_paquetes":"package_2019_oe_kersa_fababean_058","variedad_a":"Walki","variedad_b":"Gebalcho","variedad_c":"Local"},
{"codigo_paquetes":"package_2019_oe_kersa_fababean_059","variedad_a":"Local","variedad_b":"Dagaga","variedad_c":"Gebalcho"},
{"codigo_paquetes":"package_2019_oe_kersa_fababean_060","variedad_a":"Tumsa","variedad_b":"Walki","variedad_c":"Dagaga"},
{"codigo_paquetes":"package_2019_oe_kersa_fababean_061","variedad_a":"Gebalcho","variedad_b":"Dagaga","variedad_c":"Tumsa"},
{"codigo_paquetes":"package_2019_oe_kersa_fababean_062","variedad_a":"Tumsa","variedad_b":"Walki","variedad_c":"Local"},
{"codigo_paquetes":"package_2019_oe_kersa_fababean_063","variedad_a":"Dagaga","variedad_b":"Gebalcho","variedad_c":"Walki"},
{"codigo_paquetes":"package_2019_oe_kersa_fababean_064","variedad_a":"Local","variedad_b":"Tumsa","variedad_c":"Dagaga"},
{"codigo_paquetes":"package_2019_oe_kersa_fababean_065","variedad_a":"Walki","variedad_b":"Local","variedad_c":"Gebalcho"},
{"codigo_paquetes":"package_2019_oe_kersa_fababean_066","variedad_a":"Gebalcho","variedad_b":"Dagaga","variedad_c":"Tumsa"},
{"codigo_paquetes":"package_2019_oe_kersa_fababean_067","variedad_a":"Dagaga","variedad_b":"Walki","variedad_c":"Local"},
{"codigo_paquetes":"package_2019_oe_kersa_fababean_068","variedad_a":"Tumsa","variedad_b":"Local","variedad_c":"Gebalcho"},
{"codigo_paquetes":"package_2019_oe_kersa_fababean_069","variedad_a":"Local","variedad_b":"Gebalcho","variedad_c":"Walki"},
{"codigo_paquetes":"package_2019_oe_kersa_fababean_070","variedad_a":"Walki","variedad_b":"Tumsa","variedad_c":"Dagaga"},
{"codigo_paquetes":"package_2019_oe_kersa_fababean_071","variedad_a":"Gebalcho","variedad_b":"Dagaga","variedad_c":"Local"},
{"codigo_paquetes":"package_2019_oe_kersa_fababean_072","variedad_a":"Tumsa","variedad_b":"Gebalcho","variedad_c":"Walki"},
{"codigo_paquetes":"package_2019_oe_kersa_fababean_073","variedad_a":"Walki","variedad_b":"Local","variedad_c":"Tumsa"},
{"codigo_paquetes":"package_2019_oe_kersa_fababean_074","variedad_a":"Dagaga","variedad_b":"Walki","variedad_c":"Gebalcho"},
{"codigo_paquetes":"package_2019_oe_kersa_fababean_075","variedad_a":"Local","variedad_b":"Tumsa","variedad_c":"Dagaga"},
{"codigo_paquetes":"package_2019_oe_kersa_fababean_076","variedad_a":"Gebalcho","variedad_b":"Dagaga","variedad_c":"Local"},
{"codigo_paquetes":"package_2019_oe_kersa_fababean_077","variedad_a":"Tumsa","variedad_b":"Gebalcho","variedad_c":"Walki"},
{"codigo_paquetes":"package_2019_oe_kersa_fababean_078","variedad_a":"Walki","variedad_b":"Local","variedad_c":"Dagaga"},
{"codigo_paquetes":"package_2019_oe_kersa_fababean_079","variedad_a":"Local","variedad_b":"Tumsa","variedad_c":"Gebalcho"},
{"codigo_paquetes":"package_2019_oe_kersa_fababean_080","variedad_a":"Dagaga","variedad_b":"Walki","variedad_c":"Tumsa"},
{"codigo_paquetes":"package_2019_oe_kersa_fababean_081","variedad_a":"Gebalcho","variedad_b":"Dagaga","variedad_c":"Tumsa"},
{"codigo_paquetes":"package_2019_oe_kersa_fababean_082","variedad_a":"Walki","variedad_b":"Gebalcho","variedad_c":"Local"},
{"codigo_paquetes":"package_2019_oe_kersa_fababean_083","variedad_a":"Dagaga","variedad_b":"Tumsa","variedad_c":"Walki"},
{"codigo_paquetes":"package_2019_oe_kersa_fababean_084","variedad_a":"Tumsa","variedad_b":"Walki","variedad_c":"Local"},
{"codigo_paquetes":"package_2019_oe_kersa_fababean_085","variedad_a":"Gebalcho","variedad_b":"Local","variedad_c":"Dagaga"},
{"codigo_paquetes":"package_2019_oe_kersa_fababean_086","variedad_a":"Local","variedad_b":"Dagaga","variedad_c":"Tumsa"},
{"codigo_paquetes":"package_2019_oe_kersa_fababean_087","variedad_a":"Dagaga","variedad_b":"Walki","variedad_c":"Gebalcho"},
{"codigo_paquetes":"package_2019_oe_kersa_fababean_088","variedad_a":"Tumsa","variedad_b":"Gebalcho","variedad_c":"Walki"},
{"codigo_paquetes":"package_2019_oe_kersa_fababean_089","variedad_a":"Walki","variedad_b":"Local","variedad_c":"Dagaga"},
{"codigo_paquetes":"package_2019_oe_kersa_fababean_090","variedad_a":"Local","variedad_b":"Tumsa","variedad_c":"Gebalcho"},
{"codigo_paquetes":"package_2019_oe_kersa_fababean_091","variedad_a":"Dagaga","variedad_b":"Tumsa","variedad_c":"Walki"},
{"codigo_paquetes":"package_2019_oe_kersa_fababean_092","variedad_a":"Gebalcho","variedad_b":"Local","variedad_c":"Tumsa"},
{"codigo_paquetes":"package_2019_oe_kersa_fababean_093","variedad_a":"Walki","variedad_b":"Gebalcho","variedad_c":"Local"},
{"codigo_paquetes":"package_2019_oe_kersa_fababean_094","variedad_a":"Tumsa","variedad_b":"Walki","variedad_c":"Dagaga"},
{"codigo_paquetes":"package_2019_oe_kersa_fababean_095","variedad_a":"Local","variedad_b":"Dagaga","variedad_c":"Gebalcho"},
{"codigo_paquetes":"package_2019_oe_kersa_fababean_096","variedad_a":"Tumsa","variedad_b":"Walki","variedad_c":"Local"},
{"codigo_paquetes":"package_2019_oe_kersa_fababean_097","variedad_a":"Gebalcho","variedad_b":"Dagaga","variedad_c":"Tumsa"},
{"codigo_paquetes":"package_2019_oe_kersa_fababean_098","variedad_a":"Dagaga","variedad_b":"Gebalcho","variedad_c":"Walki"},
{"codigo_paquetes":"package_2019_oe_kersa_fababean_099","variedad_a":"Local","variedad_b":"Tumsa","variedad_c":"Dagaga"},
{"codigo_paquetes":"package_2019_oe_kersa_fababean_100","variedad_a":"Walki","variedad_b":"Local","variedad_c":"Gebalcho"}
]
