[
{"codigo_paquetes":"package_doba_wheat_01","variedad_a":"Ogolcho","variedad_b":"Kakaba","variedad_c":"Obora"},
{"codigo_paquetes":"package_doba_wheat_02","variedad_a":"Hidessa","variedad_b":"Sofumer","variedad_c":"Sanate"},
{"codigo_paquetes":"package_doba_wheat_03","variedad_a":"Danbal","variedad_b":"Wane","variedad_c":"Madda walabu"},
{"codigo_paquetes":"package_doba_wheat_04","variedad_a":"Kingbird","variedad_b":"Madda walabu","variedad_c":"Jalane"},
{"codigo_paquetes":"package_doba_wheat_05","variedad_a":"Sofumer","variedad_b":"Jalane","variedad_c":"Ogolcho"},
{"codigo_paquetes":"package_doba_wheat_06","variedad_a":"Wane","variedad_b":"Sanate","variedad_c":"Kingbird"},
{"codigo_paquetes":"package_doba_wheat_07","variedad_a":"Kakaba","variedad_b":"Danbal","variedad_c":"Hidessa"},
{"codigo_paquetes":"package_doba_wheat_08","variedad_a":"Sofumer","variedad_b":"Obora","variedad_c":"Wane"},
{"codigo_paquetes":"package_doba_wheat_09","variedad_a":"Madda walabu","variedad_b":"Ogolcho","variedad_c":"Jalane"},
{"codigo_paquetes":"package_doba_wheat_10","variedad_a":"Obora","variedad_b":"Kingbird","variedad_c":"Sanate"},
{"codigo_paquetes":"package_doba_wheat_11","variedad_a":"Danbal","variedad_b":"Madda walabu","variedad_c":"Kakaba"},
{"codigo_paquetes":"package_doba_wheat_12","variedad_a":"Sanate","variedad_b":"Hidessa","variedad_c":"Ogolcho"},
{"codigo_paquetes":"package_doba_wheat_13","variedad_a":"Jalane","variedad_b":"Kakaba","variedad_c":"Obora"},
{"codigo_paquetes":"package_doba_wheat_14","variedad_a":"Wane","variedad_b":"Kingbird","variedad_c":"Danbal"},
{"codigo_paquetes":"package_doba_wheat_15","variedad_a":"Hidessa","variedad_b":"Jalane","variedad_c":"Sofumer"},
{"codigo_paquetes":"package_doba_wheat_16","variedad_a":"Kakaba","variedad_b":"Sanate","variedad_c":"Kingbird"},
{"codigo_paquetes":"package_doba_wheat_17","variedad_a":"Hidessa","variedad_b":"Sofumer","variedad_c":"Wane"},
{"codigo_paquetes":"package_doba_wheat_18","variedad_a":"Ogolcho","variedad_b":"Obora","variedad_c":"Danbal"},
{"codigo_paquetes":"package_doba_wheat_19","variedad_a":"Kingbird","variedad_b":"Sofumer","variedad_c":"Madda walabu"},
{"codigo_paquetes":"package_doba_wheat_20","variedad_a":"Kakaba","variedad_b":"Wane","variedad_c":"Hidessa"},
{"codigo_paquetes":"package_doba_wheat_21","variedad_a":"Sanate","variedad_b":"Ogolcho","variedad_c":"Jalane"},
{"codigo_paquetes":"package_doba_wheat_22","variedad_a":"Obora","variedad_b":"Danbal","variedad_c":"Hidessa"},
{"codigo_paquetes":"package_doba_wheat_23","variedad_a":"Madda walabu","variedad_b":"Jalane","variedad_c":"Wane"},
{"codigo_paquetes":"package_doba_wheat_24","variedad_a":"Obora","variedad_b":"Kingbird","variedad_c":"Sofumer"},
{"codigo_paquetes":"package_doba_wheat_25","variedad_a":"Sanate","variedad_b":"Madda walabu","variedad_c":"Kakaba"},
{"codigo_paquetes":"package_doba_wheat_26","variedad_a":"Danbal","variedad_b":"Ogolcho","variedad_c":"Kingbird"},
{"codigo_paquetes":"package_doba_wheat_27","variedad_a":"Wane","variedad_b":"Danbal","variedad_c":"Sanate"},
{"codigo_paquetes":"package_doba_wheat_28","variedad_a":"Ogolcho","variedad_b":"Kakaba","variedad_c":"Sofumer"},
{"codigo_paquetes":"package_doba_wheat_29","variedad_a":"Jalane","variedad_b":"Obora","variedad_c":"Madda walabu"},
{"codigo_paquetes":"package_doba_wheat_30","variedad_a":"Kingbird","variedad_b":"Hidessa","variedad_c":"Jalane"},
{"codigo_paquetes":"package_doba_wheat_31","variedad_a":"Madda walabu","variedad_b":"Hidessa","variedad_c":"Kakaba"},
{"codigo_paquetes":"package_doba_wheat_32","variedad_a":"Sofumer","variedad_b":"Wane","variedad_c":"Ogolcho"},
{"codigo_paquetes":"package_doba_wheat_33","variedad_a":"Jalane","variedad_b":"Danbal","variedad_c":"Obora"},
{"codigo_paquetes":"package_doba_wheat_34","variedad_a":"Obora","variedad_b":"Sanate","variedad_c":"Wane"},
{"codigo_paquetes":"package_doba_wheat_35","variedad_a":"Sofumer","variedad_b":"Kingbird","variedad_c":"Danbal"},
{"codigo_paquetes":"package_doba_wheat_36","variedad_a":"Hidessa","variedad_b":"Sanate","variedad_c":"Madda walabu"},
{"codigo_paquetes":"package_doba_wheat_37","variedad_a":"Ogolcho","variedad_b":"Kakaba","variedad_c":"Kingbird"},
{"codigo_paquetes":"package_doba_wheat_38","variedad_a":"Danbal","variedad_b":"Hidessa","variedad_c":"Ogolcho"},
{"codigo_paquetes":"package_doba_wheat_39","variedad_a":"Kakaba","variedad_b":"Sofumer","variedad_c":"Sanate"},
{"codigo_paquetes":"package_doba_wheat_40","variedad_a":"Wane","variedad_b":"Jalane","variedad_c":"Kakaba"},
{"codigo_paquetes":"package_doba_wheat_41","variedad_a":"Madda walabu","variedad_b":"Obora","variedad_c":"Hidessa"},
{"codigo_paquetes":"package_doba_wheat_42","variedad_a":"Kingbird","variedad_b":"Ogolcho","variedad_c":"Madda walabu"},
{"codigo_paquetes":"package_doba_wheat_43","variedad_a":"Jalane","variedad_b":"Danbal","variedad_c":"Sofumer"},
{"codigo_paquetes":"package_doba_wheat_44","variedad_a":"Ogolcho","variedad_b":"Wane","variedad_c":"Obora"},
{"codigo_paquetes":"package_doba_wheat_45","variedad_a":"Sanate","variedad_b":"Jalane","variedad_c":"Danbal"},
{"codigo_paquetes":"package_doba_wheat_46","variedad_a":"Hidessa","variedad_b":"Wane","variedad_c":"Kingbird"},
{"codigo_paquetes":"package_doba_wheat_47","variedad_a":"Sofumer","variedad_b":"Madda walabu","variedad_c":"Sanate"},
{"codigo_paquetes":"package_doba_wheat_48","variedad_a":"Kakaba","variedad_b":"Kingbird","variedad_c":"Obora"},
{"codigo_paquetes":"package_doba_wheat_49","variedad_a":"Danbal","variedad_b":"Sofumer","variedad_c":"Kakaba"},
{"codigo_paquetes":"package_doba_wheat_50","variedad_a":"Wane","variedad_b":"Madda walabu","variedad_c":"Ogolcho"}
]
