[
{"codigo_paquetes":"package_snnprderashe2019_001","variedad_a":"SER119","variedad_b":"KAT-B-9","variedad_c":"GLP-2"},
{"codigo_paquetes":"package_snnprderashe2019_002","variedad_a":"SER125","variedad_b":"DAB107","variedad_c":"BFLS Zoshua"},
{"codigo_paquetes":"package_snnprderashe2019_003","variedad_a":"Nasir","variedad_b":"SAB632","variedad_c":"Dume"},
{"codigo_paquetes":"package_snnprderashe2019_004","variedad_a":"KAT-B-9","variedad_b":"Nasir","variedad_c":"Dinkinesh"},
{"codigo_paquetes":"package_snnprderashe2019_005","variedad_a":"DAB107","variedad_b":"BFLS Zoshua","variedad_c":"SAB632"},
{"codigo_paquetes":"package_snnprderashe2019_006","variedad_a":"GLP-2","variedad_b":"Dinkinesh","variedad_c":"SER119"},
{"codigo_paquetes":"package_snnprderashe2019_007","variedad_a":"Dume","variedad_b":"SER125","variedad_c":"DAB107"},
{"codigo_paquetes":"package_snnprderashe2019_008","variedad_a":"SER125","variedad_b":"SER119","variedad_c":"Nasir"},
{"codigo_paquetes":"package_snnprderashe2019_009","variedad_a":"SAB632","variedad_b":"Dume","variedad_c":"GLP-2"},
{"codigo_paquetes":"package_snnprderashe2019_010","variedad_a":"BFLS Zoshua","variedad_b":"Dinkinesh","variedad_c":"KAT-B-9"},
{"codigo_paquetes":"package_snnprderashe2019_011","variedad_a":"SER119","variedad_b":"GLP-2","variedad_c":"SER125"},
{"codigo_paquetes":"package_snnprderashe2019_012","variedad_a":"Dinkinesh","variedad_b":"Nasir","variedad_c":"BFLS Zoshua"},
{"codigo_paquetes":"package_snnprderashe2019_013","variedad_a":"DAB107","variedad_b":"SAB632","variedad_c":"Dume"},
{"codigo_paquetes":"package_snnprderashe2019_014","variedad_a":"Nasir","variedad_b":"Dume","variedad_c":"KAT-B-9"},
{"codigo_paquetes":"package_snnprderashe2019_015","variedad_a":"Dinkinesh","variedad_b":"SER125","variedad_c":"SER119"},
{"codigo_paquetes":"package_snnprderashe2019_016","variedad_a":"BFLS Zoshua","variedad_b":"GLP-2","variedad_c":"SAB632"},
{"codigo_paquetes":"package_snnprderashe2019_017","variedad_a":"GLP-2","variedad_b":"KAT-B-9","variedad_c":"DAB107"},
{"codigo_paquetes":"package_snnprderashe2019_018","variedad_a":"Dume","variedad_b":"DAB107","variedad_c":"Nasir"},
{"codigo_paquetes":"package_snnprderashe2019_019","variedad_a":"SAB632","variedad_b":"BFLS Zoshua","variedad_c":"Dinkinesh"},
{"codigo_paquetes":"package_snnprderashe2019_020","variedad_a":"KAT-B-9","variedad_b":"SER119","variedad_c":"SER125"},
{"codigo_paquetes":"package_snnprderashe2019_021","variedad_a":"SER125","variedad_b":"SAB632","variedad_c":"BFLS Zoshua"},
{"codigo_paquetes":"package_snnprderashe2019_022","variedad_a":"Nasir","variedad_b":"DAB107","variedad_c":"GLP-2"},
{"codigo_paquetes":"package_snnprderashe2019_023","variedad_a":"SER119","variedad_b":"Dume","variedad_c":"Dinkinesh"},
{"codigo_paquetes":"package_snnprderashe2019_024","variedad_a":"KAT-B-9","variedad_b":"SER119","variedad_c":"Nasir"},
{"codigo_paquetes":"package_snnprderashe2019_025","variedad_a":"Dinkinesh","variedad_b":"SER125","variedad_c":"KAT-B-9"},
{"codigo_paquetes":"package_snnprderashe2019_026","variedad_a":"BFLS Zoshua","variedad_b":"GLP-2","variedad_c":"Dume"},
{"codigo_paquetes":"package_snnprderashe2019_027","variedad_a":"DAB107","variedad_b":"SER119","variedad_c":"SAB632"},
{"codigo_paquetes":"package_snnprderashe2019_028","variedad_a":"SAB632","variedad_b":"KAT-B-9","variedad_c":"GLP-2"},
{"codigo_paquetes":"package_snnprderashe2019_029","variedad_a":"Dume","variedad_b":"Nasir","variedad_c":"SER125"},
{"codigo_paquetes":"package_snnprderashe2019_030","variedad_a":"BFLS Zoshua","variedad_b":"Dinkinesh","variedad_c":"DAB107"},
{"codigo_paquetes":"package_snnprderashe2019_031","variedad_a":"Nasir","variedad_b":"SAB632","variedad_c":"Dinkinesh"},
{"codigo_paquetes":"package_snnprderashe2019_032","variedad_a":"SER125","variedad_b":"BFLS Zoshua","variedad_c":"SER119"},
{"codigo_paquetes":"package_snnprderashe2019_033","variedad_a":"GLP-2","variedad_b":"DAB107","variedad_c":"Dume"},
{"codigo_paquetes":"package_snnprderashe2019_034","variedad_a":"DAB107","variedad_b":"Dume","variedad_c":"KAT-B-9"},
{"codigo_paquetes":"package_snnprderashe2019_035","variedad_a":"SER119","variedad_b":"GLP-2","variedad_c":"Nasir"},
{"codigo_paquetes":"package_snnprderashe2019_036","variedad_a":"SAB632","variedad_b":"KAT-B-9","variedad_c":"SER125"},
{"codigo_paquetes":"package_snnprderashe2019_037","variedad_a":"Dume","variedad_b":"Dinkinesh","variedad_c":"BFLS Zoshua"},
{"codigo_paquetes":"package_snnprderashe2019_038","variedad_a":"KAT-B-9","variedad_b":"BFLS Zoshua","variedad_c":"SER119"},
{"codigo_paquetes":"package_snnprderashe2019_039","variedad_a":"GLP-2","variedad_b":"Dinkinesh","variedad_c":"SAB632"},
{"codigo_paquetes":"package_snnprderashe2019_040","variedad_a":"SER125","variedad_b":"Nasir","variedad_c":"DAB107"},
{"codigo_paquetes":"package_snnprderashe2019_041","variedad_a":"Dinkinesh","variedad_b":"SER119","variedad_c":"DAB107"},
{"codigo_paquetes":"package_snnprderashe2019_042","variedad_a":"Nasir","variedad_b":"SAB632","variedad_c":"BFLS Zoshua"},
{"codigo_paquetes":"package_snnprderashe2019_043","variedad_a":"Dume","variedad_b":"SER125","variedad_c":"GLP-2"},
{"codigo_paquetes":"package_snnprderashe2019_044","variedad_a":"KAT-B-9","variedad_b":"GLP-2","variedad_c":"Dinkinesh"},
{"codigo_paquetes":"package_snnprderashe2019_045","variedad_a":"SER119","variedad_b":"DAB107","variedad_c":"Dume"},
{"codigo_paquetes":"package_snnprderashe2019_046","variedad_a":"BFLS Zoshua","variedad_b":"Nasir","variedad_c":"KAT-B-9"},
{"codigo_paquetes":"package_snnprderashe2019_047","variedad_a":"SAB632","variedad_b":"SER125","variedad_c":"SER119"},
{"codigo_paquetes":"package_snnprderashe2019_048","variedad_a":"Dume","variedad_b":"BFLS Zoshua","variedad_c":"SAB632"},
{"codigo_paquetes":"package_snnprderashe2019_049","variedad_a":"DAB107","variedad_b":"KAT-B-9","variedad_c":"Nasir"},
{"codigo_paquetes":"package_snnprderashe2019_050","variedad_a":"GLP-2","variedad_b":"Dinkinesh","variedad_c":"SER125"},
{"codigo_paquetes":"package_snnprderashe2019_051","variedad_a":"SER119","variedad_b":"BFLS Zoshua","variedad_c":"GLP-2"},
{"codigo_paquetes":"package_snnprderashe2019_052","variedad_a":"Dinkinesh","variedad_b":"DAB107","variedad_c":"SAB632"},
{"codigo_paquetes":"package_snnprderashe2019_053","variedad_a":"SER125","variedad_b":"Dume","variedad_c":"KAT-B-9"},
{"codigo_paquetes":"package_snnprderashe2019_054","variedad_a":"SAB632","variedad_b":"GLP-2","variedad_c":"Nasir"},
{"codigo_paquetes":"package_snnprderashe2019_055","variedad_a":"Nasir","variedad_b":"SER119","variedad_c":"Dinkinesh"},
{"codigo_paquetes":"package_snnprderashe2019_056","variedad_a":"DAB107","variedad_b":"KAT-B-9","variedad_c":"BFLS Zoshua"},
{"codigo_paquetes":"package_snnprderashe2019_057","variedad_a":"Dinkinesh","variedad_b":"SER125","variedad_c":"Dume"},
{"codigo_paquetes":"package_snnprderashe2019_058","variedad_a":"SER125","variedad_b":"SER119","variedad_c":"DAB107"},
{"codigo_paquetes":"package_snnprderashe2019_059","variedad_a":"BFLS Zoshua","variedad_b":"Nasir","variedad_c":"Dume"},
{"codigo_paquetes":"package_snnprderashe2019_060","variedad_a":"KAT-B-9","variedad_b":"SAB632","variedad_c":"Nasir"},
{"codigo_paquetes":"package_snnprderashe2019_061","variedad_a":"GLP-2","variedad_b":"SAB632","variedad_c":"SER125"},
{"codigo_paquetes":"package_snnprderashe2019_062","variedad_a":"GLP-2","variedad_b":"Dume","variedad_c":"SER119"},
{"codigo_paquetes":"package_snnprderashe2019_063","variedad_a":"DAB107","variedad_b":"KAT-B-9","variedad_c":"Dinkinesh"},
{"codigo_paquetes":"package_snnprderashe2019_064","variedad_a":"SER119","variedad_b":"BFLS Zoshua","variedad_c":"SAB632"},
{"codigo_paquetes":"package_snnprderashe2019_065","variedad_a":"Nasir","variedad_b":"GLP-2","variedad_c":"KAT-B-9"},
{"codigo_paquetes":"package_snnprderashe2019_066","variedad_a":"Dume","variedad_b":"Dinkinesh","variedad_c":"DAB107"},
{"codigo_paquetes":"package_snnprderashe2019_067","variedad_a":"KAT-B-9","variedad_b":"SER125","variedad_c":"BFLS Zoshua"},
{"codigo_paquetes":"package_snnprderashe2019_068","variedad_a":"Dinkinesh","variedad_b":"Nasir","variedad_c":"SER125"},
{"codigo_paquetes":"package_snnprderashe2019_069","variedad_a":"BFLS Zoshua","variedad_b":"DAB107","variedad_c":"SER119"},
{"codigo_paquetes":"package_snnprderashe2019_070","variedad_a":"Nasir","variedad_b":"Dume","variedad_c":"GLP-2"},
{"codigo_paquetes":"package_snnprderashe2019_071","variedad_a":"SAB632","variedad_b":"Dume","variedad_c":"KAT-B-9"},
{"codigo_paquetes":"package_snnprderashe2019_072","variedad_a":"SER125","variedad_b":"DAB107","variedad_c":"SAB632"},
{"codigo_paquetes":"package_snnprderashe2019_073","variedad_a":"SER119","variedad_b":"BFLS Zoshua","variedad_c":"Dinkinesh"},
{"codigo_paquetes":"package_snnprderashe2019_074","variedad_a":"SAB632","variedad_b":"SER119","variedad_c":"GLP-2"},
{"codigo_paquetes":"package_snnprderashe2019_075","variedad_a":"DAB107","variedad_b":"GLP-2","variedad_c":"BFLS Zoshua"},
{"codigo_paquetes":"package_snnprderashe2019_076","variedad_a":"KAT-B-9","variedad_b":"Dinkinesh","variedad_c":"Dume"},
{"codigo_paquetes":"package_snnprderashe2019_077","variedad_a":"GLP-2","variedad_b":"SER125","variedad_c":"Nasir"},
{"codigo_paquetes":"package_snnprderashe2019_078","variedad_a":"SER119","variedad_b":"KAT-B-9","variedad_c":"DAB107"},
{"codigo_paquetes":"package_snnprderashe2019_079","variedad_a":"BFLS Zoshua","variedad_b":"Nasir","variedad_c":"SER125"},
{"codigo_paquetes":"package_snnprderashe2019_080","variedad_a":"Dinkinesh","variedad_b":"SAB632","variedad_c":"SER125"},
{"codigo_paquetes":"package_snnprderashe2019_081","variedad_a":"Dume","variedad_b":"Nasir","variedad_c":"SER119"},
{"codigo_paquetes":"package_snnprderashe2019_082","variedad_a":"Dume","variedad_b":"KAT-B-9","variedad_c":"BFLS Zoshua"},
{"codigo_paquetes":"package_snnprderashe2019_083","variedad_a":"DAB107","variedad_b":"GLP-2","variedad_c":"Dinkinesh"},
{"codigo_paquetes":"package_snnprderashe2019_084","variedad_a":"Nasir","variedad_b":"DAB107","variedad_c":"SAB632"},
{"codigo_paquetes":"package_snnprderashe2019_085","variedad_a":"SAB632","variedad_b":"SER119","variedad_c":"Dume"},
{"codigo_paquetes":"package_snnprderashe2019_086","variedad_a":"KAT-B-9","variedad_b":"BFLS Zoshua","variedad_c":"GLP-2"},
{"codigo_paquetes":"package_snnprderashe2019_087","variedad_a":"SER125","variedad_b":"Dinkinesh","variedad_c":"DAB107"},
{"codigo_paquetes":"package_snnprderashe2019_088","variedad_a":"GLP-2","variedad_b":"Dume","variedad_c":"Dinkinesh"},
{"codigo_paquetes":"package_snnprderashe2019_089","variedad_a":"BFLS Zoshua","variedad_b":"SER119","variedad_c":"Nasir"},
{"codigo_paquetes":"package_snnprderashe2019_090","variedad_a":"GLP-2","variedad_b":"SER125","variedad_c":"KAT-B-9"},
{"codigo_paquetes":"package_snnprderashe2019_091","variedad_a":"Dinkinesh","variedad_b":"SAB632","variedad_c":"KAT-B-9"},
{"codigo_paquetes":"package_snnprderashe2019_092","variedad_a":"SER125","variedad_b":"Dume","variedad_c":"BFLS Zoshua"},
{"codigo_paquetes":"package_snnprderashe2019_093","variedad_a":"Nasir","variedad_b":"SAB632","variedad_c":"SER119"},
{"codigo_paquetes":"package_snnprderashe2019_094","variedad_a":"DAB107","variedad_b":"BFLS Zoshua","variedad_c":"Nasir"},
{"codigo_paquetes":"package_snnprderashe2019_095","variedad_a":"SAB632","variedad_b":"KAT-B-9","variedad_c":"DAB107"},
{"codigo_paquetes":"package_snnprderashe2019_096","variedad_a":"SER119","variedad_b":"KAT-B-9","variedad_c":"Dume"},
{"codigo_paquetes":"package_snnprderashe2019_097","variedad_a":"Dinkinesh","variedad_b":"Nasir","variedad_c":"GLP-2"},
{"codigo_paquetes":"package_snnprderashe2019_098","variedad_a":"DAB107","variedad_b":"GLP-2","variedad_c":"SER125"},
{"codigo_paquetes":"package_snnprderashe2019_099","variedad_a":"SER119","variedad_b":"Dinkinesh","variedad_c":"SAB632"},
{"codigo_paquetes":"package_snnprderashe2019_100","variedad_a":"BFLS Zoshua","variedad_b":"SER125","variedad_c":"GLP-2"}
]
