[
{"codigo_paquetes":"package_amhara_bdu_issd_habru_sorghum_001","variedad_a":"ESHL(Hybrid)","variedad_b":"Gobye","variedad_c":"Meko"},
{"codigo_paquetes":"package_amhara_bdu_issd_habru_sorghum_002","variedad_a":"Dekeba","variedad_b":"Absher","variedad_c":"Alene"},
{"codigo_paquetes":"package_amhara_bdu_issd_habru_sorghum_003","variedad_a":"Birhan","variedad_b":"Mesay","variedad_c":"Teshale"},
{"codigo_paquetes":"package_amhara_bdu_issd_habru_sorghum_004","variedad_a":"Girana 1","variedad_b":"Melkam","variedad_c":"2005ML5060"},
{"codigo_paquetes":"package_amhara_bdu_issd_habru_sorghum_005","variedad_a":"Teshale","variedad_b":"Meko","variedad_c":"ESHL(Hybrid)"},
{"codigo_paquetes":"package_amhara_bdu_issd_habru_sorghum_006","variedad_a":"Melkam","variedad_b":"Mesay","variedad_c":"Absher"},
{"codigo_paquetes":"package_amhara_bdu_issd_habru_sorghum_007","variedad_a":"Gobye","variedad_b":"Dekeba","variedad_c":"Girana 1"},
{"codigo_paquetes":"package_amhara_bdu_issd_habru_sorghum_008","variedad_a":"2005ML5060","variedad_b":"Alene","variedad_c":"Birhan"},
{"codigo_paquetes":"package_amhara_bdu_issd_habru_sorghum_009","variedad_a":"Alene","variedad_b":"ESHL(Hybrid)","variedad_c":"Dekeba"},
{"codigo_paquetes":"package_amhara_bdu_issd_habru_sorghum_010","variedad_a":"Absher","variedad_b":"Meko","variedad_c":"Mesay"},
{"codigo_paquetes":"package_amhara_bdu_issd_habru_sorghum_011","variedad_a":"Girana 1","variedad_b":"Teshale","variedad_c":"Melkam"},
{"codigo_paquetes":"package_amhara_bdu_issd_habru_sorghum_012","variedad_a":"Birhan","variedad_b":"2005ML5060","variedad_c":"Gobye"},
{"codigo_paquetes":"package_amhara_bdu_issd_habru_sorghum_013","variedad_a":"Meko","variedad_b":"Melkam","variedad_c":"Alene"},
{"codigo_paquetes":"package_amhara_bdu_issd_habru_sorghum_014","variedad_a":"ESHL(Hybrid)","variedad_b":"2005ML5060","variedad_c":"Absher"},
{"codigo_paquetes":"package_amhara_bdu_issd_habru_sorghum_015","variedad_a":"Gobye","variedad_b":"Birhan","variedad_c":"Girana 1"},
{"codigo_paquetes":"package_amhara_bdu_issd_habru_sorghum_016","variedad_a":"Mesay","variedad_b":"Dekeba","variedad_c":"Teshale"},
{"codigo_paquetes":"package_amhara_bdu_issd_habru_sorghum_017","variedad_a":"Melkam","variedad_b":"Gobye","variedad_c":"2005ML5060"},
{"codigo_paquetes":"package_amhara_bdu_issd_habru_sorghum_018","variedad_a":"Alene","variedad_b":"Birhan","variedad_c":"ESHL(Hybrid)"},
{"codigo_paquetes":"package_amhara_bdu_issd_habru_sorghum_019","variedad_a":"Teshale","variedad_b":"Girana 1","variedad_c":"Absher"},
{"codigo_paquetes":"package_amhara_bdu_issd_habru_sorghum_020","variedad_a":"Dekeba","variedad_b":"Mesay","variedad_c":"Meko"},
{"codigo_paquetes":"package_amhara_bdu_issd_habru_sorghum_021","variedad_a":"Mesay","variedad_b":"ESHL(Hybrid)","variedad_c":"Gobye"},
{"codigo_paquetes":"package_amhara_bdu_issd_habru_sorghum_022","variedad_a":"Absher","variedad_b":"Alene","variedad_c":"Melkam"},
{"codigo_paquetes":"package_amhara_bdu_issd_habru_sorghum_023","variedad_a":"2005ML5060","variedad_b":"Girana 1","variedad_c":"Birhan"},
{"codigo_paquetes":"package_amhara_bdu_issd_habru_sorghum_024","variedad_a":"Meko","variedad_b":"Teshale","variedad_c":"Dekeba"},
{"codigo_paquetes":"package_amhara_bdu_issd_habru_sorghum_025","variedad_a":"Teshale","variedad_b":"Absher","variedad_c":"Meko"},
{"codigo_paquetes":"package_amhara_bdu_issd_habru_sorghum_026","variedad_a":"Dekeba","variedad_b":"2005ML5060","variedad_c":"Alene"},
{"codigo_paquetes":"package_amhara_bdu_issd_habru_sorghum_027","variedad_a":"Girana 1","variedad_b":"Melkam","variedad_c":"Mesay"},
{"codigo_paquetes":"package_amhara_bdu_issd_habru_sorghum_028","variedad_a":"Birhan","variedad_b":"ESHL(Hybrid)","variedad_c":"Gobye"},
{"codigo_paquetes":"package_amhara_bdu_issd_habru_sorghum_029","variedad_a":"Gobye","variedad_b":"Alene","variedad_c":"Teshale"},
{"codigo_paquetes":"package_amhara_bdu_issd_habru_sorghum_030","variedad_a":"ESHL(Hybrid)","variedad_b":"Absher","variedad_c":"Girana 1"},
{"codigo_paquetes":"package_amhara_bdu_issd_habru_sorghum_031","variedad_a":"Mesay","variedad_b":"Meko","variedad_c":"Birhan"},
{"codigo_paquetes":"package_amhara_bdu_issd_habru_sorghum_032","variedad_a":"Melkam","variedad_b":"Dekeba","variedad_c":"2005ML5060"},
{"codigo_paquetes":"package_amhara_bdu_issd_habru_sorghum_033","variedad_a":"Alene","variedad_b":"ESHL(Hybrid)","variedad_c":"Melkam"},
{"codigo_paquetes":"package_amhara_bdu_issd_habru_sorghum_034","variedad_a":"2005ML5060","variedad_b":"Birhan","variedad_c":"Absher"},
{"codigo_paquetes":"package_amhara_bdu_issd_habru_sorghum_035","variedad_a":"Girana 1","variedad_b":"Teshale","variedad_c":"Dekeba"},
{"codigo_paquetes":"package_amhara_bdu_issd_habru_sorghum_036","variedad_a":"Absher","variedad_b":"Gobye","variedad_c":"Meko"},
{"codigo_paquetes":"package_amhara_bdu_issd_habru_sorghum_037","variedad_a":"Dekeba","variedad_b":"Alene","variedad_c":"Mesay"},
{"codigo_paquetes":"package_amhara_bdu_issd_habru_sorghum_038","variedad_a":"Meko","variedad_b":"Melkam","variedad_c":"Teshale"},
{"codigo_paquetes":"package_amhara_bdu_issd_habru_sorghum_039","variedad_a":"Mesay","variedad_b":"Girana 1","variedad_c":"2005ML5060"},
{"codigo_paquetes":"package_amhara_bdu_issd_habru_sorghum_040","variedad_a":"Birhan","variedad_b":"Gobye","variedad_c":"Alene"},
{"codigo_paquetes":"package_amhara_bdu_issd_habru_sorghum_041","variedad_a":"Gobye","variedad_b":"Girana 1","variedad_c":"ESHL(Hybrid)"},
{"codigo_paquetes":"package_amhara_bdu_issd_habru_sorghum_042","variedad_a":"Teshale","variedad_b":"Absher","variedad_c":"Mesay"},
{"codigo_paquetes":"package_amhara_bdu_issd_habru_sorghum_043","variedad_a":"Melkam","variedad_b":"Birhan","variedad_c":"Dekeba"},
{"codigo_paquetes":"package_amhara_bdu_issd_habru_sorghum_044","variedad_a":"2005ML5060","variedad_b":"Meko","variedad_c":"ESHL(Hybrid)"},
{"codigo_paquetes":"package_amhara_bdu_issd_habru_sorghum_045","variedad_a":"ESHL(Hybrid)","variedad_b":"Absher","variedad_c":"Birhan"},
{"codigo_paquetes":"package_amhara_bdu_issd_habru_sorghum_046","variedad_a":"Alene","variedad_b":"2005ML5060","variedad_c":"Melkam"},
{"codigo_paquetes":"package_amhara_bdu_issd_habru_sorghum_047","variedad_a":"Dekeba","variedad_b":"Teshale","variedad_c":"Gobye"},
{"codigo_paquetes":"package_amhara_bdu_issd_habru_sorghum_048","variedad_a":"Meko","variedad_b":"Mesay","variedad_c":"Girana 1"},
{"codigo_paquetes":"package_amhara_bdu_issd_habru_sorghum_049","variedad_a":"Alene","variedad_b":"Dekeba","variedad_c":"Meko"},
{"codigo_paquetes":"package_amhara_bdu_issd_habru_sorghum_050","variedad_a":"Absher","variedad_b":"Girana 1","variedad_c":"Melkam"},
{"codigo_paquetes":"package_amhara_bdu_issd_habru_sorghum_051","variedad_a":"Birhan","variedad_b":"Teshale","variedad_c":"2005ML5060"},
{"codigo_paquetes":"package_amhara_bdu_issd_habru_sorghum_052","variedad_a":"ESHL(Hybrid)","variedad_b":"Gobye","variedad_c":"Alene"},
{"codigo_paquetes":"package_amhara_bdu_issd_habru_sorghum_053","variedad_a":"Gobye","variedad_b":"Mesay","variedad_c":"Absher"},
{"codigo_paquetes":"package_amhara_bdu_issd_habru_sorghum_054","variedad_a":"Girana 1","variedad_b":"Birhan","variedad_c":"Dekeba"},
{"codigo_paquetes":"package_amhara_bdu_issd_habru_sorghum_055","variedad_a":"Mesay","variedad_b":"2005ML5060","variedad_c":"ESHL(Hybrid)"},
{"codigo_paquetes":"package_amhara_bdu_issd_habru_sorghum_056","variedad_a":"Melkam","variedad_b":"ESHL(Hybrid)","variedad_c":"Teshale"},
{"codigo_paquetes":"package_amhara_bdu_issd_habru_sorghum_057","variedad_a":"2005ML5060","variedad_b":"Melkam","variedad_c":"Meko"},
{"codigo_paquetes":"package_amhara_bdu_issd_habru_sorghum_058","variedad_a":"Teshale","variedad_b":"Dekeba","variedad_c":"Absher"},
{"codigo_paquetes":"package_amhara_bdu_issd_habru_sorghum_059","variedad_a":"Birhan","variedad_b":"Meko","variedad_c":"Gobye"},
{"codigo_paquetes":"package_amhara_bdu_issd_habru_sorghum_060","variedad_a":"Girana 1","variedad_b":"Alene","variedad_c":"Mesay"},
{"codigo_paquetes":"package_amhara_bdu_issd_habru_sorghum_061","variedad_a":"Absher","variedad_b":"Meko","variedad_c":"Alene"},
{"codigo_paquetes":"package_amhara_bdu_issd_habru_sorghum_062","variedad_a":"Dekeba","variedad_b":"Melkam","variedad_c":"Girana 1"},
{"codigo_paquetes":"package_amhara_bdu_issd_habru_sorghum_063","variedad_a":"Gobye","variedad_b":"Teshale","variedad_c":"2005ML5060"},
{"codigo_paquetes":"package_amhara_bdu_issd_habru_sorghum_064","variedad_a":"ESHL(Hybrid)","variedad_b":"Mesay","variedad_c":"Birhan"},
{"codigo_paquetes":"package_amhara_bdu_issd_habru_sorghum_065","variedad_a":"Alene","variedad_b":"Birhan","variedad_c":"Dekeba"},
{"codigo_paquetes":"package_amhara_bdu_issd_habru_sorghum_066","variedad_a":"2005ML5060","variedad_b":"ESHL(Hybrid)","variedad_c":"Girana 1"},
{"codigo_paquetes":"package_amhara_bdu_issd_habru_sorghum_067","variedad_a":"Melkam","variedad_b":"Gobye","variedad_c":"Mesay"},
{"codigo_paquetes":"package_amhara_bdu_issd_habru_sorghum_068","variedad_a":"Teshale","variedad_b":"Absher","variedad_c":"ESHL(Hybrid)"},
{"codigo_paquetes":"package_amhara_bdu_issd_habru_sorghum_069","variedad_a":"Meko","variedad_b":"Dekeba","variedad_c":"2005ML5060"},
{"codigo_paquetes":"package_amhara_bdu_issd_habru_sorghum_070","variedad_a":"Absher","variedad_b":"Birhan","variedad_c":"Gobye"},
{"codigo_paquetes":"package_amhara_bdu_issd_habru_sorghum_071","variedad_a":"Melkam","variedad_b":"Alene","variedad_c":"Teshale"},
{"codigo_paquetes":"package_amhara_bdu_issd_habru_sorghum_072","variedad_a":"Mesay","variedad_b":"Alene","variedad_c":"Meko"},
{"codigo_paquetes":"package_amhara_bdu_issd_habru_sorghum_073","variedad_a":"Meko","variedad_b":"Girana 1","variedad_c":"Absher"},
{"codigo_paquetes":"package_amhara_bdu_issd_habru_sorghum_074","variedad_a":"Teshale","variedad_b":"2005ML5060","variedad_c":"Melkam"},
{"codigo_paquetes":"package_amhara_bdu_issd_habru_sorghum_075","variedad_a":"Dekeba","variedad_b":"ESHL(Hybrid)","variedad_c":"Gobye"},
{"codigo_paquetes":"package_amhara_bdu_issd_habru_sorghum_076","variedad_a":"Alene","variedad_b":"Girana 1","variedad_c":"Birhan"},
{"codigo_paquetes":"package_amhara_bdu_issd_habru_sorghum_077","variedad_a":"Girana 1","variedad_b":"Dekeba","variedad_c":"Mesay"},
{"codigo_paquetes":"package_amhara_bdu_issd_habru_sorghum_078","variedad_a":"ESHL(Hybrid)","variedad_b":"Mesay","variedad_c":"Melkam"},
{"codigo_paquetes":"package_amhara_bdu_issd_habru_sorghum_079","variedad_a":"Gobye","variedad_b":"Absher","variedad_c":"Teshale"},
{"codigo_paquetes":"package_amhara_bdu_issd_habru_sorghum_080","variedad_a":"2005ML5060","variedad_b":"Meko","variedad_c":"Birhan"},
{"codigo_paquetes":"package_amhara_bdu_issd_habru_sorghum_081","variedad_a":"Birhan","variedad_b":"Absher","variedad_c":"Dekeba"},
{"codigo_paquetes":"package_amhara_bdu_issd_habru_sorghum_082","variedad_a":"Gobye","variedad_b":"Melkam","variedad_c":"Alene"},
{"codigo_paquetes":"package_amhara_bdu_issd_habru_sorghum_083","variedad_a":"Mesay","variedad_b":"Teshale","variedad_c":"Meko"},
{"codigo_paquetes":"package_amhara_bdu_issd_habru_sorghum_084","variedad_a":"Meko","variedad_b":"ESHL(Hybrid)","variedad_c":"Girana 1"},
{"codigo_paquetes":"package_amhara_bdu_issd_habru_sorghum_085","variedad_a":"Absher","variedad_b":"2005ML5060","variedad_c":"Melkam"},
{"codigo_paquetes":"package_amhara_bdu_issd_habru_sorghum_086","variedad_a":"Dekeba","variedad_b":"Gobye","variedad_c":"2005ML5060"},
{"codigo_paquetes":"package_amhara_bdu_issd_habru_sorghum_087","variedad_a":"Girana 1","variedad_b":"Teshale","variedad_c":"Alene"},
{"codigo_paquetes":"package_amhara_bdu_issd_habru_sorghum_088","variedad_a":"Birhan","variedad_b":"Alene","variedad_c":"Mesay"},
{"codigo_paquetes":"package_amhara_bdu_issd_habru_sorghum_089","variedad_a":"Melkam","variedad_b":"Dekeba","variedad_c":"ESHL(Hybrid)"},
{"codigo_paquetes":"package_amhara_bdu_issd_habru_sorghum_090","variedad_a":"Mesay","variedad_b":"Girana 1","variedad_c":"Absher"},
{"codigo_paquetes":"package_amhara_bdu_issd_habru_sorghum_091","variedad_a":"ESHL(Hybrid)","variedad_b":"2005ML5060","variedad_c":"Teshale"},
{"codigo_paquetes":"package_amhara_bdu_issd_habru_sorghum_092","variedad_a":"Meko","variedad_b":"Birhan","variedad_c":"Dekeba"},
{"codigo_paquetes":"package_amhara_bdu_issd_habru_sorghum_093","variedad_a":"Absher","variedad_b":"Gobye","variedad_c":"Alene"},
{"codigo_paquetes":"package_amhara_bdu_issd_habru_sorghum_094","variedad_a":"Melkam","variedad_b":"Mesay","variedad_c":"Meko"},
{"codigo_paquetes":"package_amhara_bdu_issd_habru_sorghum_095","variedad_a":"Birhan","variedad_b":"ESHL(Hybrid)","variedad_c":"Girana 1"},
{"codigo_paquetes":"package_amhara_bdu_issd_habru_sorghum_096","variedad_a":"Teshale","variedad_b":"Meko","variedad_c":"Gobye"},
{"codigo_paquetes":"package_amhara_bdu_issd_habru_sorghum_097","variedad_a":"2005ML5060","variedad_b":"Dekeba","variedad_c":"Absher"},
{"codigo_paquetes":"package_amhara_bdu_issd_habru_sorghum_098","variedad_a":"Girana 1","variedad_b":"Gobye","variedad_c":"2005ML5060"},
{"codigo_paquetes":"package_amhara_bdu_issd_habru_sorghum_099","variedad_a":"Alene","variedad_b":"Melkam","variedad_c":"Birhan"},
{"codigo_paquetes":"package_amhara_bdu_issd_habru_sorghum_100","variedad_a":"Mesay","variedad_b":"Teshale","variedad_c":"ESHL(Hybrid)"},
{"codigo_paquetes":"package_amhara_bdu_issd_habru_sorghum_101","variedad_a":"Absher","variedad_b":"Alene","variedad_c":"Mesay"},
{"codigo_paquetes":"package_amhara_bdu_issd_habru_sorghum_102","variedad_a":"ESHL(Hybrid)","variedad_b":"2005ML5060","variedad_c":"Melkam"},
{"codigo_paquetes":"package_amhara_bdu_issd_habru_sorghum_103","variedad_a":"Dekeba","variedad_b":"Birhan","variedad_c":"Teshale"},
{"codigo_paquetes":"package_amhara_bdu_issd_habru_sorghum_104","variedad_a":"Gobye","variedad_b":"Meko","variedad_c":"Girana 1"},
{"codigo_paquetes":"package_amhara_bdu_issd_habru_sorghum_105","variedad_a":"Meko","variedad_b":"Melkam","variedad_c":"Absher"},
{"codigo_paquetes":"package_amhara_bdu_issd_habru_sorghum_106","variedad_a":"Alene","variedad_b":"Girana 1","variedad_c":"ESHL(Hybrid)"},
{"codigo_paquetes":"package_amhara_bdu_issd_habru_sorghum_107","variedad_a":"Birhan","variedad_b":"Mesay","variedad_c":"Gobye"},
{"codigo_paquetes":"package_amhara_bdu_issd_habru_sorghum_108","variedad_a":"Teshale","variedad_b":"2005ML5060","variedad_c":"Dekeba"},
{"codigo_paquetes":"package_amhara_bdu_issd_habru_sorghum_109","variedad_a":"Dekeba","variedad_b":"Absher","variedad_c":"Girana 1"},
{"codigo_paquetes":"package_amhara_bdu_issd_habru_sorghum_110","variedad_a":"2005ML5060","variedad_b":"Gobye","variedad_c":"Alene"},
{"codigo_paquetes":"package_amhara_bdu_issd_habru_sorghum_111","variedad_a":"Melkam","variedad_b":"Teshale","variedad_c":"Birhan"},
{"codigo_paquetes":"package_amhara_bdu_issd_habru_sorghum_112","variedad_a":"ESHL(Hybrid)","variedad_b":"Mesay","variedad_c":"Meko"},
{"codigo_paquetes":"package_amhara_bdu_issd_habru_sorghum_113","variedad_a":"Mesay","variedad_b":"Alene","variedad_c":"Melkam"},
{"codigo_paquetes":"package_amhara_bdu_issd_habru_sorghum_114","variedad_a":"Birhan","variedad_b":"Dekeba","variedad_c":"ESHL(Hybrid)"},
{"codigo_paquetes":"package_amhara_bdu_issd_habru_sorghum_115","variedad_a":"Girana 1","variedad_b":"Meko","variedad_c":"2005ML5060"},
{"codigo_paquetes":"package_amhara_bdu_issd_habru_sorghum_116","variedad_a":"Absher","variedad_b":"Melkam","variedad_c":"Teshale"},
{"codigo_paquetes":"package_amhara_bdu_issd_habru_sorghum_117","variedad_a":"ESHL(Hybrid)","variedad_b":"Absher","variedad_c":"Gobye"},
{"codigo_paquetes":"package_amhara_bdu_issd_habru_sorghum_118","variedad_a":"Alene","variedad_b":"Birhan","variedad_c":"Meko"},
{"codigo_paquetes":"package_amhara_bdu_issd_habru_sorghum_119","variedad_a":"Teshale","variedad_b":"2005ML5060","variedad_c":"Mesay"},
{"codigo_paquetes":"package_amhara_bdu_issd_habru_sorghum_120","variedad_a":"2005ML5060","variedad_b":"Girana 1","variedad_c":"Dekeba"},
{"codigo_paquetes":"package_amhara_bdu_issd_habru_sorghum_121","variedad_a":"Gobye","variedad_b":"Girana 1","variedad_c":"Alene"},
{"codigo_paquetes":"package_amhara_bdu_issd_habru_sorghum_122","variedad_a":"Dekeba","variedad_b":"Gobye","variedad_c":"Melkam"},
{"codigo_paquetes":"package_amhara_bdu_issd_habru_sorghum_123","variedad_a":"Mesay","variedad_b":"Absher","variedad_c":"Birhan"},
{"codigo_paquetes":"package_amhara_bdu_issd_habru_sorghum_124","variedad_a":"Meko","variedad_b":"ESHL(Hybrid)","variedad_c":"Melkam"},
{"codigo_paquetes":"package_amhara_bdu_issd_habru_sorghum_125","variedad_a":"Teshale","variedad_b":"Alene","variedad_c":"Dekeba"},
{"codigo_paquetes":"package_amhara_bdu_issd_habru_sorghum_126","variedad_a":"Girana 1","variedad_b":"ESHL(Hybrid)","variedad_c":"Mesay"},
{"codigo_paquetes":"package_amhara_bdu_issd_habru_sorghum_127","variedad_a":"2005ML5060","variedad_b":"Meko","variedad_c":"Teshale"},
{"codigo_paquetes":"package_amhara_bdu_issd_habru_sorghum_128","variedad_a":"Gobye","variedad_b":"2005ML5060","variedad_c":"Absher"},
{"codigo_paquetes":"package_amhara_bdu_issd_habru_sorghum_129","variedad_a":"Meko","variedad_b":"Melkam","variedad_c":"Birhan"},
{"codigo_paquetes":"package_amhara_bdu_issd_habru_sorghum_130","variedad_a":"Absher","variedad_b":"Alene","variedad_c":"ESHL(Hybrid)"},
{"codigo_paquetes":"package_amhara_bdu_issd_habru_sorghum_131","variedad_a":"Birhan","variedad_b":"Teshale","variedad_c":"Girana 1"},
{"codigo_paquetes":"package_amhara_bdu_issd_habru_sorghum_132","variedad_a":"Dekeba","variedad_b":"Mesay","variedad_c":"Gobye"},
{"codigo_paquetes":"package_amhara_bdu_issd_habru_sorghum_133","variedad_a":"Melkam","variedad_b":"Girana 1","variedad_c":"Gobye"},
{"codigo_paquetes":"package_amhara_bdu_issd_habru_sorghum_134","variedad_a":"Mesay","variedad_b":"Birhan","variedad_c":"2005ML5060"},
{"codigo_paquetes":"package_amhara_bdu_issd_habru_sorghum_135","variedad_a":"ESHL(Hybrid)","variedad_b":"Dekeba","variedad_c":"Meko"},
{"codigo_paquetes":"package_amhara_bdu_issd_habru_sorghum_136","variedad_a":"Alene","variedad_b":"Teshale","variedad_c":"Absher"},
{"codigo_paquetes":"package_amhara_bdu_issd_habru_sorghum_137","variedad_a":"Girana 1","variedad_b":"Melkam","variedad_c":"Alene"},
{"codigo_paquetes":"package_amhara_bdu_issd_habru_sorghum_138","variedad_a":"2005ML5060","variedad_b":"Dekeba","variedad_c":"ESHL(Hybrid)"},
{"codigo_paquetes":"package_amhara_bdu_issd_habru_sorghum_139","variedad_a":"Gobye","variedad_b":"Mesay","variedad_c":"Teshale"},
{"codigo_paquetes":"package_amhara_bdu_issd_habru_sorghum_140","variedad_a":"Absher","variedad_b":"Meko","variedad_c":"Birhan"},
{"codigo_paquetes":"package_amhara_bdu_issd_habru_sorghum_141","variedad_a":"Melkam","variedad_b":"ESHL(Hybrid)","variedad_c":"Absher"},
{"codigo_paquetes":"package_amhara_bdu_issd_habru_sorghum_142","variedad_a":"Alene","variedad_b":"Meko","variedad_c":"2005ML5060"},
{"codigo_paquetes":"package_amhara_bdu_issd_habru_sorghum_143","variedad_a":"Birhan","variedad_b":"Gobye","variedad_c":"Dekeba"},
{"codigo_paquetes":"package_amhara_bdu_issd_habru_sorghum_144","variedad_a":"Teshale","variedad_b":"Girana 1","variedad_c":"Mesay"},
{"codigo_paquetes":"package_amhara_bdu_issd_habru_sorghum_145","variedad_a":"Melkam","variedad_b":"Mesay","variedad_c":"2005ML5060"},
{"codigo_paquetes":"package_amhara_bdu_issd_habru_sorghum_146","variedad_a":"Dekeba","variedad_b":"ESHL(Hybrid)","variedad_c":"Girana 1"},
{"codigo_paquetes":"package_amhara_bdu_issd_habru_sorghum_147","variedad_a":"Teshale","variedad_b":"Birhan","variedad_c":"Alene"},
{"codigo_paquetes":"package_amhara_bdu_issd_habru_sorghum_148","variedad_a":"Meko","variedad_b":"Gobye","variedad_c":"Melkam"},
{"codigo_paquetes":"package_amhara_bdu_issd_habru_sorghum_149","variedad_a":"Alene","variedad_b":"Absher","variedad_c":"Girana 1"},
{"codigo_paquetes":"package_amhara_bdu_issd_habru_sorghum_150","variedad_a":"ESHL(Hybrid)","variedad_b":"Teshale","variedad_c":"Gobye"},
{"codigo_paquetes":"package_amhara_bdu_issd_habru_sorghum_151","variedad_a":"Absher","variedad_b":"Dekeba","variedad_c":"Meko"},
{"codigo_paquetes":"package_amhara_bdu_issd_habru_sorghum_152","variedad_a":"2005ML5060","variedad_b":"Birhan","variedad_c":"ESHL(Hybrid)"},
{"codigo_paquetes":"package_amhara_bdu_issd_habru_sorghum_153","variedad_a":"Mesay","variedad_b":"2005ML5060","variedad_c":"Alene"},
{"codigo_paquetes":"package_amhara_bdu_issd_habru_sorghum_154","variedad_a":"Melkam","variedad_b":"Absher","variedad_c":"Birhan"},
{"codigo_paquetes":"package_amhara_bdu_issd_habru_sorghum_155","variedad_a":"Girana 1","variedad_b":"Gobye","variedad_c":"Mesay"},
{"codigo_paquetes":"package_amhara_bdu_issd_habru_sorghum_156","variedad_a":"Dekeba","variedad_b":"Melkam","variedad_c":"Teshale"},
{"codigo_paquetes":"package_amhara_bdu_issd_habru_sorghum_157","variedad_a":"Meko","variedad_b":"Mesay","variedad_c":"2005ML5060"},
{"codigo_paquetes":"package_amhara_bdu_issd_habru_sorghum_158","variedad_a":"ESHL(Hybrid)","variedad_b":"Girana 1","variedad_c":"Teshale"},
{"codigo_paquetes":"package_amhara_bdu_issd_habru_sorghum_159","variedad_a":"Gobye","variedad_b":"Alene","variedad_c":"Dekeba"},
{"codigo_paquetes":"package_amhara_bdu_issd_habru_sorghum_160","variedad_a":"Birhan","variedad_b":"Meko","variedad_c":"Girana 1"},
{"codigo_paquetes":"package_amhara_bdu_issd_habru_sorghum_161","variedad_a":"Mesay","variedad_b":"ESHL(Hybrid)","variedad_c":"Absher"},
{"codigo_paquetes":"package_amhara_bdu_issd_habru_sorghum_162","variedad_a":"Meko","variedad_b":"Dekeba","variedad_c":"Melkam"},
{"codigo_paquetes":"package_amhara_bdu_issd_habru_sorghum_163","variedad_a":"Teshale","variedad_b":"2005ML5060","variedad_c":"Absher"},
{"codigo_paquetes":"package_amhara_bdu_issd_habru_sorghum_164","variedad_a":"Gobye","variedad_b":"Alene","variedad_c":"Meko"},
{"codigo_paquetes":"package_amhara_bdu_issd_habru_sorghum_165","variedad_a":"Birhan","variedad_b":"Melkam","variedad_c":"ESHL(Hybrid)"},
{"codigo_paquetes":"package_amhara_bdu_issd_habru_sorghum_166","variedad_a":"Girana 1","variedad_b":"Absher","variedad_c":"Gobye"},
{"codigo_paquetes":"package_amhara_bdu_issd_habru_sorghum_167","variedad_a":"Alene","variedad_b":"Teshale","variedad_c":"Mesay"},
{"codigo_paquetes":"package_amhara_bdu_issd_habru_sorghum_168","variedad_a":"2005ML5060","variedad_b":"Mesay","variedad_c":"Dekeba"},
{"codigo_paquetes":"package_amhara_bdu_issd_habru_sorghum_169","variedad_a":"ESHL(Hybrid)","variedad_b":"Birhan","variedad_c":"Teshale"},
{"codigo_paquetes":"package_amhara_bdu_issd_habru_sorghum_170","variedad_a":"Girana 1","variedad_b":"2005ML5060","variedad_c":"Alene"},
{"codigo_paquetes":"package_amhara_bdu_issd_habru_sorghum_171","variedad_a":"Gobye","variedad_b":"Melkam","variedad_c":"Birhan"},
{"codigo_paquetes":"package_amhara_bdu_issd_habru_sorghum_172","variedad_a":"Absher","variedad_b":"Dekeba","variedad_c":"ESHL(Hybrid)"},
{"codigo_paquetes":"package_amhara_bdu_issd_habru_sorghum_173","variedad_a":"Teshale","variedad_b":"Birhan","variedad_c":"Meko"},
{"codigo_paquetes":"package_amhara_bdu_issd_habru_sorghum_174","variedad_a":"Dekeba","variedad_b":"Melkam","variedad_c":"Mesay"},
{"codigo_paquetes":"package_amhara_bdu_issd_habru_sorghum_175","variedad_a":"2005ML5060","variedad_b":"Meko","variedad_c":"Gobye"},
{"codigo_paquetes":"package_amhara_bdu_issd_habru_sorghum_176","variedad_a":"Meko","variedad_b":"Alene","variedad_c":"Girana 1"},
{"codigo_paquetes":"package_amhara_bdu_issd_habru_sorghum_177","variedad_a":"Absher","variedad_b":"Girana 1","variedad_c":"Birhan"},
{"codigo_paquetes":"package_amhara_bdu_issd_habru_sorghum_178","variedad_a":"Mesay","variedad_b":"ESHL(Hybrid)","variedad_c":"Alene"},
{"codigo_paquetes":"package_amhara_bdu_issd_habru_sorghum_179","variedad_a":"Gobye","variedad_b":"Teshale","variedad_c":"Melkam"},
{"codigo_paquetes":"package_amhara_bdu_issd_habru_sorghum_180","variedad_a":"Alene","variedad_b":"Absher","variedad_c":"2005ML5060"},
{"codigo_paquetes":"package_amhara_bdu_issd_habru_sorghum_181","variedad_a":"Birhan","variedad_b":"Mesay","variedad_c":"Dekeba"},
{"codigo_paquetes":"package_amhara_bdu_issd_habru_sorghum_182","variedad_a":"Melkam","variedad_b":"Gobye","variedad_c":"ESHL(Hybrid)"},
{"codigo_paquetes":"package_amhara_bdu_issd_habru_sorghum_183","variedad_a":"Girana 1","variedad_b":"Teshale","variedad_c":"Meko"},
{"codigo_paquetes":"package_amhara_bdu_issd_habru_sorghum_184","variedad_a":"Dekeba","variedad_b":"Absher","variedad_c":"Melkam"},
{"codigo_paquetes":"package_amhara_bdu_issd_habru_sorghum_185","variedad_a":"Mesay","variedad_b":"Gobye","variedad_c":"2005ML5060"},
{"codigo_paquetes":"package_amhara_bdu_issd_habru_sorghum_186","variedad_a":"ESHL(Hybrid)","variedad_b":"Meko","variedad_c":"Absher"},
{"codigo_paquetes":"package_amhara_bdu_issd_habru_sorghum_187","variedad_a":"2005ML5060","variedad_b":"Alene","variedad_c":"Teshale"},
{"codigo_paquetes":"package_amhara_bdu_issd_habru_sorghum_188","variedad_a":"Melkam","variedad_b":"Birhan","variedad_c":"Girana 1"},
{"codigo_paquetes":"package_amhara_bdu_issd_habru_sorghum_189","variedad_a":"Meko","variedad_b":"Dekeba","variedad_c":"Gobye"},
{"codigo_paquetes":"package_amhara_bdu_issd_habru_sorghum_190","variedad_a":"Alene","variedad_b":"ESHL(Hybrid)","variedad_c":"2005ML5060"},
{"codigo_paquetes":"package_amhara_bdu_issd_habru_sorghum_191","variedad_a":"Absher","variedad_b":"Dekeba","variedad_c":"Mesay"},
{"codigo_paquetes":"package_amhara_bdu_issd_habru_sorghum_192","variedad_a":"Teshale","variedad_b":"Girana 1","variedad_c":"Gobye"},
{"codigo_paquetes":"package_amhara_bdu_issd_habru_sorghum_193","variedad_a":"Melkam","variedad_b":"Mesay","variedad_c":"Birhan"},
{"codigo_paquetes":"package_amhara_bdu_issd_habru_sorghum_194","variedad_a":"Girana 1","variedad_b":"2005ML5060","variedad_c":"Absher"},
{"codigo_paquetes":"package_amhara_bdu_issd_habru_sorghum_195","variedad_a":"ESHL(Hybrid)","variedad_b":"Alene","variedad_c":"Meko"}
]
