[
{"codigo_paquetes":"package_issd_osw_bosat_butta_dalacha_gada_sorghum_01","variedad_a":"Abshir","variedad_b":"Gubiye","variedad_c":"Melkam"},
{"codigo_paquetes":"package_issd_osw_bosat_butta_dalacha_gada_sorghum_02","variedad_a":"Dhakaba","variedad_b":"Melkam","variedad_c":"Abshir"},
{"codigo_paquetes":"package_issd_osw_bosat_butta_dalacha_gada_sorghum_03","variedad_a":"Gubiye","variedad_b":"Meko 1","variedad_c":"Teshale"},
{"codigo_paquetes":"package_issd_osw_bosat_butta_dalacha_gada_sorghum_04","variedad_a":"Meko 1","variedad_b":"Abshir","variedad_c":"Dhakaba"},
{"codigo_paquetes":"package_issd_osw_bosat_butta_dalacha_gada_sorghum_05","variedad_a":"Melkam","variedad_b":"Teshale","variedad_c":"Meko 1"},
{"codigo_paquetes":"package_issd_osw_bosat_butta_dalacha_gada_sorghum_06","variedad_a":"Teshale","variedad_b":"Dhakaba","variedad_c":"Gubiye"},
{"codigo_paquetes":"package_issd_osw_bosat_butta_dalacha_gada_sorghum_07","variedad_a":"Abshir","variedad_b":"Gubiye","variedad_c":"Melkam"},
{"codigo_paquetes":"package_issd_osw_bosat_butta_dalacha_gada_sorghum_08","variedad_a":"Gubiye","variedad_b":"Teshale","variedad_c":"Meko 1"},
{"codigo_paquetes":"package_issd_osw_bosat_butta_dalacha_gada_sorghum_09","variedad_a":"Meko 1","variedad_b":"Melkam","variedad_c":"Dhakaba"},
{"codigo_paquetes":"package_issd_osw_bosat_butta_dalacha_gada_sorghum_10","variedad_a":"Teshale","variedad_b":"Dhakaba","variedad_c":"Gubiye"},
{"codigo_paquetes":"package_issd_osw_bosat_butta_dalacha_gada_sorghum_11","variedad_a":"Melkam","variedad_b":"Meko 1","variedad_c":"Teshale"},
{"codigo_paquetes":"package_issd_osw_bosat_butta_dalacha_gada_sorghum_12","variedad_a":"Dhakaba","variedad_b":"Abshir","variedad_c":"Gubiye"},
{"codigo_paquetes":"package_issd_osw_bosat_butta_dalacha_gada_sorghum_13","variedad_a":"Meko 1","variedad_b":"Melkam","variedad_c":"Abshir"},
{"codigo_paquetes":"package_issd_osw_bosat_butta_dalacha_gada_sorghum_14","variedad_a":"Melkam","variedad_b":"Dhakaba","variedad_c":"Teshale"},
{"codigo_paquetes":"package_issd_osw_bosat_butta_dalacha_gada_sorghum_15","variedad_a":"Teshale","variedad_b":"Gubiye","variedad_c":"Melkam"},
{"codigo_paquetes":"package_issd_osw_bosat_butta_dalacha_gada_sorghum_16","variedad_a":"Abshir","variedad_b":"Teshale","variedad_c":"Dhakaba"},
{"codigo_paquetes":"package_issd_osw_bosat_butta_dalacha_gada_sorghum_17","variedad_a":"Dhakaba","variedad_b":"Meko 1","variedad_c":"Abshir"},
{"codigo_paquetes":"package_issd_osw_bosat_butta_dalacha_gada_sorghum_18","variedad_a":"Gubiye","variedad_b":"Teshale","variedad_c":"Meko 1"},
{"codigo_paquetes":"package_issd_osw_bosat_butta_dalacha_gada_sorghum_19","variedad_a":"Dhakaba","variedad_b":"Gubiye","variedad_c":"Abshir"},
{"codigo_paquetes":"package_issd_osw_bosat_butta_dalacha_gada_sorghum_20","variedad_a":"Gubiye","variedad_b":"Melkam","variedad_c":"Dhakaba"},
{"codigo_paquetes":"package_issd_osw_bosat_butta_dalacha_gada_sorghum_21","variedad_a":"Abshir","variedad_b":"Meko 1","variedad_c":"Melkam"},
{"codigo_paquetes":"package_issd_osw_bosat_butta_dalacha_gada_sorghum_22","variedad_a":"Meko 1","variedad_b":"Abshir","variedad_c":"Teshale"},
{"codigo_paquetes":"package_issd_osw_bosat_butta_dalacha_gada_sorghum_23","variedad_a":"Melkam","variedad_b":"Dhakaba","variedad_c":"Gubiye"},
{"codigo_paquetes":"package_issd_osw_bosat_butta_dalacha_gada_sorghum_24","variedad_a":"Teshale","variedad_b":"Abshir","variedad_c":"Meko 1"},
{"codigo_paquetes":"package_issd_osw_bosat_butta_dalacha_gada_sorghum_25","variedad_a":"Meko 1","variedad_b":"Melkam","variedad_c":"Teshale"},
{"codigo_paquetes":"package_issd_osw_bosat_butta_dalacha_gada_sorghum_26","variedad_a":"Abshir","variedad_b":"Meko 1","variedad_c":"Gubiye"},
{"codigo_paquetes":"package_issd_osw_bosat_butta_dalacha_gada_sorghum_27","variedad_a":"Melkam","variedad_b":"Abshir","variedad_c":"Gubiye"},
{"codigo_paquetes":"package_issd_osw_bosat_butta_dalacha_gada_sorghum_28","variedad_a":"Teshale","variedad_b":"Dhakaba","variedad_c":"Abshir"},
{"codigo_paquetes":"package_issd_osw_bosat_butta_dalacha_gada_sorghum_29","variedad_a":"Dhakaba","variedad_b":"Teshale","variedad_c":"Meko 1"},
{"codigo_paquetes":"package_issd_osw_bosat_butta_dalacha_gada_sorghum_30","variedad_a":"Gubiye","variedad_b":"Melkam","variedad_c":"Dhakaba"},
{"codigo_paquetes":"package_issd_osw_bosat_butta_dalacha_gada_sorghum_31","variedad_a":"Gubiye","variedad_b":"Dhakaba","variedad_c":"Meko 1"},
{"codigo_paquetes":"package_issd_osw_bosat_butta_dalacha_gada_sorghum_32","variedad_a":"Meko 1","variedad_b":"Gubiye","variedad_c":"Melkam"},
{"codigo_paquetes":"package_issd_osw_bosat_butta_dalacha_gada_sorghum_33","variedad_a":"Abshir","variedad_b":"Meko 1","variedad_c":"Melkam"},
{"codigo_paquetes":"package_issd_osw_bosat_butta_dalacha_gada_sorghum_34","variedad_a":"Melkam","variedad_b":"Gubiye","variedad_c":"Abshir"},
{"codigo_paquetes":"package_issd_osw_bosat_butta_dalacha_gada_sorghum_35","variedad_a":"Teshale","variedad_b":"Meko 1","variedad_c":"Dhakaba"},
{"codigo_paquetes":"package_issd_osw_bosat_butta_dalacha_gada_sorghum_36","variedad_a":"Dhakaba","variedad_b":"Abshir","variedad_c":"Teshale"},
{"codigo_paquetes":"package_issd_osw_bosat_butta_dalacha_gada_sorghum_37","variedad_a":"Abshir","variedad_b":"Dhakaba","variedad_c":"Melkam"},
{"codigo_paquetes":"package_issd_osw_bosat_butta_dalacha_gada_sorghum_38","variedad_a":"Meko 1","variedad_b":"Teshale","variedad_c":"Dhakaba"},
{"codigo_paquetes":"package_issd_osw_bosat_butta_dalacha_gada_sorghum_39","variedad_a":"Gubiye","variedad_b":"Melkam","variedad_c":"Meko 1"},
{"codigo_paquetes":"package_issd_osw_bosat_butta_dalacha_gada_sorghum_40","variedad_a":"Melkam","variedad_b":"Gubiye","variedad_c":"Teshale"},
{"codigo_paquetes":"package_issd_osw_bosat_butta_dalacha_gada_sorghum_41","variedad_a":"Teshale","variedad_b":"Abshir","variedad_c":"Melkam"},
{"codigo_paquetes":"package_issd_osw_bosat_butta_dalacha_gada_sorghum_42","variedad_a":"Dhakaba","variedad_b":"Meko 1","variedad_c":"Gubiye"},
{"codigo_paquetes":"package_issd_osw_bosat_butta_dalacha_gada_sorghum_43","variedad_a":"Teshale","variedad_b":"Melkam","variedad_c":"Abshir"},
{"codigo_paquetes":"package_issd_osw_bosat_butta_dalacha_gada_sorghum_44","variedad_a":"Melkam","variedad_b":"Dhakaba","variedad_c":"Abshir"},
{"codigo_paquetes":"package_issd_osw_bosat_butta_dalacha_gada_sorghum_45","variedad_a":"Dhakaba","variedad_b":"Gubiye","variedad_c":"Teshale"},
{"codigo_paquetes":"package_issd_osw_bosat_butta_dalacha_gada_sorghum_46","variedad_a":"Abshir","variedad_b":"Teshale","variedad_c":"Dhakaba"},
{"codigo_paquetes":"package_issd_osw_bosat_butta_dalacha_gada_sorghum_47","variedad_a":"Gubiye","variedad_b":"Abshir","variedad_c":"Meko 1"},
{"codigo_paquetes":"package_issd_osw_bosat_butta_dalacha_gada_sorghum_48","variedad_a":"Meko 1","variedad_b":"Teshale","variedad_c":"Gubiye"},
{"codigo_paquetes":"package_issd_osw_bosat_butta_dalacha_gada_sorghum_49","variedad_a":"Abshir","variedad_b":"Dhakaba","variedad_c":"Gubiye"},
{"codigo_paquetes":"package_issd_osw_bosat_butta_dalacha_gada_sorghum_50","variedad_a":"Meko 1","variedad_b":"Melkam","variedad_c":"Teshale"}
]
