[
{"codigo_paquetes":"package_2019_snnpr_anlemo_wheat_001","variedad_a":"Sofumer","variedad_b":"Taye","variedad_c":"Alidoro"},
{"codigo_paquetes":"package_2019_snnpr_anlemo_wheat_002","variedad_a":"Ogolicho","variedad_b":"Shorima","variedad_c":"King bird"},
{"codigo_paquetes":"package_2019_snnpr_anlemo_wheat_003","variedad_a":"Shorima","variedad_b":"Sofumer","variedad_c":"Wane"},
{"codigo_paquetes":"package_2019_snnpr_anlemo_wheat_004","variedad_a":"King bird","variedad_b":"Wane","variedad_c":"Alidoro"},
{"codigo_paquetes":"package_2019_snnpr_anlemo_wheat_005","variedad_a":"Taye","variedad_b":"Ogolicho","variedad_c":"Shorima"},
{"codigo_paquetes":"package_2019_snnpr_anlemo_wheat_006","variedad_a":"Wane","variedad_b":"Alidoro","variedad_c":"Taye"},
{"codigo_paquetes":"package_2019_snnpr_anlemo_wheat_007","variedad_a":"Ogolicho","variedad_b":"King bird","variedad_c":"Shorima"},
{"codigo_paquetes":"package_2019_snnpr_anlemo_wheat_008","variedad_a":"Shorima","variedad_b":"King bird","variedad_c":"Taye"},
{"codigo_paquetes":"package_2019_snnpr_anlemo_wheat_009","variedad_a":"Sofumer","variedad_b":"Wane","variedad_c":"Ogolicho"},
{"codigo_paquetes":"package_2019_snnpr_anlemo_wheat_010","variedad_a":"Alidoro","variedad_b":"Ogolicho","variedad_c":"Sofumer"},
{"codigo_paquetes":"package_2019_snnpr_anlemo_wheat_011","variedad_a":"Taye","variedad_b":"Alidoro","variedad_c":"Shorima"},
{"codigo_paquetes":"package_2019_snnpr_anlemo_wheat_012","variedad_a":"King bird","variedad_b":"Shorima","variedad_c":"Wane"},
{"codigo_paquetes":"package_2019_snnpr_anlemo_wheat_013","variedad_a":"Wane","variedad_b":"Sofumer","variedad_c":"Ogolicho"},
{"codigo_paquetes":"package_2019_snnpr_anlemo_wheat_014","variedad_a":"Alidoro","variedad_b":"Taye","variedad_c":"King bird"},
{"codigo_paquetes":"package_2019_snnpr_anlemo_wheat_015","variedad_a":"Shorima","variedad_b":"King bird","variedad_c":"Alidoro"},
{"codigo_paquetes":"package_2019_snnpr_anlemo_wheat_016","variedad_a":"Sofumer","variedad_b":"Wane","variedad_c":"Taye"},
{"codigo_paquetes":"package_2019_snnpr_anlemo_wheat_017","variedad_a":"Taye","variedad_b":"Alidoro","variedad_c":"Ogolicho"},
{"codigo_paquetes":"package_2019_snnpr_anlemo_wheat_018","variedad_a":"Wane","variedad_b":"Shorima","variedad_c":"Sofumer"},
{"codigo_paquetes":"package_2019_snnpr_anlemo_wheat_019","variedad_a":"King bird","variedad_b":"Ogolicho","variedad_c":"Wane"},
{"codigo_paquetes":"package_2019_snnpr_anlemo_wheat_020","variedad_a":"Alidoro","variedad_b":"Shorima","variedad_c":"King bird"},
{"codigo_paquetes":"package_2019_snnpr_anlemo_wheat_021","variedad_a":"Ogolicho","variedad_b":"Sofumer","variedad_c":"Taye"},
{"codigo_paquetes":"package_2019_snnpr_anlemo_wheat_022","variedad_a":"Ogolicho","variedad_b":"Taye","variedad_c":"King bird"},
{"codigo_paquetes":"package_2019_snnpr_anlemo_wheat_023","variedad_a":"Wane","variedad_b":"Alidoro","variedad_c":"Shorima"},
{"codigo_paquetes":"package_2019_snnpr_anlemo_wheat_024","variedad_a":"King bird","variedad_b":"Sofumer","variedad_c":"Wane"},
{"codigo_paquetes":"package_2019_snnpr_anlemo_wheat_025","variedad_a":"Shorima","variedad_b":"Taye","variedad_c":"Alidoro"},
{"codigo_paquetes":"package_2019_snnpr_anlemo_wheat_026","variedad_a":"Sofumer","variedad_b":"Ogolicho","variedad_c":"Shorima"},
{"codigo_paquetes":"package_2019_snnpr_anlemo_wheat_027","variedad_a":"Taye","variedad_b":"Wane","variedad_c":"Alidoro"},
{"codigo_paquetes":"package_2019_snnpr_anlemo_wheat_028","variedad_a":"Ogolicho","variedad_b":"King bird","variedad_c":"Sofumer"},
{"codigo_paquetes":"package_2019_snnpr_anlemo_wheat_029","variedad_a":"Alidoro","variedad_b":"Sofumer","variedad_c":"Wane"},
{"codigo_paquetes":"package_2019_snnpr_anlemo_wheat_030","variedad_a":"Shorima","variedad_b":"Taye","variedad_c":"Ogolicho"},
{"codigo_paquetes":"package_2019_snnpr_anlemo_wheat_031","variedad_a":"King bird","variedad_b":"Alidoro","variedad_c":"Ogolicho"},
{"codigo_paquetes":"package_2019_snnpr_anlemo_wheat_032","variedad_a":"Wane","variedad_b":"Shorima","variedad_c":"King bird"},
{"codigo_paquetes":"package_2019_snnpr_anlemo_wheat_033","variedad_a":"Sofumer","variedad_b":"King bird","variedad_c":"Taye"},
{"codigo_paquetes":"package_2019_snnpr_anlemo_wheat_034","variedad_a":"Alidoro","variedad_b":"Ogolicho","variedad_c":"Wane"},
{"codigo_paquetes":"package_2019_snnpr_anlemo_wheat_035","variedad_a":"Taye","variedad_b":"Shorima","variedad_c":"Sofumer"},
{"codigo_paquetes":"package_2019_snnpr_anlemo_wheat_036","variedad_a":"Ogolicho","variedad_b":"Alidoro","variedad_c":"Shorima"},
{"codigo_paquetes":"package_2019_snnpr_anlemo_wheat_037","variedad_a":"King bird","variedad_b":"Wane","variedad_c":"Taye"},
{"codigo_paquetes":"package_2019_snnpr_anlemo_wheat_038","variedad_a":"Sofumer","variedad_b":"Taye","variedad_c":"Alidoro"},
{"codigo_paquetes":"package_2019_snnpr_anlemo_wheat_039","variedad_a":"Ogolicho","variedad_b":"King bird","variedad_c":"Sofumer"},
{"codigo_paquetes":"package_2019_snnpr_anlemo_wheat_040","variedad_a":"Wane","variedad_b":"Sofumer","variedad_c":"Shorima"},
{"codigo_paquetes":"package_2019_snnpr_anlemo_wheat_041","variedad_a":"Taye","variedad_b":"Ogolicho","variedad_c":"Alidoro"},
{"codigo_paquetes":"package_2019_snnpr_anlemo_wheat_042","variedad_a":"Shorima","variedad_b":"Wane","variedad_c":"King bird"},
{"codigo_paquetes":"package_2019_snnpr_anlemo_wheat_043","variedad_a":"Alidoro","variedad_b":"King bird","variedad_c":"Wane"},
{"codigo_paquetes":"package_2019_snnpr_anlemo_wheat_044","variedad_a":"Shorima","variedad_b":"Taye","variedad_c":"Ogolicho"},
{"codigo_paquetes":"package_2019_snnpr_anlemo_wheat_045","variedad_a":"King bird","variedad_b":"Alidoro","variedad_c":"Sofumer"},
{"codigo_paquetes":"package_2019_snnpr_anlemo_wheat_046","variedad_a":"Wane","variedad_b":"Ogolicho","variedad_c":"Taye"},
{"codigo_paquetes":"package_2019_snnpr_anlemo_wheat_047","variedad_a":"Alidoro","variedad_b":"Sofumer","variedad_c":"Shorima"},
{"codigo_paquetes":"package_2019_snnpr_anlemo_wheat_048","variedad_a":"Taye","variedad_b":"Shorima","variedad_c":"King bird"},
{"codigo_paquetes":"package_2019_snnpr_anlemo_wheat_049","variedad_a":"Sofumer","variedad_b":"Wane","variedad_c":"Ogolicho"},
{"codigo_paquetes":"package_2019_snnpr_anlemo_wheat_050","variedad_a":"King bird","variedad_b":"Sofumer","variedad_c":"Taye"},
{"codigo_paquetes":"package_2019_snnpr_anlemo_wheat_051","variedad_a":"Ogolicho","variedad_b":"Shorima","variedad_c":"Alidoro"},
{"codigo_paquetes":"package_2019_snnpr_anlemo_wheat_052","variedad_a":"Sofumer","variedad_b":"Taye","variedad_c":"Wane"},
{"codigo_paquetes":"package_2019_snnpr_anlemo_wheat_053","variedad_a":"Alidoro","variedad_b":"Ogolicho","variedad_c":"King bird"},
{"codigo_paquetes":"package_2019_snnpr_anlemo_wheat_054","variedad_a":"Wane","variedad_b":"Alidoro","variedad_c":"Shorima"},
{"codigo_paquetes":"package_2019_snnpr_anlemo_wheat_055","variedad_a":"Shorima","variedad_b":"Wane","variedad_c":"Taye"},
{"codigo_paquetes":"package_2019_snnpr_anlemo_wheat_056","variedad_a":"Alidoro","variedad_b":"King bird","variedad_c":"Sofumer"},
{"codigo_paquetes":"package_2019_snnpr_anlemo_wheat_057","variedad_a":"King bird","variedad_b":"Wane","variedad_c":"Ogolicho"},
{"codigo_paquetes":"package_2019_snnpr_anlemo_wheat_058","variedad_a":"Ogolicho","variedad_b":"Shorima","variedad_c":"Sofumer"},
{"codigo_paquetes":"package_2019_snnpr_anlemo_wheat_059","variedad_a":"Taye","variedad_b":"King bird","variedad_c":"Shorima"},
{"codigo_paquetes":"package_2019_snnpr_anlemo_wheat_060","variedad_a":"Taye","variedad_b":"Ogolicho","variedad_c":"Alidoro"},
{"codigo_paquetes":"package_2019_snnpr_anlemo_wheat_061","variedad_a":"Wane","variedad_b":"Sofumer","variedad_c":"King bird"},
{"codigo_paquetes":"package_2019_snnpr_anlemo_wheat_062","variedad_a":"Sofumer","variedad_b":"Taye","variedad_c":"Ogolicho"},
{"codigo_paquetes":"package_2019_snnpr_anlemo_wheat_063","variedad_a":"Shorima","variedad_b":"Alidoro","variedad_c":"Wane"},
{"codigo_paquetes":"package_2019_snnpr_anlemo_wheat_064","variedad_a":"King bird","variedad_b":"Taye","variedad_c":"Alidoro"},
{"codigo_paquetes":"package_2019_snnpr_anlemo_wheat_065","variedad_a":"Ogolicho","variedad_b":"Shorima","variedad_c":"Sofumer"},
{"codigo_paquetes":"package_2019_snnpr_anlemo_wheat_066","variedad_a":"Shorima","variedad_b":"Wane","variedad_c":"Taye"},
{"codigo_paquetes":"package_2019_snnpr_anlemo_wheat_067","variedad_a":"Sofumer","variedad_b":"Alidoro","variedad_c":"Wane"},
{"codigo_paquetes":"package_2019_snnpr_anlemo_wheat_068","variedad_a":"Wane","variedad_b":"Ogolicho","variedad_c":"King bird"},
{"codigo_paquetes":"package_2019_snnpr_anlemo_wheat_069","variedad_a":"King bird","variedad_b":"Sofumer","variedad_c":"Shorima"},
{"codigo_paquetes":"package_2019_snnpr_anlemo_wheat_070","variedad_a":"Alidoro","variedad_b":"King bird","variedad_c":"Ogolicho"},
{"codigo_paquetes":"package_2019_snnpr_anlemo_wheat_071","variedad_a":"Taye","variedad_b":"Shorima","variedad_c":"Alidoro"},
{"codigo_paquetes":"package_2019_snnpr_anlemo_wheat_072","variedad_a":"Ogolicho","variedad_b":"Wane","variedad_c":"Taye"},
{"codigo_paquetes":"package_2019_snnpr_anlemo_wheat_073","variedad_a":"Sofumer","variedad_b":"Taye","variedad_c":"Wane"},
{"codigo_paquetes":"package_2019_snnpr_anlemo_wheat_074","variedad_a":"Shorima","variedad_b":"Alidoro","variedad_c":"Ogolicho"},
{"codigo_paquetes":"package_2019_snnpr_anlemo_wheat_075","variedad_a":"Alidoro","variedad_b":"King bird","variedad_c":"Sofumer"},
{"codigo_paquetes":"package_2019_snnpr_anlemo_wheat_076","variedad_a":"Taye","variedad_b":"Ogolicho","variedad_c":"King bird"},
{"codigo_paquetes":"package_2019_snnpr_anlemo_wheat_077","variedad_a":"Taye","variedad_b":"Sofumer","variedad_c":"Shorima"},
{"codigo_paquetes":"package_2019_snnpr_anlemo_wheat_078","variedad_a":"Wane","variedad_b":"Sofumer","variedad_c":"Alidoro"},
{"codigo_paquetes":"package_2019_snnpr_anlemo_wheat_079","variedad_a":"Ogolicho","variedad_b":"Shorima","variedad_c":"Wane"},
{"codigo_paquetes":"package_2019_snnpr_anlemo_wheat_080","variedad_a":"Shorima","variedad_b":"King bird","variedad_c":"Sofumer"},
{"codigo_paquetes":"package_2019_snnpr_anlemo_wheat_081","variedad_a":"Wane","variedad_b":"Alidoro","variedad_c":"King bird"},
{"codigo_paquetes":"package_2019_snnpr_anlemo_wheat_082","variedad_a":"King bird","variedad_b":"Ogolicho","variedad_c":"Taye"},
{"codigo_paquetes":"package_2019_snnpr_anlemo_wheat_083","variedad_a":"Alidoro","variedad_b":"Wane","variedad_c":"Taye"},
{"codigo_paquetes":"package_2019_snnpr_anlemo_wheat_084","variedad_a":"Ogolicho","variedad_b":"Wane","variedad_c":"Shorima"},
{"codigo_paquetes":"package_2019_snnpr_anlemo_wheat_085","variedad_a":"Sofumer","variedad_b":"Alidoro","variedad_c":"Ogolicho"},
{"codigo_paquetes":"package_2019_snnpr_anlemo_wheat_086","variedad_a":"Shorima","variedad_b":"King bird","variedad_c":"Sofumer"},
{"codigo_paquetes":"package_2019_snnpr_anlemo_wheat_087","variedad_a":"King bird","variedad_b":"Taye","variedad_c":"Alidoro"},
{"codigo_paquetes":"package_2019_snnpr_anlemo_wheat_088","variedad_a":"Sofumer","variedad_b":"Taye","variedad_c":"Shorima"},
{"codigo_paquetes":"package_2019_snnpr_anlemo_wheat_089","variedad_a":"Taye","variedad_b":"Ogolicho","variedad_c":"Wane"},
{"codigo_paquetes":"package_2019_snnpr_anlemo_wheat_090","variedad_a":"Alidoro","variedad_b":"Sofumer","variedad_c":"Ogolicho"},
{"codigo_paquetes":"package_2019_snnpr_anlemo_wheat_091","variedad_a":"Ogolicho","variedad_b":"Shorima","variedad_c":"King bird"},
{"codigo_paquetes":"package_2019_snnpr_anlemo_wheat_092","variedad_a":"Wane","variedad_b":"King bird","variedad_c":"Sofumer"},
{"codigo_paquetes":"package_2019_snnpr_anlemo_wheat_093","variedad_a":"King bird","variedad_b":"Wane","variedad_c":"Taye"},
{"codigo_paquetes":"package_2019_snnpr_anlemo_wheat_094","variedad_a":"Shorima","variedad_b":"Sofumer","variedad_c":"Alidoro"},
{"codigo_paquetes":"package_2019_snnpr_anlemo_wheat_095","variedad_a":"Wane","variedad_b":"Ogolicho","variedad_c":"Shorima"},
{"codigo_paquetes":"package_2019_snnpr_anlemo_wheat_096","variedad_a":"Sofumer","variedad_b":"Taye","variedad_c":"Alidoro"},
{"codigo_paquetes":"package_2019_snnpr_anlemo_wheat_097","variedad_a":"Ogolicho","variedad_b":"Alidoro","variedad_c":"Wane"},
{"codigo_paquetes":"package_2019_snnpr_anlemo_wheat_098","variedad_a":"King bird","variedad_b":"Shorima","variedad_c":"Ogolicho"},
{"codigo_paquetes":"package_2019_snnpr_anlemo_wheat_099","variedad_a":"Taye","variedad_b":"Wane","variedad_c":"King bird"},
{"codigo_paquetes":"package_2019_snnpr_anlemo_wheat_100","variedad_a":"Alidoro","variedad_b":"Shorima","variedad_c":"Sofumer"}
]
