[
{"codigo_paquetes":"package_2018_orosw_bojichekorsa_tef_01","variedad_a":"Guduru","variedad_b":"Dega Tef","variedad_c":"Tesfa"},
{"codigo_paquetes":"package_2018_orosw_bojichekorsa_tef_02","variedad_a":"Dagem","variedad_b":"Boset","variedad_c":"Simada"},
{"codigo_paquetes":"package_2018_orosw_bojichekorsa_tef_03","variedad_a":"Kena","variedad_b":"Key Tena","variedad_c":"Filagot"},
{"codigo_paquetes":"package_2018_orosw_bojichekorsa_tef_04","variedad_a":"Kuncho","variedad_b":"Tseday ( Cr 37)","variedad_c":"Nigusu"},
{"codigo_paquetes":"package_2018_orosw_bojichekorsa_tef_05","variedad_a":"Boset","variedad_b":"Gimbichu","variedad_c":"Koye"},
{"codigo_paquetes":"package_2018_orosw_bojichekorsa_tef_06","variedad_a":"Korra","variedad_b":"Tesfa","variedad_c":"Gimbichu"},
{"codigo_paquetes":"package_2018_orosw_bojichekorsa_tef_07","variedad_a":"Tseday ( Cr 37)","variedad_b":"Filagot","variedad_c":"Dega Tef"},
{"codigo_paquetes":"package_2018_orosw_bojichekorsa_tef_08","variedad_a":"Koye","variedad_b":"Korra","variedad_c":"Key Tena"},
{"codigo_paquetes":"package_2018_orosw_bojichekorsa_tef_09","variedad_a":"Nigusu","variedad_b":"Dagem","variedad_c":"Guduru"},
{"codigo_paquetes":"package_2018_orosw_bojichekorsa_tef_10","variedad_a":"Kena","variedad_b":"Guduru","variedad_c":"Kuncho"},
{"codigo_paquetes":"package_2018_orosw_bojichekorsa_tef_11","variedad_a":"Tesfa","variedad_b":"Simada","variedad_c":"Tseday ( Cr 37)"},
{"codigo_paquetes":"package_2018_orosw_bojichekorsa_tef_12","variedad_a":"Key Tena","variedad_b":"Dagem","variedad_c":"Boset"},
{"codigo_paquetes":"package_2018_orosw_bojichekorsa_tef_13","variedad_a":"Filagot","variedad_b":"Kuncho","variedad_c":"Koye"},
{"codigo_paquetes":"package_2018_orosw_bojichekorsa_tef_14","variedad_a":"Gimbichu","variedad_b":"Nigusu","variedad_c":"Dega Tef"},
{"codigo_paquetes":"package_2018_orosw_bojichekorsa_tef_15","variedad_a":"Simada","variedad_b":"Kena","variedad_c":"Nigusu"},
{"codigo_paquetes":"package_2018_orosw_bojichekorsa_tef_16","variedad_a":"Simada","variedad_b":"Tesfa","variedad_c":"Korra"},
{"codigo_paquetes":"package_2018_orosw_bojichekorsa_tef_17","variedad_a":"Dega Tef","variedad_b":"Filagot","variedad_c":"Kena"},
{"codigo_paquetes":"package_2018_orosw_bojichekorsa_tef_18","variedad_a":"Guduru","variedad_b":"Koye","variedad_c":"Tseday ( Cr 37)"},
{"codigo_paquetes":"package_2018_orosw_bojichekorsa_tef_19","variedad_a":"Korra","variedad_b":"Boset","variedad_c":"Key Tena"},
{"codigo_paquetes":"package_2018_orosw_bojichekorsa_tef_20","variedad_a":"Gimbichu","variedad_b":"Kena","variedad_c":"Dagem"},
{"codigo_paquetes":"package_2018_orosw_bojichekorsa_tef_21","variedad_a":"Dagem","variedad_b":"Kuncho","variedad_c":"Tesfa"},
{"codigo_paquetes":"package_2018_orosw_bojichekorsa_tef_22","variedad_a":"Boset","variedad_b":"Nigusu","variedad_c":"Guduru"},
{"codigo_paquetes":"package_2018_orosw_bojichekorsa_tef_23","variedad_a":"Tseday ( Cr 37)","variedad_b":"Gimbichu","variedad_c":"Filagot"},
{"codigo_paquetes":"package_2018_orosw_bojichekorsa_tef_24","variedad_a":"Dega Tef","variedad_b":"Koye","variedad_c":"Key Tena"},
{"codigo_paquetes":"package_2018_orosw_bojichekorsa_tef_25","variedad_a":"Kuncho","variedad_b":"Korra","variedad_c":"Kena"},
{"codigo_paquetes":"package_2018_orosw_bojichekorsa_tef_26","variedad_a":"Nigusu","variedad_b":"Key Tena","variedad_c":"Simada"},
{"codigo_paquetes":"package_2018_orosw_bojichekorsa_tef_27","variedad_a":"Tesfa","variedad_b":"Filagot","variedad_c":"Boset"},
{"codigo_paquetes":"package_2018_orosw_bojichekorsa_tef_28","variedad_a":"Guduru","variedad_b":"Dega Tef","variedad_c":"Dagem"},
{"codigo_paquetes":"package_2018_orosw_bojichekorsa_tef_29","variedad_a":"Key Tena","variedad_b":"Simada","variedad_c":"Tseday ( Cr 37)"},
{"codigo_paquetes":"package_2018_orosw_bojichekorsa_tef_30","variedad_a":"Koye","variedad_b":"Tesfa","variedad_c":"Kuncho"},
{"codigo_paquetes":"package_2018_orosw_bojichekorsa_tef_31","variedad_a":"Dagem","variedad_b":"Korra","variedad_c":"Gimbichu"},
{"codigo_paquetes":"package_2018_orosw_bojichekorsa_tef_32","variedad_a":"Boset","variedad_b":"Tseday ( Cr 37)","variedad_c":"Kena"},
{"codigo_paquetes":"package_2018_orosw_bojichekorsa_tef_33","variedad_a":"Simada","variedad_b":"Guduru","variedad_c":"Korra"},
{"codigo_paquetes":"package_2018_orosw_bojichekorsa_tef_34","variedad_a":"Gimbichu","variedad_b":"Nigusu","variedad_c":"Tesfa"},
{"codigo_paquetes":"package_2018_orosw_bojichekorsa_tef_35","variedad_a":"Dega Tef","variedad_b":"Simada","variedad_c":"Koye"},
{"codigo_paquetes":"package_2018_orosw_bojichekorsa_tef_36","variedad_a":"Filagot","variedad_b":"Kuncho","variedad_c":"Simada"},
{"codigo_paquetes":"package_2018_orosw_bojichekorsa_tef_37","variedad_a":"Kuncho","variedad_b":"Kena","variedad_c":"Nigusu"},
{"codigo_paquetes":"package_2018_orosw_bojichekorsa_tef_38","variedad_a":"Tseday ( Cr 37)","variedad_b":"Dagem","variedad_c":"Filagot"},
{"codigo_paquetes":"package_2018_orosw_bojichekorsa_tef_39","variedad_a":"Tesfa","variedad_b":"Boset","variedad_c":"Dega Tef"},
{"codigo_paquetes":"package_2018_orosw_bojichekorsa_tef_40","variedad_a":"Filagot","variedad_b":"Koye","variedad_c":"Guduru"},
{"codigo_paquetes":"package_2018_orosw_bojichekorsa_tef_41","variedad_a":"Korra","variedad_b":"Tseday ( Cr 37)","variedad_c":"Dagem"},
{"codigo_paquetes":"package_2018_orosw_bojichekorsa_tef_42","variedad_a":"Kena","variedad_b":"Koye","variedad_c":"Boset"},
{"codigo_paquetes":"package_2018_orosw_bojichekorsa_tef_43","variedad_a":"Korra","variedad_b":"Dega Tef","variedad_c":"Kuncho"},
{"codigo_paquetes":"package_2018_orosw_bojichekorsa_tef_44","variedad_a":"Kena","variedad_b":"Key Tena","variedad_c":"Tesfa"},
{"codigo_paquetes":"package_2018_orosw_bojichekorsa_tef_45","variedad_a":"Simada","variedad_b":"Gimbichu","variedad_c":"Guduru"},
{"codigo_paquetes":"package_2018_orosw_bojichekorsa_tef_46","variedad_a":"Boset","variedad_b":"Kuncho","variedad_c":"Gimbichu"},
{"codigo_paquetes":"package_2018_orosw_bojichekorsa_tef_47","variedad_a":"Nigusu","variedad_b":"Filagot","variedad_c":"Korra"},
{"codigo_paquetes":"package_2018_orosw_bojichekorsa_tef_48","variedad_a":"Tseday ( Cr 37)","variedad_b":"Dega Tef","variedad_c":"Key Tena"},
{"codigo_paquetes":"package_2018_orosw_bojichekorsa_tef_49","variedad_a":"Guduru","variedad_b":"Dega Tef","variedad_c":"Tesfa"},
{"codigo_paquetes":"package_2018_orosw_bojichekorsa_tef_50","variedad_a":"Kena","variedad_b":"Key Tena","variedad_c":"Filagot"},
{"codigo_paquetes":"package_2018_orosw_bojichekorsa_tef_51","variedad_a":"Kuncho","variedad_b":"Tseday ( Cr 37)","variedad_c":"Nigusu"},
{"codigo_paquetes":"package_2018_orosw_bojichekorsa_tef_52","variedad_a":"Boset","variedad_b":"Gimbichu","variedad_c":"Koye"},
{"codigo_paquetes":"package_2018_orosw_bojichekorsa_tef_53","variedad_a":"Korra","variedad_b":"Tesfa","variedad_c":"Gimbichu"},
{"codigo_paquetes":"package_2018_orosw_bojichekorsa_tef_54","variedad_a":"Tseday ( Cr 37)","variedad_b":"Filagot","variedad_c":"Dega Tef"},
{"codigo_paquetes":"package_2018_orosw_bojichekorsa_tef_55","variedad_a":"Koye","variedad_b":"Korra","variedad_c":"Key Tena"},
{"codigo_paquetes":"package_2018_orosw_bojichekorsa_tef_56","variedad_a":"Nigusu","variedad_b":"Dagem","variedad_c":"Guduru"},
{"codigo_paquetes":"package_2018_orosw_bojichekorsa_tef_57","variedad_a":"Kena","variedad_b":"Guduru","variedad_c":"Kuncho"},
{"codigo_paquetes":"package_2018_orosw_bojichekorsa_tef_58","variedad_a":"Tesfa","variedad_b":"Simada","variedad_c":"Tseday ( Cr 37)"},
{"codigo_paquetes":"package_2018_orosw_bojichekorsa_tef_59","variedad_a":"Key Tena","variedad_b":"Dagem","variedad_c":"Boset"},
{"codigo_paquetes":"package_2018_orosw_bojichekorsa_tef_60","variedad_a":"Filagot","variedad_b":"Kuncho","variedad_c":"Koye"},
{"codigo_paquetes":"package_2018_orosw_bojichekorsa_tef_61","variedad_a":"Simada","variedad_b":"Tesfa","variedad_c":"Korra"},
{"codigo_paquetes":"package_2018_orosw_bojichekorsa_tef_62","variedad_a":"Dega Tef","variedad_b":"Filagot","variedad_c":"Kena"},
{"codigo_paquetes":"package_2018_orosw_bojichekorsa_tef_63","variedad_a":"Guduru","variedad_b":"Koye","variedad_c":"Tseday ( Cr 37)"},
{"codigo_paquetes":"package_2018_orosw_bojichekorsa_tef_64","variedad_a":"Korra","variedad_b":"Boset","variedad_c":"Key Tena"},
{"codigo_paquetes":"package_2018_orosw_bojichekorsa_tef_65","variedad_a":"Gimbichu","variedad_b":"Kena","variedad_c":"Dagem"},
{"codigo_paquetes":"package_2018_orosw_bojichekorsa_tef_66","variedad_a":"Dagem","variedad_b":"Kuncho","variedad_c":"Tesfa"},
{"codigo_paquetes":"package_2018_orosw_bojichekorsa_tef_67","variedad_a":"Boset","variedad_b":"Nigusu","variedad_c":"Guduru"},
{"codigo_paquetes":"package_2018_orosw_bojichekorsa_tef_68","variedad_a":"Tseday ( Cr 37)","variedad_b":"Gimbichu","variedad_c":"Filagot"},
{"codigo_paquetes":"package_2018_orosw_bojichekorsa_tef_69","variedad_a":"Dega Tef","variedad_b":"Koye","variedad_c":"Key Tena"},
{"codigo_paquetes":"package_2018_orosw_bojichekorsa_tef_70","variedad_a":"Kuncho","variedad_b":"Korra","variedad_c":"Kena"},
{"codigo_paquetes":"package_2018_orosw_bojichekorsa_tef_71","variedad_a":"Nigusu","variedad_b":"Key Tena","variedad_c":"Simada"},
{"codigo_paquetes":"package_2018_orosw_bojichekorsa_tef_72","variedad_a":"Tesfa","variedad_b":"Filagot","variedad_c":"Boset"},
{"codigo_paquetes":"package_2018_orosw_bojichekorsa_tef_73","variedad_a":"Guduru","variedad_b":"Dega Tef","variedad_c":"Dagem"},
{"codigo_paquetes":"package_2018_orosw_bojichekorsa_tef_74","variedad_a":"Key Tena","variedad_b":"Simada","variedad_c":"Tseday ( Cr 37)"},
{"codigo_paquetes":"package_2018_orosw_bojichekorsa_tef_75","variedad_a":"Koye","variedad_b":"Tesfa","variedad_c":"Kuncho"},
{"codigo_paquetes":"package_2018_orosw_bojichekorsa_tef_76","variedad_a":"Dagem","variedad_b":"Korra","variedad_c":"Gimbichu"},
{"codigo_paquetes":"package_2018_orosw_bojichekorsa_tef_77","variedad_a":"Boset","variedad_b":"Tseday ( Cr 37)","variedad_c":"Kena"},
{"codigo_paquetes":"package_2018_orosw_bojichekorsa_tef_78","variedad_a":"Simada","variedad_b":"Guduru","variedad_c":"Korra"},
{"codigo_paquetes":"package_2018_orosw_bojichekorsa_tef_79","variedad_a":"Gimbichu","variedad_b":"Nigusu","variedad_c":"Tesfa"},
{"codigo_paquetes":"package_2018_orosw_bojichekorsa_tef_80","variedad_a":"Dega Tef","variedad_b":"Simada","variedad_c":"Koye"},
{"codigo_paquetes":"package_2018_orosw_bojichekorsa_tef_81","variedad_a":"Filagot","variedad_b":"Kuncho","variedad_c":"Simada"},
{"codigo_paquetes":"package_2018_orosw_bojichekorsa_tef_82","variedad_a":"Kuncho","variedad_b":"Kena","variedad_c":"Nigusu"},
{"codigo_paquetes":"package_2018_orosw_bojichekorsa_tef_83","variedad_a":"Tseday ( Cr 37)","variedad_b":"Dagem","variedad_c":"Filagot"},
{"codigo_paquetes":"package_2018_orosw_bojichekorsa_tef_84","variedad_a":"Key Tena","variedad_b":"Guduru","variedad_c":"Gimbichu"},
{"codigo_paquetes":"package_2018_orosw_bojichekorsa_tef_85","variedad_a":"Tesfa","variedad_b":"Boset","variedad_c":"Dega Tef"},
{"codigo_paquetes":"package_2018_orosw_bojichekorsa_tef_86","variedad_a":"Filagot","variedad_b":"Koye","variedad_c":"Guduru"},
{"codigo_paquetes":"package_2018_orosw_bojichekorsa_tef_87","variedad_a":"Korra","variedad_b":"Tseday ( Cr 37)","variedad_c":"Dagem"},
{"codigo_paquetes":"package_2018_orosw_bojichekorsa_tef_88","variedad_a":"Kena","variedad_b":"Koye","variedad_c":"Boset"},
{"codigo_paquetes":"package_2018_orosw_bojichekorsa_tef_89","variedad_a":"Korra","variedad_b":"Dega Tef","variedad_c":"Kuncho"},
{"codigo_paquetes":"package_2018_orosw_bojichekorsa_tef_90","variedad_a":"Koye","variedad_b":"Dagem","variedad_c":"Nigusu"},
{"codigo_paquetes":"package_2018_orosw_bojichekorsa_tef_91","variedad_a":"Simada","variedad_b":"Gimbichu","variedad_c":"Guduru"},
{"codigo_paquetes":"package_2018_orosw_bojichekorsa_tef_92","variedad_a":"Boset","variedad_b":"Kuncho","variedad_c":"Gimbichu"},
{"codigo_paquetes":"package_2018_orosw_bojichekorsa_tef_93","variedad_a":"Nigusu","variedad_b":"Filagot","variedad_c":"Korra"},
{"codigo_paquetes":"package_2018_orosw_bojichekorsa_tef_94","variedad_a":"Tseday ( Cr 37)","variedad_b":"Dega Tef","variedad_c":"Key Tena"}
]
