[
{"codigo_paquetes":"package_illuababora_hurumu_barley_2018_01","variedad_a":"Mezezo","variedad_b":"Local Oromia","variedad_c":"Local Oromia"},
{"codigo_paquetes":"package_illuababora_hurumu_barley_2018_02","variedad_a":"Estayish","variedad_b":"Tirit","variedad_c":"Baso"},
{"codigo_paquetes":"package_illuababora_hurumu_barley_2018_03","variedad_a":"Hirti","variedad_b":"Felamity","variedad_c":"HB1307"},
{"codigo_paquetes":"package_illuababora_hurumu_barley_2018_04","variedad_a":"Cross#41198","variedad_b":"Shedeho","variedad_c":"Illala 1"},
{"codigo_paquetes":"package_illuababora_hurumu_barley_2018_05","variedad_a":"Agegnehu","variedad_b":"Hb1966","variedad_c":"Illala 2"},
{"codigo_paquetes":"package_illuababora_hurumu_barley_2018_06","variedad_a":"Yedogit","variedad_b":"Sabini","variedad_c":"Hb1968"},
{"codigo_paquetes":"package_illuababora_hurumu_barley_2018_07","variedad_a":"Baso","variedad_b":"Estayish","variedad_c":"Local Oromia"},
{"codigo_paquetes":"package_illuababora_hurumu_barley_2018_08","variedad_a":"Illala 2","variedad_b":"Local Oromia","variedad_c":"Sabini"},
{"codigo_paquetes":"package_illuababora_hurumu_barley_2018_09","variedad_a":"Illala 1","variedad_b":"Hirti","variedad_c":"Mezezo"},
{"codigo_paquetes":"package_illuababora_hurumu_barley_2018_10","variedad_a":"Tirit","variedad_b":"HB1307","variedad_c":"Hb1966"},
{"codigo_paquetes":"package_illuababora_hurumu_barley_2018_11","variedad_a":"Local Oromia","variedad_b":"Hb1968","variedad_c":"Cross#41198"},
{"codigo_paquetes":"package_illuababora_hurumu_barley_2018_12","variedad_a":"Felamity","variedad_b":"Yedogit","variedad_c":"Tirit"},
{"codigo_paquetes":"package_illuababora_hurumu_barley_2018_13","variedad_a":"Shedeho","variedad_b":"Mezezo","variedad_c":"Agegnehu"},
{"codigo_paquetes":"package_illuababora_hurumu_barley_2018_14","variedad_a":"Illala 1","variedad_b":"Illala 2","variedad_c":"Yedogit"},
{"codigo_paquetes":"package_illuababora_hurumu_barley_2018_15","variedad_a":"Sabini","variedad_b":"Hb1968","variedad_c":"Hirti"},
{"codigo_paquetes":"package_illuababora_hurumu_barley_2018_16","variedad_a":"HB1307","variedad_b":"Agegnehu","variedad_c":"Felamity"},
{"codigo_paquetes":"package_illuababora_hurumu_barley_2018_17","variedad_a":"Hb1966","variedad_b":"Local Oromia","variedad_c":"Shedeho"},
{"codigo_paquetes":"package_illuababora_hurumu_barley_2018_18","variedad_a":"Hb1968","variedad_b":"Baso","variedad_c":"Yedogit"},
{"codigo_paquetes":"package_illuababora_hurumu_barley_2018_19","variedad_a":"Local Oromia","variedad_b":"Cross#41198","variedad_c":"Felamity"},
{"codigo_paquetes":"package_illuababora_hurumu_barley_2018_20","variedad_a":"Tirit","variedad_b":"Shedeho","variedad_c":"Estayish"},
{"codigo_paquetes":"package_illuababora_hurumu_barley_2018_21","variedad_a":"HB1307","variedad_b":"Illala 1","variedad_c":"Local Oromia"},
{"codigo_paquetes":"package_illuababora_hurumu_barley_2018_22","variedad_a":"Baso","variedad_b":"Illala 2","variedad_c":"Sabini"},
{"codigo_paquetes":"package_illuababora_hurumu_barley_2018_23","variedad_a":"Cross#41198","variedad_b":"Local Oromia","variedad_c":"Hb1966"},
{"codigo_paquetes":"package_illuababora_hurumu_barley_2018_24","variedad_a":"Estayish","variedad_b":"HB1307","variedad_c":"Illala 2"},
{"codigo_paquetes":"package_illuababora_hurumu_barley_2018_25","variedad_a":"Yedogit","variedad_b":"Illala 1","variedad_c":"Mezezo"},
{"codigo_paquetes":"package_illuababora_hurumu_barley_2018_26","variedad_a":"Hirti","variedad_b":"Tirit","variedad_c":"Baso"},
{"codigo_paquetes":"package_illuababora_hurumu_barley_2018_27","variedad_a":"Felamity","variedad_b":"Sabini","variedad_c":"Agegnehu"}
]
