[
{"codigo_paquetes":"package_2019_osw_tole_wheat_001","variedad_a":"Obora","variedad_b":"Mandoyou","variedad_c":"Dendea"},
{"codigo_paquetes":"package_2019_osw_tole_wheat_002","variedad_a":"Ogolcho","variedad_b":"Kingbird","variedad_c":"Shorima"},
{"codigo_paquetes":"package_2019_osw_tole_wheat_003","variedad_a":"Dembal","variedad_b":"Hidase","variedad_c":"Kekeba"},
{"codigo_paquetes":"package_2019_osw_tole_wheat_004","variedad_a":"Mandoyou","variedad_b":"Sanate","variedad_c":"Kekeba"},
{"codigo_paquetes":"package_2019_osw_tole_wheat_005","variedad_a":"Dendea","variedad_b":"Kekeba","variedad_c":"Ogolcho"},
{"codigo_paquetes":"package_2019_osw_tole_wheat_006","variedad_a":"Sanate","variedad_b":"Shorima","variedad_c":"Dembal"},
{"codigo_paquetes":"package_2019_osw_tole_wheat_007","variedad_a":"Hidase","variedad_b":"Obora","variedad_c":"Ogolcho"},
{"codigo_paquetes":"package_2019_osw_tole_wheat_008","variedad_a":"Kingbird","variedad_b":"Dembal","variedad_c":"Sanate"},
{"codigo_paquetes":"package_2019_osw_tole_wheat_009","variedad_a":"Mandoyou","variedad_b":"Hidase","variedad_c":"Kingbird"},
{"codigo_paquetes":"package_2019_osw_tole_wheat_010","variedad_a":"Shorima","variedad_b":"Ogolcho","variedad_c":"Dendea"},
{"codigo_paquetes":"package_2019_osw_tole_wheat_011","variedad_a":"Kekeba","variedad_b":"Hidase","variedad_c":"Obora"},
{"codigo_paquetes":"package_2019_osw_tole_wheat_012","variedad_a":"Kingbird","variedad_b":"Sanate","variedad_c":"Hidase"},
{"codigo_paquetes":"package_2019_osw_tole_wheat_013","variedad_a":"Obora","variedad_b":"Ogolcho","variedad_c":"Kingbird"},
{"codigo_paquetes":"package_2019_osw_tole_wheat_014","variedad_a":"Dembal","variedad_b":"Shorima","variedad_c":"Mandoyou"},
{"codigo_paquetes":"package_2019_osw_tole_wheat_015","variedad_a":"Kekeba","variedad_b":"Dendea","variedad_c":"Obora"},
{"codigo_paquetes":"package_2019_osw_tole_wheat_016","variedad_a":"Ogolcho","variedad_b":"Hidase","variedad_c":"Shorima"},
{"codigo_paquetes":"package_2019_osw_tole_wheat_017","variedad_a":"Hidase","variedad_b":"Dembal","variedad_c":"Kekeba"},
{"codigo_paquetes":"package_2019_osw_tole_wheat_018","variedad_a":"Sanate","variedad_b":"Kingbird","variedad_c":"Mandoyou"},
{"codigo_paquetes":"package_2019_osw_tole_wheat_019","variedad_a":"Dendea","variedad_b":"Kekeba","variedad_c":"Dembal"},
{"codigo_paquetes":"package_2019_osw_tole_wheat_020","variedad_a":"Kingbird","variedad_b":"Dendea","variedad_c":"Shorima"},
{"codigo_paquetes":"package_2019_osw_tole_wheat_021","variedad_a":"Sanate","variedad_b":"Obora","variedad_c":"Ogolcho"},
{"codigo_paquetes":"package_2019_osw_tole_wheat_022","variedad_a":"Kingbird","variedad_b":"Mandoyou","variedad_c":"Hidase"},
{"codigo_paquetes":"package_2019_osw_tole_wheat_023","variedad_a":"Mandoyou","variedad_b":"Kekeba","variedad_c":"Kingbird"},
{"codigo_paquetes":"package_2019_osw_tole_wheat_024","variedad_a":"Shorima","variedad_b":"Hidase","variedad_c":"Sanate"},
{"codigo_paquetes":"package_2019_osw_tole_wheat_025","variedad_a":"Obora","variedad_b":"Dembal","variedad_c":"Kekeba"},
{"codigo_paquetes":"package_2019_osw_tole_wheat_026","variedad_a":"Ogolcho","variedad_b":"Obora","variedad_c":"Dendea"},
{"codigo_paquetes":"package_2019_osw_tole_wheat_027","variedad_a":"Kingbird","variedad_b":"Hidase","variedad_c":"Ogolcho"},
{"codigo_paquetes":"package_2019_osw_tole_wheat_028","variedad_a":"Dembal","variedad_b":"Shorima","variedad_c":"Hidase"},
{"codigo_paquetes":"package_2019_osw_tole_wheat_029","variedad_a":"Dendea","variedad_b":"Mandoyou","variedad_c":"Sanate"},
{"codigo_paquetes":"package_2019_osw_tole_wheat_030","variedad_a":"Kekeba","variedad_b":"Ogolcho","variedad_c":"Dembal"},
{"codigo_paquetes":"package_2019_osw_tole_wheat_031","variedad_a":"Shorima","variedad_b":"Dendea","variedad_c":"Kekeba"},
{"codigo_paquetes":"package_2019_osw_tole_wheat_032","variedad_a":"Sanate","variedad_b":"Kingbird","variedad_c":"Obora"},
{"codigo_paquetes":"package_2019_osw_tole_wheat_033","variedad_a":"Hidase","variedad_b":"Ogolcho","variedad_c":"Mandoyou"},
{"codigo_paquetes":"package_2019_osw_tole_wheat_034","variedad_a":"Kingbird","variedad_b":"Mandoyou","variedad_c":"Kekeba"},
{"codigo_paquetes":"package_2019_osw_tole_wheat_035","variedad_a":"Kingbird","variedad_b":"Sanate","variedad_c":"Shorima"},
{"codigo_paquetes":"package_2019_osw_tole_wheat_036","variedad_a":"Obora","variedad_b":"Hidase","variedad_c":"Ogolcho"},
{"codigo_paquetes":"package_2019_osw_tole_wheat_037","variedad_a":"Dembal","variedad_b":"Obora","variedad_c":"Dendea"},
{"codigo_paquetes":"package_2019_osw_tole_wheat_038","variedad_a":"Sanate","variedad_b":"Dembal","variedad_c":"Kingbird"},
{"codigo_paquetes":"package_2019_osw_tole_wheat_039","variedad_a":"Ogolcho","variedad_b":"Shorima","variedad_c":"Hidase"},
{"codigo_paquetes":"package_2019_osw_tole_wheat_040","variedad_a":"Dendea","variedad_b":"Kekeba","variedad_c":"Sanate"},
{"codigo_paquetes":"package_2019_osw_tole_wheat_041","variedad_a":"Mandoyou","variedad_b":"Dembal","variedad_c":"Ogolcho"},
{"codigo_paquetes":"package_2019_osw_tole_wheat_042","variedad_a":"Shorima","variedad_b":"Dendea","variedad_c":"Mandoyou"},
{"codigo_paquetes":"package_2019_osw_tole_wheat_043","variedad_a":"Kekeba","variedad_b":"Kingbird","variedad_c":"Obora"},
{"codigo_paquetes":"package_2019_osw_tole_wheat_044","variedad_a":"Hidase","variedad_b":"Sanate","variedad_c":"Ogolcho"},
{"codigo_paquetes":"package_2019_osw_tole_wheat_045","variedad_a":"Mandoyou","variedad_b":"Hidase","variedad_c":"Sanate"},
{"codigo_paquetes":"package_2019_osw_tole_wheat_046","variedad_a":"Kekeba","variedad_b":"Kingbird","variedad_c":"Shorima"},
{"codigo_paquetes":"package_2019_osw_tole_wheat_047","variedad_a":"Obora","variedad_b":"Hidase","variedad_c":"Ogolcho"},
{"codigo_paquetes":"package_2019_osw_tole_wheat_048","variedad_a":"Hidase","variedad_b":"Dendea","variedad_c":"Dembal"},
{"codigo_paquetes":"package_2019_osw_tole_wheat_049","variedad_a":"Dembal","variedad_b":"Obora","variedad_c":"Kingbird"},
{"codigo_paquetes":"package_2019_osw_tole_wheat_050","variedad_a":"Ogolcho","variedad_b":"Shorima","variedad_c":"Kekeba"},
{"codigo_paquetes":"package_2019_osw_tole_wheat_051","variedad_a":"Sanate","variedad_b":"Shorima","variedad_c":"Dendea"},
{"codigo_paquetes":"package_2019_osw_tole_wheat_052","variedad_a":"Kingbird","variedad_b":"Ogolcho","variedad_c":"Mandoyou"},
{"codigo_paquetes":"package_2019_osw_tole_wheat_053","variedad_a":"Dendea","variedad_b":"Mandoyou","variedad_c":"Dembal"},
{"codigo_paquetes":"package_2019_osw_tole_wheat_054","variedad_a":"Shorima","variedad_b":"Kekeba","variedad_c":"Obora"},
{"codigo_paquetes":"package_2019_osw_tole_wheat_055","variedad_a":"Kekeba","variedad_b":"Sanate","variedad_c":"Hidase"},
{"codigo_paquetes":"package_2019_osw_tole_wheat_056","variedad_a":"Kingbird","variedad_b":"Sanate","variedad_c":"Ogolcho"},
{"codigo_paquetes":"package_2019_osw_tole_wheat_057","variedad_a":"Mandoyou","variedad_b":"Kingbird","variedad_c":"Shorima"},
{"codigo_paquetes":"package_2019_osw_tole_wheat_058","variedad_a":"Obora","variedad_b":"Dendea","variedad_c":"Ogolcho"},
{"codigo_paquetes":"package_2019_osw_tole_wheat_059","variedad_a":"Dembal","variedad_b":"Ogolcho","variedad_c":"Hidase"},
{"codigo_paquetes":"package_2019_osw_tole_wheat_060","variedad_a":"Hidase","variedad_b":"Obora","variedad_c":"Kingbird"},
{"codigo_paquetes":"package_2019_osw_tole_wheat_061","variedad_a":"Kingbird","variedad_b":"Dembal","variedad_c":"Kekeba"},
{"codigo_paquetes":"package_2019_osw_tole_wheat_062","variedad_a":"Sanate","variedad_b":"Shorima","variedad_c":"Mandoyou"},
{"codigo_paquetes":"package_2019_osw_tole_wheat_063","variedad_a":"Ogolcho","variedad_b":"Kingbird","variedad_c":"Dendea"},
{"codigo_paquetes":"package_2019_osw_tole_wheat_064","variedad_a":"Obora","variedad_b":"Mandoyou","variedad_c":"Dembal"},
{"codigo_paquetes":"package_2019_osw_tole_wheat_065","variedad_a":"Dendea","variedad_b":"Hidase","variedad_c":"Shorima"},
{"codigo_paquetes":"package_2019_osw_tole_wheat_066","variedad_a":"Kekeba","variedad_b":"Shorima","variedad_c":"Sanate"},
{"codigo_paquetes":"package_2019_osw_tole_wheat_067","variedad_a":"Sanate","variedad_b":"Kekeba","variedad_c":"Ogolcho"},
{"codigo_paquetes":"package_2019_osw_tole_wheat_068","variedad_a":"Kingbird","variedad_b":"Mandoyou","variedad_c":"Ogolcho"},
{"codigo_paquetes":"package_2019_osw_tole_wheat_069","variedad_a":"Shorima","variedad_b":"Dendea","variedad_c":"Obora"},
{"codigo_paquetes":"package_2019_osw_tole_wheat_070","variedad_a":"Dembal","variedad_b":"Sanate","variedad_c":"Hidase"},
{"codigo_paquetes":"package_2019_osw_tole_wheat_071","variedad_a":"Hidase","variedad_b":"Obora","variedad_c":"Kekeba"},
{"codigo_paquetes":"package_2019_osw_tole_wheat_072","variedad_a":"Ogolcho","variedad_b":"Shorima","variedad_c":"Dembal"},
{"codigo_paquetes":"package_2019_osw_tole_wheat_073","variedad_a":"Mandoyou","variedad_b":"Dendea","variedad_c":"Kingbird"},
{"codigo_paquetes":"package_2019_osw_tole_wheat_074","variedad_a":"Shorima","variedad_b":"Ogolcho","variedad_c":"Mandoyou"},
{"codigo_paquetes":"package_2019_osw_tole_wheat_075","variedad_a":"Kingbird","variedad_b":"Dembal","variedad_c":"Shorima"},
{"codigo_paquetes":"package_2019_osw_tole_wheat_076","variedad_a":"Kingbird","variedad_b":"Hidase","variedad_c":"Dendea"},
{"codigo_paquetes":"package_2019_osw_tole_wheat_077","variedad_a":"Obora","variedad_b":"Kekeba","variedad_c":"Sanate"},
{"codigo_paquetes":"package_2019_osw_tole_wheat_078","variedad_a":"Ogolcho","variedad_b":"Kekeba","variedad_c":"Kingbird"},
{"codigo_paquetes":"package_2019_osw_tole_wheat_079","variedad_a":"Mandoyou","variedad_b":"Hidase","variedad_c":"Obora"},
{"codigo_paquetes":"package_2019_osw_tole_wheat_080","variedad_a":"Dendea","variedad_b":"Shorima","variedad_c":"Hidase"},
{"codigo_paquetes":"package_2019_osw_tole_wheat_081","variedad_a":"Dembal","variedad_b":"Sanate","variedad_c":"Dendea"},
{"codigo_paquetes":"package_2019_osw_tole_wheat_082","variedad_a":"Sanate","variedad_b":"Hidase","variedad_c":"Obora"},
{"codigo_paquetes":"package_2019_osw_tole_wheat_083","variedad_a":"Kekeba","variedad_b":"Shorima","variedad_c":"Obora"},
{"codigo_paquetes":"package_2019_osw_tole_wheat_084","variedad_a":"Kingbird","variedad_b":"Dembal","variedad_c":"Mandoyou"},
{"codigo_paquetes":"package_2019_osw_tole_wheat_085","variedad_a":"Dendea","variedad_b":"Mandoyou","variedad_c":"Ogolcho"},
{"codigo_paquetes":"package_2019_osw_tole_wheat_086","variedad_a":"Shorima","variedad_b":"Ogolcho","variedad_c":"Dembal"},
{"codigo_paquetes":"package_2019_osw_tole_wheat_087","variedad_a":"Hidase","variedad_b":"Kingbird","variedad_c":"Obora"},
{"codigo_paquetes":"package_2019_osw_tole_wheat_088","variedad_a":"Dembal","variedad_b":"Obora","variedad_c":"Kekeba"},
{"codigo_paquetes":"package_2019_osw_tole_wheat_089","variedad_a":"Ogolcho","variedad_b":"Kingbird","variedad_c":"Sanate"},
{"codigo_paquetes":"package_2019_osw_tole_wheat_090","variedad_a":"Obora","variedad_b":"Mandoyou","variedad_c":"Kekeba"},
{"codigo_paquetes":"package_2019_osw_tole_wheat_091","variedad_a":"Sanate","variedad_b":"Dendea","variedad_c":"Shorima"},
{"codigo_paquetes":"package_2019_osw_tole_wheat_092","variedad_a":"Sanate","variedad_b":"Hidase","variedad_c":"Dendea"},
{"codigo_paquetes":"package_2019_osw_tole_wheat_093","variedad_a":"Mandoyou","variedad_b":"Obora","variedad_c":"Sanate"},
{"codigo_paquetes":"package_2019_osw_tole_wheat_094","variedad_a":"Kekeba","variedad_b":"Shorima","variedad_c":"Hidase"},
{"codigo_paquetes":"package_2019_osw_tole_wheat_095","variedad_a":"Kingbird","variedad_b":"Dembal","variedad_c":"Ogolcho"},
{"codigo_paquetes":"package_2019_osw_tole_wheat_096","variedad_a":"Mandoyou","variedad_b":"Ogolcho","variedad_c":"Obora"},
{"codigo_paquetes":"package_2019_osw_tole_wheat_097","variedad_a":"Dendea","variedad_b":"Shorima","variedad_c":"Dembal"},
{"codigo_paquetes":"package_2019_osw_tole_wheat_098","variedad_a":"Hidase","variedad_b":"Kekeba","variedad_c":"Kingbird"},
{"codigo_paquetes":"package_2019_osw_tole_wheat_099","variedad_a":"Obora","variedad_b":"Sanate","variedad_c":"Mandoyou"},
{"codigo_paquetes":"package_2019_osw_tole_wheat_100","variedad_a":"Dembal","variedad_b":"Ogolcho","variedad_c":"Obora"},
{"codigo_paquetes":"package_2019_osw_tole_wheat_101","variedad_a":"Mandoyou","variedad_b":"Dendea","variedad_c":"Kekeba"},
{"codigo_paquetes":"package_2019_osw_tole_wheat_102","variedad_a":"Shorima","variedad_b":"Dendea","variedad_c":"Kingbird"},
{"codigo_paquetes":"package_2019_osw_tole_wheat_103","variedad_a":"Sanate","variedad_b":"Kingbird","variedad_c":"Hidase"},
{"codigo_paquetes":"package_2019_osw_tole_wheat_104","variedad_a":"Dendea","variedad_b":"Kekeba","variedad_c":"Sanate"},
{"codigo_paquetes":"package_2019_osw_tole_wheat_105","variedad_a":"Hidase","variedad_b":"Obora","variedad_c":"Shorima"},
{"codigo_paquetes":"package_2019_osw_tole_wheat_106","variedad_a":"Kekeba","variedad_b":"Dembal","variedad_c":"Mandoyou"},
{"codigo_paquetes":"package_2019_osw_tole_wheat_107","variedad_a":"Mandoyou","variedad_b":"Hidase","variedad_c":"Ogolcho"},
{"codigo_paquetes":"package_2019_osw_tole_wheat_108","variedad_a":"Ogolcho","variedad_b":"Dembal","variedad_c":"Dendea"},
{"codigo_paquetes":"package_2019_osw_tole_wheat_109","variedad_a":"Shorima","variedad_b":"Sanate","variedad_c":"Kekeba"},
{"codigo_paquetes":"package_2019_osw_tole_wheat_110","variedad_a":"Kingbird","variedad_b":"Mandoyou","variedad_c":"Obora"},
{"codigo_paquetes":"package_2019_osw_tole_wheat_111","variedad_a":"Obora","variedad_b":"Sanate","variedad_c":"Dembal"},
{"codigo_paquetes":"package_2019_osw_tole_wheat_112","variedad_a":"Mandoyou","variedad_b":"Kekeba","variedad_c":"Ogolcho"},
{"codigo_paquetes":"package_2019_osw_tole_wheat_113","variedad_a":"Dendea","variedad_b":"Kingbird","variedad_c":"Obora"},
{"codigo_paquetes":"package_2019_osw_tole_wheat_114","variedad_a":"Hidase","variedad_b":"Shorima","variedad_c":"Kingbird"},
{"codigo_paquetes":"package_2019_osw_tole_wheat_115","variedad_a":"Sanate","variedad_b":"Dendea","variedad_c":"Shorima"},
{"codigo_paquetes":"package_2019_osw_tole_wheat_116","variedad_a":"Obora","variedad_b":"Hidase","variedad_c":"Dendea"},
{"codigo_paquetes":"package_2019_osw_tole_wheat_117","variedad_a":"Kingbird","variedad_b":"Kekeba","variedad_c":"Dembal"},
{"codigo_paquetes":"package_2019_osw_tole_wheat_118","variedad_a":"Ogolcho","variedad_b":"Mandoyou","variedad_c":"Sanate"},
{"codigo_paquetes":"package_2019_osw_tole_wheat_119","variedad_a":"Ogolcho","variedad_b":"Dendea","variedad_c":"Hidase"},
{"codigo_paquetes":"package_2019_osw_tole_wheat_120","variedad_a":"Dembal","variedad_b":"Kekeba","variedad_c":"Shorima"},
{"codigo_paquetes":"package_2019_osw_tole_wheat_121","variedad_a":"Shorima","variedad_b":"Dembal","variedad_c":"Mandoyou"},
{"codigo_paquetes":"package_2019_osw_tole_wheat_122","variedad_a":"Shorima","variedad_b":"Obora","variedad_c":"Sanate"},
{"codigo_paquetes":"package_2019_osw_tole_wheat_123","variedad_a":"Kekeba","variedad_b":"Ogolcho","variedad_c":"Obora"},
{"codigo_paquetes":"package_2019_osw_tole_wheat_124","variedad_a":"Mandoyou","variedad_b":"Dendea","variedad_c":"Obora"},
{"codigo_paquetes":"package_2019_osw_tole_wheat_125","variedad_a":"Dembal","variedad_b":"Hidase","variedad_c":"Kingbird"},
{"codigo_paquetes":"package_2019_osw_tole_wheat_126","variedad_a":"Sanate","variedad_b":"Kingbird","variedad_c":"Obora"},
{"codigo_paquetes":"package_2019_osw_tole_wheat_127","variedad_a":"Hidase","variedad_b":"Shorima","variedad_c":"Mandoyou"},
{"codigo_paquetes":"package_2019_osw_tole_wheat_128","variedad_a":"Dendea","variedad_b":"Ogolcho","variedad_c":"Kekeba"},
{"codigo_paquetes":"package_2019_osw_tole_wheat_129","variedad_a":"Kingbird","variedad_b":"Obora","variedad_c":"Dendea"},
{"codigo_paquetes":"package_2019_osw_tole_wheat_130","variedad_a":"Dembal","variedad_b":"Sanate","variedad_c":"Ogolcho"},
{"codigo_paquetes":"package_2019_osw_tole_wheat_131","variedad_a":"Kekeba","variedad_b":"Dendea","variedad_c":"Hidase"},
{"codigo_paquetes":"package_2019_osw_tole_wheat_132","variedad_a":"Shorima","variedad_b":"Mandoyou","variedad_c":"Obora"},
{"codigo_paquetes":"package_2019_osw_tole_wheat_133","variedad_a":"Sanate","variedad_b":"Ogolcho","variedad_c":"Shorima"},
{"codigo_paquetes":"package_2019_osw_tole_wheat_134","variedad_a":"Obora","variedad_b":"Mandoyou","variedad_c":"Dembal"},
{"codigo_paquetes":"package_2019_osw_tole_wheat_135","variedad_a":"Hidase","variedad_b":"Dendea","variedad_c":"Kekeba"},
{"codigo_paquetes":"package_2019_osw_tole_wheat_136","variedad_a":"Mandoyou","variedad_b":"Obora","variedad_c":"Kingbird"},
{"codigo_paquetes":"package_2019_osw_tole_wheat_137","variedad_a":"Kekeba","variedad_b":"Kingbird","variedad_c":"Sanate"},
{"codigo_paquetes":"package_2019_osw_tole_wheat_138","variedad_a":"Mandoyou","variedad_b":"Dembal","variedad_c":"Hidase"},
{"codigo_paquetes":"package_2019_osw_tole_wheat_139","variedad_a":"Ogolcho","variedad_b":"Sanate","variedad_c":"Dendea"},
{"codigo_paquetes":"package_2019_osw_tole_wheat_140","variedad_a":"Shorima","variedad_b":"Kekeba","variedad_c":"Mandoyou"},
{"codigo_paquetes":"package_2019_osw_tole_wheat_141","variedad_a":"Dendea","variedad_b":"Kingbird","variedad_c":"Dembal"},
{"codigo_paquetes":"package_2019_osw_tole_wheat_142","variedad_a":"Mandoyou","variedad_b":"Hidase","variedad_c":"Shorima"},
{"codigo_paquetes":"package_2019_osw_tole_wheat_143","variedad_a":"Obora","variedad_b":"Mandoyou","variedad_c":"Ogolcho"},
{"codigo_paquetes":"package_2019_osw_tole_wheat_144","variedad_a":"Ogolcho","variedad_b":"Sanate","variedad_c":"Dendea"},
{"codigo_paquetes":"package_2019_osw_tole_wheat_145","variedad_a":"Dembal","variedad_b":"Shorima","variedad_c":"Obora"},
{"codigo_paquetes":"package_2019_osw_tole_wheat_146","variedad_a":"Kingbird","variedad_b":"Kekeba","variedad_c":"Obora"},
{"codigo_paquetes":"package_2019_osw_tole_wheat_147","variedad_a":"Mandoyou","variedad_b":"Sanate","variedad_c":"Hidase"},
{"codigo_paquetes":"package_2019_osw_tole_wheat_148","variedad_a":"Sanate","variedad_b":"Dembal","variedad_c":"Kekeba"},
{"codigo_paquetes":"package_2019_osw_tole_wheat_149","variedad_a":"Hidase","variedad_b":"Ogolcho","variedad_c":"Kingbird"},
{"codigo_paquetes":"package_2019_osw_tole_wheat_150","variedad_a":"Hidase","variedad_b":"Shorima","variedad_c":"Obora"},
{"codigo_paquetes":"package_2019_osw_tole_wheat_151","variedad_a":"Dendea","variedad_b":"Hidase","variedad_c":"Mandoyou"},
{"codigo_paquetes":"package_2019_osw_tole_wheat_152","variedad_a":"Dendea","variedad_b":"Kekeba","variedad_c":"Dembal"},
{"codigo_paquetes":"package_2019_osw_tole_wheat_153","variedad_a":"Kekeba","variedad_b":"Shorima","variedad_c":"Ogolcho"},
{"codigo_paquetes":"package_2019_osw_tole_wheat_154","variedad_a":"Obora","variedad_b":"Dendea","variedad_c":"Sanate"},
{"codigo_paquetes":"package_2019_osw_tole_wheat_155","variedad_a":"Kingbird","variedad_b":"Obora","variedad_c":"Shorima"},
{"codigo_paquetes":"package_2019_osw_tole_wheat_156","variedad_a":"Dembal","variedad_b":"Mandoyou","variedad_c":"Sanate"},
{"codigo_paquetes":"package_2019_osw_tole_wheat_157","variedad_a":"Kekeba","variedad_b":"Kingbird","variedad_c":"Obora"},
{"codigo_paquetes":"package_2019_osw_tole_wheat_158","variedad_a":"Ogolcho","variedad_b":"Hidase","variedad_c":"Kekeba"},
{"codigo_paquetes":"package_2019_osw_tole_wheat_159","variedad_a":"Sanate","variedad_b":"Ogolcho","variedad_c":"Dendea"},
{"codigo_paquetes":"package_2019_osw_tole_wheat_160","variedad_a":"Hidase","variedad_b":"Obora","variedad_c":"Dembal"},
{"codigo_paquetes":"package_2019_osw_tole_wheat_161","variedad_a":"Shorima","variedad_b":"Dendea","variedad_c":"Mandoyou"},
{"codigo_paquetes":"package_2019_osw_tole_wheat_162","variedad_a":"Kingbird","variedad_b":"Dendea","variedad_c":"Hidase"},
{"codigo_paquetes":"package_2019_osw_tole_wheat_163","variedad_a":"Hidase","variedad_b":"Dembal","variedad_c":"Sanate"},
{"codigo_paquetes":"package_2019_osw_tole_wheat_164","variedad_a":"Mandoyou","variedad_b":"Kekeba","variedad_c":"Hidase"},
{"codigo_paquetes":"package_2019_osw_tole_wheat_165","variedad_a":"Dendea","variedad_b":"Sanate","variedad_c":"Kingbird"},
{"codigo_paquetes":"package_2019_osw_tole_wheat_166","variedad_a":"Dembal","variedad_b":"Kekeba","variedad_c":"Shorima"},
{"codigo_paquetes":"package_2019_osw_tole_wheat_167","variedad_a":"Kekeba","variedad_b":"Dendea","variedad_c":"Kingbird"},
{"codigo_paquetes":"package_2019_osw_tole_wheat_168","variedad_a":"Mandoyou","variedad_b":"Hidase","variedad_c":"Obora"},
{"codigo_paquetes":"package_2019_osw_tole_wheat_169","variedad_a":"Obora","variedad_b":"Ogolcho","variedad_c":"Sanate"}
]
