[
{"codigo_paquetes":"package_issd_osw_bore_fababean2019_001","variedad_a":"Walki","variedad_b":"Mosisa","variedad_c":"Dosha"},
{"codigo_paquetes":"package_issd_osw_bore_fababean2019_002","variedad_a":"Alloshe","variedad_b":"Tumsa","variedad_c":"Obse"},
{"codigo_paquetes":"package_issd_osw_bore_fababean2019_003","variedad_a":"Gebelcho","variedad_b":"Hachalu","variedad_c":"Dedea"},
{"codigo_paquetes":"package_issd_osw_bore_fababean2019_004","variedad_a":"Gora","variedad_b":"Alloshe","variedad_c":"Moti"},
{"codigo_paquetes":"package_issd_osw_bore_fababean2019_005","variedad_a":"Shallo","variedad_b":"Dosha","variedad_c":"Walki"},
{"codigo_paquetes":"package_issd_osw_bore_fababean2019_006","variedad_a":"Tumsa","variedad_b":"Moti","variedad_c":"Mosisa"},
{"codigo_paquetes":"package_issd_osw_bore_fababean2019_007","variedad_a":"Hachalu","variedad_b":"Dedea","variedad_c":"Shallo"},
{"codigo_paquetes":"package_issd_osw_bore_fababean2019_008","variedad_a":"Obse","variedad_b":"Gora","variedad_c":"Gebelcho"},
{"codigo_paquetes":"package_issd_osw_bore_fababean2019_009","variedad_a":"Dosha","variedad_b":"Gora","variedad_c":"Hachalu"},
{"codigo_paquetes":"package_issd_osw_bore_fababean2019_010","variedad_a":"Moti","variedad_b":"Dedea","variedad_c":"Alloshe"},
{"codigo_paquetes":"package_issd_osw_bore_fababean2019_011","variedad_a":"Mosisa","variedad_b":"Gebelcho","variedad_c":"Tumsa"},
{"codigo_paquetes":"package_issd_osw_bore_fababean2019_012","variedad_a":"Walki","variedad_b":"Shallo","variedad_c":"Obse"},
{"codigo_paquetes":"package_issd_osw_bore_fababean2019_013","variedad_a":"Tumsa","variedad_b":"Obse","variedad_c":"Hachalu"},
{"codigo_paquetes":"package_issd_osw_bore_fababean2019_014","variedad_a":"Dedea","variedad_b":"Alloshe","variedad_c":"Dosha"},
{"codigo_paquetes":"package_issd_osw_bore_fababean2019_015","variedad_a":"Shallo","variedad_b":"Walki","variedad_c":"Mosisa"},
{"codigo_paquetes":"package_issd_osw_bore_fababean2019_016","variedad_a":"Gebelcho","variedad_b":"Moti","variedad_c":"Gora"},
{"codigo_paquetes":"package_issd_osw_bore_fababean2019_017","variedad_a":"Gora","variedad_b":"Dosha","variedad_c":"Moti"},
{"codigo_paquetes":"package_issd_osw_bore_fababean2019_018","variedad_a":"Alloshe","variedad_b":"Tumsa","variedad_c":"Shallo"},
{"codigo_paquetes":"package_issd_osw_bore_fababean2019_019","variedad_a":"Dedea","variedad_b":"Gebelcho","variedad_c":"Walki"},
{"codigo_paquetes":"package_issd_osw_bore_fababean2019_020","variedad_a":"Mosisa","variedad_b":"Hachalu","variedad_c":"Obse"},
{"codigo_paquetes":"package_issd_osw_bore_fababean2019_021","variedad_a":"Gora","variedad_b":"Gebelcho","variedad_c":"Tumsa"},
{"codigo_paquetes":"package_issd_osw_bore_fababean2019_022","variedad_a":"Hachalu","variedad_b":"Mosisa","variedad_c":"Dosha"},
{"codigo_paquetes":"package_issd_osw_bore_fababean2019_023","variedad_a":"Moti","variedad_b":"Walki","variedad_c":"Alloshe"},
{"codigo_paquetes":"package_issd_osw_bore_fababean2019_024","variedad_a":"Walki","variedad_b":"Obse","variedad_c":"Dedea"},
{"codigo_paquetes":"package_issd_osw_bore_fababean2019_025","variedad_a":"Obse","variedad_b":"Shallo","variedad_c":"Gora"},
{"codigo_paquetes":"package_issd_osw_bore_fababean2019_026","variedad_a":"Tumsa","variedad_b":"Mosisa","variedad_c":"Dedea"},
{"codigo_paquetes":"package_issd_osw_bore_fababean2019_027","variedad_a":"Alloshe","variedad_b":"Hachalu","variedad_c":"Gebelcho"},
{"codigo_paquetes":"package_issd_osw_bore_fababean2019_028","variedad_a":"Dosha","variedad_b":"Moti","variedad_c":"Shallo"},
{"codigo_paquetes":"package_issd_osw_bore_fababean2019_029","variedad_a":"Dosha","variedad_b":"Alloshe","variedad_c":"Tumsa"},
{"codigo_paquetes":"package_issd_osw_bore_fababean2019_030","variedad_a":"Gebelcho","variedad_b":"Dedea","variedad_c":"Moti"},
{"codigo_paquetes":"package_issd_osw_bore_fababean2019_031","variedad_a":"Hachalu","variedad_b":"Gora","variedad_c":"Walki"},
{"codigo_paquetes":"package_issd_osw_bore_fababean2019_032","variedad_a":"Shallo","variedad_b":"Obse","variedad_c":"Mosisa"},
{"codigo_paquetes":"package_issd_osw_bore_fababean2019_033","variedad_a":"Gora","variedad_b":"Dosha","variedad_c":"Gebelcho"},
{"codigo_paquetes":"package_issd_osw_bore_fababean2019_034","variedad_a":"Mosisa","variedad_b":"Walki","variedad_c":"Alloshe"},
{"codigo_paquetes":"package_issd_osw_bore_fababean2019_035","variedad_a":"Obse","variedad_b":"Dedea","variedad_c":"Hachalu"},
{"codigo_paquetes":"package_issd_osw_bore_fababean2019_036","variedad_a":"Moti","variedad_b":"Tumsa","variedad_c":"Shallo"},
{"codigo_paquetes":"package_issd_osw_bore_fababean2019_037","variedad_a":"Dedea","variedad_b":"Tumsa","variedad_c":"Walki"},
{"codigo_paquetes":"package_issd_osw_bore_fababean2019_038","variedad_a":"Gebelcho","variedad_b":"Mosisa","variedad_c":"Hachalu"},
{"codigo_paquetes":"package_issd_osw_bore_fababean2019_039","variedad_a":"Alloshe","variedad_b":"Shallo","variedad_c":"Gora"},
{"codigo_paquetes":"package_issd_osw_bore_fababean2019_040","variedad_a":"Moti","variedad_b":"Dosha","variedad_c":"Obse"},
{"codigo_paquetes":"package_issd_osw_bore_fababean2019_041","variedad_a":"Tumsa","variedad_b":"Alloshe","variedad_c":"Gebelcho"},
{"codigo_paquetes":"package_issd_osw_bore_fababean2019_042","variedad_a":"Dedea","variedad_b":"Gora","variedad_c":"Moti"},
{"codigo_paquetes":"package_issd_osw_bore_fababean2019_043","variedad_a":"Walki","variedad_b":"Hachalu","variedad_c":"Dosha"},
{"codigo_paquetes":"package_issd_osw_bore_fababean2019_044","variedad_a":"Shallo","variedad_b":"Gebelcho","variedad_c":"Obse"},
{"codigo_paquetes":"package_issd_osw_bore_fababean2019_045","variedad_a":"Mosisa","variedad_b":"Dosha","variedad_c":"Gora"},
{"codigo_paquetes":"package_issd_osw_bore_fababean2019_046","variedad_a":"Hachalu","variedad_b":"Alloshe","variedad_c":"Dedea"},
{"codigo_paquetes":"package_issd_osw_bore_fababean2019_047","variedad_a":"Moti","variedad_b":"Walki","variedad_c":"Shallo"},
{"codigo_paquetes":"package_issd_osw_bore_fababean2019_048","variedad_a":"Tumsa","variedad_b":"Obse","variedad_c":"Mosisa"},
{"codigo_paquetes":"package_issd_osw_bore_fababean2019_049","variedad_a":"Gebelcho","variedad_b":"Walki","variedad_c":"Mosisa"},
{"codigo_paquetes":"package_issd_osw_bore_fababean2019_050","variedad_a":"Dedea","variedad_b":"Shallo","variedad_c":"Tumsa"},
{"codigo_paquetes":"package_issd_osw_bore_fababean2019_051","variedad_a":"Obse","variedad_b":"Moti","variedad_c":"Hachalu"},
{"codigo_paquetes":"package_issd_osw_bore_fababean2019_052","variedad_a":"Gora","variedad_b":"Gebelcho","variedad_c":"Alloshe"},
{"codigo_paquetes":"package_issd_osw_bore_fababean2019_053","variedad_a":"Dosha","variedad_b":"Moti","variedad_c":"Dedea"},
{"codigo_paquetes":"package_issd_osw_bore_fababean2019_054","variedad_a":"Hachalu","variedad_b":"Gora","variedad_c":"Tumsa"},
{"codigo_paquetes":"package_issd_osw_bore_fababean2019_055","variedad_a":"Alloshe","variedad_b":"Shallo","variedad_c":"Dosha"},
{"codigo_paquetes":"package_issd_osw_bore_fababean2019_056","variedad_a":"Mosisa","variedad_b":"Obse","variedad_c":"Dosha"},
{"codigo_paquetes":"package_issd_osw_bore_fababean2019_057","variedad_a":"Walki","variedad_b":"Dedea","variedad_c":"Gora"},
{"codigo_paquetes":"package_issd_osw_bore_fababean2019_058","variedad_a":"Shallo","variedad_b":"Hachalu","variedad_c":"Gebelcho"},
{"codigo_paquetes":"package_issd_osw_bore_fababean2019_059","variedad_a":"Obse","variedad_b":"Tumsa","variedad_c":"Walki"},
{"codigo_paquetes":"package_issd_osw_bore_fababean2019_060","variedad_a":"Gebelcho","variedad_b":"Mosisa","variedad_c":"Moti"},
{"codigo_paquetes":"package_issd_osw_bore_fababean2019_061","variedad_a":"Tumsa","variedad_b":"Dedea","variedad_c":"Alloshe"},
{"codigo_paquetes":"package_issd_osw_bore_fababean2019_062","variedad_a":"Walki","variedad_b":"Mosisa","variedad_c":"Hachalu"},
{"codigo_paquetes":"package_issd_osw_bore_fababean2019_063","variedad_a":"Gora","variedad_b":"Moti","variedad_c":"Obse"},
{"codigo_paquetes":"package_issd_osw_bore_fababean2019_064","variedad_a":"Alloshe","variedad_b":"Shallo","variedad_c":"Moti"},
{"codigo_paquetes":"package_issd_osw_bore_fababean2019_065","variedad_a":"Dosha","variedad_b":"Gebelcho","variedad_c":"Tumsa"},
{"codigo_paquetes":"package_issd_osw_bore_fababean2019_066","variedad_a":"Shallo","variedad_b":"Dosha","variedad_c":"Dedea"},
{"codigo_paquetes":"package_issd_osw_bore_fababean2019_067","variedad_a":"Hachalu","variedad_b":"Obse","variedad_c":"Alloshe"},
{"codigo_paquetes":"package_issd_osw_bore_fababean2019_068","variedad_a":"Mosisa","variedad_b":"Gora","variedad_c":"Walki"},
{"codigo_paquetes":"package_issd_osw_bore_fababean2019_069","variedad_a":"Dedea","variedad_b":"Hachalu","variedad_c":"Gora"},
{"codigo_paquetes":"package_issd_osw_bore_fababean2019_070","variedad_a":"Tumsa","variedad_b":"Walki","variedad_c":"Shallo"},
{"codigo_paquetes":"package_issd_osw_bore_fababean2019_071","variedad_a":"Obse","variedad_b":"Gebelcho","variedad_c":"Mosisa"},
{"codigo_paquetes":"package_issd_osw_bore_fababean2019_072","variedad_a":"Dosha","variedad_b":"Alloshe","variedad_c":"Mosisa"},
{"codigo_paquetes":"package_issd_osw_bore_fababean2019_073","variedad_a":"Moti","variedad_b":"Tumsa","variedad_c":"Hachalu"},
{"codigo_paquetes":"package_issd_osw_bore_fababean2019_074","variedad_a":"Moti","variedad_b":"Walki","variedad_c":"Obse"},
{"codigo_paquetes":"package_issd_osw_bore_fababean2019_075","variedad_a":"Gora","variedad_b":"Shallo","variedad_c":"Gebelcho"},
{"codigo_paquetes":"package_issd_osw_bore_fababean2019_076","variedad_a":"Dosha","variedad_b":"Tumsa","variedad_c":"Dedea"},
{"codigo_paquetes":"package_issd_osw_bore_fababean2019_077","variedad_a":"Alloshe","variedad_b":"Dedea","variedad_c":"Shallo"},
{"codigo_paquetes":"package_issd_osw_bore_fababean2019_078","variedad_a":"Gebelcho","variedad_b":"Alloshe","variedad_c":"Moti"},
{"codigo_paquetes":"package_issd_osw_bore_fababean2019_079","variedad_a":"Obse","variedad_b":"Gora","variedad_c":"Dosha"},
{"codigo_paquetes":"package_issd_osw_bore_fababean2019_080","variedad_a":"Mosisa","variedad_b":"Hachalu","variedad_c":"Gora"},
{"codigo_paquetes":"package_issd_osw_bore_fababean2019_081","variedad_a":"Hachalu","variedad_b":"Dedea","variedad_c":"Walki"},
{"codigo_paquetes":"package_issd_osw_bore_fababean2019_082","variedad_a":"Shallo","variedad_b":"Obse","variedad_c":"Tumsa"},
{"codigo_paquetes":"package_issd_osw_bore_fababean2019_083","variedad_a":"Mosisa","variedad_b":"Dosha","variedad_c":"Gebelcho"},
{"codigo_paquetes":"package_issd_osw_bore_fababean2019_084","variedad_a":"Walki","variedad_b":"Tumsa","variedad_c":"Alloshe"},
{"codigo_paquetes":"package_issd_osw_bore_fababean2019_085","variedad_a":"Moti","variedad_b":"Mosisa","variedad_c":"Walki"},
{"codigo_paquetes":"package_issd_osw_bore_fababean2019_086","variedad_a":"Shallo","variedad_b":"Moti","variedad_c":"Hachalu"},
{"codigo_paquetes":"package_issd_osw_bore_fababean2019_087","variedad_a":"Dedea","variedad_b":"Gebelcho","variedad_c":"Obse"},
{"codigo_paquetes":"package_issd_osw_bore_fababean2019_088","variedad_a":"Alloshe","variedad_b":"Gora","variedad_c":"Tumsa"},
{"codigo_paquetes":"package_issd_osw_bore_fababean2019_089","variedad_a":"Gebelcho","variedad_b":"Alloshe","variedad_c":"Dosha"},
{"codigo_paquetes":"package_issd_osw_bore_fababean2019_090","variedad_a":"Gora","variedad_b":"Dosha","variedad_c":"Shallo"},
{"codigo_paquetes":"package_issd_osw_bore_fababean2019_091","variedad_a":"Obse","variedad_b":"Moti","variedad_c":"Mosisa"},
{"codigo_paquetes":"package_issd_osw_bore_fababean2019_092","variedad_a":"Tumsa","variedad_b":"Hachalu","variedad_c":"Dedea"},
{"codigo_paquetes":"package_issd_osw_bore_fababean2019_093","variedad_a":"Walki","variedad_b":"Obse","variedad_c":"Gora"},
{"codigo_paquetes":"package_issd_osw_bore_fababean2019_094","variedad_a":"Dosha","variedad_b":"Mosisa","variedad_c":"Dedea"},
{"codigo_paquetes":"package_issd_osw_bore_fababean2019_095","variedad_a":"Hachalu","variedad_b":"Walki","variedad_c":"Alloshe"},
{"codigo_paquetes":"package_issd_osw_bore_fababean2019_096","variedad_a":"Gebelcho","variedad_b":"Tumsa","variedad_c":"Moti"},
{"codigo_paquetes":"package_issd_osw_bore_fababean2019_097","variedad_a":"Mosisa","variedad_b":"Shallo","variedad_c":"Hachalu"},
{"codigo_paquetes":"package_issd_osw_bore_fababean2019_098","variedad_a":"Dedea","variedad_b":"Moti","variedad_c":"Shallo"},
{"codigo_paquetes":"package_issd_osw_bore_fababean2019_099","variedad_a":"Walki","variedad_b":"Obse","variedad_c":"Gebelcho"},
{"codigo_paquetes":"package_issd_osw_bore_fababean2019_100","variedad_a":"Alloshe","variedad_b":"Dosha","variedad_c":"Obse"},
{"codigo_paquetes":"package_issd_osw_bore_fababean2019_101","variedad_a":"Gora","variedad_b":"Shallo","variedad_c":"Tumsa"},
{"codigo_paquetes":"package_issd_osw_bore_fababean2019_102","variedad_a":"Alloshe","variedad_b":"Gebelcho","variedad_c":"Mosisa"},
{"codigo_paquetes":"package_issd_osw_bore_fababean2019_103","variedad_a":"Moti","variedad_b":"Hachalu","variedad_c":"Dosha"},
{"codigo_paquetes":"package_issd_osw_bore_fababean2019_104","variedad_a":"Obse","variedad_b":"Dedea","variedad_c":"Gora"},
{"codigo_paquetes":"package_issd_osw_bore_fababean2019_105","variedad_a":"Dosha","variedad_b":"Gora","variedad_c":"Walki"},
{"codigo_paquetes":"package_issd_osw_bore_fababean2019_106","variedad_a":"Dedea","variedad_b":"Walki","variedad_c":"Mosisa"},
{"codigo_paquetes":"package_issd_osw_bore_fababean2019_107","variedad_a":"Tumsa","variedad_b":"Hachalu","variedad_c":"Gebelcho"},
{"codigo_paquetes":"package_issd_osw_bore_fababean2019_108","variedad_a":"Shallo","variedad_b":"Alloshe","variedad_c":"Hachalu"},
{"codigo_paquetes":"package_issd_osw_bore_fababean2019_109","variedad_a":"Shallo","variedad_b":"Mosisa","variedad_c":"Moti"},
{"codigo_paquetes":"package_issd_osw_bore_fababean2019_110","variedad_a":"Gebelcho","variedad_b":"Moti","variedad_c":"Walki"},
{"codigo_paquetes":"package_issd_osw_bore_fababean2019_111","variedad_a":"Obse","variedad_b":"Dedea","variedad_c":"Alloshe"},
{"codigo_paquetes":"package_issd_osw_bore_fababean2019_112","variedad_a":"Gora","variedad_b":"Tumsa","variedad_c":"Obse"},
{"codigo_paquetes":"package_issd_osw_bore_fababean2019_113","variedad_a":"Tumsa","variedad_b":"Shallo","variedad_c":"Dosha"},
{"codigo_paquetes":"package_issd_osw_bore_fababean2019_114","variedad_a":"Hachalu","variedad_b":"Gora","variedad_c":"Moti"},
{"codigo_paquetes":"package_issd_osw_bore_fababean2019_115","variedad_a":"Dedea","variedad_b":"Alloshe","variedad_c":"Gebelcho"},
{"codigo_paquetes":"package_issd_osw_bore_fababean2019_116","variedad_a":"Walki","variedad_b":"Dosha","variedad_c":"Alloshe"},
{"codigo_paquetes":"package_issd_osw_bore_fababean2019_117","variedad_a":"Gora","variedad_b":"Mosisa","variedad_c":"Dedea"},
{"codigo_paquetes":"package_issd_osw_bore_fababean2019_118","variedad_a":"Hachalu","variedad_b":"Walki","variedad_c":"Obse"},
{"codigo_paquetes":"package_issd_osw_bore_fababean2019_119","variedad_a":"Tumsa","variedad_b":"Gebelcho","variedad_c":"Shallo"},
{"codigo_paquetes":"package_issd_osw_bore_fababean2019_120","variedad_a":"Mosisa","variedad_b":"Dosha","variedad_c":"Tumsa"},
{"codigo_paquetes":"package_issd_osw_bore_fababean2019_121","variedad_a":"Moti","variedad_b":"Obse","variedad_c":"Shallo"},
{"codigo_paquetes":"package_issd_osw_bore_fababean2019_122","variedad_a":"Alloshe","variedad_b":"Mosisa","variedad_c":"Hachalu"},
{"codigo_paquetes":"package_issd_osw_bore_fababean2019_123","variedad_a":"Gebelcho","variedad_b":"Walki","variedad_c":"Gora"},
{"codigo_paquetes":"package_issd_osw_bore_fababean2019_124","variedad_a":"Dosha","variedad_b":"Obse","variedad_c":"Dedea"},
{"codigo_paquetes":"package_issd_osw_bore_fababean2019_125","variedad_a":"Moti","variedad_b":"Gora","variedad_c":"Mosisa"},
{"codigo_paquetes":"package_issd_osw_bore_fababean2019_126","variedad_a":"Alloshe","variedad_b":"Tumsa","variedad_c":"Moti"},
{"codigo_paquetes":"package_issd_osw_bore_fababean2019_127","variedad_a":"Hachalu","variedad_b":"Gebelcho","variedad_c":"Dosha"},
{"codigo_paquetes":"package_issd_osw_bore_fababean2019_128","variedad_a":"Shallo","variedad_b":"Dedea","variedad_c":"Walki"},
{"codigo_paquetes":"package_issd_osw_bore_fababean2019_129","variedad_a":"Obse","variedad_b":"Alloshe","variedad_c":"Gora"},
{"codigo_paquetes":"package_issd_osw_bore_fababean2019_130","variedad_a":"Walki","variedad_b":"Hachalu","variedad_c":"Tumsa"},
{"codigo_paquetes":"package_issd_osw_bore_fababean2019_131","variedad_a":"Mosisa","variedad_b":"Shallo","variedad_c":"Gebelcho"},
{"codigo_paquetes":"package_issd_osw_bore_fababean2019_132","variedad_a":"Dosha","variedad_b":"Moti","variedad_c":"Tumsa"},
{"codigo_paquetes":"package_issd_osw_bore_fababean2019_133","variedad_a":"Dedea","variedad_b":"Mosisa","variedad_c":"Alloshe"},
{"codigo_paquetes":"package_issd_osw_bore_fababean2019_134","variedad_a":"Gora","variedad_b":"Shallo","variedad_c":"Hachalu"},
{"codigo_paquetes":"package_issd_osw_bore_fababean2019_135","variedad_a":"Gebelcho","variedad_b":"Dosha","variedad_c":"Obse"},
{"codigo_paquetes":"package_issd_osw_bore_fababean2019_136","variedad_a":"Moti","variedad_b":"Dedea","variedad_c":"Mosisa"},
{"codigo_paquetes":"package_issd_osw_bore_fababean2019_137","variedad_a":"Walki","variedad_b":"Alloshe","variedad_c":"Gora"},
{"codigo_paquetes":"package_issd_osw_bore_fababean2019_138","variedad_a":"Hachalu","variedad_b":"Gebelcho","variedad_c":"Moti"},
{"codigo_paquetes":"package_issd_osw_bore_fababean2019_139","variedad_a":"Dosha","variedad_b":"Walki","variedad_c":"Dedea"},
{"codigo_paquetes":"package_issd_osw_bore_fababean2019_140","variedad_a":"Tumsa","variedad_b":"Obse","variedad_c":"Dedea"},
{"codigo_paquetes":"package_issd_osw_bore_fababean2019_141","variedad_a":"Obse","variedad_b":"Hachalu","variedad_c":"Shallo"},
{"codigo_paquetes":"package_issd_osw_bore_fababean2019_142","variedad_a":"Shallo","variedad_b":"Mosisa","variedad_c":"Alloshe"},
{"codigo_paquetes":"package_issd_osw_bore_fababean2019_143","variedad_a":"Gebelcho","variedad_b":"Tumsa","variedad_c":"Walki"},
{"codigo_paquetes":"package_issd_osw_bore_fababean2019_144","variedad_a":"Dedea","variedad_b":"Gora","variedad_c":"Dosha"},
{"codigo_paquetes":"package_issd_osw_bore_fababean2019_145","variedad_a":"Alloshe","variedad_b":"Moti","variedad_c":"Obse"},
{"codigo_paquetes":"package_issd_osw_bore_fababean2019_146","variedad_a":"Shallo","variedad_b":"Dosha","variedad_c":"Gebelcho"},
{"codigo_paquetes":"package_issd_osw_bore_fababean2019_147","variedad_a":"Mosisa","variedad_b":"Tumsa","variedad_c":"Hachalu"},
{"codigo_paquetes":"package_issd_osw_bore_fababean2019_148","variedad_a":"Gora","variedad_b":"Walki","variedad_c":"Shallo"},
{"codigo_paquetes":"package_issd_osw_bore_fababean2019_149","variedad_a":"Moti","variedad_b":"Hachalu","variedad_c":"Walki"},
{"codigo_paquetes":"package_issd_osw_bore_fababean2019_150","variedad_a":"Dosha","variedad_b":"Gebelcho","variedad_c":"Moti"},
{"codigo_paquetes":"package_issd_osw_bore_fababean2019_151","variedad_a":"Obse","variedad_b":"Dedea","variedad_c":"Mosisa"},
{"codigo_paquetes":"package_issd_osw_bore_fababean2019_152","variedad_a":"Hachalu","variedad_b":"Alloshe","variedad_c":"Gora"},
{"codigo_paquetes":"package_issd_osw_bore_fababean2019_153","variedad_a":"Tumsa","variedad_b":"Moti","variedad_c":"Obse"},
{"codigo_paquetes":"package_issd_osw_bore_fababean2019_154","variedad_a":"Mosisa","variedad_b":"Shallo","variedad_c":"Dedea"},
{"codigo_paquetes":"package_issd_osw_bore_fababean2019_155","variedad_a":"Walki","variedad_b":"Tumsa","variedad_c":"Dosha"},
{"codigo_paquetes":"package_issd_osw_bore_fababean2019_156","variedad_a":"Alloshe","variedad_b":"Walki","variedad_c":"Gebelcho"},
{"codigo_paquetes":"package_issd_osw_bore_fababean2019_157","variedad_a":"Dedea","variedad_b":"Gora","variedad_c":"Gebelcho"},
{"codigo_paquetes":"package_issd_osw_bore_fababean2019_158","variedad_a":"Mosisa","variedad_b":"Obse","variedad_c":"Alloshe"},
{"codigo_paquetes":"package_issd_osw_bore_fababean2019_159","variedad_a":"Hachalu","variedad_b":"Dosha","variedad_c":"Tumsa"},
{"codigo_paquetes":"package_issd_osw_bore_fababean2019_160","variedad_a":"Gora","variedad_b":"Shallo","variedad_c":"Mosisa"},
{"codigo_paquetes":"package_issd_osw_bore_fababean2019_161","variedad_a":"Moti","variedad_b":"Dedea","variedad_c":"Hachalu"},
{"codigo_paquetes":"package_issd_osw_bore_fababean2019_162","variedad_a":"Shallo","variedad_b":"Obse","variedad_c":"Dosha"},
{"codigo_paquetes":"package_issd_osw_bore_fababean2019_163","variedad_a":"Tumsa","variedad_b":"Moti","variedad_c":"Walki"},
{"codigo_paquetes":"package_issd_osw_bore_fababean2019_164","variedad_a":"Alloshe","variedad_b":"Mosisa","variedad_c":"Gora"},
{"codigo_paquetes":"package_issd_osw_bore_fababean2019_165","variedad_a":"Obse","variedad_b":"Gebelcho","variedad_c":"Moti"},
{"codigo_paquetes":"package_issd_osw_bore_fababean2019_166","variedad_a":"Dedea","variedad_b":"Gora","variedad_c":"Tumsa"},
{"codigo_paquetes":"package_issd_osw_bore_fababean2019_167","variedad_a":"Walki","variedad_b":"Alloshe","variedad_c":"Shallo"},
{"codigo_paquetes":"package_issd_osw_bore_fababean2019_168","variedad_a":"Gebelcho","variedad_b":"Hachalu","variedad_c":"Obse"},
{"codigo_paquetes":"package_issd_osw_bore_fababean2019_169","variedad_a":"Dosha","variedad_b":"Hachalu","variedad_c":"Alloshe"},
{"codigo_paquetes":"package_issd_osw_bore_fababean2019_170","variedad_a":"Gebelcho","variedad_b":"Shallo","variedad_c":"Dedea"},
{"codigo_paquetes":"package_issd_osw_bore_fababean2019_171","variedad_a":"Gora","variedad_b":"Tumsa","variedad_c":"Mosisa"},
{"codigo_paquetes":"package_issd_osw_bore_fababean2019_172","variedad_a":"Moti","variedad_b":"Walki","variedad_c":"Dosha"}
]
