[
{"codigo_paquetes":"package_2018_amh_meket_wheat2_001","variedad_a":"Bulq","variedad_b":"Paven","variedad_c":"Menze"},
{"codigo_paquetes":"package_2018_amh_meket_wheat2_002","variedad_a":"Tay","variedad_b":"Boqa","variedad_c":"Wane"},
{"codigo_paquetes":"package_2018_amh_meket_wheat2_003","variedad_a":"King Bird","variedad_b":"Danda","variedad_c":"Huluka"},
{"codigo_paquetes":"package_2018_amh_meket_wheat2_004","variedad_a":"Liben","variedad_b":"Tsehay","variedad_c":"Local"},
{"codigo_paquetes":"package_2018_amh_meket_wheat2_005","variedad_a":"Boqa","variedad_b":"Tay","variedad_c":"King Bird"},
{"codigo_paquetes":"package_2018_amh_meket_wheat2_006","variedad_a":"Wane","variedad_b":"Bulq","variedad_c":"Tsehay"},
{"codigo_paquetes":"package_2018_amh_meket_wheat2_007","variedad_a":"Danda","variedad_b":"Huluka","variedad_c":"Liben"},
{"codigo_paquetes":"package_2018_amh_meket_wheat2_008","variedad_a":"Menze","variedad_b":"Local","variedad_c":"Paven"},
{"codigo_paquetes":"package_2018_amh_meket_wheat2_009","variedad_a":"Local","variedad_b":"Menze","variedad_c":"Boqa"},
{"codigo_paquetes":"package_2018_amh_meket_wheat2_010","variedad_a":"Paven","variedad_b":"Liben","variedad_c":"Bulq"},
{"codigo_paquetes":"package_2018_amh_meket_wheat2_011","variedad_a":"Huluka","variedad_b":"King Bird","variedad_c":"Tsehay"},
{"codigo_paquetes":"package_2018_amh_meket_wheat2_012","variedad_a":"Local","variedad_b":"Wane","variedad_c":"Tay"},
{"codigo_paquetes":"package_2018_amh_meket_wheat2_013","variedad_a":"Tsehay","variedad_b":"Huluka","variedad_c":"Danda"},
{"codigo_paquetes":"package_2018_amh_meket_wheat2_014","variedad_a":"Danda","variedad_b":"Paven","variedad_c":"Menze"},
{"codigo_paquetes":"package_2018_amh_meket_wheat2_015","variedad_a":"King Bird","variedad_b":"Bulq","variedad_c":"Boqa"},
{"codigo_paquetes":"package_2018_amh_meket_wheat2_016","variedad_a":"Tay","variedad_b":"Liben","variedad_c":"Wane"},
{"codigo_paquetes":"package_2018_amh_meket_wheat2_017","variedad_a":"Liben","variedad_b":"Wane","variedad_c":"Danda"},
{"codigo_paquetes":"package_2018_amh_meket_wheat2_018","variedad_a":"Huluka","variedad_b":"King Bird","variedad_c":"Local"},
{"codigo_paquetes":"package_2018_amh_meket_wheat2_019","variedad_a":"Bulq","variedad_b":"Menze","variedad_c":"Tay"},
{"codigo_paquetes":"package_2018_amh_meket_wheat2_020","variedad_a":"Boqa","variedad_b":"Tsehay","variedad_c":"Paven"},
{"codigo_paquetes":"package_2018_amh_meket_wheat2_021","variedad_a":"Paven","variedad_b":"Boqa","variedad_c":"Local"},
{"codigo_paquetes":"package_2018_amh_meket_wheat2_022","variedad_a":"Wane","variedad_b":"Liben","variedad_c":"Huluka"},
{"codigo_paquetes":"package_2018_amh_meket_wheat2_023","variedad_a":"Tay","variedad_b":"Danda","variedad_c":"King Bird"},
{"codigo_paquetes":"package_2018_amh_meket_wheat2_024","variedad_a":"Tsehay","variedad_b":"Menze","variedad_c":"Bulq"},
{"codigo_paquetes":"package_2018_amh_meket_wheat2_025","variedad_a":"Menze","variedad_b":"Tsehay","variedad_c":"Liben"},
{"codigo_paquetes":"package_2018_amh_meket_wheat2_026","variedad_a":"Bulq","variedad_b":"Danda","variedad_c":"Paven"},
{"codigo_paquetes":"package_2018_amh_meket_wheat2_027","variedad_a":"King Bird","variedad_b":"Boqa","variedad_c":"Wane"},
{"codigo_paquetes":"package_2018_amh_meket_wheat2_028","variedad_a":"Huluka","variedad_b":"Local","variedad_c":"Tay"},
{"codigo_paquetes":"package_2018_amh_meket_wheat2_029","variedad_a":"Liben","variedad_b":"Local","variedad_c":"Danda"},
{"codigo_paquetes":"package_2018_amh_meket_wheat2_030","variedad_a":"Menze","variedad_b":"King Bird","variedad_c":"Huluka"},
{"codigo_paquetes":"package_2018_amh_meket_wheat2_031","variedad_a":"Boqa","variedad_b":"Tay","variedad_c":"Tsehay"},
{"codigo_paquetes":"package_2018_amh_meket_wheat2_032","variedad_a":"Paven","variedad_b":"Wane","variedad_c":"Bulq"},
{"codigo_paquetes":"package_2018_amh_meket_wheat2_033","variedad_a":"Paven","variedad_b":"Huluka","variedad_c":"Liben"},
{"codigo_paquetes":"package_2018_amh_meket_wheat2_034","variedad_a":"Danda","variedad_b":"Local","variedad_c":"Boqa"},
{"codigo_paquetes":"package_2018_amh_meket_wheat2_035","variedad_a":"Tsehay","variedad_b":"Bulq","variedad_c":"King Bird"},
{"codigo_paquetes":"package_2018_amh_meket_wheat2_036","variedad_a":"Wane","variedad_b":"Tay","variedad_c":"Menze"},
{"codigo_paquetes":"package_2018_amh_meket_wheat2_037","variedad_a":"Bulq","variedad_b":"Danda","variedad_c":"Menze"},
{"codigo_paquetes":"package_2018_amh_meket_wheat2_038","variedad_a":"Liben","variedad_b":"Wane","variedad_c":"Tsehay"},
{"codigo_paquetes":"package_2018_amh_meket_wheat2_039","variedad_a":"Local","variedad_b":"Paven","variedad_c":"Tay"},
{"codigo_paquetes":"package_2018_amh_meket_wheat2_040","variedad_a":"King Bird","variedad_b":"Boqa","variedad_c":"Huluka"},
{"codigo_paquetes":"package_2018_amh_meket_wheat2_041","variedad_a":"Huluka","variedad_b":"Menze","variedad_c":"Local"},
{"codigo_paquetes":"package_2018_amh_meket_wheat2_042","variedad_a":"Tay","variedad_b":"Liben","variedad_c":"Boqa"},
{"codigo_paquetes":"package_2018_amh_meket_wheat2_043","variedad_a":"Danda","variedad_b":"Tsehay","variedad_c":"Paven"},
{"codigo_paquetes":"package_2018_amh_meket_wheat2_044","variedad_a":"Wane","variedad_b":"Paven","variedad_c":"King Bird"},
{"codigo_paquetes":"package_2018_amh_meket_wheat2_045","variedad_a":"Local","variedad_b":"Bulq","variedad_c":"Liben"},
{"codigo_paquetes":"package_2018_amh_meket_wheat2_046","variedad_a":"Boqa","variedad_b":"Tsehay","variedad_c":"Bulq"},
{"codigo_paquetes":"package_2018_amh_meket_wheat2_047","variedad_a":"Menze","variedad_b":"Tay","variedad_c":"King Bird"},
{"codigo_paquetes":"package_2018_amh_meket_wheat2_048","variedad_a":"Danda","variedad_b":"Huluka","variedad_c":"Wane"},
{"codigo_paquetes":"package_2018_amh_meket_wheat2_049","variedad_a":"Bulq","variedad_b":"Wane","variedad_c":"Menze"},
{"codigo_paquetes":"package_2018_amh_meket_wheat2_050","variedad_a":"Tay","variedad_b":"Local","variedad_c":"Danda"},
{"codigo_paquetes":"package_2018_amh_meket_wheat2_051","variedad_a":"Paven","variedad_b":"Boqa","variedad_c":"Huluka"},
{"codigo_paquetes":"package_2018_amh_meket_wheat2_052","variedad_a":"Huluka","variedad_b":"King Bird","variedad_c":"Liben"},
{"codigo_paquetes":"package_2018_amh_meket_wheat2_053","variedad_a":"Tsehay","variedad_b":"Liben","variedad_c":"Tay"},
{"codigo_paquetes":"package_2018_amh_meket_wheat2_054","variedad_a":"Tsehay","variedad_b":"Paven","variedad_c":"Local"},
{"codigo_paquetes":"package_2018_amh_meket_wheat2_055","variedad_a":"Boqa","variedad_b":"Menze","variedad_c":"Danda"},
{"codigo_paquetes":"package_2018_amh_meket_wheat2_056","variedad_a":"Local","variedad_b":"King Bird","variedad_c":"Bulq"},
{"codigo_paquetes":"package_2018_amh_meket_wheat2_057","variedad_a":"Wane","variedad_b":"Boqa","variedad_c":"Tsehay"},
{"codigo_paquetes":"package_2018_amh_meket_wheat2_058","variedad_a":"Liben","variedad_b":"Menze","variedad_c":"Paven"},
{"codigo_paquetes":"package_2018_amh_meket_wheat2_059","variedad_a":"Tay","variedad_b":"Huluka","variedad_c":"Wane"},
{"codigo_paquetes":"package_2018_amh_meket_wheat2_060","variedad_a":"King Bird","variedad_b":"Bulq","variedad_c":"Danda"},
{"codigo_paquetes":"package_2018_amh_meket_wheat2_061","variedad_a":"Bulq","variedad_b":"Tay","variedad_c":"Wane"},
{"codigo_paquetes":"package_2018_amh_meket_wheat2_062","variedad_a":"Huluka","variedad_b":"Danda","variedad_c":"Local"},
{"codigo_paquetes":"package_2018_amh_meket_wheat2_063","variedad_a":"King Bird","variedad_b":"Liben","variedad_c":"Boqa"},
{"codigo_paquetes":"package_2018_amh_meket_wheat2_064","variedad_a":"Menze","variedad_b":"Paven","variedad_c":"Tsehay"},
{"codigo_paquetes":"package_2018_amh_meket_wheat2_065","variedad_a":"Paven","variedad_b":"Tay","variedad_c":"Huluka"},
{"codigo_paquetes":"package_2018_amh_meket_wheat2_066","variedad_a":"Danda","variedad_b":"Local","variedad_c":"Menze"},
{"codigo_paquetes":"package_2018_amh_meket_wheat2_067","variedad_a":"Liben","variedad_b":"Tsehay","variedad_c":"Bulq"},
{"codigo_paquetes":"package_2018_amh_meket_wheat2_068","variedad_a":"Local","variedad_b":"Wane","variedad_c":"Boqa"},
{"codigo_paquetes":"package_2018_amh_meket_wheat2_069","variedad_a":"Boqa","variedad_b":"King Bird","variedad_c":"Paven"},
{"codigo_paquetes":"package_2018_amh_meket_wheat2_070","variedad_a":"Menze","variedad_b":"Tay","variedad_c":"Liben"},
{"codigo_paquetes":"package_2018_amh_meket_wheat2_071","variedad_a":"Tsehay","variedad_b":"Danda","variedad_c":"King Bird"},
{"codigo_paquetes":"package_2018_amh_meket_wheat2_072","variedad_a":"Wane","variedad_b":"Bulq","variedad_c":"Huluka"},
{"codigo_paquetes":"package_2018_amh_meket_wheat2_073","variedad_a":"Bulq","variedad_b":"Danda","variedad_c":"Tay"},
{"codigo_paquetes":"package_2018_amh_meket_wheat2_074","variedad_a":"King Bird","variedad_b":"Liben","variedad_c":"Wane"},
{"codigo_paquetes":"package_2018_amh_meket_wheat2_075","variedad_a":"Tsehay","variedad_b":"Huluka","variedad_c":"Local"},
{"codigo_paquetes":"package_2018_amh_meket_wheat2_076","variedad_a":"Paven","variedad_b":"Boqa","variedad_c":"Menze"},
{"codigo_paquetes":"package_2018_amh_meket_wheat2_077","variedad_a":"Danda","variedad_b":"Local","variedad_c":"Paven"},
{"codigo_paquetes":"package_2018_amh_meket_wheat2_078","variedad_a":"Huluka","variedad_b":"Menze","variedad_c":"Tsehay"},
{"codigo_paquetes":"package_2018_amh_meket_wheat2_079","variedad_a":"Liben","variedad_b":"Bulq","variedad_c":"Boqa"},
{"codigo_paquetes":"package_2018_amh_meket_wheat2_080","variedad_a":"Tay","variedad_b":"Wane","variedad_c":"King Bird"},
{"codigo_paquetes":"package_2018_amh_meket_wheat2_081","variedad_a":"Boqa","variedad_b":"Local","variedad_c":"Tay"},
{"codigo_paquetes":"package_2018_amh_meket_wheat2_082","variedad_a":"King Bird","variedad_b":"Paven","variedad_c":"Tsehay"},
{"codigo_paquetes":"package_2018_amh_meket_wheat2_083","variedad_a":"Wane","variedad_b":"Menze","variedad_c":"Danda"},
{"codigo_paquetes":"package_2018_amh_meket_wheat2_084","variedad_a":"Bulq","variedad_b":"Huluka","variedad_c":"Liben"},
{"codigo_paquetes":"package_2018_amh_meket_wheat2_085","variedad_a":"Liben","variedad_b":"King Bird","variedad_c":"Danda"},
{"codigo_paquetes":"package_2018_amh_meket_wheat2_086","variedad_a":"Tay","variedad_b":"Tsehay","variedad_c":"Bulq"},
{"codigo_paquetes":"package_2018_amh_meket_wheat2_087","variedad_a":"Local","variedad_b":"Wane","variedad_c":"Huluka"},
{"codigo_paquetes":"package_2018_amh_meket_wheat2_088","variedad_a":"Danda","variedad_b":"Paven","variedad_c":"Boqa"},
{"codigo_paquetes":"package_2018_amh_meket_wheat2_089","variedad_a":"Menze","variedad_b":"Huluka","variedad_c":"Paven"},
{"codigo_paquetes":"package_2018_amh_meket_wheat2_090","variedad_a":"Boqa","variedad_b":"Bulq","variedad_c":"Menze"},
{"codigo_paquetes":"package_2018_amh_meket_wheat2_091","variedad_a":"Local","variedad_b":"Tay","variedad_c":"King Bird"},
{"codigo_paquetes":"package_2018_amh_meket_wheat2_092","variedad_a":"Tsehay","variedad_b":"Boqa","variedad_c":"Liben"},
{"codigo_paquetes":"package_2018_amh_meket_wheat2_093","variedad_a":"Paven","variedad_b":"Tay","variedad_c":"Wane"},
{"codigo_paquetes":"package_2018_amh_meket_wheat2_094","variedad_a":"Menze","variedad_b":"Tsehay","variedad_c":"Local"},
{"codigo_paquetes":"package_2018_amh_meket_wheat2_095","variedad_a":"Wane","variedad_b":"Liben","variedad_c":"Bulq"},
{"codigo_paquetes":"package_2018_amh_meket_wheat2_096","variedad_a":"King Bird","variedad_b":"Danda","variedad_c":"Wane"},
{"codigo_paquetes":"package_2018_amh_meket_wheat2_097","variedad_a":"Huluka","variedad_b":"Liben","variedad_c":"Tay"},
{"codigo_paquetes":"package_2018_amh_meket_wheat2_098","variedad_a":"Bulq","variedad_b":"King Bird","variedad_c":"Huluka"},
{"codigo_paquetes":"package_2018_amh_meket_wheat2_099","variedad_a":"Danda","variedad_b":"Tsehay","variedad_c":"Local"},
{"codigo_paquetes":"package_2018_amh_meket_wheat2_100","variedad_a":"Paven","variedad_b":"King Bird","variedad_c":"Menze"},
{"codigo_paquetes":"package_2018_amh_meket_wheat2_101","variedad_a":"Huluka","variedad_b":"Menze","variedad_c":"Boqa"},
{"codigo_paquetes":"package_2018_amh_meket_wheat2_102","variedad_a":"Tay","variedad_b":"Local","variedad_c":"Bulq"},
{"codigo_paquetes":"package_2018_amh_meket_wheat2_103","variedad_a":"Liben","variedad_b":"Boqa","variedad_c":"Danda"},
{"codigo_paquetes":"package_2018_amh_meket_wheat2_104","variedad_a":"Wane","variedad_b":"Paven","variedad_c":"Tsehay"},
{"codigo_paquetes":"package_2018_amh_meket_wheat2_105","variedad_a":"Tsehay","variedad_b":"Menze","variedad_c":"Tay"},
{"codigo_paquetes":"package_2018_amh_meket_wheat2_106","variedad_a":"Boqa","variedad_b":"Bulq","variedad_c":"Wane"},
{"codigo_paquetes":"package_2018_amh_meket_wheat2_107","variedad_a":"Local","variedad_b":"Liben","variedad_c":"Paven"},
{"codigo_paquetes":"package_2018_amh_meket_wheat2_108","variedad_a":"Tay","variedad_b":"Danda","variedad_c":"Huluka"},
{"codigo_paquetes":"package_2018_amh_meket_wheat2_109","variedad_a":"King Bird","variedad_b":"Bulq","variedad_c":"Liben"},
{"codigo_paquetes":"package_2018_amh_meket_wheat2_110","variedad_a":"Wane","variedad_b":"Huluka","variedad_c":"King Bird"},
{"codigo_paquetes":"package_2018_amh_meket_wheat2_111","variedad_a":"Boqa","variedad_b":"Tsehay","variedad_c":"Local"},
{"codigo_paquetes":"package_2018_amh_meket_wheat2_112","variedad_a":"Menze","variedad_b":"Huluka","variedad_c":"Danda"},
{"codigo_paquetes":"package_2018_amh_meket_wheat2_113","variedad_a":"Bulq","variedad_b":"Tay","variedad_c":"Paven"},
{"codigo_paquetes":"package_2018_amh_meket_wheat2_114","variedad_a":"Danda","variedad_b":"Local","variedad_c":"King Bird"},
{"codigo_paquetes":"package_2018_amh_meket_wheat2_115","variedad_a":"Liben","variedad_b":"Boqa","variedad_c":"Menze"},
{"codigo_paquetes":"package_2018_amh_meket_wheat2_116","variedad_a":"Tsehay","variedad_b":"Wane","variedad_c":"Tay"},
{"codigo_paquetes":"package_2018_amh_meket_wheat2_117","variedad_a":"Paven","variedad_b":"Wane","variedad_c":"Menze"},
{"codigo_paquetes":"package_2018_amh_meket_wheat2_118","variedad_a":"Liben","variedad_b":"Paven","variedad_c":"Tsehay"},
{"codigo_paquetes":"package_2018_amh_meket_wheat2_119","variedad_a":"Bulq","variedad_b":"Danda","variedad_c":"Boqa"},
{"codigo_paquetes":"package_2018_amh_meket_wheat2_120","variedad_a":"Huluka","variedad_b":"Local","variedad_c":"Liben"},
{"codigo_paquetes":"package_2018_amh_meket_wheat2_121","variedad_a":"Tay","variedad_b":"King Bird","variedad_c":"Huluka"},
{"codigo_paquetes":"package_2018_amh_meket_wheat2_122","variedad_a":"King Bird","variedad_b":"Boqa","variedad_c":"Tsehay"},
{"codigo_paquetes":"package_2018_amh_meket_wheat2_123","variedad_a":"Local","variedad_b":"Wane","variedad_c":"Bulq"},
{"codigo_paquetes":"package_2018_amh_meket_wheat2_124","variedad_a":"Danda","variedad_b":"Tay","variedad_c":"Paven"},
{"codigo_paquetes":"package_2018_amh_meket_wheat2_125","variedad_a":"Menze","variedad_b":"King Bird","variedad_c":"Bulq"},
{"codigo_paquetes":"package_2018_amh_meket_wheat2_126","variedad_a":"Menze","variedad_b":"Liben","variedad_c":"Danda"},
{"codigo_paquetes":"package_2018_amh_meket_wheat2_127","variedad_a":"Boqa","variedad_b":"Huluka","variedad_c":"Wane"},
{"codigo_paquetes":"package_2018_amh_meket_wheat2_128","variedad_a":"Local","variedad_b":"Tsehay","variedad_c":"Tay"},
{"codigo_paquetes":"package_2018_amh_meket_wheat2_129","variedad_a":"Wane","variedad_b":"Paven","variedad_c":"Liben"},
{"codigo_paquetes":"package_2018_amh_meket_wheat2_130","variedad_a":"Tsehay","variedad_b":"Bulq","variedad_c":"Danda"},
{"codigo_paquetes":"package_2018_amh_meket_wheat2_131","variedad_a":"Paven","variedad_b":"Huluka","variedad_c":"Local"},
{"codigo_paquetes":"package_2018_amh_meket_wheat2_132","variedad_a":"Tay","variedad_b":"Menze","variedad_c":"Boqa"},
{"codigo_paquetes":"package_2018_amh_meket_wheat2_133","variedad_a":"Wane","variedad_b":"Tsehay","variedad_c":"King Bird"},
{"codigo_paquetes":"package_2018_amh_meket_wheat2_134","variedad_a":"Bulq","variedad_b":"Boqa","variedad_c":"Local"},
{"codigo_paquetes":"package_2018_amh_meket_wheat2_135","variedad_a":"King Bird","variedad_b":"Danda","variedad_c":"Paven"},
{"codigo_paquetes":"package_2018_amh_meket_wheat2_136","variedad_a":"Huluka","variedad_b":"Bulq","variedad_c":"Menze"},
{"codigo_paquetes":"package_2018_amh_meket_wheat2_137","variedad_a":"Liben","variedad_b":"Menze","variedad_c":"King Bird"},
{"codigo_paquetes":"package_2018_amh_meket_wheat2_138","variedad_a":"Danda","variedad_b":"Wane","variedad_c":"Boqa"},
{"codigo_paquetes":"package_2018_amh_meket_wheat2_139","variedad_a":"Paven","variedad_b":"Tay","variedad_c":"Tsehay"},
{"codigo_paquetes":"package_2018_amh_meket_wheat2_140","variedad_a":"Tsehay","variedad_b":"Liben","variedad_c":"Huluka"},
{"codigo_paquetes":"package_2018_amh_meket_wheat2_141","variedad_a":"Local","variedad_b":"Danda","variedad_c":"Bulq"},
{"codigo_paquetes":"package_2018_amh_meket_wheat2_142","variedad_a":"Paven","variedad_b":"Local","variedad_c":"Wane"},
{"codigo_paquetes":"package_2018_amh_meket_wheat2_143","variedad_a":"Boqa","variedad_b":"Huluka","variedad_c":"Tay"},
{"codigo_paquetes":"package_2018_amh_meket_wheat2_144","variedad_a":"Menze","variedad_b":"Wane","variedad_c":"Liben"},
{"codigo_paquetes":"package_2018_amh_meket_wheat2_145","variedad_a":"Tay","variedad_b":"King Bird","variedad_c":"Bulq"},
{"codigo_paquetes":"package_2018_amh_meket_wheat2_146","variedad_a":"King Bird","variedad_b":"Tsehay","variedad_c":"Local"},
{"codigo_paquetes":"package_2018_amh_meket_wheat2_147","variedad_a":"Liben","variedad_b":"Paven","variedad_c":"Danda"},
{"codigo_paquetes":"package_2018_amh_meket_wheat2_148","variedad_a":"Boqa","variedad_b":"Menze","variedad_c":"Tsehay"},
{"codigo_paquetes":"package_2018_amh_meket_wheat2_149","variedad_a":"Huluka","variedad_b":"Bulq","variedad_c":"Danda"},
{"codigo_paquetes":"package_2018_amh_meket_wheat2_150","variedad_a":"Tay","variedad_b":"Paven","variedad_c":"Boqa"},
{"codigo_paquetes":"package_2018_amh_meket_wheat2_151","variedad_a":"Wane","variedad_b":"Huluka","variedad_c":"Menze"},
{"codigo_paquetes":"package_2018_amh_meket_wheat2_152","variedad_a":"Local","variedad_b":"King Bird","variedad_c":"Liben"},
{"codigo_paquetes":"package_2018_amh_meket_wheat2_153","variedad_a":"Danda","variedad_b":"Local","variedad_c":"Wane"},
{"codigo_paquetes":"package_2018_amh_meket_wheat2_154","variedad_a":"Huluka","variedad_b":"Tsehay","variedad_c":"Paven"},
{"codigo_paquetes":"package_2018_amh_meket_wheat2_155","variedad_a":"Bulq","variedad_b":"Liben","variedad_c":"Menze"},
{"codigo_paquetes":"package_2018_amh_meket_wheat2_156","variedad_a":"Liben","variedad_b":"Tay","variedad_c":"King Bird"},
{"codigo_paquetes":"package_2018_amh_meket_wheat2_157","variedad_a":"King Bird","variedad_b":"Boqa","variedad_c":"Local"},
{"codigo_paquetes":"package_2018_amh_meket_wheat2_158","variedad_a":"Tsehay","variedad_b":"Danda","variedad_c":"Tay"},
{"codigo_paquetes":"package_2018_amh_meket_wheat2_159","variedad_a":"Bulq","variedad_b":"Paven","variedad_c":"Boqa"},
{"codigo_paquetes":"package_2018_amh_meket_wheat2_160","variedad_a":"Menze","variedad_b":"King Bird","variedad_c":"Wane"},
{"codigo_paquetes":"package_2018_amh_meket_wheat2_161","variedad_a":"Tay","variedad_b":"Bulq","variedad_c":"Huluka"},
{"codigo_paquetes":"package_2018_amh_meket_wheat2_162","variedad_a":"Paven","variedad_b":"Wane","variedad_c":"Huluka"},
{"codigo_paquetes":"package_2018_amh_meket_wheat2_163","variedad_a":"Danda","variedad_b":"Menze","variedad_c":"Tsehay"},
{"codigo_paquetes":"package_2018_amh_meket_wheat2_164","variedad_a":"Boqa","variedad_b":"Local","variedad_c":"Liben"},
{"codigo_paquetes":"package_2018_amh_meket_wheat2_165","variedad_a":"Wane","variedad_b":"Tsehay","variedad_c":"Local"},
{"codigo_paquetes":"package_2018_amh_meket_wheat2_166","variedad_a":"Huluka","variedad_b":"Danda","variedad_c":"Boqa"},
{"codigo_paquetes":"package_2018_amh_meket_wheat2_167","variedad_a":"Liben","variedad_b":"Tay","variedad_c":"Paven"},
{"codigo_paquetes":"package_2018_amh_meket_wheat2_168","variedad_a":"King Bird","variedad_b":"Paven","variedad_c":"Bulq"},
{"codigo_paquetes":"package_2018_amh_meket_wheat2_169","variedad_a":"Menze","variedad_b":"Local","variedad_c":"Tay"},
{"codigo_paquetes":"package_2018_amh_meket_wheat2_170","variedad_a":"Danda","variedad_b":"Boqa","variedad_c":"King Bird"},
{"codigo_paquetes":"package_2018_amh_meket_wheat2_171","variedad_a":"Tsehay","variedad_b":"Bulq","variedad_c":"Huluka"},
{"codigo_paquetes":"package_2018_amh_meket_wheat2_172","variedad_a":"Boqa","variedad_b":"Wane","variedad_c":"Menze"},
{"codigo_paquetes":"package_2018_amh_meket_wheat2_173","variedad_a":"Bulq","variedad_b":"Liben","variedad_c":"Tay"},
{"codigo_paquetes":"package_2018_amh_meket_wheat2_174","variedad_a":"Paven","variedad_b":"Danda","variedad_c":"Wane"},
{"codigo_paquetes":"package_2018_amh_meket_wheat2_175","variedad_a":"Tsehay","variedad_b":"Menze","variedad_c":"King Bird"},
{"codigo_paquetes":"package_2018_amh_meket_wheat2_176","variedad_a":"Local","variedad_b":"Huluka","variedad_c":"Bulq"},
{"codigo_paquetes":"package_2018_amh_meket_wheat2_177","variedad_a":"Huluka","variedad_b":"Boqa","variedad_c":"Liben"},
{"codigo_paquetes":"package_2018_amh_meket_wheat2_178","variedad_a":"Danda","variedad_b":"Liben","variedad_c":"Tsehay"},
{"codigo_paquetes":"package_2018_amh_meket_wheat2_179","variedad_a":"Tay","variedad_b":"King Bird","variedad_c":"Paven"},
{"codigo_paquetes":"package_2018_amh_meket_wheat2_180","variedad_a":"Wane","variedad_b":"Menze","variedad_c":"Local"},
{"codigo_paquetes":"package_2018_amh_meket_wheat2_181","variedad_a":"Boqa","variedad_b":"Tay","variedad_c":"Danda"},
{"codigo_paquetes":"package_2018_amh_meket_wheat2_182","variedad_a":"Bulq","variedad_b":"Paven","variedad_c":"Tsehay"},
{"codigo_paquetes":"package_2018_amh_meket_wheat2_183","variedad_a":"Menze","variedad_b":"Local","variedad_c":"Liben"},
{"codigo_paquetes":"package_2018_amh_meket_wheat2_184","variedad_a":"King Bird","variedad_b":"Huluka","variedad_c":"Paven"},
{"codigo_paquetes":"package_2018_amh_meket_wheat2_185","variedad_a":"Wane","variedad_b":"Bulq","variedad_c":"Danda"},
{"codigo_paquetes":"package_2018_amh_meket_wheat2_186","variedad_a":"Local","variedad_b":"King Bird","variedad_c":"Menze"},
{"codigo_paquetes":"package_2018_amh_meket_wheat2_187","variedad_a":"Huluka","variedad_b":"Tsehay","variedad_c":"Wane"},
{"codigo_paquetes":"package_2018_amh_meket_wheat2_188","variedad_a":"Paven","variedad_b":"Liben","variedad_c":"Boqa"},
{"codigo_paquetes":"package_2018_amh_meket_wheat2_189","variedad_a":"Menze","variedad_b":"Tay","variedad_c":"Huluka"},
{"codigo_paquetes":"package_2018_amh_meket_wheat2_190","variedad_a":"Tsehay","variedad_b":"Tay","variedad_c":"King Bird"},
{"codigo_paquetes":"package_2018_amh_meket_wheat2_191","variedad_a":"Liben","variedad_b":"Boqa","variedad_c":"Wane"},
{"codigo_paquetes":"package_2018_amh_meket_wheat2_192","variedad_a":"Local","variedad_b":"Tsehay","variedad_c":"Bulq"},
{"codigo_paquetes":"package_2018_amh_meket_wheat2_193","variedad_a":"Liben","variedad_b":"Danda","variedad_c":"Tay"},
{"codigo_paquetes":"package_2018_amh_meket_wheat2_194","variedad_a":"Bulq","variedad_b":"Boqa","variedad_c":"Huluka"},
{"codigo_paquetes":"package_2018_amh_meket_wheat2_195","variedad_a":"King Bird","variedad_b":"Wane","variedad_c":"Local"},
{"codigo_paquetes":"package_2018_amh_meket_wheat2_196","variedad_a":"Tay","variedad_b":"Danda","variedad_c":"Menze"},
{"codigo_paquetes":"package_2018_amh_meket_wheat2_197","variedad_a":"Paven","variedad_b":"Local","variedad_c":"Bulq"},
{"codigo_paquetes":"package_2018_amh_meket_wheat2_198","variedad_a":"Danda","variedad_b":"Wane","variedad_c":"Tsehay"},
{"codigo_paquetes":"package_2018_amh_meket_wheat2_199","variedad_a":"King Bird","variedad_b":"Liben","variedad_c":"Paven"},
{"codigo_paquetes":"package_2018_amh_meket_wheat2_200","variedad_a":"Tsehay","variedad_b":"Huluka","variedad_c":"Boqa"}
]
