[
{"codigo_paquetes":"package_2019_oe_doba_maize_001","variedad_a":"BH-140","variedad_b":"Melkasa-6Q","variedad_c":"MHQ-138"},
{"codigo_paquetes":"package_2019_oe_doba_maize_002","variedad_a":"Gibe-3","variedad_b":"Melkasa-2","variedad_c":"Shone"},
{"codigo_paquetes":"package_2019_oe_doba_maize_003","variedad_a":"Gibe-2","variedad_b":"Melkasa-1Q","variedad_c":"Melkasa-4"},
{"codigo_paquetes":"package_2019_oe_doba_maize_004","variedad_a":"Melkasa-1Q","variedad_b":"Melkasa-4","variedad_c":"Melkasa-6Q"},
{"codigo_paquetes":"package_2019_oe_doba_maize_005","variedad_a":"MHQ-138","variedad_b":"Gibe-2","variedad_c":"Gibe-3"},
{"codigo_paquetes":"package_2019_oe_doba_maize_006","variedad_a":"Melkasa-2","variedad_b":"Shone","variedad_c":"BH-140"},
{"codigo_paquetes":"package_2019_oe_doba_maize_007","variedad_a":"Melkasa-4","variedad_b":"MHQ-138","variedad_c":"Shone"},
{"codigo_paquetes":"package_2019_oe_doba_maize_008","variedad_a":"Melkasa-6Q","variedad_b":"BH-140","variedad_c":"Gibe-2"},
{"codigo_paquetes":"package_2019_oe_doba_maize_009","variedad_a":"Melkasa-1Q","variedad_b":"Gibe-3","variedad_c":"Melkasa-2"},
{"codigo_paquetes":"package_2019_oe_doba_maize_010","variedad_a":"Melkasa-2","variedad_b":"MHQ-138","variedad_c":"Melkasa-1Q"},
{"codigo_paquetes":"package_2019_oe_doba_maize_011","variedad_a":"Shone","variedad_b":"Gibe-2","variedad_c":"Melkasa-4"},
{"codigo_paquetes":"package_2019_oe_doba_maize_012","variedad_a":"BH-140","variedad_b":"Gibe-3","variedad_c":"Melkasa-6Q"},
{"codigo_paquetes":"package_2019_oe_doba_maize_013","variedad_a":"Melkasa-4","variedad_b":"Melkasa-1Q","variedad_c":"MHQ-138"},
{"codigo_paquetes":"package_2019_oe_doba_maize_014","variedad_a":"Gibe-2","variedad_b":"Shone","variedad_c":"Melkasa-2"},
{"codigo_paquetes":"package_2019_oe_doba_maize_015","variedad_a":"Gibe-3","variedad_b":"Melkasa-6Q","variedad_c":"BH-140"},
{"codigo_paquetes":"package_2019_oe_doba_maize_016","variedad_a":"MHQ-138","variedad_b":"BH-140","variedad_c":"Gibe-3"},
{"codigo_paquetes":"package_2019_oe_doba_maize_017","variedad_a":"Gibe-2","variedad_b":"Melkasa-4","variedad_c":"Melkasa-1Q"},
{"codigo_paquetes":"package_2019_oe_doba_maize_018","variedad_a":"Melkasa-6Q","variedad_b":"Melkasa-2","variedad_c":"Shone"},
{"codigo_paquetes":"package_2019_oe_doba_maize_019","variedad_a":"Melkasa-4","variedad_b":"Melkasa-6Q","variedad_c":"MHQ-138"},
{"codigo_paquetes":"package_2019_oe_doba_maize_020","variedad_a":"Gibe-3","variedad_b":"Melkasa-2","variedad_c":"Gibe-2"},
{"codigo_paquetes":"package_2019_oe_doba_maize_021","variedad_a":"Shone","variedad_b":"BH-140","variedad_c":"Melkasa-1Q"},
{"codigo_paquetes":"package_2019_oe_doba_maize_022","variedad_a":"Gibe-2","variedad_b":"Gibe-3","variedad_c":"Melkasa-4"},
{"codigo_paquetes":"package_2019_oe_doba_maize_023","variedad_a":"BH-140","variedad_b":"Melkasa-2","variedad_c":"Melkasa-6Q"},
{"codigo_paquetes":"package_2019_oe_doba_maize_024","variedad_a":"Melkasa-1Q","variedad_b":"MHQ-138","variedad_c":"Shone"},
{"codigo_paquetes":"package_2019_oe_doba_maize_025","variedad_a":"Shone","variedad_b":"Melkasa-1Q","variedad_c":"Melkasa-2"},
{"codigo_paquetes":"package_2019_oe_doba_maize_026","variedad_a":"Melkasa-6Q","variedad_b":"Gibe-2","variedad_c":"BH-140"},
{"codigo_paquetes":"package_2019_oe_doba_maize_027","variedad_a":"MHQ-138","variedad_b":"Melkasa-4","variedad_c":"Gibe-3"},
{"codigo_paquetes":"package_2019_oe_doba_maize_028","variedad_a":"BH-140","variedad_b":"Melkasa-1Q","variedad_c":"Melkasa-4"},
{"codigo_paquetes":"package_2019_oe_doba_maize_029","variedad_a":"Gibe-3","variedad_b":"Shone","variedad_c":"Melkasa-6Q"},
{"codigo_paquetes":"package_2019_oe_doba_maize_030","variedad_a":"Melkasa-2","variedad_b":"MHQ-138","variedad_c":"Gibe-2"},
{"codigo_paquetes":"package_2019_oe_doba_maize_031","variedad_a":"Melkasa-4","variedad_b":"Melkasa-6Q","variedad_c":"Melkasa-2"},
{"codigo_paquetes":"package_2019_oe_doba_maize_032","variedad_a":"Melkasa-1Q","variedad_b":"BH-140","variedad_c":"Gibe-3"},
{"codigo_paquetes":"package_2019_oe_doba_maize_033","variedad_a":"MHQ-138","variedad_b":"Shone","variedad_c":"Gibe-2"},
{"codigo_paquetes":"package_2019_oe_doba_maize_034","variedad_a":"Gibe-2","variedad_b":"Gibe-3","variedad_c":"Melkasa-4"},
{"codigo_paquetes":"package_2019_oe_doba_maize_035","variedad_a":"Melkasa-6Q","variedad_b":"Melkasa-1Q","variedad_c":"MHQ-138"},
{"codigo_paquetes":"package_2019_oe_doba_maize_036","variedad_a":"Melkasa-2","variedad_b":"Shone","variedad_c":"BH-140"},
{"codigo_paquetes":"package_2019_oe_doba_maize_037","variedad_a":"BH-140","variedad_b":"Gibe-2","variedad_c":"Melkasa-6Q"},
{"codigo_paquetes":"package_2019_oe_doba_maize_038","variedad_a":"Shone","variedad_b":"Melkasa-2","variedad_c":"Melkasa-1Q"},
{"codigo_paquetes":"package_2019_oe_doba_maize_039","variedad_a":"Gibe-3","variedad_b":"Melkasa-4","variedad_c":"MHQ-138"},
{"codigo_paquetes":"package_2019_oe_doba_maize_040","variedad_a":"Melkasa-6Q","variedad_b":"Gibe-3","variedad_c":"Shone"},
{"codigo_paquetes":"package_2019_oe_doba_maize_041","variedad_a":"Melkasa-2","variedad_b":"MHQ-138","variedad_c":"Gibe-2"},
{"codigo_paquetes":"package_2019_oe_doba_maize_042","variedad_a":"Melkasa-1Q","variedad_b":"Melkasa-4","variedad_c":"BH-140"},
{"codigo_paquetes":"package_2019_oe_doba_maize_043","variedad_a":"Melkasa-4","variedad_b":"Melkasa-6Q","variedad_c":"Melkasa-2"},
{"codigo_paquetes":"package_2019_oe_doba_maize_044","variedad_a":"MHQ-138","variedad_b":"Gibe-2","variedad_c":"Shone"},
{"codigo_paquetes":"package_2019_oe_doba_maize_045","variedad_a":"Gibe-3","variedad_b":"BH-140","variedad_c":"Melkasa-1Q"},
{"codigo_paquetes":"package_2019_oe_doba_maize_046","variedad_a":"Melkasa-1Q","variedad_b":"Melkasa-6Q","variedad_c":"MHQ-138"},
{"codigo_paquetes":"package_2019_oe_doba_maize_047","variedad_a":"Shone","variedad_b":"BH-140","variedad_c":"Melkasa-2"},
{"codigo_paquetes":"package_2019_oe_doba_maize_048","variedad_a":"Gibe-2","variedad_b":"Melkasa-4","variedad_c":"Gibe-3"},
{"codigo_paquetes":"package_2019_oe_doba_maize_049","variedad_a":"Melkasa-2","variedad_b":"Gibe-2","variedad_c":"Melkasa-1Q"},
{"codigo_paquetes":"package_2019_oe_doba_maize_050","variedad_a":"BH-140","variedad_b":"MHQ-138","variedad_c":"Melkasa-4"},
{"codigo_paquetes":"package_2019_oe_doba_maize_051","variedad_a":"Melkasa-6Q","variedad_b":"Shone","variedad_c":"Gibe-3"},
{"codigo_paquetes":"package_2019_oe_doba_maize_052","variedad_a":"MHQ-138","variedad_b":"Gibe-3","variedad_c":"Melkasa-2"},
{"codigo_paquetes":"package_2019_oe_doba_maize_053","variedad_a":"Melkasa-4","variedad_b":"Melkasa-1Q","variedad_c":"Shone"},
{"codigo_paquetes":"package_2019_oe_doba_maize_054","variedad_a":"Gibe-2","variedad_b":"Melkasa-4","variedad_c":"Melkasa-6Q"},
{"codigo_paquetes":"package_2019_oe_doba_maize_055","variedad_a":"Shone","variedad_b":"BH-140","variedad_c":"Gibe-2"},
{"codigo_paquetes":"package_2019_oe_doba_maize_056","variedad_a":"Gibe-3","variedad_b":"Melkasa-1Q","variedad_c":"BH-140"},
{"codigo_paquetes":"package_2019_oe_doba_maize_057","variedad_a":"Melkasa-6Q","variedad_b":"Melkasa-2","variedad_c":"MHQ-138"},
{"codigo_paquetes":"package_2019_oe_doba_maize_058","variedad_a":"MHQ-138","variedad_b":"Shone","variedad_c":"Melkasa-1Q"},
{"codigo_paquetes":"package_2019_oe_doba_maize_059","variedad_a":"BH-140","variedad_b":"Melkasa-2","variedad_c":"Melkasa-4"},
{"codigo_paquetes":"package_2019_oe_doba_maize_060","variedad_a":"Gibe-2","variedad_b":"Gibe-3","variedad_c":"Melkasa-6Q"},
{"codigo_paquetes":"package_2019_oe_doba_maize_061","variedad_a":"Melkasa-1Q","variedad_b":"Gibe-2","variedad_c":"Melkasa-2"},
{"codigo_paquetes":"package_2019_oe_doba_maize_062","variedad_a":"Shone","variedad_b":"Melkasa-6Q","variedad_c":"BH-140"},
{"codigo_paquetes":"package_2019_oe_doba_maize_063","variedad_a":"Melkasa-2","variedad_b":"MHQ-138","variedad_c":"Gibe-3"},
{"codigo_paquetes":"package_2019_oe_doba_maize_064","variedad_a":"Melkasa-4","variedad_b":"Gibe-3","variedad_c":"Shone"},
{"codigo_paquetes":"package_2019_oe_doba_maize_065","variedad_a":"Melkasa-4","variedad_b":"MHQ-138","variedad_c":"Gibe-2"},
{"codigo_paquetes":"package_2019_oe_doba_maize_066","variedad_a":"BH-140","variedad_b":"Melkasa-1Q","variedad_c":"Melkasa-6Q"},
{"codigo_paquetes":"package_2019_oe_doba_maize_067","variedad_a":"Gibe-3","variedad_b":"BH-140","variedad_c":"Gibe-2"},
{"codigo_paquetes":"package_2019_oe_doba_maize_068","variedad_a":"Melkasa-2","variedad_b":"Melkasa-6Q","variedad_c":"MHQ-138"},
{"codigo_paquetes":"package_2019_oe_doba_maize_069","variedad_a":"Melkasa-1Q","variedad_b":"Shone","variedad_c":"Melkasa-4"},
{"codigo_paquetes":"package_2019_oe_doba_maize_070","variedad_a":"Melkasa-2","variedad_b":"Melkasa-4","variedad_c":"BH-140"},
{"codigo_paquetes":"package_2019_oe_doba_maize_071","variedad_a":"MHQ-138","variedad_b":"Gibe-2","variedad_c":"Shone"},
{"codigo_paquetes":"package_2019_oe_doba_maize_072","variedad_a":"Melkasa-6Q","variedad_b":"Gibe-3","variedad_c":"Melkasa-1Q"},
{"codigo_paquetes":"package_2019_oe_doba_maize_073","variedad_a":"Gibe-2","variedad_b":"Melkasa-2","variedad_c":"Melkasa-1Q"},
{"codigo_paquetes":"package_2019_oe_doba_maize_074","variedad_a":"Shone","variedad_b":"BH-140","variedad_c":"Melkasa-6Q"},
{"codigo_paquetes":"package_2019_oe_doba_maize_075","variedad_a":"MHQ-138","variedad_b":"Melkasa-2","variedad_c":"Gibe-3"},
{"codigo_paquetes":"package_2019_oe_doba_maize_076","variedad_a":"Melkasa-4","variedad_b":"Gibe-2","variedad_c":"MHQ-138"},
{"codigo_paquetes":"package_2019_oe_doba_maize_077","variedad_a":"Gibe-3","variedad_b":"Shone","variedad_c":"Melkasa-4"},
{"codigo_paquetes":"package_2019_oe_doba_maize_078","variedad_a":"Melkasa-1Q","variedad_b":"Melkasa-6Q","variedad_c":"BH-140"},
{"codigo_paquetes":"package_2019_oe_doba_maize_079","variedad_a":"Melkasa-6Q","variedad_b":"MHQ-138","variedad_c":"Gibe-2"},
{"codigo_paquetes":"package_2019_oe_doba_maize_080","variedad_a":"Shone","variedad_b":"Melkasa-1Q","variedad_c":"Melkasa-4"},
{"codigo_paquetes":"package_2019_oe_doba_maize_081","variedad_a":"BH-140","variedad_b":"Gibe-3","variedad_c":"Melkasa-2"},
{"codigo_paquetes":"package_2019_oe_doba_maize_082","variedad_a":"BH-140","variedad_b":"MHQ-138","variedad_c":"Shone"},
{"codigo_paquetes":"package_2019_oe_doba_maize_083","variedad_a":"Gibe-2","variedad_b":"Melkasa-6Q","variedad_c":"Gibe-3"},
{"codigo_paquetes":"package_2019_oe_doba_maize_084","variedad_a":"Melkasa-1Q","variedad_b":"Melkasa-4","variedad_c":"Melkasa-2"},
{"codigo_paquetes":"package_2019_oe_doba_maize_085","variedad_a":"Melkasa-2","variedad_b":"Shone","variedad_c":"Gibe-2"},
{"codigo_paquetes":"package_2019_oe_doba_maize_086","variedad_a":"Gibe-3","variedad_b":"Melkasa-1Q","variedad_c":"MHQ-138"},
{"codigo_paquetes":"package_2019_oe_doba_maize_087","variedad_a":"Melkasa-4","variedad_b":"BH-140","variedad_c":"Melkasa-6Q"},
{"codigo_paquetes":"package_2019_oe_doba_maize_088","variedad_a":"MHQ-138","variedad_b":"Melkasa-2","variedad_c":"Melkasa-4"},
{"codigo_paquetes":"package_2019_oe_doba_maize_089","variedad_a":"BH-140","variedad_b":"Gibe-2","variedad_c":"Melkasa-1Q"},
{"codigo_paquetes":"package_2019_oe_doba_maize_090","variedad_a":"Melkasa-6Q","variedad_b":"MHQ-138","variedad_c":"Shone"},
{"codigo_paquetes":"package_2019_oe_doba_maize_091","variedad_a":"Shone","variedad_b":"Melkasa-1Q","variedad_c":"Gibe-3"},
{"codigo_paquetes":"package_2019_oe_doba_maize_092","variedad_a":"Gibe-3","variedad_b":"Melkasa-2","variedad_c":"BH-140"},
{"codigo_paquetes":"package_2019_oe_doba_maize_093","variedad_a":"Gibe-2","variedad_b":"Melkasa-4","variedad_c":"Melkasa-6Q"},
{"codigo_paquetes":"package_2019_oe_doba_maize_094","variedad_a":"MHQ-138","variedad_b":"Gibe-2","variedad_c":"Gibe-3"},
{"codigo_paquetes":"package_2019_oe_doba_maize_095","variedad_a":"Melkasa-1Q","variedad_b":"Melkasa-6Q","variedad_c":"Melkasa-2"},
{"codigo_paquetes":"package_2019_oe_doba_maize_096","variedad_a":"Melkasa-4","variedad_b":"Shone","variedad_c":"BH-140"},
{"codigo_paquetes":"package_2019_oe_doba_maize_097","variedad_a":"Melkasa-2","variedad_b":"Melkasa-1Q","variedad_c":"MHQ-138"},
{"codigo_paquetes":"package_2019_oe_doba_maize_098","variedad_a":"Melkasa-6Q","variedad_b":"Gibe-3","variedad_c":"Melkasa-4"},
{"codigo_paquetes":"package_2019_oe_doba_maize_099","variedad_a":"Shone","variedad_b":"BH-140","variedad_c":"Gibe-2"},
{"codigo_paquetes":"package_2019_oe_doba_maize_100","variedad_a":"Gibe-2","variedad_b":"Melkasa-4","variedad_c":"Melkasa-1Q"},
{"codigo_paquetes":"package_2019_oe_doba_maize_101","variedad_a":"Melkasa-6Q","variedad_b":"MHQ-138","variedad_c":"Shone"},
{"codigo_paquetes":"package_2019_oe_doba_maize_102","variedad_a":"BH-140","variedad_b":"Gibe-3","variedad_c":"Melkasa-2"},
{"codigo_paquetes":"package_2019_oe_doba_maize_103","variedad_a":"Gibe-3","variedad_b":"Shone","variedad_c":"Melkasa-1Q"},
{"codigo_paquetes":"package_2019_oe_doba_maize_104","variedad_a":"MHQ-138","variedad_b":"BH-140","variedad_c":"Melkasa-6Q"},
{"codigo_paquetes":"package_2019_oe_doba_maize_105","variedad_a":"Melkasa-2","variedad_b":"Melkasa-4","variedad_c":"Gibe-2"},
{"codigo_paquetes":"package_2019_oe_doba_maize_106","variedad_a":"Gibe-3","variedad_b":"Gibe-2","variedad_c":"MHQ-138"},
{"codigo_paquetes":"package_2019_oe_doba_maize_107","variedad_a":"Melkasa-4","variedad_b":"Shone","variedad_c":"BH-140"},
{"codigo_paquetes":"package_2019_oe_doba_maize_108","variedad_a":"Melkasa-1Q","variedad_b":"Melkasa-2","variedad_c":"Melkasa-6Q"},
{"codigo_paquetes":"package_2019_oe_doba_maize_109","variedad_a":"Melkasa-4","variedad_b":"Melkasa-6Q","variedad_c":"Gibe-3"},
{"codigo_paquetes":"package_2019_oe_doba_maize_110","variedad_a":"Melkasa-1Q","variedad_b":"Melkasa-2","variedad_c":"MHQ-138"},
{"codigo_paquetes":"package_2019_oe_doba_maize_111","variedad_a":"BH-140","variedad_b":"Gibe-2","variedad_c":"Melkasa-1Q"},
{"codigo_paquetes":"package_2019_oe_doba_maize_112","variedad_a":"Shone","variedad_b":"Melkasa-6Q","variedad_c":"Gibe-2"},
{"codigo_paquetes":"package_2019_oe_doba_maize_113","variedad_a":"Melkasa-2","variedad_b":"MHQ-138","variedad_c":"Shone"},
{"codigo_paquetes":"package_2019_oe_doba_maize_114","variedad_a":"BH-140","variedad_b":"Gibe-3","variedad_c":"Melkasa-4"},
{"codigo_paquetes":"package_2019_oe_doba_maize_115","variedad_a":"MHQ-138","variedad_b":"Melkasa-1Q","variedad_c":"BH-140"},
{"codigo_paquetes":"package_2019_oe_doba_maize_116","variedad_a":"Gibe-2","variedad_b":"Melkasa-4","variedad_c":"Melkasa-2"},
{"codigo_paquetes":"package_2019_oe_doba_maize_117","variedad_a":"Shone","variedad_b":"MHQ-138","variedad_c":"Gibe-3"},
{"codigo_paquetes":"package_2019_oe_doba_maize_118","variedad_a":"Melkasa-6Q","variedad_b":"Melkasa-4","variedad_c":"Shone"},
{"codigo_paquetes":"package_2019_oe_doba_maize_119","variedad_a":"Gibe-3","variedad_b":"Melkasa-1Q","variedad_c":"Melkasa-6Q"},
{"codigo_paquetes":"package_2019_oe_doba_maize_120","variedad_a":"Gibe-2","variedad_b":"BH-140","variedad_c":"Melkasa-2"},
{"codigo_paquetes":"package_2019_oe_doba_maize_121","variedad_a":"Melkasa-1Q","variedad_b":"Melkasa-2","variedad_c":"Gibe-3"},
{"codigo_paquetes":"package_2019_oe_doba_maize_122","variedad_a":"Melkasa-6Q","variedad_b":"Gibe-2","variedad_c":"MHQ-138"},
{"codigo_paquetes":"package_2019_oe_doba_maize_123","variedad_a":"Melkasa-4","variedad_b":"Shone","variedad_c":"BH-140"},
{"codigo_paquetes":"package_2019_oe_doba_maize_124","variedad_a":"Shone","variedad_b":"Gibe-2","variedad_c":"Melkasa-1Q"},
{"codigo_paquetes":"package_2019_oe_doba_maize_125","variedad_a":"BH-140","variedad_b":"Gibe-3","variedad_c":"Melkasa-4"},
{"codigo_paquetes":"package_2019_oe_doba_maize_126","variedad_a":"Melkasa-2","variedad_b":"BH-140","variedad_c":"MHQ-138"},
{"codigo_paquetes":"package_2019_oe_doba_maize_127","variedad_a":"Melkasa-1Q","variedad_b":"Melkasa-6Q","variedad_c":"Melkasa-4"},
{"codigo_paquetes":"package_2019_oe_doba_maize_128","variedad_a":"MHQ-138","variedad_b":"Gibe-3","variedad_c":"Shone"},
{"codigo_paquetes":"package_2019_oe_doba_maize_129","variedad_a":"Melkasa-2","variedad_b":"Melkasa-6Q","variedad_c":"Gibe-2"},
{"codigo_paquetes":"package_2019_oe_doba_maize_130","variedad_a":"Melkasa-4","variedad_b":"MHQ-138","variedad_c":"Melkasa-6Q"},
{"codigo_paquetes":"package_2019_oe_doba_maize_131","variedad_a":"Gibe-2","variedad_b":"BH-140","variedad_c":"Gibe-3"},
{"codigo_paquetes":"package_2019_oe_doba_maize_132","variedad_a":"Shone","variedad_b":"Melkasa-1Q","variedad_c":"Melkasa-2"},
{"codigo_paquetes":"package_2019_oe_doba_maize_133","variedad_a":"Gibe-3","variedad_b":"MHQ-138","variedad_c":"Melkasa-1Q"},
{"codigo_paquetes":"package_2019_oe_doba_maize_134","variedad_a":"Melkasa-4","variedad_b":"Shone","variedad_c":"Gibe-2"},
{"codigo_paquetes":"package_2019_oe_doba_maize_135","variedad_a":"Melkasa-6Q","variedad_b":"Melkasa-2","variedad_c":"BH-140"},
{"codigo_paquetes":"package_2019_oe_doba_maize_136","variedad_a":"BH-140","variedad_b":"Melkasa-1Q","variedad_c":"Shone"},
{"codigo_paquetes":"package_2019_oe_doba_maize_137","variedad_a":"Gibe-3","variedad_b":"Melkasa-4","variedad_c":"Melkasa-2"},
{"codigo_paquetes":"package_2019_oe_doba_maize_138","variedad_a":"MHQ-138","variedad_b":"Gibe-2","variedad_c":"Melkasa-6Q"},
{"codigo_paquetes":"package_2019_oe_doba_maize_139","variedad_a":"MHQ-138","variedad_b":"Shone","variedad_c":"BH-140"},
{"codigo_paquetes":"package_2019_oe_doba_maize_140","variedad_a":"Gibe-2","variedad_b":"Melkasa-6Q","variedad_c":"Melkasa-1Q"},
{"codigo_paquetes":"package_2019_oe_doba_maize_141","variedad_a":"Melkasa-2","variedad_b":"Gibe-3","variedad_c":"Melkasa-4"},
{"codigo_paquetes":"package_2019_oe_doba_maize_142","variedad_a":"Gibe-2","variedad_b":"BH-140","variedad_c":"Gibe-3"},
{"codigo_paquetes":"package_2019_oe_doba_maize_143","variedad_a":"Melkasa-6Q","variedad_b":"Melkasa-2","variedad_c":"Shone"},
{"codigo_paquetes":"package_2019_oe_doba_maize_144","variedad_a":"Melkasa-1Q","variedad_b":"Melkasa-4","variedad_c":"MHQ-138"},
{"codigo_paquetes":"package_2019_oe_doba_maize_145","variedad_a":"Shone","variedad_b":"Gibe-3","variedad_c":"Gibe-2"},
{"codigo_paquetes":"package_2019_oe_doba_maize_146","variedad_a":"BH-140","variedad_b":"Melkasa-4","variedad_c":"Melkasa-6Q"},
{"codigo_paquetes":"package_2019_oe_doba_maize_147","variedad_a":"Melkasa-1Q","variedad_b":"BH-140","variedad_c":"Melkasa-2"},
{"codigo_paquetes":"package_2019_oe_doba_maize_148","variedad_a":"Gibe-3","variedad_b":"Shone","variedad_c":"MHQ-138"},
{"codigo_paquetes":"package_2019_oe_doba_maize_149","variedad_a":"Melkasa-2","variedad_b":"Gibe-2","variedad_c":"Melkasa-4"},
{"codigo_paquetes":"package_2019_oe_doba_maize_150","variedad_a":"Melkasa-6Q","variedad_b":"MHQ-138","variedad_c":"Melkasa-1Q"},
{"codigo_paquetes":"package_2019_oe_doba_maize_151","variedad_a":"Shone","variedad_b":"Melkasa-1Q","variedad_c":"Gibe-2"},
{"codigo_paquetes":"package_2019_oe_doba_maize_152","variedad_a":"Melkasa-2","variedad_b":"Melkasa-6Q","variedad_c":"Gibe-3"},
{"codigo_paquetes":"package_2019_oe_doba_maize_153","variedad_a":"Melkasa-4","variedad_b":"MHQ-138","variedad_c":"BH-140"},
{"codigo_paquetes":"package_2019_oe_doba_maize_154","variedad_a":"BH-140","variedad_b":"Gibe-3","variedad_c":"Shone"},
{"codigo_paquetes":"package_2019_oe_doba_maize_155","variedad_a":"Gibe-2","variedad_b":"Melkasa-1Q","variedad_c":"Melkasa-6Q"},
{"codigo_paquetes":"package_2019_oe_doba_maize_156","variedad_a":"MHQ-138","variedad_b":"Melkasa-2","variedad_c":"Melkasa-4"},
{"codigo_paquetes":"package_2019_oe_doba_maize_157","variedad_a":"Melkasa-4","variedad_b":"Melkasa-6Q","variedad_c":"Shone"},
{"codigo_paquetes":"package_2019_oe_doba_maize_158","variedad_a":"Melkasa-1Q","variedad_b":"BH-140","variedad_c":"Melkasa-2"},
{"codigo_paquetes":"package_2019_oe_doba_maize_159","variedad_a":"Gibe-3","variedad_b":"Shone","variedad_c":"Gibe-2"},
{"codigo_paquetes":"package_2019_oe_doba_maize_160","variedad_a":"MHQ-138","variedad_b":"Gibe-2","variedad_c":"BH-140"},
{"codigo_paquetes":"package_2019_oe_doba_maize_161","variedad_a":"Gibe-3","variedad_b":"Melkasa-4","variedad_c":"Melkasa-1Q"},
{"codigo_paquetes":"package_2019_oe_doba_maize_162","variedad_a":"Shone","variedad_b":"Melkasa-2","variedad_c":"MHQ-138"},
{"codigo_paquetes":"package_2019_oe_doba_maize_163","variedad_a":"Melkasa-6Q","variedad_b":"Melkasa-2","variedad_c":"Gibe-3"},
{"codigo_paquetes":"package_2019_oe_doba_maize_164","variedad_a":"BH-140","variedad_b":"Melkasa-4","variedad_c":"Melkasa-6Q"},
{"codigo_paquetes":"package_2019_oe_doba_maize_165","variedad_a":"Gibe-2","variedad_b":"Melkasa-1Q","variedad_c":"MHQ-138"},
{"codigo_paquetes":"package_2019_oe_doba_maize_166","variedad_a":"Melkasa-6Q","variedad_b":"Shone","variedad_c":"Melkasa-1Q"},
{"codigo_paquetes":"package_2019_oe_doba_maize_167","variedad_a":"Melkasa-4","variedad_b":"MHQ-138","variedad_c":"BH-140"},
{"codigo_paquetes":"package_2019_oe_doba_maize_168","variedad_a":"Melkasa-2","variedad_b":"Gibe-2","variedad_c":"Gibe-3"},
{"codigo_paquetes":"package_2019_oe_doba_maize_169","variedad_a":"Shone","variedad_b":"Melkasa-2","variedad_c":"Melkasa-4"},
{"codigo_paquetes":"package_2019_oe_doba_maize_170","variedad_a":"Melkasa-1Q","variedad_b":"BH-140","variedad_c":"Melkasa-6Q"},
{"codigo_paquetes":"package_2019_oe_doba_maize_171","variedad_a":"MHQ-138","variedad_b":"BH-140","variedad_c":"Gibe-2"},
{"codigo_paquetes":"package_2019_oe_doba_maize_172","variedad_a":"Melkasa-1Q","variedad_b":"Gibe-3","variedad_c":"Melkasa-4"},
{"codigo_paquetes":"package_2019_oe_doba_maize_173","variedad_a":"MHQ-138","variedad_b":"Shone","variedad_c":"Melkasa-2"},
{"codigo_paquetes":"package_2019_oe_doba_maize_174","variedad_a":"Gibe-3","variedad_b":"Melkasa-6Q","variedad_c":"MHQ-138"},
{"codigo_paquetes":"package_2019_oe_doba_maize_175","variedad_a":"Gibe-2","variedad_b":"Melkasa-6Q","variedad_c":"Melkasa-2"},
{"codigo_paquetes":"package_2019_oe_doba_maize_176","variedad_a":"BH-140","variedad_b":"Gibe-3","variedad_c":"Shone"},
{"codigo_paquetes":"package_2019_oe_doba_maize_177","variedad_a":"Gibe-2","variedad_b":"MHQ-138","variedad_c":"Melkasa-1Q"},
{"codigo_paquetes":"package_2019_oe_doba_maize_178","variedad_a":"Melkasa-6Q","variedad_b":"Melkasa-4","variedad_c":"Shone"},
{"codigo_paquetes":"package_2019_oe_doba_maize_179","variedad_a":"Melkasa-4","variedad_b":"Gibe-2","variedad_c":"BH-140"},
{"codigo_paquetes":"package_2019_oe_doba_maize_180","variedad_a":"Melkasa-2","variedad_b":"Melkasa-1Q","variedad_c":"Melkasa-4"},
{"codigo_paquetes":"package_2019_oe_doba_maize_181","variedad_a":"Shone","variedad_b":"Melkasa-2","variedad_c":"Gibe-3"},
{"codigo_paquetes":"package_2019_oe_doba_maize_182","variedad_a":"BH-140","variedad_b":"Melkasa-1Q","variedad_c":"MHQ-138"},
{"codigo_paquetes":"package_2019_oe_doba_maize_183","variedad_a":"Melkasa-1Q","variedad_b":"Gibe-3","variedad_c":"Gibe-2"},
{"codigo_paquetes":"package_2019_oe_doba_maize_184","variedad_a":"Melkasa-2","variedad_b":"BH-140","variedad_c":"Melkasa-6Q"},
{"codigo_paquetes":"package_2019_oe_doba_maize_185","variedad_a":"Melkasa-6Q","variedad_b":"MHQ-138","variedad_c":"Gibe-3"},
{"codigo_paquetes":"package_2019_oe_doba_maize_186","variedad_a":"Shone","variedad_b":"Melkasa-6Q","variedad_c":"Gibe-2"},
{"codigo_paquetes":"package_2019_oe_doba_maize_187","variedad_a":"Melkasa-4","variedad_b":"Shone","variedad_c":"MHQ-138"},
{"codigo_paquetes":"package_2019_oe_doba_maize_188","variedad_a":"BH-140","variedad_b":"Gibe-2","variedad_c":"Melkasa-2"},
{"codigo_paquetes":"package_2019_oe_doba_maize_189","variedad_a":"Gibe-3","variedad_b":"Melkasa-4","variedad_c":"Melkasa-1Q"},
{"codigo_paquetes":"package_2019_oe_doba_maize_190","variedad_a":"Gibe-2","variedad_b":"Melkasa-4","variedad_c":"BH-140"},
{"codigo_paquetes":"package_2019_oe_doba_maize_191","variedad_a":"Melkasa-1Q","variedad_b":"Melkasa-6Q","variedad_c":"Shone"},
{"codigo_paquetes":"package_2019_oe_doba_maize_192","variedad_a":"Gibe-3","variedad_b":"Gibe-2","variedad_c":"Melkasa-2"},
{"codigo_paquetes":"package_2019_oe_doba_maize_193","variedad_a":"MHQ-138","variedad_b":"Melkasa-2","variedad_c":"BH-140"},
{"codigo_paquetes":"package_2019_oe_doba_maize_194","variedad_a":"Melkasa-4","variedad_b":"Melkasa-1Q","variedad_c":"Melkasa-6Q"},
{"codigo_paquetes":"package_2019_oe_doba_maize_195","variedad_a":"MHQ-138","variedad_b":"BH-140","variedad_c":"Gibe-3"},
{"codigo_paquetes":"package_2019_oe_doba_maize_196","variedad_a":"Melkasa-2","variedad_b":"Shone","variedad_c":"Melkasa-4"},
{"codigo_paquetes":"package_2019_oe_doba_maize_197","variedad_a":"Melkasa-6Q","variedad_b":"Gibe-3","variedad_c":"MHQ-138"},
{"codigo_paquetes":"package_2019_oe_doba_maize_198","variedad_a":"Shone","variedad_b":"BH-140","variedad_c":"Melkasa-1Q"},
{"codigo_paquetes":"package_2019_oe_doba_maize_199","variedad_a":"Gibe-3","variedad_b":"Melkasa-1Q","variedad_c":"Gibe-2"}
]
