[
{"codigo_paquetes":"package_2019_snnpr_halaba_fmillet_001","variedad_a":"Tadesse","variedad_b":"Aksum","variedad_c":"Meba"},
{"codigo_paquetes":"package_2019_snnpr_halaba_fmillet_002","variedad_a":"Tesema","variedad_b":"Padet","variedad_c":"Aksum"},
{"codigo_paquetes":"package_2019_snnpr_halaba_fmillet_003","variedad_a":"Padet","variedad_b":"Tadesse","variedad_c":"Tesema"},
{"codigo_paquetes":"package_2019_snnpr_halaba_fmillet_004","variedad_a":"Aksum","variedad_b":"Meba","variedad_c":"Padet"},
{"codigo_paquetes":"package_2019_snnpr_halaba_fmillet_005","variedad_a":"Meba","variedad_b":"Tesema","variedad_c":"Tadesse"},
{"codigo_paquetes":"package_2019_snnpr_halaba_fmillet_006","variedad_a":"Padet","variedad_b":"Aksum","variedad_c":"Meba"},
{"codigo_paquetes":"package_2019_snnpr_halaba_fmillet_007","variedad_a":"Tadesse","variedad_b":"Tesema","variedad_c":"Aksum"},
{"codigo_paquetes":"package_2019_snnpr_halaba_fmillet_008","variedad_a":"Meba","variedad_b":"Tadesse","variedad_c":"Padet"},
{"codigo_paquetes":"package_2019_snnpr_halaba_fmillet_009","variedad_a":"Aksum","variedad_b":"Meba","variedad_c":"Tesema"},
{"codigo_paquetes":"package_2019_snnpr_halaba_fmillet_010","variedad_a":"Tesema","variedad_b":"Padet","variedad_c":"Tadesse"},
{"codigo_paquetes":"package_2019_snnpr_halaba_fmillet_011","variedad_a":"Tadesse","variedad_b":"Padet","variedad_c":"Meba"},
{"codigo_paquetes":"package_2019_snnpr_halaba_fmillet_012","variedad_a":"Tesema","variedad_b":"Meba","variedad_c":"Aksum"},
{"codigo_paquetes":"package_2019_snnpr_halaba_fmillet_013","variedad_a":"Padet","variedad_b":"Tadesse","variedad_c":"Tesema"},
{"codigo_paquetes":"package_2019_snnpr_halaba_fmillet_014","variedad_a":"Aksum","variedad_b":"Tesema","variedad_c":"Meba"},
{"codigo_paquetes":"package_2019_snnpr_halaba_fmillet_015","variedad_a":"Tadesse","variedad_b":"Aksum","variedad_c":"Padet"},
{"codigo_paquetes":"package_2019_snnpr_halaba_fmillet_016","variedad_a":"Tesema","variedad_b":"Padet","variedad_c":"Aksum"},
{"codigo_paquetes":"package_2019_snnpr_halaba_fmillet_017","variedad_a":"Meba","variedad_b":"Aksum","variedad_c":"Tadesse"},
{"codigo_paquetes":"package_2019_snnpr_halaba_fmillet_018","variedad_a":"Padet","variedad_b":"Meba","variedad_c":"Tesema"},
{"codigo_paquetes":"package_2019_snnpr_halaba_fmillet_019","variedad_a":"Aksum","variedad_b":"Tadesse","variedad_c":"Padet"},
{"codigo_paquetes":"package_2019_snnpr_halaba_fmillet_020","variedad_a":"Meba","variedad_b":"Tesema","variedad_c":"Tadesse"},
{"codigo_paquetes":"package_2019_snnpr_halaba_fmillet_021","variedad_a":"Tadesse","variedad_b":"Padet","variedad_c":"Aksum"},
{"codigo_paquetes":"package_2019_snnpr_halaba_fmillet_022","variedad_a":"Tesema","variedad_b":"Meba","variedad_c":"Padet"},
{"codigo_paquetes":"package_2019_snnpr_halaba_fmillet_023","variedad_a":"Aksum","variedad_b":"Tadesse","variedad_c":"Meba"},
{"codigo_paquetes":"package_2019_snnpr_halaba_fmillet_024","variedad_a":"Padet","variedad_b":"Tesema","variedad_c":"Meba"},
{"codigo_paquetes":"package_2019_snnpr_halaba_fmillet_025","variedad_a":"Tadesse","variedad_b":"Aksum","variedad_c":"Tesema"},
{"codigo_paquetes":"package_2019_snnpr_halaba_fmillet_026","variedad_a":"Tesema","variedad_b":"Padet","variedad_c":"Tadesse"},
{"codigo_paquetes":"package_2019_snnpr_halaba_fmillet_027","variedad_a":"Meba","variedad_b":"Tesema","variedad_c":"Aksum"},
{"codigo_paquetes":"package_2019_snnpr_halaba_fmillet_028","variedad_a":"Aksum","variedad_b":"Meba","variedad_c":"Padet"},
{"codigo_paquetes":"package_2019_snnpr_halaba_fmillet_029","variedad_a":"Padet","variedad_b":"Tadesse","variedad_c":"Meba"},
{"codigo_paquetes":"package_2019_snnpr_halaba_fmillet_030","variedad_a":"Tadesse","variedad_b":"Aksum","variedad_c":"Tesema"},
{"codigo_paquetes":"package_2019_snnpr_halaba_fmillet_031","variedad_a":"Tesema","variedad_b":"Padet","variedad_c":"Aksum"},
{"codigo_paquetes":"package_2019_snnpr_halaba_fmillet_032","variedad_a":"Meba","variedad_b":"Padet","variedad_c":"Tadesse"},
{"codigo_paquetes":"package_2019_snnpr_halaba_fmillet_033","variedad_a":"Meba","variedad_b":"Tadesse","variedad_c":"Tesema"},
{"codigo_paquetes":"package_2019_snnpr_halaba_fmillet_034","variedad_a":"Padet","variedad_b":"Aksum","variedad_c":"Tadesse"},
{"codigo_paquetes":"package_2019_snnpr_halaba_fmillet_035","variedad_a":"Aksum","variedad_b":"Tesema","variedad_c":"Meba"},
{"codigo_paquetes":"package_2019_snnpr_halaba_fmillet_036","variedad_a":"Tesema","variedad_b":"Meba","variedad_c":"Padet"},
{"codigo_paquetes":"package_2019_snnpr_halaba_fmillet_037","variedad_a":"Tadesse","variedad_b":"Tesema","variedad_c":"Aksum"},
{"codigo_paquetes":"package_2019_snnpr_halaba_fmillet_038","variedad_a":"Aksum","variedad_b":"Meba","variedad_c":"Tadesse"},
{"codigo_paquetes":"package_2019_snnpr_halaba_fmillet_039","variedad_a":"Meba","variedad_b":"Aksum","variedad_c":"Padet"},
{"codigo_paquetes":"package_2019_snnpr_halaba_fmillet_040","variedad_a":"Padet","variedad_b":"Tadesse","variedad_c":"Tesema"},
{"codigo_paquetes":"package_2019_snnpr_halaba_fmillet_041","variedad_a":"Tesema","variedad_b":"Padet","variedad_c":"Meba"},
{"codigo_paquetes":"package_2019_snnpr_halaba_fmillet_042","variedad_a":"Tadesse","variedad_b":"Aksum","variedad_c":"Padet"},
{"codigo_paquetes":"package_2019_snnpr_halaba_fmillet_043","variedad_a":"Aksum","variedad_b":"Meba","variedad_c":"Tesema"},
{"codigo_paquetes":"package_2019_snnpr_halaba_fmillet_044","variedad_a":"Meba","variedad_b":"Tesema","variedad_c":"Tadesse"},
{"codigo_paquetes":"package_2019_snnpr_halaba_fmillet_045","variedad_a":"Padet","variedad_b":"Tadesse","variedad_c":"Aksum"},
{"codigo_paquetes":"package_2019_snnpr_halaba_fmillet_046","variedad_a":"Tadesse","variedad_b":"Padet","variedad_c":"Meba"},
{"codigo_paquetes":"package_2019_snnpr_halaba_fmillet_047","variedad_a":"Tesema","variedad_b":"Aksum","variedad_c":"Padet"},
{"codigo_paquetes":"package_2019_snnpr_halaba_fmillet_048","variedad_a":"Aksum","variedad_b":"Tadesse","variedad_c":"Tesema"},
{"codigo_paquetes":"package_2019_snnpr_halaba_fmillet_049","variedad_a":"Tadesse","variedad_b":"Meba","variedad_c":"Aksum"},
{"codigo_paquetes":"package_2019_snnpr_halaba_fmillet_050","variedad_a":"Padet","variedad_b":"Tesema","variedad_c":"Meba"},
{"codigo_paquetes":"package_2019_snnpr_halaba_fmillet_051","variedad_a":"Meba","variedad_b":"Padet","variedad_c":"Aksum"},
{"codigo_paquetes":"package_2019_snnpr_halaba_fmillet_052","variedad_a":"Padet","variedad_b":"Tesema","variedad_c":"Tadesse"},
{"codigo_paquetes":"package_2019_snnpr_halaba_fmillet_053","variedad_a":"Aksum","variedad_b":"Meba","variedad_c":"Tadesse"},
{"codigo_paquetes":"package_2019_snnpr_halaba_fmillet_054","variedad_a":"Meba","variedad_b":"Aksum","variedad_c":"Tesema"},
{"codigo_paquetes":"package_2019_snnpr_halaba_fmillet_055","variedad_a":"Tesema","variedad_b":"Tadesse","variedad_c":"Padet"},
{"codigo_paquetes":"package_2019_snnpr_halaba_fmillet_056","variedad_a":"Tadesse","variedad_b":"Padet","variedad_c":"Aksum"},
{"codigo_paquetes":"package_2019_snnpr_halaba_fmillet_057","variedad_a":"Tesema","variedad_b":"Tadesse","variedad_c":"Meba"},
{"codigo_paquetes":"package_2019_snnpr_halaba_fmillet_058","variedad_a":"Padet","variedad_b":"Aksum","variedad_c":"Tesema"},
{"codigo_paquetes":"package_2019_snnpr_halaba_fmillet_059","variedad_a":"Tadesse","variedad_b":"Meba","variedad_c":"Padet"},
{"codigo_paquetes":"package_2019_snnpr_halaba_fmillet_060","variedad_a":"Aksum","variedad_b":"Tesema","variedad_c":"Meba"},
{"codigo_paquetes":"package_2019_snnpr_halaba_fmillet_061","variedad_a":"Meba","variedad_b":"Tesema","variedad_c":"Padet"},
{"codigo_paquetes":"package_2019_snnpr_halaba_fmillet_062","variedad_a":"Padet","variedad_b":"Aksum","variedad_c":"Tadesse"},
{"codigo_paquetes":"package_2019_snnpr_halaba_fmillet_063","variedad_a":"Tesema","variedad_b":"Tadesse","variedad_c":"Aksum"},
{"codigo_paquetes":"package_2019_snnpr_halaba_fmillet_064","variedad_a":"Aksum","variedad_b":"Meba","variedad_c":"Tadesse"},
{"codigo_paquetes":"package_2019_snnpr_halaba_fmillet_065","variedad_a":"Meba","variedad_b":"Padet","variedad_c":"Tesema"},
{"codigo_paquetes":"package_2019_snnpr_halaba_fmillet_066","variedad_a":"Padet","variedad_b":"Aksum","variedad_c":"Meba"},
{"codigo_paquetes":"package_2019_snnpr_halaba_fmillet_067","variedad_a":"Tadesse","variedad_b":"Tesema","variedad_c":"Padet"},
{"codigo_paquetes":"package_2019_snnpr_halaba_fmillet_068","variedad_a":"Tesema","variedad_b":"Meba","variedad_c":"Tadesse"},
{"codigo_paquetes":"package_2019_snnpr_halaba_fmillet_069","variedad_a":"Aksum","variedad_b":"Padet","variedad_c":"Tesema"},
{"codigo_paquetes":"package_2019_snnpr_halaba_fmillet_070","variedad_a":"Meba","variedad_b":"Tadesse","variedad_c":"Aksum"},
{"codigo_paquetes":"package_2019_snnpr_halaba_fmillet_071","variedad_a":"Tesema","variedad_b":"Aksum","variedad_c":"Meba"},
{"codigo_paquetes":"package_2019_snnpr_halaba_fmillet_072","variedad_a":"Tadesse","variedad_b":"Meba","variedad_c":"Padet"},
{"codigo_paquetes":"package_2019_snnpr_halaba_fmillet_073","variedad_a":"Padet","variedad_b":"Tadesse","variedad_c":"Aksum"},
{"codigo_paquetes":"package_2019_snnpr_halaba_fmillet_074","variedad_a":"Aksum","variedad_b":"Tesema","variedad_c":"Tadesse"},
{"codigo_paquetes":"package_2019_snnpr_halaba_fmillet_075","variedad_a":"Meba","variedad_b":"Padet","variedad_c":"Tesema"},
{"codigo_paquetes":"package_2019_snnpr_halaba_fmillet_076","variedad_a":"Tadesse","variedad_b":"Aksum","variedad_c":"Meba"},
{"codigo_paquetes":"package_2019_snnpr_halaba_fmillet_077","variedad_a":"Tesema","variedad_b":"Meba","variedad_c":"Padet"},
{"codigo_paquetes":"package_2019_snnpr_halaba_fmillet_078","variedad_a":"Padet","variedad_b":"Tadesse","variedad_c":"Tesema"},
{"codigo_paquetes":"package_2019_snnpr_halaba_fmillet_079","variedad_a":"Meba","variedad_b":"Padet","variedad_c":"Aksum"},
{"codigo_paquetes":"package_2019_snnpr_halaba_fmillet_080","variedad_a":"Aksum","variedad_b":"Tesema","variedad_c":"Tadesse"},
{"codigo_paquetes":"package_2019_snnpr_halaba_fmillet_081","variedad_a":"Tesema","variedad_b":"Padet","variedad_c":"Aksum"},
{"codigo_paquetes":"package_2019_snnpr_halaba_fmillet_082","variedad_a":"Tadesse","variedad_b":"Tesema","variedad_c":"Meba"},
{"codigo_paquetes":"package_2019_snnpr_halaba_fmillet_083","variedad_a":"Padet","variedad_b":"Meba","variedad_c":"Tadesse"},
{"codigo_paquetes":"package_2019_snnpr_halaba_fmillet_084","variedad_a":"Aksum","variedad_b":"Tadesse","variedad_c":"Padet"},
{"codigo_paquetes":"package_2019_snnpr_halaba_fmillet_085","variedad_a":"Meba","variedad_b":"Aksum","variedad_c":"Tesema"},
{"codigo_paquetes":"package_2019_snnpr_halaba_fmillet_086","variedad_a":"Tadesse","variedad_b":"Tesema","variedad_c":"Padet"},
{"codigo_paquetes":"package_2019_snnpr_halaba_fmillet_087","variedad_a":"Aksum","variedad_b":"Tadesse","variedad_c":"Meba"},
{"codigo_paquetes":"package_2019_snnpr_halaba_fmillet_088","variedad_a":"Padet","variedad_b":"Meba","variedad_c":"Aksum"},
{"codigo_paquetes":"package_2019_snnpr_halaba_fmillet_089","variedad_a":"Tesema","variedad_b":"Meba","variedad_c":"Tadesse"},
{"codigo_paquetes":"package_2019_snnpr_halaba_fmillet_090","variedad_a":"Padet","variedad_b":"Aksum","variedad_c":"Tesema"},
{"codigo_paquetes":"package_2019_snnpr_halaba_fmillet_091","variedad_a":"Tadesse","variedad_b":"Tesema","variedad_c":"Aksum"},
{"codigo_paquetes":"package_2019_snnpr_halaba_fmillet_092","variedad_a":"Meba","variedad_b":"Padet","variedad_c":"Aksum"},
{"codigo_paquetes":"package_2019_snnpr_halaba_fmillet_093","variedad_a":"Tesema","variedad_b":"Tadesse","variedad_c":"Meba"},
{"codigo_paquetes":"package_2019_snnpr_halaba_fmillet_094","variedad_a":"Meba","variedad_b":"Padet","variedad_c":"Tadesse"},
{"codigo_paquetes":"package_2019_snnpr_halaba_fmillet_095","variedad_a":"Tesema","variedad_b":"Aksum","variedad_c":"Padet"},
{"codigo_paquetes":"package_2019_snnpr_halaba_fmillet_096","variedad_a":"Aksum","variedad_b":"Tadesse","variedad_c":"Tesema"},
{"codigo_paquetes":"package_2019_snnpr_halaba_fmillet_097","variedad_a":"Tadesse","variedad_b":"Padet","variedad_c":"Meba"},
{"codigo_paquetes":"package_2019_snnpr_halaba_fmillet_098","variedad_a":"Aksum","variedad_b":"Meba","variedad_c":"Padet"},
{"codigo_paquetes":"package_2019_snnpr_halaba_fmillet_099","variedad_a":"Meba","variedad_b":"Tesema","variedad_c":"Tadesse"},
{"codigo_paquetes":"package_2019_snnpr_halaba_fmillet_100","variedad_a":"Padet","variedad_b":"Aksum","variedad_c":"Tesema"},
{"codigo_paquetes":"package_2019_snnpr_halaba_fmillet_101","variedad_a":"Tadesse","variedad_b":"Aksum","variedad_c":"Meba"},
{"codigo_paquetes":"package_2019_snnpr_halaba_fmillet_102","variedad_a":"Tesema","variedad_b":"Padet","variedad_c":"Aksum"},
{"codigo_paquetes":"package_2019_snnpr_halaba_fmillet_103","variedad_a":"Padet","variedad_b":"Tadesse","variedad_c":"Tesema"},
{"codigo_paquetes":"package_2019_snnpr_halaba_fmillet_104","variedad_a":"Aksum","variedad_b":"Meba","variedad_c":"Padet"},
{"codigo_paquetes":"package_2019_snnpr_halaba_fmillet_105","variedad_a":"Meba","variedad_b":"Tesema","variedad_c":"Tadesse"},
{"codigo_paquetes":"package_2019_snnpr_halaba_fmillet_106","variedad_a":"Padet","variedad_b":"Aksum","variedad_c":"Meba"},
{"codigo_paquetes":"package_2019_snnpr_halaba_fmillet_107","variedad_a":"Tadesse","variedad_b":"Tesema","variedad_c":"Aksum"},
{"codigo_paquetes":"package_2019_snnpr_halaba_fmillet_108","variedad_a":"Meba","variedad_b":"Tadesse","variedad_c":"Padet"},
{"codigo_paquetes":"package_2019_snnpr_halaba_fmillet_109","variedad_a":"Aksum","variedad_b":"Meba","variedad_c":"Tesema"},
{"codigo_paquetes":"package_2019_snnpr_halaba_fmillet_110","variedad_a":"Tesema","variedad_b":"Padet","variedad_c":"Tadesse"},
{"codigo_paquetes":"package_2019_snnpr_halaba_fmillet_111","variedad_a":"Tadesse","variedad_b":"Padet","variedad_c":"Meba"},
{"codigo_paquetes":"package_2019_snnpr_halaba_fmillet_112","variedad_a":"Tesema","variedad_b":"Meba","variedad_c":"Aksum"},
{"codigo_paquetes":"package_2019_snnpr_halaba_fmillet_113","variedad_a":"Padet","variedad_b":"Tadesse","variedad_c":"Tesema"},
{"codigo_paquetes":"package_2019_snnpr_halaba_fmillet_114","variedad_a":"Aksum","variedad_b":"Tesema","variedad_c":"Meba"},
{"codigo_paquetes":"package_2019_snnpr_halaba_fmillet_115","variedad_a":"Tadesse","variedad_b":"Aksum","variedad_c":"Padet"},
{"codigo_paquetes":"package_2019_snnpr_halaba_fmillet_116","variedad_a":"Tesema","variedad_b":"Padet","variedad_c":"Aksum"},
{"codigo_paquetes":"package_2019_snnpr_halaba_fmillet_117","variedad_a":"Meba","variedad_b":"Aksum","variedad_c":"Tadesse"},
{"codigo_paquetes":"package_2019_snnpr_halaba_fmillet_118","variedad_a":"Padet","variedad_b":"Meba","variedad_c":"Tesema"},
{"codigo_paquetes":"package_2019_snnpr_halaba_fmillet_119","variedad_a":"Aksum","variedad_b":"Tadesse","variedad_c":"Padet"},
{"codigo_paquetes":"package_2019_snnpr_halaba_fmillet_120","variedad_a":"Meba","variedad_b":"Tesema","variedad_c":"Tadesse"},
{"codigo_paquetes":"package_2019_snnpr_halaba_fmillet_121","variedad_a":"Tadesse","variedad_b":"Padet","variedad_c":"Aksum"},
{"codigo_paquetes":"package_2019_snnpr_halaba_fmillet_122","variedad_a":"Tesema","variedad_b":"Meba","variedad_c":"Padet"},
{"codigo_paquetes":"package_2019_snnpr_halaba_fmillet_123","variedad_a":"Aksum","variedad_b":"Tadesse","variedad_c":"Meba"},
{"codigo_paquetes":"package_2019_snnpr_halaba_fmillet_124","variedad_a":"Padet","variedad_b":"Tesema","variedad_c":"Meba"},
{"codigo_paquetes":"package_2019_snnpr_halaba_fmillet_125","variedad_a":"Tadesse","variedad_b":"Aksum","variedad_c":"Tesema"},
{"codigo_paquetes":"package_2019_snnpr_halaba_fmillet_126","variedad_a":"Tesema","variedad_b":"Padet","variedad_c":"Tadesse"},
{"codigo_paquetes":"package_2019_snnpr_halaba_fmillet_127","variedad_a":"Meba","variedad_b":"Tesema","variedad_c":"Aksum"},
{"codigo_paquetes":"package_2019_snnpr_halaba_fmillet_128","variedad_a":"Aksum","variedad_b":"Meba","variedad_c":"Padet"},
{"codigo_paquetes":"package_2019_snnpr_halaba_fmillet_129","variedad_a":"Padet","variedad_b":"Tadesse","variedad_c":"Meba"},
{"codigo_paquetes":"package_2019_snnpr_halaba_fmillet_130","variedad_a":"Tadesse","variedad_b":"Aksum","variedad_c":"Tesema"},
{"codigo_paquetes":"package_2019_snnpr_halaba_fmillet_131","variedad_a":"Tesema","variedad_b":"Padet","variedad_c":"Aksum"},
{"codigo_paquetes":"package_2019_snnpr_halaba_fmillet_132","variedad_a":"Meba","variedad_b":"Padet","variedad_c":"Tadesse"},
{"codigo_paquetes":"package_2019_snnpr_halaba_fmillet_133","variedad_a":"Meba","variedad_b":"Tadesse","variedad_c":"Tesema"},
{"codigo_paquetes":"package_2019_snnpr_halaba_fmillet_134","variedad_a":"Padet","variedad_b":"Aksum","variedad_c":"Tadesse"},
{"codigo_paquetes":"package_2019_snnpr_halaba_fmillet_135","variedad_a":"Aksum","variedad_b":"Tesema","variedad_c":"Meba"},
{"codigo_paquetes":"package_2019_snnpr_halaba_fmillet_136","variedad_a":"Tesema","variedad_b":"Meba","variedad_c":"Padet"},
{"codigo_paquetes":"package_2019_snnpr_halaba_fmillet_137","variedad_a":"Tadesse","variedad_b":"Tesema","variedad_c":"Aksum"},
{"codigo_paquetes":"package_2019_snnpr_halaba_fmillet_138","variedad_a":"Aksum","variedad_b":"Meba","variedad_c":"Tadesse"},
{"codigo_paquetes":"package_2019_snnpr_halaba_fmillet_139","variedad_a":"Meba","variedad_b":"Aksum","variedad_c":"Padet"},
{"codigo_paquetes":"package_2019_snnpr_halaba_fmillet_140","variedad_a":"Padet","variedad_b":"Tadesse","variedad_c":"Tesema"},
{"codigo_paquetes":"package_2019_snnpr_halaba_fmillet_141","variedad_a":"Tesema","variedad_b":"Padet","variedad_c":"Meba"},
{"codigo_paquetes":"package_2019_snnpr_halaba_fmillet_142","variedad_a":"Tadesse","variedad_b":"Aksum","variedad_c":"Padet"},
{"codigo_paquetes":"package_2019_snnpr_halaba_fmillet_143","variedad_a":"Aksum","variedad_b":"Meba","variedad_c":"Tesema"},
{"codigo_paquetes":"package_2019_snnpr_halaba_fmillet_144","variedad_a":"Meba","variedad_b":"Tesema","variedad_c":"Tadesse"},
{"codigo_paquetes":"package_2019_snnpr_halaba_fmillet_145","variedad_a":"Padet","variedad_b":"Tadesse","variedad_c":"Aksum"},
{"codigo_paquetes":"package_2019_snnpr_halaba_fmillet_146","variedad_a":"Tadesse","variedad_b":"Padet","variedad_c":"Meba"},
{"codigo_paquetes":"package_2019_snnpr_halaba_fmillet_147","variedad_a":"Tesema","variedad_b":"Aksum","variedad_c":"Padet"},
{"codigo_paquetes":"package_2019_snnpr_halaba_fmillet_148","variedad_a":"Aksum","variedad_b":"Tadesse","variedad_c":"Tesema"},
{"codigo_paquetes":"package_2019_snnpr_halaba_fmillet_149","variedad_a":"Tadesse","variedad_b":"Meba","variedad_c":"Aksum"},
{"codigo_paquetes":"package_2019_snnpr_halaba_fmillet_150","variedad_a":"Padet","variedad_b":"Tesema","variedad_c":"Meba"},
{"codigo_paquetes":"package_2019_snnpr_halaba_fmillet_151","variedad_a":"Meba","variedad_b":"Padet","variedad_c":"Aksum"},
{"codigo_paquetes":"package_2019_snnpr_halaba_fmillet_152","variedad_a":"Padet","variedad_b":"Tesema","variedad_c":"Tadesse"},
{"codigo_paquetes":"package_2019_snnpr_halaba_fmillet_153","variedad_a":"Aksum","variedad_b":"Meba","variedad_c":"Tadesse"},
{"codigo_paquetes":"package_2019_snnpr_halaba_fmillet_154","variedad_a":"Meba","variedad_b":"Aksum","variedad_c":"Tesema"},
{"codigo_paquetes":"package_2019_snnpr_halaba_fmillet_155","variedad_a":"Tesema","variedad_b":"Tadesse","variedad_c":"Padet"},
{"codigo_paquetes":"package_2019_snnpr_halaba_fmillet_156","variedad_a":"Tadesse","variedad_b":"Padet","variedad_c":"Aksum"},
{"codigo_paquetes":"package_2019_snnpr_halaba_fmillet_157","variedad_a":"Tesema","variedad_b":"Tadesse","variedad_c":"Meba"},
{"codigo_paquetes":"package_2019_snnpr_halaba_fmillet_158","variedad_a":"Padet","variedad_b":"Aksum","variedad_c":"Tesema"},
{"codigo_paquetes":"package_2019_snnpr_halaba_fmillet_159","variedad_a":"Tadesse","variedad_b":"Meba","variedad_c":"Padet"},
{"codigo_paquetes":"package_2019_snnpr_halaba_fmillet_160","variedad_a":"Aksum","variedad_b":"Tesema","variedad_c":"Meba"},
{"codigo_paquetes":"package_2019_snnpr_halaba_fmillet_161","variedad_a":"Meba","variedad_b":"Tesema","variedad_c":"Padet"},
{"codigo_paquetes":"package_2019_snnpr_halaba_fmillet_162","variedad_a":"Padet","variedad_b":"Aksum","variedad_c":"Tadesse"},
{"codigo_paquetes":"package_2019_snnpr_halaba_fmillet_163","variedad_a":"Tesema","variedad_b":"Tadesse","variedad_c":"Aksum"},
{"codigo_paquetes":"package_2019_snnpr_halaba_fmillet_164","variedad_a":"Aksum","variedad_b":"Meba","variedad_c":"Tadesse"},
{"codigo_paquetes":"package_2019_snnpr_halaba_fmillet_165","variedad_a":"Meba","variedad_b":"Padet","variedad_c":"Tesema"},
{"codigo_paquetes":"package_2019_snnpr_halaba_fmillet_166","variedad_a":"Padet","variedad_b":"Aksum","variedad_c":"Meba"},
{"codigo_paquetes":"package_2019_snnpr_halaba_fmillet_167","variedad_a":"Tadesse","variedad_b":"Tesema","variedad_c":"Padet"},
{"codigo_paquetes":"package_2019_snnpr_halaba_fmillet_168","variedad_a":"Tesema","variedad_b":"Meba","variedad_c":"Tadesse"},
{"codigo_paquetes":"package_2019_snnpr_halaba_fmillet_169","variedad_a":"Aksum","variedad_b":"Padet","variedad_c":"Tesema"},
{"codigo_paquetes":"package_2019_snnpr_halaba_fmillet_170","variedad_a":"Meba","variedad_b":"Tadesse","variedad_c":"Aksum"},
{"codigo_paquetes":"package_2019_snnpr_halaba_fmillet_171","variedad_a":"Tesema","variedad_b":"Aksum","variedad_c":"Meba"},
{"codigo_paquetes":"package_2019_snnpr_halaba_fmillet_172","variedad_a":"Tadesse","variedad_b":"Meba","variedad_c":"Padet"},
{"codigo_paquetes":"package_2019_snnpr_halaba_fmillet_173","variedad_a":"Padet","variedad_b":"Tadesse","variedad_c":"Aksum"},
{"codigo_paquetes":"package_2019_snnpr_halaba_fmillet_174","variedad_a":"Aksum","variedad_b":"Tesema","variedad_c":"Tadesse"},
{"codigo_paquetes":"package_2019_snnpr_halaba_fmillet_175","variedad_a":"Meba","variedad_b":"Padet","variedad_c":"Tesema"},
{"codigo_paquetes":"package_2019_snnpr_halaba_fmillet_176","variedad_a":"Tadesse","variedad_b":"Aksum","variedad_c":"Meba"},
{"codigo_paquetes":"package_2019_snnpr_halaba_fmillet_177","variedad_a":"Tesema","variedad_b":"Meba","variedad_c":"Padet"},
{"codigo_paquetes":"package_2019_snnpr_halaba_fmillet_178","variedad_a":"Padet","variedad_b":"Tadesse","variedad_c":"Tesema"},
{"codigo_paquetes":"package_2019_snnpr_halaba_fmillet_179","variedad_a":"Meba","variedad_b":"Padet","variedad_c":"Aksum"},
{"codigo_paquetes":"package_2019_snnpr_halaba_fmillet_180","variedad_a":"Aksum","variedad_b":"Tesema","variedad_c":"Tadesse"},
{"codigo_paquetes":"package_2019_snnpr_halaba_fmillet_181","variedad_a":"Tesema","variedad_b":"Padet","variedad_c":"Aksum"},
{"codigo_paquetes":"package_2019_snnpr_halaba_fmillet_182","variedad_a":"Tadesse","variedad_b":"Tesema","variedad_c":"Meba"},
{"codigo_paquetes":"package_2019_snnpr_halaba_fmillet_183","variedad_a":"Padet","variedad_b":"Meba","variedad_c":"Tadesse"},
{"codigo_paquetes":"package_2019_snnpr_halaba_fmillet_184","variedad_a":"Aksum","variedad_b":"Tadesse","variedad_c":"Padet"},
{"codigo_paquetes":"package_2019_snnpr_halaba_fmillet_185","variedad_a":"Meba","variedad_b":"Aksum","variedad_c":"Tesema"},
{"codigo_paquetes":"package_2019_snnpr_halaba_fmillet_186","variedad_a":"Tadesse","variedad_b":"Tesema","variedad_c":"Padet"},
{"codigo_paquetes":"package_2019_snnpr_halaba_fmillet_187","variedad_a":"Aksum","variedad_b":"Tadesse","variedad_c":"Meba"},
{"codigo_paquetes":"package_2019_snnpr_halaba_fmillet_188","variedad_a":"Padet","variedad_b":"Meba","variedad_c":"Aksum"},
{"codigo_paquetes":"package_2019_snnpr_halaba_fmillet_189","variedad_a":"Tesema","variedad_b":"Meba","variedad_c":"Tadesse"},
{"codigo_paquetes":"package_2019_snnpr_halaba_fmillet_190","variedad_a":"Padet","variedad_b":"Aksum","variedad_c":"Tesema"},
{"codigo_paquetes":"package_2019_snnpr_halaba_fmillet_191","variedad_a":"Tadesse","variedad_b":"Tesema","variedad_c":"Aksum"},
{"codigo_paquetes":"package_2019_snnpr_halaba_fmillet_192","variedad_a":"Meba","variedad_b":"Padet","variedad_c":"Aksum"},
{"codigo_paquetes":"package_2019_snnpr_halaba_fmillet_193","variedad_a":"Tesema","variedad_b":"Tadesse","variedad_c":"Meba"},
{"codigo_paquetes":"package_2019_snnpr_halaba_fmillet_194","variedad_a":"Meba","variedad_b":"Padet","variedad_c":"Tadesse"},
{"codigo_paquetes":"package_2019_snnpr_halaba_fmillet_195","variedad_a":"Tesema","variedad_b":"Aksum","variedad_c":"Padet"},
{"codigo_paquetes":"package_2019_snnpr_halaba_fmillet_196","variedad_a":"Aksum","variedad_b":"Tadesse","variedad_c":"Tesema"},
{"codigo_paquetes":"package_2019_snnpr_halaba_fmillet_197","variedad_a":"Tadesse","variedad_b":"Padet","variedad_c":"Meba"},
{"codigo_paquetes":"package_2019_snnpr_halaba_fmillet_198","variedad_a":"Aksum","variedad_b":"Meba","variedad_c":"Padet"},
{"codigo_paquetes":"package_2019_snnpr_halaba_fmillet_199","variedad_a":"Meba","variedad_b":"Tesema","variedad_c":"Tadesse"},
{"codigo_paquetes":"package_2019_snnpr_halaba_fmillet_200","variedad_a":"Padet","variedad_b":"Aksum","variedad_c":"Tesema"}
]
