[
{"codigo_paquetes":"package 1","variedad_a":"gobiye","variedad_b":"melakm","variedad_c":"merewey"},
{"codigo_paquetes":"package 10","variedad_a":"gumbil","variedad_b":"dekeba","variedad_c":"birhan"},
{"codigo_paquetes":"package 11","variedad_a":"gobiye","variedad_b":"chare","variedad_c":"melakm"},
{"codigo_paquetes":"package 12","variedad_a":"merewey","variedad_b":"birhan","variedad_c":"shulkit"},
{"codigo_paquetes":"package 13","variedad_a":"dekeba","variedad_b":"fikrey","variedad_c":"merewey wedisubuh"},
{"codigo_paquetes":"package 14","variedad_a":"teshale","variedad_b":"melakm","variedad_c":"mesay"},
{"codigo_paquetes":"package 15","variedad_a":"meko","variedad_b":"alene","variedad_c":"gobiye"},
{"codigo_paquetes":"package 16","variedad_a":"dekeba","variedad_b":"merewey","variedad_c":"gumbil"},
{"codigo_paquetes":"package 17","variedad_a":"birhan","variedad_b":"merewey wedisubuh","variedad_c":"fikrey"},
{"codigo_paquetes":"package 18","variedad_a":"teshale","variedad_b":"meko","variedad_c":"shulkit"},
{"codigo_paquetes":"package 19","variedad_a":"merewey wedisubuh","variedad_b":"chare","variedad_c":"dagnew"},
{"codigo_paquetes":"package 2","variedad_a":"meko","variedad_b":"chare","variedad_c":"gumbil"},
{"codigo_paquetes":"package 20","variedad_a":"melakm","variedad_b":"mesay","variedad_c":"merewey"},
{"codigo_paquetes":"package 21","variedad_a":"alene","variedad_b":"merewey wedisubuh","variedad_c":"gobiye"},
{"codigo_paquetes":"package 22","variedad_a":"dekeba","variedad_b":"teshale","variedad_c":"meko"},
{"codigo_paquetes":"package 23","variedad_a":"fikrey","variedad_b":"mesay","variedad_c":"gumbil"},
{"codigo_paquetes":"package 24","variedad_a":"birhan","variedad_b":"dagnew","variedad_c":"shulkit"},
{"codigo_paquetes":"package 25","variedad_a":"merewey","variedad_b":"merewey wedisubuh","variedad_c":"melakm"},
{"codigo_paquetes":"package 26","variedad_a":"mesay","variedad_b":"alene","variedad_c":"dekeba"},
{"codigo_paquetes":"package 27","variedad_a":"birhan","variedad_b":"meko","variedad_c":"teshale"},
{"codigo_paquetes":"package 28","variedad_a":"mesay","variedad_b":"gobiye","variedad_c":"dagnew"},
{"codigo_paquetes":"package 29","variedad_a":"fikrey","variedad_b":"merewey wedisubuh","variedad_c":"merewey"},
{"codigo_paquetes":"package 3","variedad_a":"mesay","variedad_b":"birhan","variedad_c":"shulkit"},
{"codigo_paquetes":"package 30","variedad_a":"teshale","variedad_b":"melakm","variedad_c":"gumbil"},
{"codigo_paquetes":"package 31","variedad_a":"meko","variedad_b":"alene","variedad_c":"shulkit"},
{"codigo_paquetes":"package 32","variedad_a":"birhan","variedad_b":"dekeba","variedad_c":"mesay"},
{"codigo_paquetes":"package 33","variedad_a":"merewey wedisubuh","variedad_b":"dagnew","variedad_c":"teshale"},
{"codigo_paquetes":"package 34","variedad_a":"dekeba","variedad_b":"merewey","variedad_c":"fikrey"},
{"codigo_paquetes":"package 35","variedad_a":"birhan","variedad_b":"alene","variedad_c":"melakm"},
{"codigo_paquetes":"package 36","variedad_a":"gumbil","variedad_b":"merewey wedisubuh","variedad_c":"mesay"},
{"codigo_paquetes":"package 37","variedad_a":"shulkit","variedad_b":"meko","variedad_c":"birhan"},
{"codigo_paquetes":"package 38","variedad_a":"merewey","variedad_b":"alene","variedad_c":"teshale"},
{"codigo_paquetes":"package 39","variedad_a":"merewey wedisubuh","variedad_b":"dagnew","variedad_c":"dekeba"},
{"codigo_paquetes":"package 4","variedad_a":"merewey","variedad_b":"fikrey","variedad_c":"melakm"},
{"codigo_paquetes":"package 40","variedad_a":"meko","variedad_b":"fikrey","variedad_c":"birhan"},
{"codigo_paquetes":"package 41","variedad_a":"gumbil","variedad_b":"merewey","variedad_c":"mesay"},
{"codigo_paquetes":"package 42","variedad_a":"meko","variedad_b":"teshale","variedad_c":"melakm"},
{"codigo_paquetes":"package 43","variedad_a":"dagnew","variedad_b":"merewey wedisubuh","variedad_c":"shulkit"},
{"codigo_paquetes":"package 44","variedad_a":"merewey wedisubuh","variedad_b":"gumbil","variedad_c":"alene"},
{"codigo_paquetes":"package 45","variedad_a":"teshale","variedad_b":"merewey","variedad_c":"mesay"},
{"codigo_paquetes":"package 46","variedad_a":"dagnew","variedad_b":"birhan","variedad_c":"merewey wedisubuh"},
{"codigo_paquetes":"package 47","variedad_a":"merewey wedisubuh","variedad_b":"merewey","variedad_c":"meko"},
{"codigo_paquetes":"package 48","variedad_a":"teshale","variedad_b":"gumbil","variedad_c":"merewey"},
{"codigo_paquetes":"package 49","variedad_a":"merewey wedisubuh","variedad_b":"merewey","variedad_c":"mesay"},
{"codigo_paquetes":"package 5","variedad_a":"meko","variedad_b":"gobiye","variedad_c":"gumbil"},
{"codigo_paquetes":"package 50","variedad_a":"birhan","variedad_b":"merewey","variedad_c":"merewey wedisubuh"},
{"codigo_paquetes":"package 6","variedad_a":"mesay","variedad_b":"birhan","variedad_c":"chare"},
{"codigo_paquetes":"package 7","variedad_a":"shulkit","variedad_b":"merewey","variedad_c":"gobiye"},
{"codigo_paquetes":"package 8","variedad_a":"fikrey","variedad_b":"teshale","variedad_c":"melakm"},
{"codigo_paquetes":"package 9","variedad_a":"mesay","variedad_b":"meko","variedad_c":"merewey wedisubuh"}
]
