[
{"codigo_paquetes":"package_2017_osw_tole_chickpea_001","variedad_a":"Dalota","variedad_b":"Natoli","variedad_c":"Ejere"},
{"codigo_paquetes":"package_2017_osw_tole_chickpea_002","variedad_a":"Ejere","variedad_b":"Teji","variedad_c":"Ararti"},
{"codigo_paquetes":"package_2017_osw_tole_chickpea_003","variedad_a":"Teji","variedad_b":"Teketay","variedad_c":"Natoli"},
{"codigo_paquetes":"package_2017_osw_tole_chickpea_004","variedad_a":"Dalota","variedad_b":"Natoli","variedad_c":"Ejere"},
{"codigo_paquetes":"package_2017_osw_tole_chickpea_005","variedad_a":"Natoli","variedad_b":"Teji","variedad_c":"Ararti"},
{"codigo_paquetes":"package_2017_osw_tole_chickpea_006","variedad_a":"Ararti","variedad_b":"Ejere","variedad_c":"Teketay"},
{"codigo_paquetes":"package_2017_osw_tole_chickpea_007","variedad_a":"Teji","variedad_b":"Teketay","variedad_c":"Natoli"},
{"codigo_paquetes":"package_2017_osw_tole_chickpea_008","variedad_a":"Ejere","variedad_b":"Ararti","variedad_c":"Teji"},
{"codigo_paquetes":"package_2017_osw_tole_chickpea_009","variedad_a":"Ararti","variedad_b":"Ejere","variedad_c":"Dalota"},
{"codigo_paquetes":"package_2017_osw_tole_chickpea_010","variedad_a":"Ejere","variedad_b":"Teketay","variedad_c":"Teji"},
{"codigo_paquetes":"package_2017_osw_tole_chickpea_011","variedad_a":"Teketay","variedad_b":"Ararti","variedad_c":"Dalota"},
{"codigo_paquetes":"package_2017_osw_tole_chickpea_012","variedad_a":"Natoli","variedad_b":"Teji","variedad_c":"Ararti"},
{"codigo_paquetes":"package_2017_osw_tole_chickpea_013","variedad_a":"Teketay","variedad_b":"Natoli","variedad_c":"Dalota"},
{"codigo_paquetes":"package_2017_osw_tole_chickpea_014","variedad_a":"Natoli","variedad_b":"Ejere","variedad_c":"Teketay"},
{"codigo_paquetes":"package_2017_osw_tole_chickpea_015","variedad_a":"Dalota","variedad_b":"Ararti","variedad_c":"Ejere"},
{"codigo_paquetes":"package_2017_osw_tole_chickpea_016","variedad_a":"Ararti","variedad_b":"Dalota","variedad_c":"Teji"},
{"codigo_paquetes":"package_2017_osw_tole_chickpea_017","variedad_a":"Ejere","variedad_b":"Teketay","variedad_c":"Natoli"},
{"codigo_paquetes":"package_2017_osw_tole_chickpea_018","variedad_a":"Teji","variedad_b":"Dalota","variedad_c":"Ararti"},
{"codigo_paquetes":"package_2017_osw_tole_chickpea_019","variedad_a":"Ararti","variedad_b":"Ejere","variedad_c":"Teji"},
{"codigo_paquetes":"package_2017_osw_tole_chickpea_020","variedad_a":"Ejere","variedad_b":"Dalota","variedad_c":"Natoli"},
{"codigo_paquetes":"package_2017_osw_tole_chickpea_021","variedad_a":"Teji","variedad_b":"Teketay","variedad_c":"Dalota"},
{"codigo_paquetes":"package_2017_osw_tole_chickpea_022","variedad_a":"Natoli","variedad_b":"Ejere","variedad_c":"Teketay"},
{"codigo_paquetes":"package_2017_osw_tole_chickpea_023","variedad_a":"Natoli","variedad_b":"Teketay","variedad_c":"Ararti"},
{"codigo_paquetes":"package_2017_osw_tole_chickpea_024","variedad_a":"Ararti","variedad_b":"Natoli","variedad_c":"Ejere"},
{"codigo_paquetes":"package_2017_osw_tole_chickpea_025","variedad_a":"Dalota","variedad_b":"Ararti","variedad_c":"Ejere"},
{"codigo_paquetes":"package_2017_osw_tole_chickpea_026","variedad_a":"Ejere","variedad_b":"Natoli","variedad_c":"Dalota"},
{"codigo_paquetes":"package_2017_osw_tole_chickpea_027","variedad_a":"Teji","variedad_b":"Ararti","variedad_c":"Teketay"},
{"codigo_paquetes":"package_2017_osw_tole_chickpea_028","variedad_a":"Teketay","variedad_b":"Dalota","variedad_c":"Teji"},
{"codigo_paquetes":"package_2017_osw_tole_chickpea_029","variedad_a":"Ararti","variedad_b":"Teji","variedad_c":"Teketay"},
{"codigo_paquetes":"package_2017_osw_tole_chickpea_030","variedad_a":"Natoli","variedad_b":"Ejere","variedad_c":"Ararti"},
{"codigo_paquetes":"package_2017_osw_tole_chickpea_031","variedad_a":"Ejere","variedad_b":"Natoli","variedad_c":"Teji"},
{"codigo_paquetes":"package_2017_osw_tole_chickpea_032","variedad_a":"Teji","variedad_b":"Dalota","variedad_c":"Ejere"},
{"codigo_paquetes":"package_2017_osw_tole_chickpea_033","variedad_a":"Teji","variedad_b":"Ejere","variedad_c":"Dalota"},
{"codigo_paquetes":"package_2017_osw_tole_chickpea_034","variedad_a":"Ejere","variedad_b":"Teketay","variedad_c":"Dalota"},
{"codigo_paquetes":"package_2017_osw_tole_chickpea_035","variedad_a":"Teketay","variedad_b":"Natoli","variedad_c":"Teji"},
{"codigo_paquetes":"package_2017_osw_tole_chickpea_036","variedad_a":"Dalota","variedad_b":"Teji","variedad_c":"Teketay"},
{"codigo_paquetes":"package_2017_osw_tole_chickpea_037","variedad_a":"Natoli","variedad_b":"Dalota","variedad_c":"Ararti"},
{"codigo_paquetes":"package_2017_osw_tole_chickpea_038","variedad_a":"Dalota","variedad_b":"Teketay","variedad_c":"Natoli"},
{"codigo_paquetes":"package_2017_osw_tole_chickpea_039","variedad_a":"Ararti","variedad_b":"Ejere","variedad_c":"Teji"},
{"codigo_paquetes":"package_2017_osw_tole_chickpea_040","variedad_a":"Dalota","variedad_b":"Natoli","variedad_c":"Ejere"},
{"codigo_paquetes":"package_2017_osw_tole_chickpea_041","variedad_a":"Teketay","variedad_b":"Ejere","variedad_c":"Dalota"},
{"codigo_paquetes":"package_2017_osw_tole_chickpea_042","variedad_a":"Natoli","variedad_b":"Ararti","variedad_c":"Teji"},
{"codigo_paquetes":"package_2017_osw_tole_chickpea_043","variedad_a":"Ararti","variedad_b":"Dalota","variedad_c":"Teketay"},
{"codigo_paquetes":"package_2017_osw_tole_chickpea_044","variedad_a":"Teji","variedad_b":"Teketay","variedad_c":"Natoli"},
{"codigo_paquetes":"package_2017_osw_tole_chickpea_045","variedad_a":"Dalota","variedad_b":"Natoli","variedad_c":"Ejere"},
{"codigo_paquetes":"package_2017_osw_tole_chickpea_046","variedad_a":"Natoli","variedad_b":"Teji","variedad_c":"Ararti"},
{"codigo_paquetes":"package_2017_osw_tole_chickpea_047","variedad_a":"Ararti","variedad_b":"Ejere","variedad_c":"Teketay"},
{"codigo_paquetes":"package_2017_osw_tole_chickpea_048","variedad_a":"Teji","variedad_b":"Teketay","variedad_c":"Natoli"},
{"codigo_paquetes":"package_2017_osw_tole_chickpea_049","variedad_a":"Ejere","variedad_b":"Ararti","variedad_c":"Teji"},
{"codigo_paquetes":"package_2017_osw_tole_chickpea_050","variedad_a":"Teketay","variedad_b":"Dalota","variedad_c":"Natoli"},
{"codigo_paquetes":"package_2017_osw_tole_chickpea_051","variedad_a":"Ararti","variedad_b":"Ejere","variedad_c":"Dalota"},
{"codigo_paquetes":"package_2017_osw_tole_chickpea_052","variedad_a":"Ejere","variedad_b":"Teketay","variedad_c":"Teji"},
{"codigo_paquetes":"package_2017_osw_tole_chickpea_053","variedad_a":"Teji","variedad_b":"Natoli","variedad_c":"Ejere"},
{"codigo_paquetes":"package_2017_osw_tole_chickpea_054","variedad_a":"Dalota","variedad_b":"Teji","variedad_c":"Teketay"},
{"codigo_paquetes":"package_2017_osw_tole_chickpea_055","variedad_a":"Teketay","variedad_b":"Ararti","variedad_c":"Dalota"},
{"codigo_paquetes":"package_2017_osw_tole_chickpea_056","variedad_a":"Natoli","variedad_b":"Teji","variedad_c":"Ararti"},
{"codigo_paquetes":"package_2017_osw_tole_chickpea_057","variedad_a":"Teketay","variedad_b":"Natoli","variedad_c":"Dalota"},
{"codigo_paquetes":"package_2017_osw_tole_chickpea_058","variedad_a":"Natoli","variedad_b":"Ejere","variedad_c":"Teketay"},
{"codigo_paquetes":"package_2017_osw_tole_chickpea_059","variedad_a":"Dalota","variedad_b":"Ararti","variedad_c":"Ejere"},
{"codigo_paquetes":"package_2017_osw_tole_chickpea_060","variedad_a":"Ararti","variedad_b":"Dalota","variedad_c":"Teji"},
{"codigo_paquetes":"package_2017_osw_tole_chickpea_061","variedad_a":"Ejere","variedad_b":"Teketay","variedad_c":"Natoli"},
{"codigo_paquetes":"package_2017_osw_tole_chickpea_062","variedad_a":"Teji","variedad_b":"Dalota","variedad_c":"Ararti"},
{"codigo_paquetes":"package_2017_osw_tole_chickpea_063","variedad_a":"Ararti","variedad_b":"Ejere","variedad_c":"Teji"},
{"codigo_paquetes":"package_2017_osw_tole_chickpea_064","variedad_a":"Dalota","variedad_b":"Ararti","variedad_c":"Natoli"},
{"codigo_paquetes":"package_2017_osw_tole_chickpea_065","variedad_a":"Ejere","variedad_b":"Dalota","variedad_c":"Natoli"},
{"codigo_paquetes":"package_2017_osw_tole_chickpea_066","variedad_a":"Teji","variedad_b":"Teketay","variedad_c":"Dalota"},
{"codigo_paquetes":"package_2017_osw_tole_chickpea_067","variedad_a":"Teketay","variedad_b":"Teji","variedad_c":"Ararti"},
{"codigo_paquetes":"package_2017_osw_tole_chickpea_068","variedad_a":"Natoli","variedad_b":"Ejere","variedad_c":"Teketay"},
{"codigo_paquetes":"package_2017_osw_tole_chickpea_069","variedad_a":"Natoli","variedad_b":"Teketay","variedad_c":"Ararti"},
{"codigo_paquetes":"package_2017_osw_tole_chickpea_070","variedad_a":"Ararti","variedad_b":"Natoli","variedad_c":"Ejere"},
{"codigo_paquetes":"package_2017_osw_tole_chickpea_071","variedad_a":"Dalota","variedad_b":"Ararti","variedad_c":"Ejere"},
{"codigo_paquetes":"package_2017_osw_tole_chickpea_072","variedad_a":"Ejere","variedad_b":"Natoli","variedad_c":"Dalota"},
{"codigo_paquetes":"package_2017_osw_tole_chickpea_073","variedad_a":"Teji","variedad_b":"Ararti","variedad_c":"Teketay"},
{"codigo_paquetes":"package_2017_osw_tole_chickpea_074","variedad_a":"Teketay","variedad_b":"Dalota","variedad_c":"Teji"},
{"codigo_paquetes":"package_2017_osw_tole_chickpea_075","variedad_a":"Dalota","variedad_b":"Teketay","variedad_c":"Ejere"},
{"codigo_paquetes":"package_2017_osw_tole_chickpea_076","variedad_a":"Ararti","variedad_b":"Teji","variedad_c":"Teketay"},
{"codigo_paquetes":"package_2017_osw_tole_chickpea_077","variedad_a":"Ejere","variedad_b":"Natoli","variedad_c":"Teji"},
{"codigo_paquetes":"package_2017_osw_tole_chickpea_078","variedad_a":"Teketay","variedad_b":"Ararti","variedad_c":"Natoli"},
{"codigo_paquetes":"package_2017_osw_tole_chickpea_079","variedad_a":"Teji","variedad_b":"Ejere","variedad_c":"Dalota"},
{"codigo_paquetes":"package_2017_osw_tole_chickpea_080","variedad_a":"Ejere","variedad_b":"Teketay","variedad_c":"Dalota"},
{"codigo_paquetes":"package_2017_osw_tole_chickpea_081","variedad_a":"Teketay","variedad_b":"Natoli","variedad_c":"Teji"},
{"codigo_paquetes":"package_2017_osw_tole_chickpea_082","variedad_a":"Dalota","variedad_b":"Teji","variedad_c":"Teketay"},
{"codigo_paquetes":"package_2017_osw_tole_chickpea_083","variedad_a":"Natoli","variedad_b":"Dalota","variedad_c":"Ararti"},
{"codigo_paquetes":"package_2017_osw_tole_chickpea_084","variedad_a":"Ararti","variedad_b":"Teji","variedad_c":"Natoli"},
{"codigo_paquetes":"package_2017_osw_tole_chickpea_085","variedad_a":"Dalota","variedad_b":"Teketay","variedad_c":"Natoli"},
{"codigo_paquetes":"package_2017_osw_tole_chickpea_086","variedad_a":"Ararti","variedad_b":"Ejere","variedad_c":"Teji"},
{"codigo_paquetes":"package_2017_osw_tole_chickpea_087","variedad_a":"Dalota","variedad_b":"Natoli","variedad_c":"Ejere"},
{"codigo_paquetes":"package_2017_osw_tole_chickpea_088","variedad_a":"Teketay","variedad_b":"Ejere","variedad_c":"Dalota"},
{"codigo_paquetes":"package_2017_osw_tole_chickpea_089","variedad_a":"Natoli","variedad_b":"Ararti","variedad_c":"Teji"},
{"codigo_paquetes":"package_2017_osw_tole_chickpea_090","variedad_a":"Ararti","variedad_b":"Dalota","variedad_c":"Teketay"},
{"codigo_paquetes":"package_2017_osw_tole_chickpea_091","variedad_a":"Ejere","variedad_b":"Teji","variedad_c":"Ararti"},
{"codigo_paquetes":"package_2017_osw_tole_chickpea_092","variedad_a":"Teji","variedad_b":"Teketay","variedad_c":"Natoli"},
{"codigo_paquetes":"package_2017_osw_tole_chickpea_093","variedad_a":"Dalota","variedad_b":"Natoli","variedad_c":"Ejere"},
{"codigo_paquetes":"package_2017_osw_tole_chickpea_094","variedad_a":"Natoli","variedad_b":"Teji","variedad_c":"Ararti"},
{"codigo_paquetes":"package_2017_osw_tole_chickpea_095","variedad_a":"Teji","variedad_b":"Teketay","variedad_c":"Natoli"},
{"codigo_paquetes":"package_2017_osw_tole_chickpea_096","variedad_a":"Ejere","variedad_b":"Ararti","variedad_c":"Teji"},
{"codigo_paquetes":"package_2017_osw_tole_chickpea_097","variedad_a":"Teketay","variedad_b":"Dalota","variedad_c":"Natoli"},
{"codigo_paquetes":"package_2017_osw_tole_chickpea_098","variedad_a":"Ararti","variedad_b":"Ejere","variedad_c":"Dalota"},
{"codigo_paquetes":"package_2017_osw_tole_chickpea_099","variedad_a":"Ejere","variedad_b":"Teketay","variedad_c":"Teji"},
{"codigo_paquetes":"package_2017_osw_tole_chickpea_100","variedad_a":"Teji","variedad_b":"Natoli","variedad_c":"Ejere"},
{"codigo_paquetes":"package_2017_osw_tole_chickpea_101","variedad_a":"Dalota","variedad_b":"Teji","variedad_c":"Teketay"},
{"codigo_paquetes":"package_2017_osw_tole_chickpea_102","variedad_a":"Teketay","variedad_b":"Ararti","variedad_c":"Dalota"},
{"codigo_paquetes":"package_2017_osw_tole_chickpea_103","variedad_a":"Natoli","variedad_b":"Teji","variedad_c":"Ararti"},
{"codigo_paquetes":"package_2017_osw_tole_chickpea_104","variedad_a":"Natoli","variedad_b":"Ejere","variedad_c":"Teketay"},
{"codigo_paquetes":"package_2017_osw_tole_chickpea_105","variedad_a":"Dalota","variedad_b":"Ararti","variedad_c":"Ejere"},
{"codigo_paquetes":"package_2017_osw_tole_chickpea_106","variedad_a":"Ararti","variedad_b":"Dalota","variedad_c":"Teji"},
{"codigo_paquetes":"package_2017_osw_tole_chickpea_107","variedad_a":"Ejere","variedad_b":"Teketay","variedad_c":"Natoli"},
{"codigo_paquetes":"package_2017_osw_tole_chickpea_108","variedad_a":"Teji","variedad_b":"Dalota","variedad_c":"Ararti"},
{"codigo_paquetes":"package_2017_osw_tole_chickpea_109","variedad_a":"Ararti","variedad_b":"Ejere","variedad_c":"Teji"},
{"codigo_paquetes":"package_2017_osw_tole_chickpea_110","variedad_a":"Dalota","variedad_b":"Ararti","variedad_c":"Natoli"},
{"codigo_paquetes":"package_2017_osw_tole_chickpea_111","variedad_a":"Ejere","variedad_b":"Dalota","variedad_c":"Natoli"},
{"codigo_paquetes":"package_2017_osw_tole_chickpea_112","variedad_a":"Teji","variedad_b":"Teketay","variedad_c":"Dalota"},
{"codigo_paquetes":"package_2017_osw_tole_chickpea_113","variedad_a":"Teketay","variedad_b":"Teji","variedad_c":"Ararti"},
{"codigo_paquetes":"package_2017_osw_tole_chickpea_114","variedad_a":"Natoli","variedad_b":"Teketay","variedad_c":"Ararti"},
{"codigo_paquetes":"package_2017_osw_tole_chickpea_115","variedad_a":"Ararti","variedad_b":"Natoli","variedad_c":"Ejere"},
{"codigo_paquetes":"package_2017_osw_tole_chickpea_116","variedad_a":"Teji","variedad_b":"Ararti","variedad_c":"Teketay"},
{"codigo_paquetes":"package_2017_osw_tole_chickpea_117","variedad_a":"Teketay","variedad_b":"Dalota","variedad_c":"Teji"},
{"codigo_paquetes":"package_2017_osw_tole_chickpea_118","variedad_a":"Dalota","variedad_b":"Teketay","variedad_c":"Ejere"},
{"codigo_paquetes":"package_2017_osw_tole_chickpea_119","variedad_a":"Ararti","variedad_b":"Teji","variedad_c":"Teketay"},
{"codigo_paquetes":"package_2017_osw_tole_chickpea_120","variedad_a":"Natoli","variedad_b":"Ejere","variedad_c":"Ararti"},
{"codigo_paquetes":"package_2017_osw_tole_chickpea_121","variedad_a":"Ejere","variedad_b":"Natoli","variedad_c":"Teji"},
{"codigo_paquetes":"package_2017_osw_tole_chickpea_122","variedad_a":"Teji","variedad_b":"Dalota","variedad_c":"Ejere"},
{"codigo_paquetes":"package_2017_osw_tole_chickpea_123","variedad_a":"Teketay","variedad_b":"Ararti","variedad_c":"Natoli"},
{"codigo_paquetes":"package_2017_osw_tole_chickpea_124","variedad_a":"Teji","variedad_b":"Ejere","variedad_c":"Dalota"},
{"codigo_paquetes":"package_2017_osw_tole_chickpea_125","variedad_a":"Ejere","variedad_b":"Teketay","variedad_c":"Dalota"},
{"codigo_paquetes":"package_2017_osw_tole_chickpea_126","variedad_a":"Teketay","variedad_b":"Natoli","variedad_c":"Teji"},
{"codigo_paquetes":"package_2017_osw_tole_chickpea_127","variedad_a":"Dalota","variedad_b":"Teji","variedad_c":"Teketay"},
{"codigo_paquetes":"package_2017_osw_tole_chickpea_128","variedad_a":"Natoli","variedad_b":"Dalota","variedad_c":"Ararti"},
{"codigo_paquetes":"package_2017_osw_tole_chickpea_129","variedad_a":"Ararti","variedad_b":"Teji","variedad_c":"Natoli"},
{"codigo_paquetes":"package_2017_osw_tole_chickpea_130","variedad_a":"Dalota","variedad_b":"Teketay","variedad_c":"Natoli"},
{"codigo_paquetes":"package_2017_osw_tole_chickpea_131","variedad_a":"Ararti","variedad_b":"Ejere","variedad_c":"Teji"},
{"codigo_paquetes":"package_2017_osw_tole_chickpea_132","variedad_a":"Dalota","variedad_b":"Natoli","variedad_c":"Ejere"},
{"codigo_paquetes":"package_2017_osw_tole_chickpea_133","variedad_a":"Teketay","variedad_b":"Ejere","variedad_c":"Dalota"},
{"codigo_paquetes":"package_2017_osw_tole_chickpea_134","variedad_a":"Natoli","variedad_b":"Ararti","variedad_c":"Teji"},
{"codigo_paquetes":"package_2017_osw_tole_chickpea_135","variedad_a":"Ararti","variedad_b":"Dalota","variedad_c":"Teketay"},
{"codigo_paquetes":"package_2017_osw_tole_chickpea_136","variedad_a":"Ejere","variedad_b":"Teji","variedad_c":"Ararti"},
{"codigo_paquetes":"package_2017_osw_tole_chickpea_137","variedad_a":"Teji","variedad_b":"Teketay","variedad_c":"Natoli"},
{"codigo_paquetes":"package_2017_osw_tole_chickpea_138","variedad_a":"Dalota","variedad_b":"Natoli","variedad_c":"Ejere"},
{"codigo_paquetes":"package_2017_osw_tole_chickpea_139","variedad_a":"Natoli","variedad_b":"Teji","variedad_c":"Ararti"},
{"codigo_paquetes":"package_2017_osw_tole_chickpea_140","variedad_a":"Ararti","variedad_b":"Ejere","variedad_c":"Teketay"},
{"codigo_paquetes":"package_2017_osw_tole_chickpea_141","variedad_a":"Teji","variedad_b":"Teketay","variedad_c":"Natoli"},
{"codigo_paquetes":"package_2017_osw_tole_chickpea_142","variedad_a":"Ejere","variedad_b":"Ararti","variedad_c":"Teji"},
{"codigo_paquetes":"package_2017_osw_tole_chickpea_143","variedad_a":"Teketay","variedad_b":"Dalota","variedad_c":"Natoli"},
{"codigo_paquetes":"package_2017_osw_tole_chickpea_144","variedad_a":"Ararti","variedad_b":"Ejere","variedad_c":"Dalota"},
{"codigo_paquetes":"package_2017_osw_tole_chickpea_145","variedad_a":"Ejere","variedad_b":"Teketay","variedad_c":"Teji"},
{"codigo_paquetes":"package_2017_osw_tole_chickpea_146","variedad_a":"Teji","variedad_b":"Natoli","variedad_c":"Ejere"},
{"codigo_paquetes":"package_2017_osw_tole_chickpea_147","variedad_a":"Dalota","variedad_b":"Teji","variedad_c":"Teketay"},
{"codigo_paquetes":"package_2017_osw_tole_chickpea_148","variedad_a":"Teketay","variedad_b":"Ararti","variedad_c":"Dalota"},
{"codigo_paquetes":"package_2017_osw_tole_chickpea_149","variedad_a":"Natoli","variedad_b":"Teji","variedad_c":"Ararti"},
{"codigo_paquetes":"package_2017_osw_tole_chickpea_150","variedad_a":"Teketay","variedad_b":"Natoli","variedad_c":"Dalota"},
{"codigo_paquetes":"package_2017_osw_tole_chickpea_151","variedad_a":"Ararti","variedad_b":"Dalota","variedad_c":"Teji"},
{"codigo_paquetes":"package_2017_osw_tole_chickpea_152","variedad_a":"Teji","variedad_b":"Dalota","variedad_c":"Ararti"},
{"codigo_paquetes":"package_2017_osw_tole_chickpea_153","variedad_a":"Ararti","variedad_b":"Ejere","variedad_c":"Teji"},
{"codigo_paquetes":"package_2017_osw_tole_chickpea_154","variedad_a":"Ejere","variedad_b":"Dalota","variedad_c":"Natoli"},
{"codigo_paquetes":"package_2017_osw_tole_chickpea_155","variedad_a":"Teji","variedad_b":"Teketay","variedad_c":"Dalota"},
{"codigo_paquetes":"package_2017_osw_tole_chickpea_156","variedad_a":"Teketay","variedad_b":"Teji","variedad_c":"Ararti"},
{"codigo_paquetes":"package_2017_osw_tole_chickpea_157","variedad_a":"Natoli","variedad_b":"Ejere","variedad_c":"Teketay"},
{"codigo_paquetes":"package_2017_osw_tole_chickpea_158","variedad_a":"Natoli","variedad_b":"Teketay","variedad_c":"Ararti"},
{"codigo_paquetes":"package_2017_osw_tole_chickpea_159","variedad_a":"Ararti","variedad_b":"Natoli","variedad_c":"Ejere"},
{"codigo_paquetes":"package_2017_osw_tole_chickpea_160","variedad_a":"Dalota","variedad_b":"Ararti","variedad_c":"Ejere"},
{"codigo_paquetes":"package_2017_osw_tole_chickpea_161","variedad_a":"Teji","variedad_b":"Ararti","variedad_c":"Teketay"},
{"codigo_paquetes":"package_2017_osw_tole_chickpea_162","variedad_a":"Dalota","variedad_b":"Teketay","variedad_c":"Ejere"},
{"codigo_paquetes":"package_2017_osw_tole_chickpea_163","variedad_a":"Ararti","variedad_b":"Teji","variedad_c":"Teketay"},
{"codigo_paquetes":"package_2017_osw_tole_chickpea_164","variedad_a":"Natoli","variedad_b":"Ejere","variedad_c":"Ararti"},
{"codigo_paquetes":"package_2017_osw_tole_chickpea_165","variedad_a":"Teji","variedad_b":"Dalota","variedad_c":"Ejere"},
{"codigo_paquetes":"package_2017_osw_tole_chickpea_166","variedad_a":"Teketay","variedad_b":"Ararti","variedad_c":"Natoli"},
{"codigo_paquetes":"package_2017_osw_tole_chickpea_167","variedad_a":"Ejere","variedad_b":"Teketay","variedad_c":"Dalota"},
{"codigo_paquetes":"package_2017_osw_tole_chickpea_168","variedad_a":"Dalota","variedad_b":"Teji","variedad_c":"Teketay"},
{"codigo_paquetes":"package_2017_osw_tole_chickpea_169","variedad_a":"Natoli","variedad_b":"Dalota","variedad_c":"Ararti"},
{"codigo_paquetes":"package_2017_osw_tole_chickpea_170","variedad_a":"Ararti","variedad_b":"Teji","variedad_c":"Natoli"},
{"codigo_paquetes":"package_2017_osw_tole_chickpea_171","variedad_a":"Dalota","variedad_b":"Teketay","variedad_c":"Natoli"},
{"codigo_paquetes":"package_2017_osw_tole_chickpea_172","variedad_a":"Ararti","variedad_b":"Ejere","variedad_c":"Teji"}
]
