[
{"codigo_paquetes":"package_jimma_omo_nada_teff_2018_01","variedad_a":"18","variedad_b":"21","variedad_c":"26"},
{"codigo_paquetes":"package_jimma_omo_nada_teff_2018_02","variedad_a":"12","variedad_b":"16","variedad_c":"20"},
{"codigo_paquetes":"package_jimma_omo_nada_teff_2018_03","variedad_a":"1","variedad_b":"11","variedad_c":"17"},
{"codigo_paquetes":"package_jimma_omo_nada_teff_2018_04","variedad_a":"10","variedad_b":"14","variedad_c":"19"},
{"codigo_paquetes":"package_jimma_omo_nada_teff_2018_05","variedad_a":"7","variedad_b":"9","variedad_c":"15"},
{"codigo_paquetes":"package_jimma_omo_nada_teff_2018_06","variedad_a":"2","variedad_b":"3","variedad_c":"5"},
{"codigo_paquetes":"package_jimma_omo_nada_teff_2018_07","variedad_a":"4","variedad_b":"6","variedad_c":"23"},
{"codigo_paquetes":"package_jimma_omo_nada_teff_2018_08","variedad_a":"11","variedad_b":"13","variedad_c":"25"},
{"codigo_paquetes":"package_jimma_omo_nada_teff_2018_09","variedad_a":"8","variedad_b":"19","variedad_c":"24"},
{"codigo_paquetes":"package_jimma_omo_nada_teff_2018_10","variedad_a":"3","variedad_b":"26","variedad_c":"22"},
{"codigo_paquetes":"package_jimma_omo_nada_teff_2018_11","variedad_a":"23","variedad_b":"24","variedad_c":"21"},
{"codigo_paquetes":"package_jimma_omo_nada_teff_2018_12","variedad_a":"17","variedad_b":"4","variedad_c":"18"},
{"codigo_paquetes":"package_jimma_omo_nada_teff_2018_13","variedad_a":"2","variedad_b":"7","variedad_c":"8"},
{"codigo_paquetes":"package_jimma_omo_nada_teff_2018_14","variedad_a":"13","variedad_b":"22","variedad_c":"14"},
{"codigo_paquetes":"package_jimma_omo_nada_teff_2018_15","variedad_a":"6","variedad_b":"20","variedad_c":"10"},
{"codigo_paquetes":"package_jimma_omo_nada_teff_2018_16","variedad_a":"16","variedad_b":"15","variedad_c":"3"},
{"codigo_paquetes":"package_jimma_omo_nada_teff_2018_17","variedad_a":"5","variedad_b":"25","variedad_c":"13"},
{"codigo_paquetes":"package_jimma_omo_nada_teff_2018_18","variedad_a":"22","variedad_b":"12","variedad_c":"9"},
{"codigo_paquetes":"package_jimma_omo_nada_teff_2018_19","variedad_a":"1","variedad_b":"18","variedad_c":"6"},
{"codigo_paquetes":"package_jimma_omo_nada_teff_2018_20","variedad_a":"15","variedad_b":"10","variedad_c":"11"},
{"codigo_paquetes":"package_jimma_omo_nada_teff_2018_21","variedad_a":"19","variedad_b":"1","variedad_c":"12"},
{"codigo_paquetes":"package_jimma_omo_nada_teff_2018_22","variedad_a":"17","variedad_b":"23","variedad_c":"2"},
{"codigo_paquetes":"package_jimma_omo_nada_teff_2018_23","variedad_a":"9","variedad_b":"24","variedad_c":"26"},
{"codigo_paquetes":"package_jimma_omo_nada_teff_2018_24","variedad_a":"4","variedad_b":"7","variedad_c":"16"},
{"codigo_paquetes":"package_jimma_omo_nada_teff_2018_25","variedad_a":"14","variedad_b":"8","variedad_c":"21"},
{"codigo_paquetes":"package_jimma_omo_nada_teff_2018_26","variedad_a":"20","variedad_b":"23","variedad_c":"25"},
{"codigo_paquetes":"package_jimma_omo_nada_teff_2018_27","variedad_a":"11","variedad_b":"5","variedad_c":"16"},
{"codigo_paquetes":"package_jimma_omo_nada_teff_2018_28","variedad_a":"24","variedad_b":"5","variedad_c":"10"},
{"codigo_paquetes":"package_jimma_omo_nada_teff_2018_29","variedad_a":"21","variedad_b":"3","variedad_c":"13"},
{"codigo_paquetes":"package_jimma_omo_nada_teff_2018_30","variedad_a":"6","variedad_b":"2","variedad_c":"9"},
{"codigo_paquetes":"package_jimma_omo_nada_teff_2018_31","variedad_a":"8","variedad_b":"12","variedad_c":"15"},
{"codigo_paquetes":"package_jimma_omo_nada_teff_2018_32","variedad_a":"14","variedad_b":"18","variedad_c":"20"},
{"codigo_paquetes":"package_jimma_omo_nada_teff_2018_33","variedad_a":"19","variedad_b":"22","variedad_c":"4"},
{"codigo_paquetes":"package_jimma_omo_nada_teff_2018_34","variedad_a":"26","variedad_b":"15","variedad_c":"1"},
{"codigo_paquetes":"package_jimma_omo_nada_teff_2018_35","variedad_a":"21","variedad_b":"17","variedad_c":"7"},
{"codigo_paquetes":"package_jimma_omo_nada_teff_2018_36","variedad_a":"25","variedad_b":"9","variedad_c":"19"},
{"codigo_paquetes":"package_jimma_omo_nada_teff_2018_37","variedad_a":"13","variedad_b":"6","variedad_c":"17"},
{"codigo_paquetes":"package_jimma_omo_nada_teff_2018_38","variedad_a":"24","variedad_b":"4","variedad_c":"11"},
{"codigo_paquetes":"package_jimma_omo_nada_teff_2018_39","variedad_a":"7","variedad_b":"10","variedad_c":"22"},
{"codigo_paquetes":"package_jimma_omo_nada_teff_2018_40","variedad_a":"3","variedad_b":"5","variedad_c":"18"},
{"codigo_paquetes":"package_jimma_omo_nada_teff_2018_41","variedad_a":"16","variedad_b":"2","variedad_c":"14"},
{"codigo_paquetes":"package_jimma_omo_nada_teff_2018_42","variedad_a":"23","variedad_b":"1","variedad_c":"2"},
{"codigo_paquetes":"package_jimma_omo_nada_teff_2018_43","variedad_a":"12","variedad_b":"25","variedad_c":"7"},
{"codigo_paquetes":"package_jimma_omo_nada_teff_2018_44","variedad_a":"20","variedad_b":"19","variedad_c":"26"},
{"codigo_paquetes":"package_jimma_omo_nada_teff_2018_45","variedad_a":"6","variedad_b":"16","variedad_c":"8"},
{"codigo_paquetes":"package_jimma_omo_nada_teff_2018_46","variedad_a":"5","variedad_b":"15","variedad_c":"4"},
{"codigo_paquetes":"package_jimma_omo_nada_teff_2018_47","variedad_a":"8","variedad_b":"13","variedad_c":"1"},
{"codigo_paquetes":"package_jimma_omo_nada_teff_2018_48","variedad_a":"22","variedad_b":"12","variedad_c":"23"},
{"codigo_paquetes":"package_jimma_omo_nada_teff_2018_49","variedad_a":"9","variedad_b":"21","variedad_c":"10"},
{"codigo_paquetes":"package_jimma_omo_nada_teff_2018_50","variedad_a":"26","variedad_b":"17","variedad_c":"24"},
{"codigo_paquetes":"package_jimma_omo_nada_teff_2018_51","variedad_a":"18","variedad_b":"8","variedad_c":"25"},
{"codigo_paquetes":"package_jimma_omo_nada_teff_2018_52","variedad_a":"7","variedad_b":"20","variedad_c":"3"},
{"codigo_paquetes":"package_jimma_omo_nada_teff_2018_53","variedad_a":"2","variedad_b":"11","variedad_c":"19"},
{"codigo_paquetes":"package_jimma_omo_nada_teff_2018_54","variedad_a":"25","variedad_b":"14","variedad_c":"15"},
{"codigo_paquetes":"package_jimma_omo_nada_teff_2018_55","variedad_a":"11","variedad_b":"18","variedad_c":"22"},
{"codigo_paquetes":"package_jimma_omo_nada_teff_2018_56","variedad_a":"14","variedad_b":"16","variedad_c":"17"},
{"codigo_paquetes":"package_jimma_omo_nada_teff_2018_57","variedad_a":"10","variedad_b":"3","variedad_c":"23"},
{"codigo_paquetes":"package_jimma_omo_nada_teff_2018_58","variedad_a":"4","variedad_b":"13","variedad_c":"20"},
{"codigo_paquetes":"package_jimma_omo_nada_teff_2018_59","variedad_a":"1","variedad_b":"22","variedad_c":"21"},
{"codigo_paquetes":"package_jimma_omo_nada_teff_2018_60","variedad_a":"9","variedad_b":"14","variedad_c":"5"},
{"codigo_paquetes":"package_jimma_omo_nada_teff_2018_61","variedad_a":"13","variedad_b":"24","variedad_c":"12"},
{"codigo_paquetes":"package_jimma_omo_nada_teff_2018_62","variedad_a":"25","variedad_b":"26","variedad_c":"16"},
{"codigo_paquetes":"package_jimma_omo_nada_teff_2018_63","variedad_a":"21","variedad_b":"11","variedad_c":"6"},
{"codigo_paquetes":"package_jimma_omo_nada_teff_2018_64","variedad_a":"15","variedad_b":"23","variedad_c":"9"},
{"codigo_paquetes":"package_jimma_omo_nada_teff_2018_65","variedad_a":"26","variedad_b":"2","variedad_c":"4"},
{"codigo_paquetes":"package_jimma_omo_nada_teff_2018_66","variedad_a":"3","variedad_b":"19","variedad_c":"8"},
{"codigo_paquetes":"package_jimma_omo_nada_teff_2018_67","variedad_a":"18","variedad_b":"7","variedad_c":"24"},
{"codigo_paquetes":"package_jimma_omo_nada_teff_2018_68","variedad_a":"5","variedad_b":"17","variedad_c":"12"},
{"codigo_paquetes":"package_jimma_omo_nada_teff_2018_69","variedad_a":"10","variedad_b":"20","variedad_c":"1"}
]
