[
{"codigo_paquetes":"package_teff_girwa_001","variedad_a":"Quncho","variedad_b":"Boset","variedad_c":"Gudure"},
{"codigo_paquetes":"package_teff_girwa_002","variedad_a":"Magna","variedad_b":"Dukem","variedad_c":"Kena"},
{"codigo_paquetes":"package_teff_girwa_003","variedad_a":"Filagot","variedad_b":"Tesfa","variedad_c":"Tseday"},
{"codigo_paquetes":"package_teff_girwa_004","variedad_a":"Kora","variedad_b":"Nigus","variedad_c":"Dagim"},
{"codigo_paquetes":"package_teff_girwa_005","variedad_a":"Dukem","variedad_b":"Kora","variedad_c":"Magna"},
{"codigo_paquetes":"package_teff_girwa_006","variedad_a":"Boset","variedad_b":"Dagim","variedad_c":"Tesfa"},
{"codigo_paquetes":"package_teff_girwa_007","variedad_a":"Nigus","variedad_b":"Tseday","variedad_c":"Filagot"},
{"codigo_paquetes":"package_teff_girwa_008","variedad_a":"Kena","variedad_b":"Gudure","variedad_c":"Quncho"},
{"codigo_paquetes":"package_teff_girwa_009","variedad_a":"Tesfa","variedad_b":"Kena","variedad_c":"Kora"},
{"codigo_paquetes":"package_teff_girwa_010","variedad_a":"Dagim","variedad_b":"Magna","variedad_c":"Boset"},
{"codigo_paquetes":"package_teff_girwa_011","variedad_a":"Tseday","variedad_b":"Quncho","variedad_c":"Nigus"},
{"codigo_paquetes":"package_teff_girwa_012","variedad_a":"Gudure","variedad_b":"Filagot","variedad_c":"Dukem"},
{"codigo_paquetes":"package_teff_girwa_013","variedad_a":"Dagim","variedad_b":"Tseday","variedad_c":"Gudure"},
{"codigo_paquetes":"package_teff_girwa_014","variedad_a":"Nigus","variedad_b":"Magna","variedad_c":"Kena"},
{"codigo_paquetes":"package_teff_girwa_015","variedad_a":"Kora","variedad_b":"Filagot","variedad_c":"Dukem"},
{"codigo_paquetes":"package_teff_girwa_016","variedad_a":"Quncho","variedad_b":"Boset","variedad_c":"Tesfa"},
{"codigo_paquetes":"package_teff_girwa_017","variedad_a":"Boset","variedad_b":"Kena","variedad_c":"Dagim"},
{"codigo_paquetes":"package_teff_girwa_018","variedad_a":"Tseday","variedad_b":"Gudure","variedad_c":"Quncho"},
{"codigo_paquetes":"package_teff_girwa_019","variedad_a":"Filagot","variedad_b":"Tesfa","variedad_c":"Kora"},
{"codigo_paquetes":"package_teff_girwa_020","variedad_a":"Magna","variedad_b":"Dukem","variedad_c":"Nigus"},
{"codigo_paquetes":"package_teff_girwa_021","variedad_a":"Tesfa","variedad_b":"Dagim","variedad_c":"Filagot"},
{"codigo_paquetes":"package_teff_girwa_022","variedad_a":"Dukem","variedad_b":"Quncho","variedad_c":"Boset"},
{"codigo_paquetes":"package_teff_girwa_023","variedad_a":"Kena","variedad_b":"Magna","variedad_c":"Tseday"},
{"codigo_paquetes":"package_teff_girwa_024","variedad_a":"Gudure","variedad_b":"Kora","variedad_c":"Nigus"},
{"codigo_paquetes":"package_teff_girwa_025","variedad_a":"Quncho","variedad_b":"Dukem","variedad_c":"Gudure"},
{"codigo_paquetes":"package_teff_girwa_026","variedad_a":"Filagot","variedad_b":"Nigus","variedad_c":"Kena"},
{"codigo_paquetes":"package_teff_girwa_027","variedad_a":"Boset","variedad_b":"Tesfa","variedad_c":"Tseday"},
{"codigo_paquetes":"package_teff_girwa_028","variedad_a":"Kora","variedad_b":"Dagim","variedad_c":"Magna"},
{"codigo_paquetes":"package_teff_girwa_029","variedad_a":"Dagim","variedad_b":"Kena","variedad_c":"Quncho"},
{"codigo_paquetes":"package_teff_girwa_030","variedad_a":"Gudure","variedad_b":"Filagot","variedad_c":"Boset"},
{"codigo_paquetes":"package_teff_girwa_031","variedad_a":"Tseday","variedad_b":"Kora","variedad_c":"Dukem"},
{"codigo_paquetes":"package_teff_girwa_032","variedad_a":"Tesfa","variedad_b":"Nigus","variedad_c":"Dagim"},
{"codigo_paquetes":"package_teff_girwa_033","variedad_a":"Quncho","variedad_b":"Boset","variedad_c":"Magna"},
{"codigo_paquetes":"package_teff_girwa_034","variedad_a":"Magna","variedad_b":"Tseday","variedad_c":"Filagot"},
{"codigo_paquetes":"package_teff_girwa_035","variedad_a":"Dukem","variedad_b":"Kena","variedad_c":"Tesfa"},
{"codigo_paquetes":"package_teff_girwa_036","variedad_a":"Gudure","variedad_b":"Quncho","variedad_c":"Kora"},
{"codigo_paquetes":"package_teff_girwa_037","variedad_a":"Nigus","variedad_b":"Filagot","variedad_c":"Dukem"},
{"codigo_paquetes":"package_teff_girwa_038","variedad_a":"Tesfa","variedad_b":"Gudure","variedad_c":"Tseday"},
{"codigo_paquetes":"package_teff_girwa_039","variedad_a":"Kora","variedad_b":"Boset","variedad_c":"Dagim"},
{"codigo_paquetes":"package_teff_girwa_040","variedad_a":"Kena","variedad_b":"Quncho","variedad_c":"Nigus"},
{"codigo_paquetes":"package_teff_girwa_041","variedad_a":"Dagim","variedad_b":"Magna","variedad_c":"Kena"},
{"codigo_paquetes":"package_teff_girwa_042","variedad_a":"Boset","variedad_b":"Dukem","variedad_c":"Gudure"},
{"codigo_paquetes":"package_teff_girwa_043","variedad_a":"Nigus","variedad_b":"Tseday","variedad_c":"Kora"},
{"codigo_paquetes":"package_teff_girwa_044","variedad_a":"Filagot","variedad_b":"Tesfa","variedad_c":"Magna"},
{"codigo_paquetes":"package_teff_girwa_045","variedad_a":"Magna","variedad_b":"Tseday","variedad_c":"Boset"},
{"codigo_paquetes":"package_teff_girwa_046","variedad_a":"Quncho","variedad_b":"Dagim","variedad_c":"Filagot"},
{"codigo_paquetes":"package_teff_girwa_047","variedad_a":"Kena","variedad_b":"Kora","variedad_c":"Gudure"},
{"codigo_paquetes":"package_teff_girwa_048","variedad_a":"Dukem","variedad_b":"Nigus","variedad_c":"Tesfa"},
{"codigo_paquetes":"package_teff_girwa_049","variedad_a":"Tseday","variedad_b":"Gudure","variedad_c":"Filagot"},
{"codigo_paquetes":"package_teff_girwa_050","variedad_a":"Kora","variedad_b":"Dagim","variedad_c":"Dukem"},
{"codigo_paquetes":"package_teff_girwa_051","variedad_a":"Nigus","variedad_b":"Boset","variedad_c":"Quncho"},
{"codigo_paquetes":"package_teff_girwa_052","variedad_a":"Magna","variedad_b":"Tesfa","variedad_c":"Kena"},
{"codigo_paquetes":"package_teff_girwa_053","variedad_a":"Dukem","variedad_b":"Kena","variedad_c":"Quncho"},
{"codigo_paquetes":"package_teff_girwa_054","variedad_a":"Dagim","variedad_b":"Nigus","variedad_c":"Tseday"},
{"codigo_paquetes":"package_teff_girwa_055","variedad_a":"Filagot","variedad_b":"Kora","variedad_c":"Magna"},
{"codigo_paquetes":"package_teff_girwa_056","variedad_a":"Boset","variedad_b":"Gudure","variedad_c":"Tesfa"},
{"codigo_paquetes":"package_teff_girwa_057","variedad_a":"Tseday","variedad_b":"Quncho","variedad_c":"Magna"},
{"codigo_paquetes":"package_teff_girwa_058","variedad_a":"Kena","variedad_b":"Gudure","variedad_c":"Dagim"},
{"codigo_paquetes":"package_teff_girwa_059","variedad_a":"Tesfa","variedad_b":"Kora","variedad_c":"Nigus"},
{"codigo_paquetes":"package_teff_girwa_060","variedad_a":"Filagot","variedad_b":"Dukem","variedad_c":"Boset"},
{"codigo_paquetes":"package_teff_girwa_061","variedad_a":"Gudure","variedad_b":"Tseday","variedad_c":"Kora"},
{"codigo_paquetes":"package_teff_girwa_062","variedad_a":"Quncho","variedad_b":"Boset","variedad_c":"Dagim"},
{"codigo_paquetes":"package_teff_girwa_063","variedad_a":"Tesfa","variedad_b":"Magna","variedad_c":"Dukem"},
{"codigo_paquetes":"package_teff_girwa_064","variedad_a":"Nigus","variedad_b":"Dukem","variedad_c":"Kena"},
{"codigo_paquetes":"package_teff_girwa_065","variedad_a":"Kena","variedad_b":"Filagot","variedad_c":"Quncho"},
{"codigo_paquetes":"package_teff_girwa_066","variedad_a":"Kora","variedad_b":"Dagim","variedad_c":"Filagot"},
{"codigo_paquetes":"package_teff_girwa_067","variedad_a":"Boset","variedad_b":"Nigus","variedad_c":"Tseday"},
{"codigo_paquetes":"package_teff_girwa_068","variedad_a":"Magna","variedad_b":"Tesfa","variedad_c":"Gudure"},
{"codigo_paquetes":"package_teff_girwa_069","variedad_a":"Gudure","variedad_b":"Quncho","variedad_c":"Magna"},
{"codigo_paquetes":"package_teff_girwa_070","variedad_a":"Dagim","variedad_b":"Kena","variedad_c":"Tesfa"},
{"codigo_paquetes":"package_teff_girwa_071","variedad_a":"Tseday","variedad_b":"Filagot","variedad_c":"Dukem"},
{"codigo_paquetes":"package_teff_girwa_072","variedad_a":"Kora","variedad_b":"Nigus","variedad_c":"Boset"},
{"codigo_paquetes":"package_teff_girwa_073","variedad_a":"Boset","variedad_b":"Dagim","variedad_c":"Gudure"},
{"codigo_paquetes":"package_teff_girwa_074","variedad_a":"Tseday","variedad_b":"Magna","variedad_c":"Kora"},
{"codigo_paquetes":"package_teff_girwa_075","variedad_a":"Dukem","variedad_b":"Quncho","variedad_c":"Nigus"},
{"codigo_paquetes":"package_teff_girwa_076","variedad_a":"Filagot","variedad_b":"Tesfa","variedad_c":"Kena"},
{"codigo_paquetes":"package_teff_girwa_077","variedad_a":"Dukem","variedad_b":"Kena","variedad_c":"Kora"},
{"codigo_paquetes":"package_teff_girwa_078","variedad_a":"Nigus","variedad_b":"Filagot","variedad_c":"Dagim"},
{"codigo_paquetes":"package_teff_girwa_079","variedad_a":"Magna","variedad_b":"Boset","variedad_c":"Tesfa"},
{"codigo_paquetes":"package_teff_girwa_080","variedad_a":"Quncho","variedad_b":"Gudure","variedad_c":"Filagot"},
{"codigo_paquetes":"package_teff_girwa_081","variedad_a":"Kena","variedad_b":"Tseday","variedad_c":"Gudure"},
{"codigo_paquetes":"package_teff_girwa_082","variedad_a":"Dagim","variedad_b":"Magna","variedad_c":"Dukem"},
{"codigo_paquetes":"package_teff_girwa_083","variedad_a":"Quncho","variedad_b":"Kora","variedad_c":"Boset"},
{"codigo_paquetes":"package_teff_girwa_084","variedad_a":"Tesfa","variedad_b":"Gudure","variedad_c":"Nigus"},
{"codigo_paquetes":"package_teff_girwa_085","variedad_a":"Boset","variedad_b":"Dagim","variedad_c":"Tseday"},
{"codigo_paquetes":"package_teff_girwa_086","variedad_a":"Kora","variedad_b":"Nigus","variedad_c":"Magna"},
{"codigo_paquetes":"package_teff_girwa_087","variedad_a":"Filagot","variedad_b":"Dukem","variedad_c":"Tesfa"},
{"codigo_paquetes":"package_teff_girwa_088","variedad_a":"Tseday","variedad_b":"Kena","variedad_c":"Quncho"},
{"codigo_paquetes":"package_teff_girwa_089","variedad_a":"Nigus","variedad_b":"Dagim","variedad_c":"Kena"},
{"codigo_paquetes":"package_teff_girwa_090","variedad_a":"Magna","variedad_b":"Filagot","variedad_c":"Boset"},
{"codigo_paquetes":"package_teff_girwa_091","variedad_a":"Gudure","variedad_b":"Dukem","variedad_c":"Kora"},
{"codigo_paquetes":"package_teff_girwa_092","variedad_a":"Tesfa","variedad_b":"Quncho","variedad_c":"Tseday"},
{"codigo_paquetes":"package_teff_girwa_093","variedad_a":"Kena","variedad_b":"Gudure","variedad_c":"Filagot"},
{"codigo_paquetes":"package_teff_girwa_094","variedad_a":"Dagim","variedad_b":"Kora","variedad_c":"Quncho"},
{"codigo_paquetes":"package_teff_girwa_095","variedad_a":"Dukem","variedad_b":"Boset","variedad_c":"Nigus"},
{"codigo_paquetes":"package_teff_girwa_096","variedad_a":"Magna","variedad_b":"Tesfa","variedad_c":"Tseday"},
{"codigo_paquetes":"package_teff_girwa_097","variedad_a":"Gudure","variedad_b":"Magna","variedad_c":"Dagim"},
{"codigo_paquetes":"package_teff_girwa_098","variedad_a":"Kora","variedad_b":"Boset","variedad_c":"Tesfa"},
{"codigo_paquetes":"package_teff_girwa_099","variedad_a":"Dukem","variedad_b":"Tseday","variedad_c":"Kena"},
{"codigo_paquetes":"package_teff_girwa_100","variedad_a":"Quncho","variedad_b":"Nigus","variedad_c":"Gudure"},
{"codigo_paquetes":"package_teff_girwa_101","variedad_a":"Boset","variedad_b":"Filagot","variedad_c":"Dagim"},
{"codigo_paquetes":"package_teff_girwa_102","variedad_a":"Kena","variedad_b":"Kora","variedad_c":"Magna"},
{"codigo_paquetes":"package_teff_girwa_103","variedad_a":"Filagot","variedad_b":"Tseday","variedad_c":"Quncho"},
{"codigo_paquetes":"package_teff_girwa_104","variedad_a":"Gudure","variedad_b":"Tesfa","variedad_c":"Dukem"},
{"codigo_paquetes":"package_teff_girwa_105","variedad_a":"Nigus","variedad_b":"Kora","variedad_c":"Filagot"},
{"codigo_paquetes":"package_teff_girwa_106","variedad_a":"Nigus","variedad_b":"Kena","variedad_c":"Boset"},
{"codigo_paquetes":"package_teff_girwa_107","variedad_a":"Dagim","variedad_b":"Tesfa","variedad_c":"Tseday"},
{"codigo_paquetes":"package_teff_girwa_108","variedad_a":"Quncho","variedad_b":"Magna","variedad_c":"Dukem"},
{"codigo_paquetes":"package_teff_girwa_109","variedad_a":"Dagim","variedad_b":"Gudure","variedad_c":"Kora"},
{"codigo_paquetes":"package_teff_girwa_110","variedad_a":"Tseday","variedad_b":"Dukem","variedad_c":"Boset"},
{"codigo_paquetes":"package_teff_girwa_111","variedad_a":"Tesfa","variedad_b":"Quncho","variedad_c":"Kena"},
{"codigo_paquetes":"package_teff_girwa_112","variedad_a":"Filagot","variedad_b":"Magna","variedad_c":"Nigus"},
{"codigo_paquetes":"package_teff_girwa_113","variedad_a":"Magna","variedad_b":"Boset","variedad_c":"Gudure"},
{"codigo_paquetes":"package_teff_girwa_114","variedad_a":"Tseday","variedad_b":"Kena","variedad_c":"Filagot"},
{"codigo_paquetes":"package_teff_girwa_115","variedad_a":"Kora","variedad_b":"Dukem","variedad_c":"Tesfa"},
{"codigo_paquetes":"package_teff_girwa_116","variedad_a":"Quncho","variedad_b":"Nigus","variedad_c":"Dagim"},
{"codigo_paquetes":"package_teff_girwa_117","variedad_a":"Kena","variedad_b":"Gudure","variedad_c":"Nigus"},
{"codigo_paquetes":"package_teff_girwa_118","variedad_a":"Boset","variedad_b":"Filagot","variedad_c":"Kora"},
{"codigo_paquetes":"package_teff_girwa_119","variedad_a":"Dagim","variedad_b":"Tseday","variedad_c":"Magna"},
{"codigo_paquetes":"package_teff_girwa_120","variedad_a":"Tesfa","variedad_b":"Quncho","variedad_c":"Dukem"},
{"codigo_paquetes":"package_teff_girwa_121","variedad_a":"Dukem","variedad_b":"Tseday","variedad_c":"Gudure"},
{"codigo_paquetes":"package_teff_girwa_122","variedad_a":"Boset","variedad_b":"Tesfa","variedad_c":"Kena"},
{"codigo_paquetes":"package_teff_girwa_123","variedad_a":"Filagot","variedad_b":"Magna","variedad_c":"Quncho"},
{"codigo_paquetes":"package_teff_girwa_124","variedad_a":"Kena","variedad_b":"Dagim","variedad_c":"Kora"},
{"codigo_paquetes":"package_teff_girwa_125","variedad_a":"Nigus","variedad_b":"Boset","variedad_c":"Magna"},
{"codigo_paquetes":"package_teff_girwa_126","variedad_a":"Tesfa","variedad_b":"Kora","variedad_c":"Tseday"},
{"codigo_paquetes":"package_teff_girwa_127","variedad_a":"Gudure","variedad_b":"Quncho","variedad_c":"Dagim"},
{"codigo_paquetes":"package_teff_girwa_128","variedad_a":"Gudure","variedad_b":"Filagot","variedad_c":"Nigus"},
{"codigo_paquetes":"package_teff_girwa_129","variedad_a":"Kora","variedad_b":"Nigus","variedad_c":"Dukem"},
{"codigo_paquetes":"package_teff_girwa_130","variedad_a":"Tseday","variedad_b":"Filagot","variedad_c":"Boset"},
{"codigo_paquetes":"package_teff_girwa_131","variedad_a":"Magna","variedad_b":"Dagim","variedad_c":"Tesfa"},
{"codigo_paquetes":"package_teff_girwa_132","variedad_a":"Dukem","variedad_b":"Kena","variedad_c":"Gudure"},
{"codigo_paquetes":"package_teff_girwa_133","variedad_a":"Boset","variedad_b":"Tseday","variedad_c":"Quncho"},
{"codigo_paquetes":"package_teff_girwa_134","variedad_a":"Magna","variedad_b":"Kena","variedad_c":"Filagot"},
{"codigo_paquetes":"package_teff_girwa_135","variedad_a":"Quncho","variedad_b":"Dukem","variedad_c":"Kora"},
{"codigo_paquetes":"package_teff_girwa_136","variedad_a":"Nigus","variedad_b":"Boset","variedad_c":"Tesfa"},
{"codigo_paquetes":"package_teff_girwa_137","variedad_a":"Dagim","variedad_b":"Dukem","variedad_c":"Tseday"},
{"codigo_paquetes":"package_teff_girwa_138","variedad_a":"Kora","variedad_b":"Gudure","variedad_c":"Magna"},
{"codigo_paquetes":"package_teff_girwa_139","variedad_a":"Filagot","variedad_b":"Tesfa","variedad_c":"Quncho"},
{"codigo_paquetes":"package_teff_girwa_140","variedad_a":"Gudure","variedad_b":"Nigus","variedad_c":"Dagim"},
{"codigo_paquetes":"package_teff_girwa_141","variedad_a":"Kena","variedad_b":"Kora","variedad_c":"Boset"},
{"codigo_paquetes":"package_teff_girwa_142","variedad_a":"Tseday","variedad_b":"Magna","variedad_c":"Nigus"},
{"codigo_paquetes":"package_teff_girwa_143","variedad_a":"Filagot","variedad_b":"Dagim","variedad_c":"Kena"},
{"codigo_paquetes":"package_teff_girwa_144","variedad_a":"Tesfa","variedad_b":"Tseday","variedad_c":"Dukem"},
{"codigo_paquetes":"package_teff_girwa_145","variedad_a":"Magna","variedad_b":"Quncho","variedad_c":"Kena"},
{"codigo_paquetes":"package_teff_girwa_146","variedad_a":"Dukem","variedad_b":"Kora","variedad_c":"Boset"},
{"codigo_paquetes":"package_teff_girwa_147","variedad_a":"Tesfa","variedad_b":"Gudure","variedad_c":"Filagot"},
{"codigo_paquetes":"package_teff_girwa_148","variedad_a":"Quncho","variedad_b":"Dukem","variedad_c":"Dagim"},
{"codigo_paquetes":"package_teff_girwa_149","variedad_a":"Nigus","variedad_b":"Boset","variedad_c":"Gudure"},
{"codigo_paquetes":"package_teff_girwa_150","variedad_a":"Kora","variedad_b":"Magna","variedad_c":"Tesfa"},
{"codigo_paquetes":"package_teff_girwa_151","variedad_a":"Dagim","variedad_b":"Filagot","variedad_c":"Tseday"},
{"codigo_paquetes":"package_teff_girwa_152","variedad_a":"Kena","variedad_b":"Nigus","variedad_c":"Kora"},
{"codigo_paquetes":"package_teff_girwa_153","variedad_a":"Boset","variedad_b":"Quncho","variedad_c":"Filagot"},
{"codigo_paquetes":"package_teff_girwa_154","variedad_a":"Nigus","variedad_b":"Dagim","variedad_c":"Magna"},
{"codigo_paquetes":"package_teff_girwa_155","variedad_a":"Tseday","variedad_b":"Tesfa","variedad_c":"Kena"},
{"codigo_paquetes":"package_teff_girwa_156","variedad_a":"Dukem","variedad_b":"Magna","variedad_c":"Gudure"},
{"codigo_paquetes":"package_teff_girwa_157","variedad_a":"Kora","variedad_b":"Tseday","variedad_c":"Quncho"},
{"codigo_paquetes":"package_teff_girwa_158","variedad_a":"Boset","variedad_b":"Tesfa","variedad_c":"Dukem"},
{"codigo_paquetes":"package_teff_girwa_159","variedad_a":"Dukem","variedad_b":"Kena","variedad_c":"Dagim"},
{"codigo_paquetes":"package_teff_girwa_160","variedad_a":"Gudure","variedad_b":"Kora","variedad_c":"Filagot"},
{"codigo_paquetes":"package_teff_girwa_161","variedad_a":"Tesfa","variedad_b":"Quncho","variedad_c":"Nigus"},
{"codigo_paquetes":"package_teff_girwa_162","variedad_a":"Filagot","variedad_b":"Dagim","variedad_c":"Magna"},
{"codigo_paquetes":"package_teff_girwa_163","variedad_a":"Tseday","variedad_b":"Gudure","variedad_c":"Nigus"},
{"codigo_paquetes":"package_teff_girwa_164","variedad_a":"Kena","variedad_b":"Filagot","variedad_c":"Boset"},
{"codigo_paquetes":"package_teff_girwa_165","variedad_a":"Dagim","variedad_b":"Magna","variedad_c":"Quncho"},
{"codigo_paquetes":"package_teff_girwa_166","variedad_a":"Boset","variedad_b":"Kena","variedad_c":"Tseday"},
{"codigo_paquetes":"package_teff_girwa_167","variedad_a":"Gudure","variedad_b":"Kora","variedad_c":"Tesfa"},
{"codigo_paquetes":"package_teff_girwa_168","variedad_a":"Quncho","variedad_b":"Nigus","variedad_c":"Kora"},
{"codigo_paquetes":"package_teff_girwa_169","variedad_a":"Nigus","variedad_b":"Dukem","variedad_c":"Tseday"},
{"codigo_paquetes":"package_teff_girwa_170","variedad_a":"Magna","variedad_b":"Boset","variedad_c":"Dukem"},
{"codigo_paquetes":"package_teff_girwa_171","variedad_a":"Tesfa","variedad_b":"Kena","variedad_c":"Gudure"},
{"codigo_paquetes":"package_teff_girwa_172","variedad_a":"Quncho","variedad_b":"Dagim","variedad_c":"Tesfa"},
{"codigo_paquetes":"package_teff_girwa_173","variedad_a":"Filagot","variedad_b":"Dukem","variedad_c":"Dagim"},
{"codigo_paquetes":"package_teff_girwa_174","variedad_a":"Magna","variedad_b":"Gudure","variedad_c":"Filagot"},
{"codigo_paquetes":"package_teff_girwa_175","variedad_a":"Kora","variedad_b":"Tseday","variedad_c":"Boset"},
{"codigo_paquetes":"package_teff_girwa_176","variedad_a":"Quncho","variedad_b":"Nigus","variedad_c":"Magna"},
{"codigo_paquetes":"package_teff_girwa_177","variedad_a":"Tseday","variedad_b":"Nigus","variedad_c":"Kena"},
{"codigo_paquetes":"package_teff_girwa_178","variedad_a":"Dagim","variedad_b":"Tesfa","variedad_c":"Kora"},
{"codigo_paquetes":"package_teff_girwa_179","variedad_a":"Kena","variedad_b":"Boset","variedad_c":"Gudure"},
{"codigo_paquetes":"package_teff_girwa_180","variedad_a":"Dukem","variedad_b":"Filagot","variedad_c":"Quncho"},
{"codigo_paquetes":"package_teff_girwa_181","variedad_a":"Magna","variedad_b":"Tseday","variedad_c":"Dukem"},
{"codigo_paquetes":"package_teff_girwa_182","variedad_a":"Tesfa","variedad_b":"Kena","variedad_c":"Nigus"},
{"codigo_paquetes":"package_teff_girwa_183","variedad_a":"Kora","variedad_b":"Quncho","variedad_c":"Filagot"},
{"codigo_paquetes":"package_teff_girwa_184","variedad_a":"Gudure","variedad_b":"Dukem","variedad_c":"Dagim"},
{"codigo_paquetes":"package_teff_girwa_185","variedad_a":"Filagot","variedad_b":"Boset","variedad_c":"Nigus"},
{"codigo_paquetes":"package_teff_girwa_186","variedad_a":"Dagim","variedad_b":"Quncho","variedad_c":"Tseday"},
{"codigo_paquetes":"package_teff_girwa_187","variedad_a":"Boset","variedad_b":"Magna","variedad_c":"Kena"},
{"codigo_paquetes":"package_teff_girwa_188","variedad_a":"Gudure","variedad_b":"Dagim","variedad_c":"Tesfa"},
{"codigo_paquetes":"package_teff_girwa_189","variedad_a":"Tseday","variedad_b":"Kora","variedad_c":"Kena"},
{"codigo_paquetes":"package_teff_girwa_190","variedad_a":"Nigus","variedad_b":"Gudure","variedad_c":"Magna"},
{"codigo_paquetes":"package_teff_girwa_191","variedad_a":"Quncho","variedad_b":"Tesfa","variedad_c":"Kora"},
{"codigo_paquetes":"package_teff_girwa_192","variedad_a":"Dukem","variedad_b":"Filagot","variedad_c":"Magna"},
{"codigo_paquetes":"package_teff_girwa_193","variedad_a":"Tseday","variedad_b":"Gudure","variedad_c":"Boset"},
{"codigo_paquetes":"package_teff_girwa_194","variedad_a":"Filagot","variedad_b":"Nigus","variedad_c":"Tesfa"},
{"codigo_paquetes":"package_teff_girwa_195","variedad_a":"Boset","variedad_b":"Dagim","variedad_c":"Dukem"},
{"codigo_paquetes":"package_teff_girwa_196","variedad_a":"Kena","variedad_b":"Kora","variedad_c":"Quncho"},
{"codigo_paquetes":"package_teff_girwa_197","variedad_a":"Kora","variedad_b":"Filagot","variedad_c":"Tseday"},
{"codigo_paquetes":"package_teff_girwa_198","variedad_a":"Dukem","variedad_b":"Kena","variedad_c":"Boset"},
{"codigo_paquetes":"package_teff_girwa_199","variedad_a":"Magna","variedad_b":"Tesfa","variedad_c":"Quncho"},
{"codigo_paquetes":"package_teff_girwa_200","variedad_a":"Nigus","variedad_b":"Dukem","variedad_c":"Dagim"}
]
