[
{"codigo_paquetes":"package_issd_osw_goro_tef2019_01","variedad_a":"Tesfa","variedad_b":"Nigusu","variedad_c":"Simada"},
{"codigo_paquetes":"package_issd_osw_goro_tef2019_02","variedad_a":"Filagot","variedad_b":"Kuncho","variedad_c":"Dagem"},
{"codigo_paquetes":"package_issd_osw_goro_tef2019_03","variedad_a":"Gimbichu","variedad_b":"Korra","variedad_c":"Dega Tef"},
{"codigo_paquetes":"package_issd_osw_goro_tef2019_04","variedad_a":"Boset","variedad_b":"Tseday","variedad_c":"Korra"},
{"codigo_paquetes":"package_issd_osw_goro_tef2019_05","variedad_a":"Dega Tef","variedad_b":"Filagot","variedad_c":"Boset"},
{"codigo_paquetes":"package_issd_osw_goro_tef2019_06","variedad_a":"Kuncho","variedad_b":"Gimbichu","variedad_c":"Tseday"},
{"codigo_paquetes":"package_issd_osw_goro_tef2019_07","variedad_a":"Tseday","variedad_b":"Dagem","variedad_c":"Nigusu"},
{"codigo_paquetes":"package_issd_osw_goro_tef2019_08","variedad_a":"Simada","variedad_b":"Dega Tef","variedad_c":"Tesfa"},
{"codigo_paquetes":"package_issd_osw_goro_tef2019_09","variedad_a":"Boset","variedad_b":"Tesfa","variedad_c":"Filagot"},
{"codigo_paquetes":"package_issd_osw_goro_tef2019_10","variedad_a":"Dagem","variedad_b":"Simada","variedad_c":"Kuncho"},
{"codigo_paquetes":"package_issd_osw_goro_tef2019_11","variedad_a":"Nigusu","variedad_b":"Simada","variedad_c":"Gimbichu"},
{"codigo_paquetes":"package_issd_osw_goro_tef2019_12","variedad_a":"Korra","variedad_b":"Filagot","variedad_c":"Kuncho"},
{"codigo_paquetes":"package_issd_osw_goro_tef2019_13","variedad_a":"Gimbichu","variedad_b":"Nigusu","variedad_c":"Dega Tef"},
{"codigo_paquetes":"package_issd_osw_goro_tef2019_14","variedad_a":"Dagem","variedad_b":"Boset","variedad_c":"Tesfa"},
{"codigo_paquetes":"package_issd_osw_goro_tef2019_15","variedad_a":"Tseday","variedad_b":"Gimbichu","variedad_c":"Korra"},
{"codigo_paquetes":"package_issd_osw_goro_tef2019_16","variedad_a":"Tesfa","variedad_b":"Tseday","variedad_c":"Simada"},
{"codigo_paquetes":"package_issd_osw_goro_tef2019_17","variedad_a":"Nigusu","variedad_b":"Korra","variedad_c":"Boset"},
{"codigo_paquetes":"package_issd_osw_goro_tef2019_18","variedad_a":"Kuncho","variedad_b":"Dega Tef","variedad_c":"Filagot"},
{"codigo_paquetes":"package_issd_osw_goro_tef2019_19","variedad_a":"Simada","variedad_b":"Dagem","variedad_c":"Dega Tef"},
{"codigo_paquetes":"package_issd_osw_goro_tef2019_20","variedad_a":"Filagot","variedad_b":"Korra","variedad_c":"Tseday"},
{"codigo_paquetes":"package_issd_osw_goro_tef2019_21","variedad_a":"Gimbichu","variedad_b":"Boset","variedad_c":"Nigusu"},
{"codigo_paquetes":"package_issd_osw_goro_tef2019_22","variedad_a":"Kuncho","variedad_b":"Tesfa","variedad_c":"Nigusu"},
{"codigo_paquetes":"package_issd_osw_goro_tef2019_23","variedad_a":"Dagem","variedad_b":"Tseday","variedad_c":"Gimbichu"},
{"codigo_paquetes":"package_issd_osw_goro_tef2019_24","variedad_a":"Korra","variedad_b":"Boset","variedad_c":"Dagem"},
{"codigo_paquetes":"package_issd_osw_goro_tef2019_25","variedad_a":"Dega Tef","variedad_b":"Kuncho","variedad_c":"Tseday"},
{"codigo_paquetes":"package_issd_osw_goro_tef2019_26","variedad_a":"Filagot","variedad_b":"Gimbichu","variedad_c":"Simada"},
{"codigo_paquetes":"package_issd_osw_goro_tef2019_27","variedad_a":"Tesfa","variedad_b":"Filagot","variedad_c":"Korra"},
{"codigo_paquetes":"package_issd_osw_goro_tef2019_28","variedad_a":"Nigusu","variedad_b":"Simada","variedad_c":"Boset"},
{"codigo_paquetes":"package_issd_osw_goro_tef2019_29","variedad_a":"Dega Tef","variedad_b":"Dagem","variedad_c":"Tesfa"},
{"codigo_paquetes":"package_issd_osw_goro_tef2019_30","variedad_a":"Korra","variedad_b":"Kuncho","variedad_c":"Simada"},
{"codigo_paquetes":"package_issd_osw_goro_tef2019_31","variedad_a":"Tseday","variedad_b":"Nigusu","variedad_c":"Filagot"},
{"codigo_paquetes":"package_issd_osw_goro_tef2019_32","variedad_a":"Boset","variedad_b":"Kuncho","variedad_c":"Gimbichu"},
{"codigo_paquetes":"package_issd_osw_goro_tef2019_33","variedad_a":"Gimbichu","variedad_b":"Tesfa","variedad_c":"Dega Tef"},
{"codigo_paquetes":"package_issd_osw_goro_tef2019_34","variedad_a":"Filagot","variedad_b":"Nigusu","variedad_c":"Dagem"},
{"codigo_paquetes":"package_issd_osw_goro_tef2019_35","variedad_a":"Boset","variedad_b":"Dega Tef","variedad_c":"Tseday"},
{"codigo_paquetes":"package_issd_osw_goro_tef2019_36","variedad_a":"Simada","variedad_b":"Dagem","variedad_c":"Korra"},
{"codigo_paquetes":"package_issd_osw_goro_tef2019_37","variedad_a":"Tesfa","variedad_b":"Korra","variedad_c":"Kuncho"},
{"codigo_paquetes":"package_issd_osw_goro_tef2019_38","variedad_a":"Filagot","variedad_b":"Gimbichu","variedad_c":"Tesfa"},
{"codigo_paquetes":"package_issd_osw_goro_tef2019_39","variedad_a":"Kuncho","variedad_b":"Dega Tef","variedad_c":"Nigusu"},
{"codigo_paquetes":"package_issd_osw_goro_tef2019_40","variedad_a":"Simada","variedad_b":"Filagot","variedad_c":"Boset"},
{"codigo_paquetes":"package_issd_osw_goro_tef2019_41","variedad_a":"Tseday","variedad_b":"Tesfa","variedad_c":"Dagem"},
{"codigo_paquetes":"package_issd_osw_goro_tef2019_42","variedad_a":"Korra","variedad_b":"Simada","variedad_c":"Dega Tef"},
{"codigo_paquetes":"package_issd_osw_goro_tef2019_43","variedad_a":"Boset","variedad_b":"Tseday","variedad_c":"Kuncho"},
{"codigo_paquetes":"package_issd_osw_goro_tef2019_44","variedad_a":"Dagem","variedad_b":"Kuncho","variedad_c":"Gimbichu"},
{"codigo_paquetes":"package_issd_osw_goro_tef2019_45","variedad_a":"Nigusu","variedad_b":"Tesfa","variedad_c":"Korra"},
{"codigo_paquetes":"package_issd_osw_goro_tef2019_46","variedad_a":"Dega Tef","variedad_b":"Nigusu","variedad_c":"Tseday"},
{"codigo_paquetes":"package_issd_osw_goro_tef2019_47","variedad_a":"Tseday","variedad_b":"Simada","variedad_c":"Filagot"},
{"codigo_paquetes":"package_issd_osw_goro_tef2019_48","variedad_a":"Gimbichu","variedad_b":"Dagem","variedad_c":"Tesfa"},
{"codigo_paquetes":"package_issd_osw_goro_tef2019_49","variedad_a":"Kuncho","variedad_b":"Boset","variedad_c":"Simada"},
{"codigo_paquetes":"package_issd_osw_goro_tef2019_50","variedad_a":"Korra","variedad_b":"Dega Tef","variedad_c":"Dagem"}
]
