[
{"codigo_paquetes":"package_2019snnprjinkafingermillet_001","variedad_a":"Gudetu","variedad_b":"BKFM-0010","variedad_c":"Bareda"},
{"codigo_paquetes":"package_2019snnprjinkafingermillet_002","variedad_a":"Tadesse","variedad_b":"Addis 01","variedad_c":"Gute"},
{"codigo_paquetes":"package_2019snnprjinkafingermillet_003","variedad_a":"Tesema","variedad_b":"Kako-1","variedad_c":"Boneya"},
{"codigo_paquetes":"package_2019snnprjinkafingermillet_004","variedad_a":"Gute","variedad_b":"Bareda","variedad_c":"Kako-1"},
{"codigo_paquetes":"package_2019snnprjinkafingermillet_005","variedad_a":"BKFM-0010","variedad_b":"Tadesse","variedad_c":"Gudetu"},
{"codigo_paquetes":"package_2019snnprjinkafingermillet_006","variedad_a":"Boneya","variedad_b":"Tesema","variedad_c":"Addis 01"},
{"codigo_paquetes":"package_2019snnprjinkafingermillet_007","variedad_a":"Gudetu","variedad_b":"Boneya","variedad_c":"Gute"},
{"codigo_paquetes":"package_2019snnprjinkafingermillet_008","variedad_a":"Kako-1","variedad_b":"Tadesse","variedad_c":"Tesema"},
{"codigo_paquetes":"package_2019snnprjinkafingermillet_009","variedad_a":"Addis 01","variedad_b":"Bareda","variedad_c":"BKFM-0010"},
{"codigo_paquetes":"package_2019snnprjinkafingermillet_010","variedad_a":"Addis 01","variedad_b":"Gute","variedad_c":"Gudetu"},
{"codigo_paquetes":"package_2019snnprjinkafingermillet_011","variedad_a":"Tesema","variedad_b":"Boneya","variedad_c":"BKFM-0010"},
{"codigo_paquetes":"package_2019snnprjinkafingermillet_012","variedad_a":"Bareda","variedad_b":"Kako-1","variedad_c":"Tadesse"},
{"codigo_paquetes":"package_2019snnprjinkafingermillet_013","variedad_a":"Kako-1","variedad_b":"BKFM-0010","variedad_c":"Addis 01"},
{"codigo_paquetes":"package_2019snnprjinkafingermillet_014","variedad_a":"Gute","variedad_b":"Gudetu","variedad_c":"Bareda"},
{"codigo_paquetes":"package_2019snnprjinkafingermillet_015","variedad_a":"Tadesse","variedad_b":"Tesema","variedad_c":"Boneya"},
{"codigo_paquetes":"package_2019snnprjinkafingermillet_016","variedad_a":"Boneya","variedad_b":"Bareda","variedad_c":"Tadesse"},
{"codigo_paquetes":"package_2019snnprjinkafingermillet_017","variedad_a":"BKFM-0010","variedad_b":"Gudetu","variedad_c":"Tesema"},
{"codigo_paquetes":"package_2019snnprjinkafingermillet_018","variedad_a":"Addis 01","variedad_b":"Gute","variedad_c":"Kako-1"},
{"codigo_paquetes":"package_2019snnprjinkafingermillet_019","variedad_a":"Bareda","variedad_b":"Boneya","variedad_c":"BKFM-0010"},
{"codigo_paquetes":"package_2019snnprjinkafingermillet_020","variedad_a":"Tadesse","variedad_b":"Addis 01","variedad_c":"Kako-1"},
{"codigo_paquetes":"package_2019snnprjinkafingermillet_021","variedad_a":"Tesema","variedad_b":"Gudetu","variedad_c":"Gute"},
{"codigo_paquetes":"package_2019snnprjinkafingermillet_022","variedad_a":"Boneya","variedad_b":"BKFM-0010","variedad_c":"Tadesse"},
{"codigo_paquetes":"package_2019snnprjinkafingermillet_023","variedad_a":"Kako-1","variedad_b":"Addis 01","variedad_c":"Gudetu"},
{"codigo_paquetes":"package_2019snnprjinkafingermillet_024","variedad_a":"Gute","variedad_b":"Tesema","variedad_c":"Bareda"},
{"codigo_paquetes":"package_2019snnprjinkafingermillet_025","variedad_a":"Bareda","variedad_b":"Kako-1","variedad_c":"Tesema"},
{"codigo_paquetes":"package_2019snnprjinkafingermillet_026","variedad_a":"Boneya","variedad_b":"Gute","variedad_c":"Addis 01"},
{"codigo_paquetes":"package_2019snnprjinkafingermillet_027","variedad_a":"Gudetu","variedad_b":"Tadesse","variedad_c":"BKFM-0010"},
{"codigo_paquetes":"package_2019snnprjinkafingermillet_028","variedad_a":"BKFM-0010","variedad_b":"Tesema","variedad_c":"Addis 01"},
{"codigo_paquetes":"package_2019snnprjinkafingermillet_029","variedad_a":"Tadesse","variedad_b":"Gute","variedad_c":"Bareda"},
{"codigo_paquetes":"package_2019snnprjinkafingermillet_030","variedad_a":"Kako-1","variedad_b":"Gudetu","variedad_c":"Boneya"},
{"codigo_paquetes":"package_2019snnprjinkafingermillet_031","variedad_a":"BKFM-0010","variedad_b":"Bareda","variedad_c":"Kako-1"},
{"codigo_paquetes":"package_2019snnprjinkafingermillet_032","variedad_a":"Tesema","variedad_b":"Tadesse","variedad_c":"Gudetu"},
{"codigo_paquetes":"package_2019snnprjinkafingermillet_033","variedad_a":"Gute","variedad_b":"BKFM-0010","variedad_c":"Boneya"},
{"codigo_paquetes":"package_2019snnprjinkafingermillet_034","variedad_a":"Gudetu","variedad_b":"Addis 01","variedad_c":"Bareda"},
{"codigo_paquetes":"package_2019snnprjinkafingermillet_035","variedad_a":"Kako-1","variedad_b":"Boneya","variedad_c":"Tadesse"},
{"codigo_paquetes":"package_2019snnprjinkafingermillet_036","variedad_a":"Addis 01","variedad_b":"Tesema","variedad_c":"Gute"},
{"codigo_paquetes":"package_2019snnprjinkafingermillet_037","variedad_a":"Bareda","variedad_b":"Boneya","variedad_c":"Tesema"},
{"codigo_paquetes":"package_2019snnprjinkafingermillet_038","variedad_a":"Addis 01","variedad_b":"Kako-1","variedad_c":"Gute"},
{"codigo_paquetes":"package_2019snnprjinkafingermillet_039","variedad_a":"Tadesse","variedad_b":"Addis 01","variedad_c":"BKFM-0010"},
{"codigo_paquetes":"package_2019snnprjinkafingermillet_040","variedad_a":"BKFM-0010","variedad_b":"Gute","variedad_c":"Gudetu"},
{"codigo_paquetes":"package_2019snnprjinkafingermillet_041","variedad_a":"Tesema","variedad_b":"Gudetu","variedad_c":"Kako-1"},
{"codigo_paquetes":"package_2019snnprjinkafingermillet_042","variedad_a":"Bareda","variedad_b":"BKFM-0010","variedad_c":"Tadesse"},
{"codigo_paquetes":"package_2019snnprjinkafingermillet_043","variedad_a":"Gudetu","variedad_b":"Tadesse","variedad_c":"Boneya"},
{"codigo_paquetes":"package_2019snnprjinkafingermillet_044","variedad_a":"Boneya","variedad_b":"Bareda","variedad_c":"Gute"},
{"codigo_paquetes":"package_2019snnprjinkafingermillet_045","variedad_a":"Tesema","variedad_b":"Kako-1","variedad_c":"Addis 01"},
{"codigo_paquetes":"package_2019snnprjinkafingermillet_046","variedad_a":"Kako-1","variedad_b":"Boneya","variedad_c":"BKFM-0010"},
{"codigo_paquetes":"package_2019snnprjinkafingermillet_047","variedad_a":"Gute","variedad_b":"Tadesse","variedad_c":"Tesema"},
{"codigo_paquetes":"package_2019snnprjinkafingermillet_048","variedad_a":"Addis 01","variedad_b":"Tesema","variedad_c":"Bareda"},
{"codigo_paquetes":"package_2019snnprjinkafingermillet_049","variedad_a":"Gudetu","variedad_b":"Addis 01","variedad_c":"Boneya"},
{"codigo_paquetes":"package_2019snnprjinkafingermillet_050","variedad_a":"Gute","variedad_b":"Bareda","variedad_c":"Kako-1"},
{"codigo_paquetes":"package_2019snnprjinkafingermillet_051","variedad_a":"BKFM-0010","variedad_b":"Gute","variedad_c":"Gudetu"},
{"codigo_paquetes":"package_2019snnprjinkafingermillet_052","variedad_a":"Tadesse","variedad_b":"Gudetu","variedad_c":"Tesema"},
{"codigo_paquetes":"package_2019snnprjinkafingermillet_053","variedad_a":"Kako-1","variedad_b":"BKFM-0010","variedad_c":"Tadesse"},
{"codigo_paquetes":"package_2019snnprjinkafingermillet_054","variedad_a":"Boneya","variedad_b":"Bareda","variedad_c":"Addis 01"},
{"codigo_paquetes":"package_2019snnprjinkafingermillet_055","variedad_a":"Tadesse","variedad_b":"Boneya","variedad_c":"Gute"},
{"codigo_paquetes":"package_2019snnprjinkafingermillet_056","variedad_a":"Bareda","variedad_b":"Tesema","variedad_c":"BKFM-0010"},
{"codigo_paquetes":"package_2019snnprjinkafingermillet_057","variedad_a":"Boneya","variedad_b":"Kako-1","variedad_c":"Addis 01"},
{"codigo_paquetes":"package_2019snnprjinkafingermillet_058","variedad_a":"Gudetu","variedad_b":"BKFM-0010","variedad_c":"Kako-1"},
{"codigo_paquetes":"package_2019snnprjinkafingermillet_059","variedad_a":"Tesema","variedad_b":"Addis 01","variedad_c":"Tadesse"},
{"codigo_paquetes":"package_2019snnprjinkafingermillet_060","variedad_a":"Gute","variedad_b":"Gudetu","variedad_c":"Bareda"},
{"codigo_paquetes":"package_2019snnprjinkafingermillet_061","variedad_a":"Tesema","variedad_b":"Gute","variedad_c":"Boneya"},
{"codigo_paquetes":"package_2019snnprjinkafingermillet_062","variedad_a":"Addis 01","variedad_b":"BKFM-0010","variedad_c":"Gudetu"},
{"codigo_paquetes":"package_2019snnprjinkafingermillet_063","variedad_a":"Bareda","variedad_b":"Tadesse","variedad_c":"Gudetu"},
{"codigo_paquetes":"package_2019snnprjinkafingermillet_064","variedad_a":"BKFM-0010","variedad_b":"Kako-1","variedad_c":"Gute"},
{"codigo_paquetes":"package_2019snnprjinkafingermillet_065","variedad_a":"Kako-1","variedad_b":"Boneya","variedad_c":"Bareda"},
{"codigo_paquetes":"package_2019snnprjinkafingermillet_066","variedad_a":"Tadesse","variedad_b":"Gute","variedad_c":"Addis 01"},
{"codigo_paquetes":"package_2019snnprjinkafingermillet_067","variedad_a":"BKFM-0010","variedad_b":"Tadesse","variedad_c":"Tesema"},
{"codigo_paquetes":"package_2019snnprjinkafingermillet_068","variedad_a":"Boneya","variedad_b":"Bareda","variedad_c":"Tesema"},
{"codigo_paquetes":"package_2019snnprjinkafingermillet_069","variedad_a":"Bareda","variedad_b":"Addis 01","variedad_c":"Kako-1"},
{"codigo_paquetes":"package_2019snnprjinkafingermillet_070","variedad_a":"Gudetu","variedad_b":"Boneya","variedad_c":"BKFM-0010"},
{"codigo_paquetes":"package_2019snnprjinkafingermillet_071","variedad_a":"Addis 01","variedad_b":"Tesema","variedad_c":"Gudetu"},
{"codigo_paquetes":"package_2019snnprjinkafingermillet_072","variedad_a":"Gute","variedad_b":"Kako-1","variedad_c":"Tadesse"},
{"codigo_paquetes":"package_2019snnprjinkafingermillet_073","variedad_a":"Addis 01","variedad_b":"BKFM-0010","variedad_c":"Boneya"},
{"codigo_paquetes":"package_2019snnprjinkafingermillet_074","variedad_a":"Tadesse","variedad_b":"Gudetu","variedad_c":"Gute"},
{"codigo_paquetes":"package_2019snnprjinkafingermillet_075","variedad_a":"Tesema","variedad_b":"Gute","variedad_c":"Kako-1"},
{"codigo_paquetes":"package_2019snnprjinkafingermillet_076","variedad_a":"Kako-1","variedad_b":"Gudetu","variedad_c":"Bareda"},
{"codigo_paquetes":"package_2019snnprjinkafingermillet_077","variedad_a":"Boneya","variedad_b":"Tadesse","variedad_c":"Addis 01"},
{"codigo_paquetes":"package_2019snnprjinkafingermillet_078","variedad_a":"Gute","variedad_b":"Bareda","variedad_c":"BKFM-0010"},
{"codigo_paquetes":"package_2019snnprjinkafingermillet_079","variedad_a":"Bareda","variedad_b":"Tesema","variedad_c":"Tadesse"},
{"codigo_paquetes":"package_2019snnprjinkafingermillet_080","variedad_a":"BKFM-0010","variedad_b":"Kako-1","variedad_c":"Tesema"},
{"codigo_paquetes":"package_2019snnprjinkafingermillet_081","variedad_a":"Gudetu","variedad_b":"Bareda","variedad_c":"Boneya"},
{"codigo_paquetes":"package_2019snnprjinkafingermillet_082","variedad_a":"BKFM-0010","variedad_b":"Addis 01","variedad_c":"Gute"},
{"codigo_paquetes":"package_2019snnprjinkafingermillet_083","variedad_a":"Tesema","variedad_b":"Gudetu","variedad_c":"Boneya"},
{"codigo_paquetes":"package_2019snnprjinkafingermillet_084","variedad_a":"Tadesse","variedad_b":"Addis 01","variedad_c":"Gudetu"},
{"codigo_paquetes":"package_2019snnprjinkafingermillet_085","variedad_a":"Boneya","variedad_b":"Gute","variedad_c":"Kako-1"},
{"codigo_paquetes":"package_2019snnprjinkafingermillet_086","variedad_a":"Kako-1","variedad_b":"Tesema","variedad_c":"BKFM-0010"},
{"codigo_paquetes":"package_2019snnprjinkafingermillet_087","variedad_a":"Addis 01","variedad_b":"Tadesse","variedad_c":"Bareda"},
{"codigo_paquetes":"package_2019snnprjinkafingermillet_088","variedad_a":"Gudetu","variedad_b":"Kako-1","variedad_c":"Tadesse"},
{"codigo_paquetes":"package_2019snnprjinkafingermillet_089","variedad_a":"Gute","variedad_b":"Bareda","variedad_c":"Addis 01"},
{"codigo_paquetes":"package_2019snnprjinkafingermillet_090","variedad_a":"Boneya","variedad_b":"BKFM-0010","variedad_c":"Addis 01"},
{"codigo_paquetes":"package_2019snnprjinkafingermillet_091","variedad_a":"Tadesse","variedad_b":"Gute","variedad_c":"Tesema"},
{"codigo_paquetes":"package_2019snnprjinkafingermillet_092","variedad_a":"Bareda","variedad_b":"Tesema","variedad_c":"Gudetu"},
{"codigo_paquetes":"package_2019snnprjinkafingermillet_093","variedad_a":"Kako-1","variedad_b":"Boneya","variedad_c":"Bareda"},
{"codigo_paquetes":"package_2019snnprjinkafingermillet_094","variedad_a":"Tesema","variedad_b":"Gudetu","variedad_c":"BKFM-0010"},
{"codigo_paquetes":"package_2019snnprjinkafingermillet_095","variedad_a":"BKFM-0010","variedad_b":"Tadesse","variedad_c":"Gute"},
{"codigo_paquetes":"package_2019snnprjinkafingermillet_096","variedad_a":"Tadesse","variedad_b":"Kako-1","variedad_c":"Boneya"},
{"codigo_paquetes":"package_2019snnprjinkafingermillet_097","variedad_a":"Bareda","variedad_b":"Addis 01","variedad_c":"Tesema"},
{"codigo_paquetes":"package_2019snnprjinkafingermillet_098","variedad_a":"Gudetu","variedad_b":"Gute","variedad_c":"Kako-1"},
{"codigo_paquetes":"package_2019snnprjinkafingermillet_099","variedad_a":"Addis 01","variedad_b":"Boneya","variedad_c":"Tadesse"},
{"codigo_paquetes":"package_2019snnprjinkafingermillet_100","variedad_a":"Gute","variedad_b":"BKFM-0010","variedad_c":"Tesema"}
]
