[
{"codigo_paquetes":"package_2018_oe_fedis_durumwheat_001","variedad_a":"Alem tena","variedad_b":"Mangudo","variedad_c":"Toltu"},
{"codigo_paquetes":"package_2018_oe_fedis_durumwheat_002","variedad_a":"Dire","variedad_b":"Obsa","variedad_c":"Utuba"},
{"codigo_paquetes":"package_2018_oe_fedis_durumwheat_003","variedad_a":"Ejersa","variedad_b":"Bakkalcha","variedad_c":"Dire"},
{"codigo_paquetes":"package_2018_oe_fedis_durumwheat_004","variedad_a":"Mangudo","variedad_b":"Ejersa","variedad_c":"Obsa"},
{"codigo_paquetes":"package_2018_oe_fedis_durumwheat_005","variedad_a":"Toltu","variedad_b":"Utuba","variedad_c":"Alem tena"},
{"codigo_paquetes":"package_2018_oe_fedis_durumwheat_006","variedad_a":"Bakkalcha","variedad_b":"Obsa","variedad_c":"Mangudo"},
{"codigo_paquetes":"package_2018_oe_fedis_durumwheat_007","variedad_a":"Alem tena","variedad_b":"Dire","variedad_c":"Bakkalcha"},
{"codigo_paquetes":"package_2018_oe_fedis_durumwheat_008","variedad_a":"Utuba","variedad_b":"Toltu","variedad_c":"Ejersa"},
{"codigo_paquetes":"package_2018_oe_fedis_durumwheat_009","variedad_a":"Dire","variedad_b":"Alem tena","variedad_c":"Toltu"},
{"codigo_paquetes":"package_2018_oe_fedis_durumwheat_010","variedad_a":"Obsa","variedad_b":"Ejersa","variedad_c":"Mangudo"},
{"codigo_paquetes":"package_2018_oe_fedis_durumwheat_011","variedad_a":"Bakkalcha","variedad_b":"Utuba","variedad_c":"Obsa"},
{"codigo_paquetes":"package_2018_oe_fedis_durumwheat_012","variedad_a":"Alem tena","variedad_b":"Bakkalcha","variedad_c":"Dire"},
{"codigo_paquetes":"package_2018_oe_fedis_durumwheat_013","variedad_a":"Mangudo","variedad_b":"Toltu","variedad_c":"Ejersa"},
{"codigo_paquetes":"package_2018_oe_fedis_durumwheat_014","variedad_a":"Utuba","variedad_b":"Alem tena","variedad_c":"Bakkalcha"},
{"codigo_paquetes":"package_2018_oe_fedis_durumwheat_015","variedad_a":"Toltu","variedad_b":"Dire","variedad_c":"Utuba"},
{"codigo_paquetes":"package_2018_oe_fedis_durumwheat_016","variedad_a":"Ejersa","variedad_b":"Mangudo","variedad_c":"Obsa"},
{"codigo_paquetes":"package_2018_oe_fedis_durumwheat_017","variedad_a":"Obsa","variedad_b":"Bakkalcha","variedad_c":"Mangudo"},
{"codigo_paquetes":"package_2018_oe_fedis_durumwheat_018","variedad_a":"Ejersa","variedad_b":"Toltu","variedad_c":"Alem tena"},
{"codigo_paquetes":"package_2018_oe_fedis_durumwheat_019","variedad_a":"Dire","variedad_b":"Alem tena","variedad_c":"Utuba"},
{"codigo_paquetes":"package_2018_oe_fedis_durumwheat_020","variedad_a":"Bakkalcha","variedad_b":"Utuba","variedad_c":"Toltu"},
{"codigo_paquetes":"package_2018_oe_fedis_durumwheat_021","variedad_a":"Mangudo","variedad_b":"Obsa","variedad_c":"Dire"},
{"codigo_paquetes":"package_2018_oe_fedis_durumwheat_022","variedad_a":"Obsa","variedad_b":"Ejersa","variedad_c":"Alem tena"},
{"codigo_paquetes":"package_2018_oe_fedis_durumwheat_023","variedad_a":"Utuba","variedad_b":"Mangudo","variedad_c":"Bakkalcha"},
{"codigo_paquetes":"package_2018_oe_fedis_durumwheat_024","variedad_a":"Toltu","variedad_b":"Dire","variedad_c":"Ejersa"},
{"codigo_paquetes":"package_2018_oe_fedis_durumwheat_025","variedad_a":"Bakkalcha","variedad_b":"Toltu","variedad_c":"Utuba"},
{"codigo_paquetes":"package_2018_oe_fedis_durumwheat_026","variedad_a":"Alem tena","variedad_b":"Mangudo","variedad_c":"Dire"},
{"codigo_paquetes":"package_2018_oe_fedis_durumwheat_027","variedad_a":"Ejersa","variedad_b":"Utuba","variedad_c":"Obsa"},
{"codigo_paquetes":"package_2018_oe_fedis_durumwheat_028","variedad_a":"Mangudo","variedad_b":"Obsa","variedad_c":"Bakkalcha"},
{"codigo_paquetes":"package_2018_oe_fedis_durumwheat_029","variedad_a":"Toltu","variedad_b":"Alem tena","variedad_c":"Ejersa"},
{"codigo_paquetes":"package_2018_oe_fedis_durumwheat_030","variedad_a":"Dire","variedad_b":"Bakkalcha","variedad_c":"Alem tena"},
{"codigo_paquetes":"package_2018_oe_fedis_durumwheat_031","variedad_a":"Utuba","variedad_b":"Mangudo","variedad_c":"Toltu"},
{"codigo_paquetes":"package_2018_oe_fedis_durumwheat_032","variedad_a":"Obsa","variedad_b":"Ejersa","variedad_c":"Dire"},
{"codigo_paquetes":"package_2018_oe_fedis_durumwheat_033","variedad_a":"Alem tena","variedad_b":"Obsa","variedad_c":"Utuba"},
{"codigo_paquetes":"package_2018_oe_fedis_durumwheat_034","variedad_a":"Ejersa","variedad_b":"Bakkalcha","variedad_c":"Mangudo"},
{"codigo_paquetes":"package_2018_oe_fedis_durumwheat_035","variedad_a":"Toltu","variedad_b":"Dire","variedad_c":"Obsa"},
{"codigo_paquetes":"package_2018_oe_fedis_durumwheat_036","variedad_a":"Bakkalcha","variedad_b":"Utuba","variedad_c":"Toltu"},
{"codigo_paquetes":"package_2018_oe_fedis_durumwheat_037","variedad_a":"Mangudo","variedad_b":"Dire","variedad_c":"Alem tena"},
{"codigo_paquetes":"package_2018_oe_fedis_durumwheat_038","variedad_a":"Dire","variedad_b":"Ejersa","variedad_c":"Utuba"},
{"codigo_paquetes":"package_2018_oe_fedis_durumwheat_039","variedad_a":"Obsa","variedad_b":"Bakkalcha","variedad_c":"Mangudo"},
{"codigo_paquetes":"package_2018_oe_fedis_durumwheat_040","variedad_a":"Alem tena","variedad_b":"Toltu","variedad_c":"Ejersa"},
{"codigo_paquetes":"package_2018_oe_fedis_durumwheat_041","variedad_a":"Dire","variedad_b":"Alem tena","variedad_c":"Bakkalcha"},
{"codigo_paquetes":"package_2018_oe_fedis_durumwheat_042","variedad_a":"Utuba","variedad_b":"Mangudo","variedad_c":"Toltu"},
{"codigo_paquetes":"package_2018_oe_fedis_durumwheat_043","variedad_a":"Ejersa","variedad_b":"Alem tena","variedad_c":"Obsa"},
{"codigo_paquetes":"package_2018_oe_fedis_durumwheat_044","variedad_a":"Obsa","variedad_b":"Utuba","variedad_c":"Ejersa"},
{"codigo_paquetes":"package_2018_oe_fedis_durumwheat_045","variedad_a":"Bakkalcha","variedad_b":"Dire","variedad_c":"Mangudo"},
{"codigo_paquetes":"package_2018_oe_fedis_durumwheat_046","variedad_a":"Toltu","variedad_b":"Obsa","variedad_c":"Dire"},
{"codigo_paquetes":"package_2018_oe_fedis_durumwheat_047","variedad_a":"Utuba","variedad_b":"Toltu","variedad_c":"Bakkalcha"},
{"codigo_paquetes":"package_2018_oe_fedis_durumwheat_048","variedad_a":"Mangudo","variedad_b":"Ejersa","variedad_c":"Alem tena"},
{"codigo_paquetes":"package_2018_oe_fedis_durumwheat_049","variedad_a":"Ejersa","variedad_b":"Dire","variedad_c":"Utuba"},
{"codigo_paquetes":"package_2018_oe_fedis_durumwheat_050","variedad_a":"Bakkalcha","variedad_b":"Mangudo","variedad_c":"Obsa"},
{"codigo_paquetes":"package_2018_oe_fedis_durumwheat_051","variedad_a":"Alem tena","variedad_b":"Ejersa","variedad_c":"Toltu"},
{"codigo_paquetes":"package_2018_oe_fedis_durumwheat_052","variedad_a":"Utuba","variedad_b":"Alem tena","variedad_c":"Bakkalcha"},
{"codigo_paquetes":"package_2018_oe_fedis_durumwheat_053","variedad_a":"Mangudo","variedad_b":"Toltu","variedad_c":"Dire"},
{"codigo_paquetes":"package_2018_oe_fedis_durumwheat_054","variedad_a":"Dire","variedad_b":"Obsa","variedad_c":"Alem tena"},
{"codigo_paquetes":"package_2018_oe_fedis_durumwheat_055","variedad_a":"Obsa","variedad_b":"Utuba","variedad_c":"Ejersa"},
{"codigo_paquetes":"package_2018_oe_fedis_durumwheat_056","variedad_a":"Toltu","variedad_b":"Bakkalcha","variedad_c":"Mangudo"},
{"codigo_paquetes":"package_2018_oe_fedis_durumwheat_057","variedad_a":"Bakkalcha","variedad_b":"Dire","variedad_c":"Obsa"},
{"codigo_paquetes":"package_2018_oe_fedis_durumwheat_058","variedad_a":"Mangudo","variedad_b":"Toltu","variedad_c":"Utuba"},
{"codigo_paquetes":"package_2018_oe_fedis_durumwheat_059","variedad_a":"Alem tena","variedad_b":"Ejersa","variedad_c":"Mangudo"},
{"codigo_paquetes":"package_2018_oe_fedis_durumwheat_060","variedad_a":"Ejersa","variedad_b":"Alem tena","variedad_c":"Toltu"},
{"codigo_paquetes":"package_2018_oe_fedis_durumwheat_061","variedad_a":"Toltu","variedad_b":"Obsa","variedad_c":"Bakkalcha"},
{"codigo_paquetes":"package_2018_oe_fedis_durumwheat_062","variedad_a":"Ejersa","variedad_b":"Alem tena","variedad_c":"Toltu"},
{"codigo_paquetes":"package_2018_oe_fedis_durumwheat_063","variedad_a":"Utuba","variedad_b":"Bakkalcha","variedad_c":"Alem tena"},
{"codigo_paquetes":"package_2018_oe_fedis_durumwheat_064","variedad_a":"Dire","variedad_b":"Mangudo","variedad_c":"Obsa"},
{"codigo_paquetes":"package_2018_oe_fedis_durumwheat_065","variedad_a":"Alem tena","variedad_b":"Dire","variedad_c":"Toltu"},
{"codigo_paquetes":"package_2018_oe_fedis_durumwheat_066","variedad_a":"Obsa","variedad_b":"Utuba","variedad_c":"Ejersa"},
{"codigo_paquetes":"package_2018_oe_fedis_durumwheat_067","variedad_a":"Bakkalcha","variedad_b":"Ejersa","variedad_c":"Mangudo"},
{"codigo_paquetes":"package_2018_oe_fedis_durumwheat_068","variedad_a":"Dire","variedad_b":"Obsa","variedad_c":"Bakkalcha"},
{"codigo_paquetes":"package_2018_oe_fedis_durumwheat_069","variedad_a":"Mangudo","variedad_b":"Toltu","variedad_c":"Utuba"},
{"codigo_paquetes":"package_2018_oe_fedis_durumwheat_070","variedad_a":"Obsa","variedad_b":"Mangudo","variedad_c":"Alem tena"},
{"codigo_paquetes":"package_2018_oe_fedis_durumwheat_071","variedad_a":"Utuba","variedad_b":"Ejersa","variedad_c":"Dire"},
{"codigo_paquetes":"package_2018_oe_fedis_durumwheat_072","variedad_a":"Toltu","variedad_b":"Alem tena","variedad_c":"Bakkalcha"},
{"codigo_paquetes":"package_2018_oe_fedis_durumwheat_073","variedad_a":"Toltu","variedad_b":"Obsa","variedad_c":"Ejersa"},
{"codigo_paquetes":"package_2018_oe_fedis_durumwheat_074","variedad_a":"Alem tena","variedad_b":"Bakkalcha","variedad_c":"Utuba"},
{"codigo_paquetes":"package_2018_oe_fedis_durumwheat_075","variedad_a":"Mangudo","variedad_b":"Alem tena","variedad_c":"Dire"},
{"codigo_paquetes":"package_2018_oe_fedis_durumwheat_076","variedad_a":"Ejersa","variedad_b":"Dire","variedad_c":"Toltu"},
{"codigo_paquetes":"package_2018_oe_fedis_durumwheat_077","variedad_a":"Obsa","variedad_b":"Utuba","variedad_c":"Mangudo"},
{"codigo_paquetes":"package_2018_oe_fedis_durumwheat_078","variedad_a":"Bakkalcha","variedad_b":"Mangudo","variedad_c":"Ejersa"},
{"codigo_paquetes":"package_2018_oe_fedis_durumwheat_079","variedad_a":"Dire","variedad_b":"Bakkalcha","variedad_c":"Obsa"},
{"codigo_paquetes":"package_2018_oe_fedis_durumwheat_080","variedad_a":"Utuba","variedad_b":"Toltu","variedad_c":"Alem tena"},
{"codigo_paquetes":"package_2018_oe_fedis_durumwheat_081","variedad_a":"Alem tena","variedad_b":"Mangudo","variedad_c":"Obsa"},
{"codigo_paquetes":"package_2018_oe_fedis_durumwheat_082","variedad_a":"Alem tena","variedad_b":"Mangudo","variedad_c":"Obsa"},
{"codigo_paquetes":"package_2018_oe_fedis_durumwheat_083","variedad_a":"Dire","variedad_b":"Utuba","variedad_c":"Toltu"},
{"codigo_paquetes":"package_2018_oe_fedis_durumwheat_084","variedad_a":"Toltu","variedad_b":"Obsa","variedad_c":"Ejersa"},
{"codigo_paquetes":"package_2018_oe_fedis_durumwheat_085","variedad_a":"Bakkalcha","variedad_b":"Alem tena","variedad_c":"Mangudo"},
{"codigo_paquetes":"package_2018_oe_fedis_durumwheat_086","variedad_a":"Alem tena","variedad_b":"Ejersa","variedad_c":"Dire"},
{"codigo_paquetes":"package_2018_oe_fedis_durumwheat_087","variedad_a":"Mangudo","variedad_b":"Dire","variedad_c":"Toltu"},
{"codigo_paquetes":"package_2018_oe_fedis_durumwheat_088","variedad_a":"Obsa","variedad_b":"Utuba","variedad_c":"Bakkalcha"},
{"codigo_paquetes":"package_2018_oe_fedis_durumwheat_089","variedad_a":"Utuba","variedad_b":"Ejersa","variedad_c":"Mangudo"},
{"codigo_paquetes":"package_2018_oe_fedis_durumwheat_090","variedad_a":"Bakkalcha","variedad_b":"Dire","variedad_c":"Obsa"},
{"codigo_paquetes":"package_2018_oe_fedis_durumwheat_091","variedad_a":"Bakkalcha","variedad_b":"Toltu","variedad_c":"Alem tena"},
{"codigo_paquetes":"package_2018_oe_fedis_durumwheat_092","variedad_a":"Ejersa","variedad_b":"Toltu","variedad_c":"Utuba"},
{"codigo_paquetes":"package_2018_oe_fedis_durumwheat_093","variedad_a":"Ejersa","variedad_b":"Toltu","variedad_c":"Utuba"},
{"codigo_paquetes":"package_2018_oe_fedis_durumwheat_094","variedad_a":"Utuba","variedad_b":"Alem tena","variedad_c":"Dire"},
{"codigo_paquetes":"package_2018_oe_fedis_durumwheat_095","variedad_a":"Toltu","variedad_b":"Obsa","variedad_c":"Ejersa"},
{"codigo_paquetes":"package_2018_oe_fedis_durumwheat_096","variedad_a":"Dire","variedad_b":"Mangudo","variedad_c":"Bakkalcha"},
{"codigo_paquetes":"package_2018_oe_fedis_durumwheat_097","variedad_a":"Alem tena","variedad_b":"Bakkalcha","variedad_c":"Ejersa"},
{"codigo_paquetes":"package_2018_oe_fedis_durumwheat_098","variedad_a":"Mangudo","variedad_b":"Dire","variedad_c":"Toltu"},
{"codigo_paquetes":"package_2018_oe_fedis_durumwheat_099","variedad_a":"Obsa","variedad_b":"Bakkalcha","variedad_c":"Utuba"},
{"codigo_paquetes":"package_2018_oe_fedis_durumwheat_100","variedad_a":"Ejersa","variedad_b":"Utuba","variedad_c":"Mangudo"},
{"codigo_paquetes":"package_2018_oe_fedis_durumwheat_101","variedad_a":"Dire","variedad_b":"Toltu","variedad_c":"Obsa"},
{"codigo_paquetes":"package_2018_oe_fedis_durumwheat_102","variedad_a":"Toltu","variedad_b":"Alem tena","variedad_c":"Bakkalcha"},
{"codigo_paquetes":"package_2018_oe_fedis_durumwheat_103","variedad_a":"Obsa","variedad_b":"Mangudo","variedad_c":"Alem tena"},
{"codigo_paquetes":"package_2018_oe_fedis_durumwheat_104","variedad_a":"Utuba","variedad_b":"Ejersa","variedad_c":"Toltu"},
{"codigo_paquetes":"package_2018_oe_fedis_durumwheat_105","variedad_a":"Alem tena","variedad_b":"Utuba","variedad_c":"Dire"},
{"codigo_paquetes":"package_2018_oe_fedis_durumwheat_106","variedad_a":"Ejersa","variedad_b":"Dire","variedad_c":"Obsa"},
{"codigo_paquetes":"package_2018_oe_fedis_durumwheat_107","variedad_a":"Bakkalcha","variedad_b":"Mangudo","variedad_c":"Dire"},
{"codigo_paquetes":"package_2018_oe_fedis_durumwheat_108","variedad_a":"Alem tena","variedad_b":"Ejersa","variedad_c":"Bakkalcha"},
{"codigo_paquetes":"package_2018_oe_fedis_durumwheat_109","variedad_a":"Mangudo","variedad_b":"Toltu","variedad_c":"Utuba"},
{"codigo_paquetes":"package_2018_oe_fedis_durumwheat_110","variedad_a":"Obsa","variedad_b":"Bakkalcha","variedad_c":"Utuba"},
{"codigo_paquetes":"package_2018_oe_fedis_durumwheat_111","variedad_a":"Ejersa","variedad_b":"Alem tena","variedad_c":"Mangudo"},
{"codigo_paquetes":"package_2018_oe_fedis_durumwheat_112","variedad_a":"Dire","variedad_b":"Obsa","variedad_c":"Toltu"},
{"codigo_paquetes":"package_2018_oe_fedis_durumwheat_113","variedad_a":"Toltu","variedad_b":"Bakkalcha","variedad_c":"Alem tena"},
{"codigo_paquetes":"package_2018_oe_fedis_durumwheat_114","variedad_a":"Mangudo","variedad_b":"Obsa","variedad_c":"Ejersa"},
{"codigo_paquetes":"package_2018_oe_fedis_durumwheat_115","variedad_a":"Utuba","variedad_b":"Toltu","variedad_c":"Dire"},
{"codigo_paquetes":"package_2018_oe_fedis_durumwheat_116","variedad_a":"Obsa","variedad_b":"Utuba","variedad_c":"Alem tena"},
{"codigo_paquetes":"package_2018_oe_fedis_durumwheat_117","variedad_a":"Bakkalcha","variedad_b":"Dire","variedad_c":"Ejersa"},
{"codigo_paquetes":"package_2018_oe_fedis_durumwheat_118","variedad_a":"Dire","variedad_b":"Alem tena","variedad_c":"Mangudo"},
{"codigo_paquetes":"package_2018_oe_fedis_durumwheat_119","variedad_a":"Utuba","variedad_b":"Ejersa","variedad_c":"Bakkalcha"},
{"codigo_paquetes":"package_2018_oe_fedis_durumwheat_120","variedad_a":"Toltu","variedad_b":"Mangudo","variedad_c":"Obsa"},
{"codigo_paquetes":"package_2018_oe_fedis_durumwheat_121","variedad_a":"Bakkalcha","variedad_b":"Mangudo","variedad_c":"Utuba"},
{"codigo_paquetes":"package_2018_oe_fedis_durumwheat_122","variedad_a":"Alem tena","variedad_b":"Ejersa","variedad_c":"Obsa"},
{"codigo_paquetes":"package_2018_oe_fedis_durumwheat_123","variedad_a":"Dire","variedad_b":"Obsa","variedad_c":"Toltu"},
{"codigo_paquetes":"package_2018_oe_fedis_durumwheat_124","variedad_a":"Ejersa","variedad_b":"Toltu","variedad_c":"Bakkalcha"},
{"codigo_paquetes":"package_2018_oe_fedis_durumwheat_125","variedad_a":"Mangudo","variedad_b":"Utuba","variedad_c":"Alem tena"},
{"codigo_paquetes":"package_2018_oe_fedis_durumwheat_126","variedad_a":"Toltu","variedad_b":"Dire","variedad_c":"Utuba"},
{"codigo_paquetes":"package_2018_oe_fedis_durumwheat_127","variedad_a":"Ejersa","variedad_b":"Mangudo","variedad_c":"Dire"},
{"codigo_paquetes":"package_2018_oe_fedis_durumwheat_128","variedad_a":"Obsa","variedad_b":"Alem tena","variedad_c":"Bakkalcha"},
{"codigo_paquetes":"package_2018_oe_fedis_durumwheat_129","variedad_a":"Utuba","variedad_b":"Alem tena","variedad_c":"Dire"},
{"codigo_paquetes":"package_2018_oe_fedis_durumwheat_130","variedad_a":"Toltu","variedad_b":"Bakkalcha","variedad_c":"Ejersa"},
{"codigo_paquetes":"package_2018_oe_fedis_durumwheat_131","variedad_a":"Obsa","variedad_b":"Toltu","variedad_c":"Mangudo"},
{"codigo_paquetes":"package_2018_oe_fedis_durumwheat_132","variedad_a":"Bakkalcha","variedad_b":"Utuba","variedad_c":"Mangudo"},
{"codigo_paquetes":"package_2018_oe_fedis_durumwheat_133","variedad_a":"Alem tena","variedad_b":"Ejersa","variedad_c":"Obsa"},
{"codigo_paquetes":"package_2018_oe_fedis_durumwheat_134","variedad_a":"Dire","variedad_b":"Obsa","variedad_c":"Ejersa"},
{"codigo_paquetes":"package_2018_oe_fedis_durumwheat_135","variedad_a":"Bakkalcha","variedad_b":"Dire","variedad_c":"Toltu"},
{"codigo_paquetes":"package_2018_oe_fedis_durumwheat_136","variedad_a":"Mangudo","variedad_b":"Utuba","variedad_c":"Alem tena"},
{"codigo_paquetes":"package_2018_oe_fedis_durumwheat_137","variedad_a":"Utuba","variedad_b":"Ejersa","variedad_c":"Toltu"},
{"codigo_paquetes":"package_2018_oe_fedis_durumwheat_138","variedad_a":"Alem tena","variedad_b":"Bakkalcha","variedad_c":"Obsa"},
{"codigo_paquetes":"package_2018_oe_fedis_durumwheat_139","variedad_a":"Ejersa","variedad_b":"Mangudo","variedad_c":"Dire"},
{"codigo_paquetes":"package_2018_oe_fedis_durumwheat_140","variedad_a":"Dire","variedad_b":"Alem tena","variedad_c":"Utuba"},
{"codigo_paquetes":"package_2018_oe_fedis_durumwheat_141","variedad_a":"Toltu","variedad_b":"Obsa","variedad_c":"Bakkalcha"},
{"codigo_paquetes":"package_2018_oe_fedis_durumwheat_142","variedad_a":"Obsa","variedad_b":"Toltu","variedad_c":"Mangudo"},
{"codigo_paquetes":"package_2018_oe_fedis_durumwheat_143","variedad_a":"Mangudo","variedad_b":"Bakkalcha","variedad_c":"Utuba"},
{"codigo_paquetes":"package_2018_oe_fedis_durumwheat_144","variedad_a":"Alem tena","variedad_b":"Dire","variedad_c":"Ejersa"},
{"codigo_paquetes":"package_2018_oe_fedis_durumwheat_145","variedad_a":"Ejersa","variedad_b":"Dire","variedad_c":"Obsa"},
{"codigo_paquetes":"package_2018_oe_fedis_durumwheat_146","variedad_a":"Bakkalcha","variedad_b":"Mangudo","variedad_c":"Toltu"},
{"codigo_paquetes":"package_2018_oe_fedis_durumwheat_147","variedad_a":"Utuba","variedad_b":"Toltu","variedad_c":"Alem tena"},
{"codigo_paquetes":"package_2018_oe_fedis_durumwheat_148","variedad_a":"Utuba","variedad_b":"Ejersa","variedad_c":"Bakkalcha"},
{"codigo_paquetes":"package_2018_oe_fedis_durumwheat_149","variedad_a":"Mangudo","variedad_b":"Obsa","variedad_c":"Alem tena"},
{"codigo_paquetes":"package_2018_oe_fedis_durumwheat_150","variedad_a":"Dire","variedad_b":"Ejersa","variedad_c":"Mangudo"},
{"codigo_paquetes":"package_2018_oe_fedis_durumwheat_151","variedad_a":"Toltu","variedad_b":"Utuba","variedad_c":"Dire"},
{"codigo_paquetes":"package_2018_oe_fedis_durumwheat_152","variedad_a":"Obsa","variedad_b":"Alem tena","variedad_c":"Bakkalcha"},
{"codigo_paquetes":"package_2018_oe_fedis_durumwheat_153","variedad_a":"Toltu","variedad_b":"Obsa","variedad_c":"Ejersa"},
{"codigo_paquetes":"package_2018_oe_fedis_durumwheat_154","variedad_a":"Mangudo","variedad_b":"Bakkalcha","variedad_c":"Utuba"},
{"codigo_paquetes":"package_2018_oe_fedis_durumwheat_155","variedad_a":"Alem tena","variedad_b":"Dire","variedad_c":"Ejersa"},
{"codigo_paquetes":"package_2018_oe_fedis_durumwheat_156","variedad_a":"Dire","variedad_b":"Utuba","variedad_c":"Obsa"},
{"codigo_paquetes":"package_2018_oe_fedis_durumwheat_157","variedad_a":"Bakkalcha","variedad_b":"Mangudo","variedad_c":"Toltu"},
{"codigo_paquetes":"package_2018_oe_fedis_durumwheat_158","variedad_a":"Utuba","variedad_b":"Toltu","variedad_c":"Alem tena"},
{"codigo_paquetes":"package_2018_oe_fedis_durumwheat_159","variedad_a":"Ejersa","variedad_b":"Bakkalcha","variedad_c":"Dire"},
{"codigo_paquetes":"package_2018_oe_fedis_durumwheat_160","variedad_a":"Ejersa","variedad_b":"Alem tena","variedad_c":"Mangudo"},
{"codigo_paquetes":"package_2018_oe_fedis_durumwheat_161","variedad_a":"Obsa","variedad_b":"Mangudo","variedad_c":"Dire"},
{"codigo_paquetes":"package_2018_oe_fedis_durumwheat_162","variedad_a":"Toltu","variedad_b":"Obsa","variedad_c":"Utuba"},
{"codigo_paquetes":"package_2018_oe_fedis_durumwheat_163","variedad_a":"Alem tena","variedad_b":"Bakkalcha","variedad_c":"Obsa"},
{"codigo_paquetes":"package_2018_oe_fedis_durumwheat_164","variedad_a":"Dire","variedad_b":"Ejersa","variedad_c":"Toltu"},
{"codigo_paquetes":"package_2018_oe_fedis_durumwheat_165","variedad_a":"Mangudo","variedad_b":"Utuba","variedad_c":"Alem tena"},
{"codigo_paquetes":"package_2018_oe_fedis_durumwheat_166","variedad_a":"Bakkalcha","variedad_b":"Utuba","variedad_c":"Ejersa"},
{"codigo_paquetes":"package_2018_oe_fedis_durumwheat_167","variedad_a":"Obsa","variedad_b":"Alem tena","variedad_c":"Dire"},
{"codigo_paquetes":"package_2018_oe_fedis_durumwheat_168","variedad_a":"Bakkalcha","variedad_b":"Toltu","variedad_c":"Mangudo"},
{"codigo_paquetes":"package_2018_oe_fedis_durumwheat_169","variedad_a":"Utuba","variedad_b":"Toltu","variedad_c":"Obsa"},
{"codigo_paquetes":"package_2018_oe_fedis_durumwheat_170","variedad_a":"Ejersa","variedad_b":"Dire","variedad_c":"Bakkalcha"},
{"codigo_paquetes":"package_2018_oe_fedis_durumwheat_171","variedad_a":"Alem tena","variedad_b":"Mangudo","variedad_c":"Toltu"},
{"codigo_paquetes":"package_2018_oe_fedis_durumwheat_172","variedad_a":"Mangudo","variedad_b":"Dire","variedad_c":"Ejersa"},
{"codigo_paquetes":"package_2018_oe_fedis_durumwheat_173","variedad_a":"Obsa","variedad_b":"Bakkalcha","variedad_c":"Utuba"},
{"codigo_paquetes":"package_2018_oe_fedis_durumwheat_174","variedad_a":"Alem tena","variedad_b":"Obsa","variedad_c":"Bakkalcha"},
{"codigo_paquetes":"package_2018_oe_fedis_durumwheat_175","variedad_a":"Dire","variedad_b":"Ejersa","variedad_c":"Toltu"},
{"codigo_paquetes":"package_2018_oe_fedis_durumwheat_176","variedad_a":"Utuba","variedad_b":"Alem tena","variedad_c":"Mangudo"},
{"codigo_paquetes":"package_2018_oe_fedis_durumwheat_177","variedad_a":"Ejersa","variedad_b":"Utuba","variedad_c":"Alem tena"},
{"codigo_paquetes":"package_2018_oe_fedis_durumwheat_178","variedad_a":"Mangudo","variedad_b":"Dire","variedad_c":"Obsa"},
{"codigo_paquetes":"package_2018_oe_fedis_durumwheat_179","variedad_a":"Toltu","variedad_b":"Bakkalcha","variedad_c":"Dire"},
{"codigo_paquetes":"package_2018_oe_fedis_durumwheat_180","variedad_a":"Toltu","variedad_b":"Obsa","variedad_c":"Utuba"},
{"codigo_paquetes":"package_2018_oe_fedis_durumwheat_181","variedad_a":"Bakkalcha","variedad_b":"Ejersa","variedad_c":"Mangudo"},
{"codigo_paquetes":"package_2018_oe_fedis_durumwheat_182","variedad_a":"Mangudo","variedad_b":"Toltu","variedad_c":"Alem tena"},
{"codigo_paquetes":"package_2018_oe_fedis_durumwheat_183","variedad_a":"Dire","variedad_b":"Alem tena","variedad_c":"Ejersa"},
{"codigo_paquetes":"package_2018_oe_fedis_durumwheat_184","variedad_a":"Utuba","variedad_b":"Dire","variedad_c":"Bakkalcha"},
{"codigo_paquetes":"package_2018_oe_fedis_durumwheat_185","variedad_a":"Obsa","variedad_b":"Ejersa","variedad_c":"Bakkalcha"},
{"codigo_paquetes":"package_2018_oe_fedis_durumwheat_186","variedad_a":"Alem tena","variedad_b":"Toltu","variedad_c":"Obsa"},
{"codigo_paquetes":"package_2018_oe_fedis_durumwheat_187","variedad_a":"Ejersa","variedad_b":"Mangudo","variedad_c":"Utuba"},
{"codigo_paquetes":"package_2018_oe_fedis_durumwheat_188","variedad_a":"Obsa","variedad_b":"Utuba","variedad_c":"Alem tena"},
{"codigo_paquetes":"package_2018_oe_fedis_durumwheat_189","variedad_a":"Dire","variedad_b":"Mangudo","variedad_c":"Toltu"},
{"codigo_paquetes":"package_2018_oe_fedis_durumwheat_190","variedad_a":"Toltu","variedad_b":"Bakkalcha","variedad_c":"Dire"},
{"codigo_paquetes":"package_2018_oe_fedis_durumwheat_191","variedad_a":"Utuba","variedad_b":"Obsa","variedad_c":"Mangudo"},
{"codigo_paquetes":"package_2018_oe_fedis_durumwheat_192","variedad_a":"Bakkalcha","variedad_b":"Alem tena","variedad_c":"Ejersa"},
{"codigo_paquetes":"package_2018_oe_fedis_durumwheat_193","variedad_a":"Ejersa","variedad_b":"Mangudo","variedad_c":"Toltu"},
{"codigo_paquetes":"package_2018_oe_fedis_durumwheat_194","variedad_a":"Alem tena","variedad_b":"Dire","variedad_c":"Obsa"},
{"codigo_paquetes":"package_2018_oe_fedis_durumwheat_195","variedad_a":"Bakkalcha","variedad_b":"Utuba","variedad_c":"Dire"},
{"codigo_paquetes":"package_2018_oe_fedis_durumwheat_196","variedad_a":"Obsa","variedad_b":"Ejersa","variedad_c":"Bakkalcha"},
{"codigo_paquetes":"package_2018_oe_fedis_durumwheat_197","variedad_a":"Mangudo","variedad_b":"Toltu","variedad_c":"Alem tena"},
{"codigo_paquetes":"package_2018_oe_fedis_durumwheat_198","variedad_a":"Utuba","variedad_b":"Ejersa","variedad_c":"Mangudo"},
{"codigo_paquetes":"package_2018_oe_fedis_durumwheat_199","variedad_a":"Alem tena","variedad_b":"Obsa","variedad_c":"Utuba"},
{"codigo_paquetes":"package_2018_oe_fedis_durumwheat_200","variedad_a":"Dire","variedad_b":"Bakkalcha","variedad_c":"Toltu"},
{"codigo_paquetes":"package_2018_oe_fedis_durumwheat_201","variedad_a":"Toltu","variedad_b":"Obsa","variedad_c":"Dire"},
{"codigo_paquetes":"package_2018_oe_fedis_durumwheat_202","variedad_a":"Dire","variedad_b":"Toltu","variedad_c":"Ejersa"},
{"codigo_paquetes":"package_2018_oe_fedis_durumwheat_203","variedad_a":"Bakkalcha","variedad_b":"Mangudo","variedad_c":"Obsa"},
{"codigo_paquetes":"package_2018_oe_fedis_durumwheat_204","variedad_a":"Dire","variedad_b":"Obsa","variedad_c":"Utuba"},
{"codigo_paquetes":"package_2018_oe_fedis_durumwheat_205","variedad_a":"Ejersa","variedad_b":"Mangudo","variedad_c":"Toltu"},
{"codigo_paquetes":"package_2018_oe_fedis_durumwheat_206","variedad_a":"Utuba","variedad_b":"Alem tena","variedad_c":"Bakkalcha"},
{"codigo_paquetes":"package_2018_oe_fedis_durumwheat_207","variedad_a":"Bakkalcha","variedad_b":"Utuba","variedad_c":"Dire"},
{"codigo_paquetes":"package_2018_oe_fedis_durumwheat_208","variedad_a":"Obsa","variedad_b":"Toltu","variedad_c":"Ejersa"},
{"codigo_paquetes":"package_2018_oe_fedis_durumwheat_209","variedad_a":"Dire","variedad_b":"Obsa","variedad_c":"Utuba"},
{"codigo_paquetes":"package_2018_oe_fedis_durumwheat_210","variedad_a":"Ejersa","variedad_b":"Mangudo","variedad_c":"Obsa"},
{"codigo_paquetes":"package_2018_oe_fedis_durumwheat_211","variedad_a":"Obsa","variedad_b":"Toltu","variedad_c":"Mangudo"},
{"codigo_paquetes":"package_2018_oe_fedis_durumwheat_212","variedad_a":"Toltu","variedad_b":"Alem tena","variedad_c":"Dire"},
{"codigo_paquetes":"package_2018_oe_fedis_durumwheat_213","variedad_a":"Alem tena","variedad_b":"Obsa","variedad_c":"Bakkalcha"},
{"codigo_paquetes":"package_2018_oe_fedis_durumwheat_214","variedad_a":"Obsa","variedad_b":"Mangudo","variedad_c":"Toltu"},
{"codigo_paquetes":"package_2018_oe_fedis_durumwheat_215","variedad_a":"Dire","variedad_b":"Toltu","variedad_c":"Obsa"},
{"codigo_paquetes":"package_2018_oe_fedis_durumwheat_216","variedad_a":"Utuba","variedad_b":"Dire","variedad_c":"Toltu"},
{"codigo_paquetes":"package_2018_oe_fedis_durumwheat_217","variedad_a":"Mangudo","variedad_b":"Utuba","variedad_c":"Alem tena"},
{"codigo_paquetes":"package_2018_oe_fedis_durumwheat_218","variedad_a":"Bakkalcha","variedad_b":"Obsa","variedad_c":"Toltu"},
{"codigo_paquetes":"package_2018_oe_fedis_durumwheat_219","variedad_a":"Obsa","variedad_b":"Bakkalcha","variedad_c":"Mangudo"},
{"codigo_paquetes":"package_2018_oe_fedis_durumwheat_220","variedad_a":"Dire","variedad_b":"Mangudo","variedad_c":"Obsa"},
{"codigo_paquetes":"package_2018_oe_fedis_durumwheat_221","variedad_a":"Utuba","variedad_b":"Mangudo","variedad_c":"Bakkalcha"},
{"codigo_paquetes":"package_2018_oe_fedis_durumwheat_222","variedad_a":"Dire","variedad_b":"Toltu","variedad_c":"Mangudo"},
{"codigo_paquetes":"package_2018_oe_fedis_durumwheat_223","variedad_a":"Bakkalcha","variedad_b":"Toltu","variedad_c":"Obsa"},
{"codigo_paquetes":"package_2018_oe_fedis_durumwheat_224","variedad_a":"Mangudo","variedad_b":"Dire","variedad_c":"Toltu"},
{"codigo_paquetes":"package_2018_oe_fedis_durumwheat_225","variedad_a":"Toltu","variedad_b":"Obsa","variedad_c":"Bakkalcha"},
{"codigo_paquetes":"package_2018_oe_fedis_durumwheat_226","variedad_a":"Dire","variedad_b":"Utuba","variedad_c":"Obsa"},
{"codigo_paquetes":"package_2018_oe_fedis_durumwheat_227","variedad_a":"Mangudo","variedad_b":"Dire","variedad_c":"Alem tena"},
{"codigo_paquetes":"package_2018_oe_fedis_durumwheat_228","variedad_a":"Utuba","variedad_b":"Alem tena","variedad_c":"Mangudo"},
{"codigo_paquetes":"package_2018_oe_fedis_durumwheat_229","variedad_a":"Obsa","variedad_b":"Ejersa","variedad_c":"Toltu"},
{"codigo_paquetes":"package_2018_oe_fedis_durumwheat_230","variedad_a":"Dire","variedad_b":"Utuba","variedad_c":"Bakkalcha"},
{"codigo_paquetes":"package_2018_oe_fedis_durumwheat_231","variedad_a":"Utuba","variedad_b":"Obsa","variedad_c":"Mangudo"},
{"codigo_paquetes":"package_2018_oe_fedis_durumwheat_232","variedad_a":"Obsa","variedad_b":"Bakkalcha","variedad_c":"Dire"},
{"codigo_paquetes":"package_2018_oe_fedis_durumwheat_233","variedad_a":"Dire","variedad_b":"Mangudo","variedad_c":"Toltu"},
{"codigo_paquetes":"package_2018_oe_fedis_durumwheat_234","variedad_a":"Toltu","variedad_b":"Bakkalcha","variedad_c":"Utuba"},
{"codigo_paquetes":"package_2018_oe_fedis_durumwheat_235","variedad_a":"Ejersa","variedad_b":"Dire","variedad_c":"Obsa"},
{"codigo_paquetes":"package_2018_oe_fedis_durumwheat_236","variedad_a":"Obsa","variedad_b":"Toltu","variedad_c":"Utuba"},
{"codigo_paquetes":"package_2018_oe_fedis_durumwheat_237","variedad_a":"Mangudo","variedad_b":"Obsa","variedad_c":"Ejersa"},
{"codigo_paquetes":"package_2018_oe_fedis_durumwheat_238","variedad_a":"Alem tena","variedad_b":"Dire","variedad_c":"Toltu"},
{"codigo_paquetes":"package_2018_oe_fedis_durumwheat_239","variedad_a":"Toltu","variedad_b":"Obsa","variedad_c":"Utuba"},
{"codigo_paquetes":"package_2018_oe_fedis_durumwheat_240","variedad_a":"Ejersa","variedad_b":"Mangudo","variedad_c":"Toltu"},
{"codigo_paquetes":"package_2018_oe_fedis_durumwheat_241","variedad_a":"Obsa","variedad_b":"Toltu","variedad_c":"Dire"},
{"codigo_paquetes":"package_2018_oe_fedis_durumwheat_242","variedad_a":"Dire","variedad_b":"Obsa","variedad_c":"Alem tena"},
{"codigo_paquetes":"package_2018_oe_fedis_durumwheat_243","variedad_a":"Toltu","variedad_b":"Obsa","variedad_c":"Bakkalcha"},
{"codigo_paquetes":"package_2018_oe_fedis_durumwheat_244","variedad_a":"Bakkalcha","variedad_b":"Ejersa","variedad_c":"Mangudo"},
{"codigo_paquetes":"package_2018_oe_fedis_durumwheat_245","variedad_a":"Alem tena","variedad_b":"Utuba","variedad_c":"Obsa"},
{"codigo_paquetes":"package_2018_oe_fedis_durumwheat_246","variedad_a":"Utuba","variedad_b":"Obsa","variedad_c":"Toltu"},
{"codigo_paquetes":"package_2018_oe_fedis_durumwheat_247","variedad_a":"Dire","variedad_b":"Bakkalcha","variedad_c":"Mangudo"},
{"codigo_paquetes":"package_2018_oe_fedis_durumwheat_248","variedad_a":"Ejersa","variedad_b":"Toltu","variedad_c":"Obsa"},
{"codigo_paquetes":"package_2018_oe_fedis_durumwheat_249","variedad_a":"Toltu","variedad_b":"Obsa","variedad_c":"Alem tena"},
{"codigo_paquetes":"package_2018_oe_fedis_durumwheat_250","variedad_a":"Bakkalcha","variedad_b":"Dire","variedad_c":"Toltu"}
]
