[
{"codigo_paquetes":"package_2017_osw_lume_dugda_sire_fababean_001","variedad_a":"Gabalcho","variedad_b":"Mosisa","variedad_c":"Shallo"},
{"codigo_paquetes":"package_2017_osw_lume_dugda_sire_fababean_002","variedad_a":"Gora","variedad_b":"Tumsa","variedad_c":"Walki"},
{"codigo_paquetes":"package_2017_osw_lume_dugda_sire_fababean_003","variedad_a":"Mosisa","variedad_b":"Moti","variedad_c":"Tumsa"},
{"codigo_paquetes":"package_2017_osw_lume_dugda_sire_fababean_004","variedad_a":"Shallo","variedad_b":"Walki","variedad_c":"Gabalcho"},
{"codigo_paquetes":"package_2017_osw_lume_dugda_sire_fababean_005","variedad_a":"Walki","variedad_b":"Gora","variedad_c":"Moti"},
{"codigo_paquetes":"package_2017_osw_lume_dugda_sire_fababean_006","variedad_a":"Moti","variedad_b":"Gabalcho","variedad_c":"Tumsa"},
{"codigo_paquetes":"package_2017_osw_lume_dugda_sire_fababean_007","variedad_a":"Gora","variedad_b":"Shallo","variedad_c":"Mosisa"},
{"codigo_paquetes":"package_2017_osw_lume_dugda_sire_fababean_008","variedad_a":"Gabalcho","variedad_b":"Moti","variedad_c":"Gora"},
{"codigo_paquetes":"package_2017_osw_lume_dugda_sire_fababean_009","variedad_a":"Mosisa","variedad_b":"Shallo","variedad_c":"Walki"},
{"codigo_paquetes":"package_2017_osw_lume_dugda_sire_fababean_010","variedad_a":"Tumsa","variedad_b":"Walki","variedad_c":"Gabalcho"},
{"codigo_paquetes":"package_2017_osw_lume_dugda_sire_fababean_011","variedad_a":"Moti","variedad_b":"Gora","variedad_c":"Mosisa"},
{"codigo_paquetes":"package_2017_osw_lume_dugda_sire_fababean_012","variedad_a":"Shallo","variedad_b":"Tumsa","variedad_c":"Gora"},
{"codigo_paquetes":"package_2017_osw_lume_dugda_sire_fababean_013","variedad_a":"Tumsa","variedad_b":"Mosisa","variedad_c":"Shallo"},
{"codigo_paquetes":"package_2017_osw_lume_dugda_sire_fababean_014","variedad_a":"Walki","variedad_b":"Gabalcho","variedad_c":"Moti"},
{"codigo_paquetes":"package_2017_osw_lume_dugda_sire_fababean_015","variedad_a":"Gabalcho","variedad_b":"Moti","variedad_c":"Shallo"},
{"codigo_paquetes":"package_2017_osw_lume_dugda_sire_fababean_016","variedad_a":"Gora","variedad_b":"Tumsa","variedad_c":"Walki"},
{"codigo_paquetes":"package_2017_osw_lume_dugda_sire_fababean_017","variedad_a":"Mosisa","variedad_b":"Walki","variedad_c":"Gora"},
{"codigo_paquetes":"package_2017_osw_lume_dugda_sire_fababean_018","variedad_a":"Moti","variedad_b":"Shallo","variedad_c":"Tumsa"},
{"codigo_paquetes":"package_2017_osw_lume_dugda_sire_fababean_019","variedad_a":"Shallo","variedad_b":"Gabalcho","variedad_c":"Mosisa"},
{"codigo_paquetes":"package_2017_osw_lume_dugda_sire_fababean_020","variedad_a":"Tumsa","variedad_b":"Mosisa","variedad_c":"Moti"},
{"codigo_paquetes":"package_2017_osw_lume_dugda_sire_fababean_021","variedad_a":"Walki","variedad_b":"Gora","variedad_c":"Gabalcho"},
{"codigo_paquetes":"package_2017_osw_lume_dugda_sire_fababean_022","variedad_a":"Gabalcho","variedad_b":"Moti","variedad_c":"Shallo"},
{"codigo_paquetes":"package_2017_osw_lume_dugda_sire_fababean_023","variedad_a":"Gora","variedad_b":"Mosisa","variedad_c":"Walki"},
{"codigo_paquetes":"package_2017_osw_lume_dugda_sire_fababean_024","variedad_a":"Shallo","variedad_b":"Walki","variedad_c":"Tumsa"},
{"codigo_paquetes":"package_2017_osw_lume_dugda_sire_fababean_025","variedad_a":"Mosisa","variedad_b":"Gabalcho","variedad_c":"Moti"},
{"codigo_paquetes":"package_2017_osw_lume_dugda_sire_fababean_026","variedad_a":"Moti","variedad_b":"Tumsa","variedad_c":"Gora"},
{"codigo_paquetes":"package_2017_osw_lume_dugda_sire_fababean_027","variedad_a":"Tumsa","variedad_b":"Gora","variedad_c":"Gabalcho"},
{"codigo_paquetes":"package_2017_osw_lume_dugda_sire_fababean_028","variedad_a":"Walki","variedad_b":"Shallo","variedad_c":"Mosisa"},
{"codigo_paquetes":"package_2017_osw_lume_dugda_sire_fababean_029","variedad_a":"Gora","variedad_b":"Moti","variedad_c":"Shallo"},
{"codigo_paquetes":"package_2017_osw_lume_dugda_sire_fababean_030","variedad_a":"Gabalcho","variedad_b":"Tumsa","variedad_c":"Walki"},
{"codigo_paquetes":"package_2017_osw_lume_dugda_sire_fababean_031","variedad_a":"Moti","variedad_b":"Mosisa","variedad_c":"Tumsa"},
{"codigo_paquetes":"package_2017_osw_lume_dugda_sire_fababean_032","variedad_a":"Walki","variedad_b":"Gabalcho","variedad_c":"Gora"},
{"codigo_paquetes":"package_2017_osw_lume_dugda_sire_fababean_033","variedad_a":"Mosisa","variedad_b":"Shallo","variedad_c":"Gabalcho"},
{"codigo_paquetes":"package_2017_osw_lume_dugda_sire_fababean_034","variedad_a":"Gora","variedad_b":"Walki","variedad_c":"Mosisa"},
{"codigo_paquetes":"package_2017_osw_lume_dugda_sire_fababean_035","variedad_a":"Shallo","variedad_b":"Tumsa","variedad_c":"Moti"},
{"codigo_paquetes":"package_2017_osw_lume_dugda_sire_fababean_036","variedad_a":"Gabalcho","variedad_b":"Moti","variedad_c":"Walki"},
{"codigo_paquetes":"package_2017_osw_lume_dugda_sire_fababean_037","variedad_a":"Tumsa","variedad_b":"Gora","variedad_c":"Shallo"},
{"codigo_paquetes":"package_2017_osw_lume_dugda_sire_fababean_038","variedad_a":"Mosisa","variedad_b":"Gabalcho","variedad_c":"Moti"},
{"codigo_paquetes":"package_2017_osw_lume_dugda_sire_fababean_039","variedad_a":"Shallo","variedad_b":"Walki","variedad_c":"Mosisa"},
{"codigo_paquetes":"package_2017_osw_lume_dugda_sire_fababean_040","variedad_a":"Moti","variedad_b":"Gora","variedad_c":"Tumsa"},
{"codigo_paquetes":"package_2017_osw_lume_dugda_sire_fababean_041","variedad_a":"Tumsa","variedad_b":"Walki","variedad_c":"Gabalcho"},
{"codigo_paquetes":"package_2017_osw_lume_dugda_sire_fababean_042","variedad_a":"Mosisa","variedad_b":"Shallo","variedad_c":"Gora"},
{"codigo_paquetes":"package_2017_osw_lume_dugda_sire_fababean_043","variedad_a":"Gabalcho","variedad_b":"Gora","variedad_c":"Tumsa"},
{"codigo_paquetes":"package_2017_osw_lume_dugda_sire_fababean_044","variedad_a":"Walki","variedad_b":"Moti","variedad_c":"Shallo"},
{"codigo_paquetes":"package_2017_osw_lume_dugda_sire_fababean_045","variedad_a":"Gora","variedad_b":"Mosisa","variedad_c":"Walki"},
{"codigo_paquetes":"package_2017_osw_lume_dugda_sire_fababean_046","variedad_a":"Moti","variedad_b":"Tumsa","variedad_c":"Mosisa"},
{"codigo_paquetes":"package_2017_osw_lume_dugda_sire_fababean_047","variedad_a":"Shallo","variedad_b":"Gabalcho","variedad_c":"Moti"},
{"codigo_paquetes":"package_2017_osw_lume_dugda_sire_fababean_048","variedad_a":"Tumsa","variedad_b":"Shallo","variedad_c":"Walki"},
{"codigo_paquetes":"package_2017_osw_lume_dugda_sire_fababean_049","variedad_a":"Gabalcho","variedad_b":"Mosisa","variedad_c":"Gora"},
{"codigo_paquetes":"package_2017_osw_lume_dugda_sire_fababean_050","variedad_a":"Mosisa","variedad_b":"Shallo","variedad_c":"Gabalcho"},
{"codigo_paquetes":"package_2017_osw_lume_dugda_sire_fababean_051","variedad_a":"Gora","variedad_b":"Moti","variedad_c":"Tumsa"},
{"codigo_paquetes":"package_2017_osw_lume_dugda_sire_fababean_052","variedad_a":"Walki","variedad_b":"Tumsa","variedad_c":"Gabalcho"},
{"codigo_paquetes":"package_2017_osw_lume_dugda_sire_fababean_053","variedad_a":"Shallo","variedad_b":"Walki","variedad_c":"Gora"},
{"codigo_paquetes":"package_2017_osw_lume_dugda_sire_fababean_054","variedad_a":"Tumsa","variedad_b":"Mosisa","variedad_c":"Moti"},
{"codigo_paquetes":"package_2017_osw_lume_dugda_sire_fababean_055","variedad_a":"Moti","variedad_b":"Gabalcho","variedad_c":"Walki"},
{"codigo_paquetes":"package_2017_osw_lume_dugda_sire_fababean_056","variedad_a":"Mosisa","variedad_b":"Gora","variedad_c":"Shallo"},
{"codigo_paquetes":"package_2017_osw_lume_dugda_sire_fababean_057","variedad_a":"Walki","variedad_b":"Moti","variedad_c":"Mosisa"},
{"codigo_paquetes":"package_2017_osw_lume_dugda_sire_fababean_058","variedad_a":"Gabalcho","variedad_b":"Shallo","variedad_c":"Tumsa"},
{"codigo_paquetes":"package_2017_osw_lume_dugda_sire_fababean_059","variedad_a":"Moti","variedad_b":"Gora","variedad_c":"Shallo"},
{"codigo_paquetes":"package_2017_osw_lume_dugda_sire_fababean_060","variedad_a":"Gora","variedad_b":"Gabalcho","variedad_c":"Mosisa"},
{"codigo_paquetes":"package_2017_osw_lume_dugda_sire_fababean_061","variedad_a":"Shallo","variedad_b":"Tumsa","variedad_c":"Walki"},
{"codigo_paquetes":"package_2017_osw_lume_dugda_sire_fababean_062","variedad_a":"Tumsa","variedad_b":"Gora","variedad_c":"Moti"},
{"codigo_paquetes":"package_2017_osw_lume_dugda_sire_fababean_063","variedad_a":"Walki","variedad_b":"Mosisa","variedad_c":"Gabalcho"},
{"codigo_paquetes":"package_2017_osw_lume_dugda_sire_fababean_064","variedad_a":"Tumsa","variedad_b":"Walki","variedad_c":"Gora"},
{"codigo_paquetes":"package_2017_osw_lume_dugda_sire_fababean_065","variedad_a":"Mosisa","variedad_b":"Moti","variedad_c":"Shallo"},
{"codigo_paquetes":"package_2017_osw_lume_dugda_sire_fababean_066","variedad_a":"Gabalcho","variedad_b":"Tumsa","variedad_c":"Moti"},
{"codigo_paquetes":"package_2017_osw_lume_dugda_sire_fababean_067","variedad_a":"Gora","variedad_b":"Shallo","variedad_c":"Mosisa"},
{"codigo_paquetes":"package_2017_osw_lume_dugda_sire_fababean_068","variedad_a":"Moti","variedad_b":"Walki","variedad_c":"Gabalcho"},
{"codigo_paquetes":"package_2017_osw_lume_dugda_sire_fababean_069","variedad_a":"Shallo","variedad_b":"Gabalcho","variedad_c":"Tumsa"},
{"codigo_paquetes":"package_2017_osw_lume_dugda_sire_fababean_070","variedad_a":"Walki","variedad_b":"Mosisa","variedad_c":"Gora"},
{"codigo_paquetes":"package_2017_osw_lume_dugda_sire_fababean_071","variedad_a":"Gabalcho","variedad_b":"Gora","variedad_c":"Shallo"},
{"codigo_paquetes":"package_2017_osw_lume_dugda_sire_fababean_072","variedad_a":"Mosisa","variedad_b":"Tumsa","variedad_c":"Walki"},
{"codigo_paquetes":"package_2017_osw_lume_dugda_sire_fababean_073","variedad_a":"Gora","variedad_b":"Moti","variedad_c":"Tumsa"},
{"codigo_paquetes":"package_2017_osw_lume_dugda_sire_fababean_074","variedad_a":"Shallo","variedad_b":"Walki","variedad_c":"Moti"},
{"codigo_paquetes":"package_2017_osw_lume_dugda_sire_fababean_075","variedad_a":"Tumsa","variedad_b":"Gabalcho","variedad_c":"Mosisa"},
{"codigo_paquetes":"package_2017_osw_lume_dugda_sire_fababean_076","variedad_a":"Moti","variedad_b":"Mosisa","variedad_c":"Shallo"},
{"codigo_paquetes":"package_2017_osw_lume_dugda_sire_fababean_077","variedad_a":"Walki","variedad_b":"Gabalcho","variedad_c":"Gora"},
{"codigo_paquetes":"package_2017_osw_lume_dugda_sire_fababean_078","variedad_a":"Gora","variedad_b":"Moti","variedad_c":"Tumsa"},
{"codigo_paquetes":"package_2017_osw_lume_dugda_sire_fababean_079","variedad_a":"Mosisa","variedad_b":"Shallo","variedad_c":"Gabalcho"},
{"codigo_paquetes":"package_2017_osw_lume_dugda_sire_fababean_080","variedad_a":"Gabalcho","variedad_b":"Walki","variedad_c":"Moti"},
{"codigo_paquetes":"package_2017_osw_lume_dugda_sire_fababean_081","variedad_a":"Walki","variedad_b":"Gora","variedad_c":"Mosisa"},
{"codigo_paquetes":"package_2017_osw_lume_dugda_sire_fababean_082","variedad_a":"Shallo","variedad_b":"Tumsa","variedad_c":"Gora"},
{"codigo_paquetes":"package_2017_osw_lume_dugda_sire_fababean_083","variedad_a":"Tumsa","variedad_b":"Mosisa","variedad_c":"Walki"},
{"codigo_paquetes":"package_2017_osw_lume_dugda_sire_fababean_084","variedad_a":"Moti","variedad_b":"Shallo","variedad_c":"Gabalcho"},
{"codigo_paquetes":"package_2017_osw_lume_dugda_sire_fababean_085","variedad_a":"Shallo","variedad_b":"Tumsa","variedad_c":"Walki"},
{"codigo_paquetes":"package_2017_osw_lume_dugda_sire_fababean_086","variedad_a":"Gabalcho","variedad_b":"Gora","variedad_c":"Mosisa"},
{"codigo_paquetes":"package_2017_osw_lume_dugda_sire_fababean_087","variedad_a":"Mosisa","variedad_b":"Moti","variedad_c":"Tumsa"},
{"codigo_paquetes":"package_2017_osw_lume_dugda_sire_fababean_088","variedad_a":"Gora","variedad_b":"Walki","variedad_c":"Gabalcho"},
{"codigo_paquetes":"package_2017_osw_lume_dugda_sire_fababean_089","variedad_a":"Moti","variedad_b":"Shallo","variedad_c":"Gora"},
{"codigo_paquetes":"package_2017_osw_lume_dugda_sire_fababean_090","variedad_a":"Gabalcho","variedad_b":"Mosisa","variedad_c":"Shallo"},
{"codigo_paquetes":"package_2017_osw_lume_dugda_sire_fababean_091","variedad_a":"Tumsa","variedad_b":"Walki","variedad_c":"Moti"},
{"codigo_paquetes":"package_2017_osw_lume_dugda_sire_fababean_092","variedad_a":"Walki","variedad_b":"Gabalcho","variedad_c":"Moti"},
{"codigo_paquetes":"package_2017_osw_lume_dugda_sire_fababean_093","variedad_a":"Gora","variedad_b":"Shallo","variedad_c":"Tumsa"},
{"codigo_paquetes":"package_2017_osw_lume_dugda_sire_fababean_094","variedad_a":"Mosisa","variedad_b":"Gora","variedad_c":"Walki"},
{"codigo_paquetes":"package_2017_osw_lume_dugda_sire_fababean_095","variedad_a":"Tumsa","variedad_b":"Gabalcho","variedad_c":"Mosisa"},
{"codigo_paquetes":"package_2017_osw_lume_dugda_sire_fababean_096","variedad_a":"Walki","variedad_b":"Moti","variedad_c":"Shallo"},
{"codigo_paquetes":"package_2017_osw_lume_dugda_sire_fababean_097","variedad_a":"Shallo","variedad_b":"Tumsa","variedad_c":"Gabalcho"},
{"codigo_paquetes":"package_2017_osw_lume_dugda_sire_fababean_098","variedad_a":"Moti","variedad_b":"Mosisa","variedad_c":"Gora"},
{"codigo_paquetes":"package_2017_osw_lume_dugda_sire_fababean_099","variedad_a":"Gabalcho","variedad_b":"Gora","variedad_c":"Walki"},
{"codigo_paquetes":"package_2017_osw_lume_dugda_sire_fababean_100","variedad_a":"Mosisa","variedad_b":"Moti","variedad_c":"Shallo"},
{"codigo_paquetes":"package_2017_osw_lume_dugda_sire_fababean_101","variedad_a":"Gora","variedad_b":"Mosisa","variedad_c":"Tumsa"},
{"codigo_paquetes":"package_2017_osw_lume_dugda_sire_fababean_102","variedad_a":"Tumsa","variedad_b":"Walki","variedad_c":"Moti"},
{"codigo_paquetes":"package_2017_osw_lume_dugda_sire_fababean_103","variedad_a":"Moti","variedad_b":"Shallo","variedad_c":"Gabalcho"},
{"codigo_paquetes":"package_2017_osw_lume_dugda_sire_fababean_104","variedad_a":"Shallo","variedad_b":"Tumsa","variedad_c":"Gora"},
{"codigo_paquetes":"package_2017_osw_lume_dugda_sire_fababean_105","variedad_a":"Walki","variedad_b":"Gabalcho","variedad_c":"Mosisa"},
{"codigo_paquetes":"package_2017_osw_lume_dugda_sire_fababean_106","variedad_a":"Gabalcho","variedad_b":"Mosisa","variedad_c":"Tumsa"},
{"codigo_paquetes":"package_2017_osw_lume_dugda_sire_fababean_107","variedad_a":"Gora","variedad_b":"Shallo","variedad_c":"Walki"},
{"codigo_paquetes":"package_2017_osw_lume_dugda_sire_fababean_108","variedad_a":"Tumsa","variedad_b":"Walki","variedad_c":"Moti"},
{"codigo_paquetes":"package_2017_osw_lume_dugda_sire_fababean_109","variedad_a":"Moti","variedad_b":"Gabalcho","variedad_c":"Gora"},
{"codigo_paquetes":"package_2017_osw_lume_dugda_sire_fababean_110","variedad_a":"Mosisa","variedad_b":"Walki","variedad_c":"Shallo"},
{"codigo_paquetes":"package_2017_osw_lume_dugda_sire_fababean_111","variedad_a":"Shallo","variedad_b":"Moti","variedad_c":"Mosisa"},
{"codigo_paquetes":"package_2017_osw_lume_dugda_sire_fababean_112","variedad_a":"Gora","variedad_b":"Tumsa","variedad_c":"Gabalcho"},
{"codigo_paquetes":"package_2017_osw_lume_dugda_sire_fababean_113","variedad_a":"Mosisa","variedad_b":"Gora","variedad_c":"Moti"},
{"codigo_paquetes":"package_2017_osw_lume_dugda_sire_fababean_114","variedad_a":"Gabalcho","variedad_b":"Shallo","variedad_c":"Tumsa"},
{"codigo_paquetes":"package_2017_osw_lume_dugda_sire_fababean_115","variedad_a":"Walki","variedad_b":"Moti","variedad_c":"Tumsa"},
{"codigo_paquetes":"package_2017_osw_lume_dugda_sire_fababean_116","variedad_a":"Walki","variedad_b":"Gabalcho","variedad_c":"Mosisa"},
{"codigo_paquetes":"package_2017_osw_lume_dugda_sire_fababean_117","variedad_a":"Shallo","variedad_b":"Tumsa","variedad_c":"Gora"},
{"codigo_paquetes":"package_2017_osw_lume_dugda_sire_fababean_118","variedad_a":"Shallo","variedad_b":"Gora","variedad_c":"Walki"},
{"codigo_paquetes":"package_2017_osw_lume_dugda_sire_fababean_119","variedad_a":"Moti","variedad_b":"Mosisa","variedad_c":"Gabalcho"},
{"codigo_paquetes":"package_2017_osw_lume_dugda_sire_fababean_120","variedad_a":"Tumsa","variedad_b":"Moti","variedad_c":"Walki"},
{"codigo_paquetes":"package_2017_osw_lume_dugda_sire_fababean_121","variedad_a":"Gora","variedad_b":"Mosisa","variedad_c":"Shallo"},
{"codigo_paquetes":"package_2017_osw_lume_dugda_sire_fababean_122","variedad_a":"Gabalcho","variedad_b":"Shallo","variedad_c":"Moti"},
{"codigo_paquetes":"package_2017_osw_lume_dugda_sire_fababean_123","variedad_a":"Tumsa","variedad_b":"Gabalcho","variedad_c":"Gora"},
{"codigo_paquetes":"package_2017_osw_lume_dugda_sire_fababean_124","variedad_a":"Walki","variedad_b":"Gora","variedad_c":"Mosisa"},
{"codigo_paquetes":"package_2017_osw_lume_dugda_sire_fababean_125","variedad_a":"Mosisa","variedad_b":"Tumsa","variedad_c":"Shallo"},
{"codigo_paquetes":"package_2017_osw_lume_dugda_sire_fababean_126","variedad_a":"Moti","variedad_b":"Walki","variedad_c":"Gabalcho"},
{"codigo_paquetes":"package_2017_osw_lume_dugda_sire_fababean_127","variedad_a":"Mosisa","variedad_b":"Moti","variedad_c":"Tumsa"},
{"codigo_paquetes":"package_2017_osw_lume_dugda_sire_fababean_128","variedad_a":"Gabalcho","variedad_b":"Shallo","variedad_c":"Walki"},
{"codigo_paquetes":"package_2017_osw_lume_dugda_sire_fababean_129","variedad_a":"Tumsa","variedad_b":"Walki","variedad_c":"Gora"},
{"codigo_paquetes":"package_2017_osw_lume_dugda_sire_fababean_130","variedad_a":"Moti","variedad_b":"Gora","variedad_c":"Shallo"},
{"codigo_paquetes":"package_2017_osw_lume_dugda_sire_fababean_131","variedad_a":"Gabalcho","variedad_b":"Tumsa","variedad_c":"Mosisa"},
{"codigo_paquetes":"package_2017_osw_lume_dugda_sire_fababean_132","variedad_a":"Shallo","variedad_b":"Mosisa","variedad_c":"Walki"},
{"codigo_paquetes":"package_2017_osw_lume_dugda_sire_fababean_133","variedad_a":"Gora","variedad_b":"Gabalcho","variedad_c":"Moti"},
{"codigo_paquetes":"package_2017_osw_lume_dugda_sire_fababean_134","variedad_a":"Moti","variedad_b":"Shallo","variedad_c":"Tumsa"},
{"codigo_paquetes":"package_2017_osw_lume_dugda_sire_fababean_135","variedad_a":"Walki","variedad_b":"Gora","variedad_c":"Mosisa"},
{"codigo_paquetes":"package_2017_osw_lume_dugda_sire_fababean_136","variedad_a":"Shallo","variedad_b":"Mosisa","variedad_c":"Gabalcho"},
{"codigo_paquetes":"package_2017_osw_lume_dugda_sire_fababean_137","variedad_a":"Walki","variedad_b":"Gabalcho","variedad_c":"Moti"},
{"codigo_paquetes":"package_2017_osw_lume_dugda_sire_fababean_138","variedad_a":"Mosisa","variedad_b":"Tumsa","variedad_c":"Gora"},
{"codigo_paquetes":"package_2017_osw_lume_dugda_sire_fababean_139","variedad_a":"Tumsa","variedad_b":"Moti","variedad_c":"Walki"},
{"codigo_paquetes":"package_2017_osw_lume_dugda_sire_fababean_140","variedad_a":"Gora","variedad_b":"Gabalcho","variedad_c":"Shallo"},
{"codigo_paquetes":"package_2017_osw_lume_dugda_sire_fababean_141","variedad_a":"Gora","variedad_b":"Moti","variedad_c":"Shallo"},
{"codigo_paquetes":"package_2017_osw_lume_dugda_sire_fababean_142","variedad_a":"Mosisa","variedad_b":"Tumsa","variedad_c":"Gabalcho"},
{"codigo_paquetes":"package_2017_osw_lume_dugda_sire_fababean_143","variedad_a":"Shallo","variedad_b":"Walki","variedad_c":"Mosisa"},
{"codigo_paquetes":"package_2017_osw_lume_dugda_sire_fababean_144","variedad_a":"Gabalcho","variedad_b":"Gora","variedad_c":"Moti"},
{"codigo_paquetes":"package_2017_osw_lume_dugda_sire_fababean_145","variedad_a":"Walki","variedad_b":"Shallo","variedad_c":"Tumsa"},
{"codigo_paquetes":"package_2017_osw_lume_dugda_sire_fababean_146","variedad_a":"Moti","variedad_b":"Mosisa","variedad_c":"Walki"},
{"codigo_paquetes":"package_2017_osw_lume_dugda_sire_fababean_147","variedad_a":"Tumsa","variedad_b":"Gabalcho","variedad_c":"Gora"},
{"codigo_paquetes":"package_2017_osw_lume_dugda_sire_fababean_148","variedad_a":"Shallo","variedad_b":"Walki","variedad_c":"Gabalcho"},
{"codigo_paquetes":"package_2017_osw_lume_dugda_sire_fababean_149","variedad_a":"Gora","variedad_b":"Mosisa","variedad_c":"Tumsa"},
{"codigo_paquetes":"package_2017_osw_lume_dugda_sire_fababean_150","variedad_a":"Tumsa","variedad_b":"Walki","variedad_c":"Moti"},
{"codigo_paquetes":"package_2017_osw_lume_dugda_sire_fababean_151","variedad_a":"Mosisa","variedad_b":"Gora","variedad_c":"Shallo"},
{"codigo_paquetes":"package_2017_osw_lume_dugda_sire_fababean_152","variedad_a":"Moti","variedad_b":"Shallo","variedad_c":"Gabalcho"},
{"codigo_paquetes":"package_2017_osw_lume_dugda_sire_fababean_153","variedad_a":"Gabalcho","variedad_b":"Tumsa","variedad_c":"Mosisa"},
{"codigo_paquetes":"package_2017_osw_lume_dugda_sire_fababean_154","variedad_a":"Walki","variedad_b":"Moti","variedad_c":"Gora"},
{"codigo_paquetes":"package_2017_osw_lume_dugda_sire_fababean_155","variedad_a":"Gabalcho","variedad_b":"Mosisa","variedad_c":"Moti"},
{"codigo_paquetes":"package_2017_osw_lume_dugda_sire_fababean_156","variedad_a":"Shallo","variedad_b":"Tumsa","variedad_c":"Walki"},
{"codigo_paquetes":"package_2017_osw_lume_dugda_sire_fababean_157","variedad_a":"Gora","variedad_b":"Moti","variedad_c":"Shallo"},
{"codigo_paquetes":"package_2017_osw_lume_dugda_sire_fababean_158","variedad_a":"Walki","variedad_b":"Gabalcho","variedad_c":"Gora"},
{"codigo_paquetes":"package_2017_osw_lume_dugda_sire_fababean_159","variedad_a":"Mosisa","variedad_b":"Walki","variedad_c":"Tumsa"},
{"codigo_paquetes":"package_2017_osw_lume_dugda_sire_fababean_160","variedad_a":"Tumsa","variedad_b":"Gora","variedad_c":"Gabalcho"},
{"codigo_paquetes":"package_2017_osw_lume_dugda_sire_fababean_161","variedad_a":"Moti","variedad_b":"Shallo","variedad_c":"Mosisa"},
{"codigo_paquetes":"package_2017_osw_lume_dugda_sire_fababean_162","variedad_a":"Gora","variedad_b":"Mosisa","variedad_c":"Shallo"},
{"codigo_paquetes":"package_2017_osw_lume_dugda_sire_fababean_163","variedad_a":"Gabalcho","variedad_b":"Moti","variedad_c":"Tumsa"},
{"codigo_paquetes":"package_2017_osw_lume_dugda_sire_fababean_164","variedad_a":"Shallo","variedad_b":"Gabalcho","variedad_c":"Walki"},
{"codigo_paquetes":"package_2017_osw_lume_dugda_sire_fababean_165","variedad_a":"Moti","variedad_b":"Walki","variedad_c":"Gora"},
{"codigo_paquetes":"package_2017_osw_lume_dugda_sire_fababean_166","variedad_a":"Mosisa","variedad_b":"Tumsa","variedad_c":"Gabalcho"},
{"codigo_paquetes":"package_2017_osw_lume_dugda_sire_fababean_167","variedad_a":"Tumsa","variedad_b":"Shallo","variedad_c":"Walki"},
{"codigo_paquetes":"package_2017_osw_lume_dugda_sire_fababean_168","variedad_a":"Mosisa","variedad_b":"Gora","variedad_c":"Moti"},
{"codigo_paquetes":"package_2017_osw_lume_dugda_sire_fababean_169","variedad_a":"Gabalcho","variedad_b":"Gora","variedad_c":"Shallo"},
{"codigo_paquetes":"package_2017_osw_lume_dugda_sire_fababean_170","variedad_a":"Walki","variedad_b":"Tumsa","variedad_c":"Mosisa"},
{"codigo_paquetes":"package_2017_osw_lume_dugda_sire_fababean_171","variedad_a":"Gora","variedad_b":"Moti","variedad_c":"Tumsa"},
{"codigo_paquetes":"package_2017_osw_lume_dugda_sire_fababean_172","variedad_a":"Moti","variedad_b":"Shallo","variedad_c":"Mosisa"},
{"codigo_paquetes":"package_2017_osw_lume_dugda_sire_fababean_173","variedad_a":"Walki","variedad_b":"Gabalcho","variedad_c":"Gora"},
{"codigo_paquetes":"package_2017_osw_lume_dugda_sire_fababean_174","variedad_a":"Tumsa","variedad_b":"Gabalcho","variedad_c":"Moti"},
{"codigo_paquetes":"package_2017_osw_lume_dugda_sire_fababean_175","variedad_a":"Shallo","variedad_b":"Mosisa","variedad_c":"Walki"},
{"codigo_paquetes":"package_2017_osw_lume_dugda_sire_fababean_176","variedad_a":"Gora","variedad_b":"Walki","variedad_c":"Moti"},
{"codigo_paquetes":"package_2017_osw_lume_dugda_sire_fababean_177","variedad_a":"Mosisa","variedad_b":"Tumsa","variedad_c":"Gabalcho"},
{"codigo_paquetes":"package_2017_osw_lume_dugda_sire_fababean_178","variedad_a":"Shallo","variedad_b":"Walki","variedad_c":"Tumsa"},
{"codigo_paquetes":"package_2017_osw_lume_dugda_sire_fababean_179","variedad_a":"Moti","variedad_b":"Gora","variedad_c":"Mosisa"},
{"codigo_paquetes":"package_2017_osw_lume_dugda_sire_fababean_180","variedad_a":"Gabalcho","variedad_b":"Shallo","variedad_c":"Gora"},
{"codigo_paquetes":"package_2017_osw_lume_dugda_sire_fababean_181","variedad_a":"Tumsa","variedad_b":"Mosisa","variedad_c":"Walki"},
{"codigo_paquetes":"package_2017_osw_lume_dugda_sire_fababean_182","variedad_a":"Gabalcho","variedad_b":"Moti","variedad_c":"Shallo"},
{"codigo_paquetes":"package_2017_osw_lume_dugda_sire_fababean_183","variedad_a":"Gora","variedad_b":"Shallo","variedad_c":"Tumsa"},
{"codigo_paquetes":"package_2017_osw_lume_dugda_sire_fababean_184","variedad_a":"Walki","variedad_b":"Mosisa","variedad_c":"Gabalcho"},
{"codigo_paquetes":"package_2017_osw_lume_dugda_sire_fababean_185","variedad_a":"Moti","variedad_b":"Tumsa","variedad_c":"Gabalcho"},
{"codigo_paquetes":"package_2017_osw_lume_dugda_sire_fababean_186","variedad_a":"Mosisa","variedad_b":"Moti","variedad_c":"Shallo"},
{"codigo_paquetes":"package_2017_osw_lume_dugda_sire_fababean_187","variedad_a":"Walki","variedad_b":"Gora","variedad_c":"Moti"},
{"codigo_paquetes":"package_2017_osw_lume_dugda_sire_fababean_188","variedad_a":"Gabalcho","variedad_b":"Walki","variedad_c":"Gora"},
{"codigo_paquetes":"package_2017_osw_lume_dugda_sire_fababean_189","variedad_a":"Shallo","variedad_b":"Tumsa","variedad_c":"Mosisa"},
{"codigo_paquetes":"package_2017_osw_lume_dugda_sire_fababean_190","variedad_a":"Gora","variedad_b":"Mosisa","variedad_c":"Moti"},
{"codigo_paquetes":"package_2017_osw_lume_dugda_sire_fababean_191","variedad_a":"Shallo","variedad_b":"Gabalcho","variedad_c":"Walki"},
{"codigo_paquetes":"package_2017_osw_lume_dugda_sire_fababean_192","variedad_a":"Tumsa","variedad_b":"Walki","variedad_c":"Mosisa"},
{"codigo_paquetes":"package_2017_osw_lume_dugda_sire_fababean_193","variedad_a":"Moti","variedad_b":"Gabalcho","variedad_c":"Shallo"},
{"codigo_paquetes":"package_2017_osw_lume_dugda_sire_fababean_194","variedad_a":"Tumsa","variedad_b":"Shallo","variedad_c":"Gora"},
{"codigo_paquetes":"package_2017_osw_lume_dugda_sire_fababean_195","variedad_a":"Mosisa","variedad_b":"Gora","variedad_c":"Gabalcho"},
{"codigo_paquetes":"package_2017_osw_lume_dugda_sire_fababean_196","variedad_a":"Walki","variedad_b":"Moti","variedad_c":"Tumsa"},
{"codigo_paquetes":"package_2017_osw_lume_dugda_sire_fababean_197","variedad_a":"Gabalcho","variedad_b":"Moti","variedad_c":"Tumsa"},
{"codigo_paquetes":"package_2017_osw_lume_dugda_sire_fababean_198","variedad_a":"Gora","variedad_b":"Shallo","variedad_c":"Walki"},
{"codigo_paquetes":"package_2017_osw_lume_dugda_sire_fababean_199","variedad_a":"Mosisa","variedad_b":"Walki","variedad_c":"Gabalcho"},
{"codigo_paquetes":"package_2017_osw_lume_dugda_sire_fababean_200","variedad_a":"Moti","variedad_b":"Mosisa","variedad_c":"Shallo"},
{"codigo_paquetes":"package_2017_osw_lume_dugda_sire_fababean_201","variedad_a":"Tumsa","variedad_b":"Gora","variedad_c":"Moti"},
{"codigo_paquetes":"package_2017_osw_lume_dugda_sire_fababean_202","variedad_a":"Shallo","variedad_b":"Gabalcho","variedad_c":"Walki"},
{"codigo_paquetes":"package_2017_osw_lume_dugda_sire_fababean_203","variedad_a":"Gora","variedad_b":"Tumsa","variedad_c":"Mosisa"},
{"codigo_paquetes":"package_2017_osw_lume_dugda_sire_fababean_204","variedad_a":"Walki","variedad_b":"Mosisa","variedad_c":"Moti"},
{"codigo_paquetes":"package_2017_osw_lume_dugda_sire_fababean_205","variedad_a":"Gabalcho","variedad_b":"Shallo","variedad_c":"Tumsa"},
{"codigo_paquetes":"package_2017_osw_lume_dugda_sire_fababean_206","variedad_a":"Mosisa","variedad_b":"Gabalcho","variedad_c":"Gora"},
{"codigo_paquetes":"package_2017_osw_lume_dugda_sire_fababean_207","variedad_a":"Moti","variedad_b":"Tumsa","variedad_c":"Walki"},
{"codigo_paquetes":"package_2017_osw_lume_dugda_sire_fababean_208","variedad_a":"Shallo","variedad_b":"Moti","variedad_c":"Gora"},
{"codigo_paquetes":"package_2017_osw_lume_dugda_sire_fababean_209","variedad_a":"Walki","variedad_b":"Gora","variedad_c":"Shallo"},
{"codigo_paquetes":"package_2017_osw_lume_dugda_sire_fababean_210","variedad_a":"Tumsa","variedad_b":"Walki","variedad_c":"Gabalcho"},
{"codigo_paquetes":"package_2017_osw_lume_dugda_sire_fababean_211","variedad_a":"Gabalcho","variedad_b":"Moti","variedad_c":"Mosisa"},
{"codigo_paquetes":"package_2017_osw_lume_dugda_sire_fababean_212","variedad_a":"Mosisa","variedad_b":"Shallo","variedad_c":"Tumsa"},
{"codigo_paquetes":"package_2017_osw_lume_dugda_sire_fababean_213","variedad_a":"Gora","variedad_b":"Gabalcho","variedad_c":"Moti"},
{"codigo_paquetes":"package_2017_osw_lume_dugda_sire_fababean_214","variedad_a":"Tumsa","variedad_b":"Gora","variedad_c":"Mosisa"},
{"codigo_paquetes":"package_2017_osw_lume_dugda_sire_fababean_215","variedad_a":"Walki","variedad_b":"Mosisa","variedad_c":"Shallo"},
{"codigo_paquetes":"package_2017_osw_lume_dugda_sire_fababean_216","variedad_a":"Shallo","variedad_b":"Tumsa","variedad_c":"Gabalcho"},
{"codigo_paquetes":"package_2017_osw_lume_dugda_sire_fababean_217","variedad_a":"Moti","variedad_b":"Walki","variedad_c":"Gora"},
{"codigo_paquetes":"package_2017_osw_lume_dugda_sire_fababean_218","variedad_a":"Mosisa","variedad_b":"Moti","variedad_c":"Tumsa"},
{"codigo_paquetes":"package_2017_osw_lume_dugda_sire_fababean_219","variedad_a":"Gabalcho","variedad_b":"Gora","variedad_c":"Shallo"},
{"codigo_paquetes":"package_2017_osw_lume_dugda_sire_fababean_220","variedad_a":"Moti","variedad_b":"Shallo","variedad_c":"Walki"},
{"codigo_paquetes":"package_2017_osw_lume_dugda_sire_fababean_221","variedad_a":"Tumsa","variedad_b":"Walki","variedad_c":"Gabalcho"},
{"codigo_paquetes":"package_2017_osw_lume_dugda_sire_fababean_222","variedad_a":"Gora","variedad_b":"Gabalcho","variedad_c":"Mosisa"},
{"codigo_paquetes":"package_2017_osw_lume_dugda_sire_fababean_223","variedad_a":"Shallo","variedad_b":"Tumsa","variedad_c":"Moti"},
{"codigo_paquetes":"package_2017_osw_lume_dugda_sire_fababean_224","variedad_a":"Walki","variedad_b":"Mosisa","variedad_c":"Gabalcho"},
{"codigo_paquetes":"package_2017_osw_lume_dugda_sire_fababean_225","variedad_a":"Mosisa","variedad_b":"Tumsa","variedad_c":"Gora"},
{"codigo_paquetes":"package_2017_osw_lume_dugda_sire_fababean_226","variedad_a":"Gora","variedad_b":"Shallo","variedad_c":"Walki"},
{"codigo_paquetes":"package_2017_osw_lume_dugda_sire_fababean_227","variedad_a":"Gabalcho","variedad_b":"Mosisa","variedad_c":"Moti"},
{"codigo_paquetes":"package_2017_osw_lume_dugda_sire_fababean_228","variedad_a":"Moti","variedad_b":"Walki","variedad_c":"Gora"},
{"codigo_paquetes":"package_2017_osw_lume_dugda_sire_fababean_229","variedad_a":"Shallo","variedad_b":"Mosisa","variedad_c":"Tumsa"},
{"codigo_paquetes":"package_2017_osw_lume_dugda_sire_fababean_230","variedad_a":"Gabalcho","variedad_b":"Gora","variedad_c":"Shallo"},
{"codigo_paquetes":"package_2017_osw_lume_dugda_sire_fababean_231","variedad_a":"Walki","variedad_b":"Moti","variedad_c":"Shallo"},
{"codigo_paquetes":"package_2017_osw_lume_dugda_sire_fababean_232","variedad_a":"Tumsa","variedad_b":"Gabalcho","variedad_c":"Walki"},
{"codigo_paquetes":"package_2017_osw_lume_dugda_sire_fababean_233","variedad_a":"Gora","variedad_b":"Moti","variedad_c":"Mosisa"},
{"codigo_paquetes":"package_2017_osw_lume_dugda_sire_fababean_234","variedad_a":"Moti","variedad_b":"Shallo","variedad_c":"Tumsa"},
{"codigo_paquetes":"package_2017_osw_lume_dugda_sire_fababean_235","variedad_a":"Mosisa","variedad_b":"Walki","variedad_c":"Gabalcho"},
{"codigo_paquetes":"package_2017_osw_lume_dugda_sire_fababean_236","variedad_a":"Tumsa","variedad_b":"Gabalcho","variedad_c":"Gora"},
{"codigo_paquetes":"package_2017_osw_lume_dugda_sire_fababean_237","variedad_a":"Walki","variedad_b":"Tumsa","variedad_c":"Mosisa"},
{"codigo_paquetes":"package_2017_osw_lume_dugda_sire_fababean_238","variedad_a":"Shallo","variedad_b":"Gora","variedad_c":"Moti"},
{"codigo_paquetes":"package_2017_osw_lume_dugda_sire_fababean_239","variedad_a":"Gabalcho","variedad_b":"Mosisa","variedad_c":"Moti"},
{"codigo_paquetes":"package_2017_osw_lume_dugda_sire_fababean_240","variedad_a":"Gora","variedad_b":"Shallo","variedad_c":"Walki"},
{"codigo_paquetes":"package_2017_osw_lume_dugda_sire_fababean_241","variedad_a":"Mosisa","variedad_b":"Tumsa","variedad_c":"Shallo"},
{"codigo_paquetes":"package_2017_osw_lume_dugda_sire_fababean_242","variedad_a":"Moti","variedad_b":"Walki","variedad_c":"Gora"},
{"codigo_paquetes":"package_2017_osw_lume_dugda_sire_fababean_243","variedad_a":"Shallo","variedad_b":"Gabalcho","variedad_c":"Tumsa"},
{"codigo_paquetes":"package_2017_osw_lume_dugda_sire_fababean_244","variedad_a":"Gabalcho","variedad_b":"Gora","variedad_c":"Mosisa"},
{"codigo_paquetes":"package_2017_osw_lume_dugda_sire_fababean_245","variedad_a":"Tumsa","variedad_b":"Moti","variedad_c":"Shallo"},
{"codigo_paquetes":"package_2017_osw_lume_dugda_sire_fababean_246","variedad_a":"Walki","variedad_b":"Mosisa","variedad_c":"Gabalcho"},
{"codigo_paquetes":"package_2017_osw_lume_dugda_sire_fababean_247","variedad_a":"Gora","variedad_b":"Tumsa","variedad_c":"Walki"},
{"codigo_paquetes":"package_2017_osw_lume_dugda_sire_fababean_248","variedad_a":"Moti","variedad_b":"Gabalcho","variedad_c":"Tumsa"},
{"codigo_paquetes":"package_2017_osw_lume_dugda_sire_fababean_249","variedad_a":"Mosisa","variedad_b":"Shallo","variedad_c":"Gora"},
{"codigo_paquetes":"package_2017_osw_lume_dugda_sire_fababean_250","variedad_a":"Walki","variedad_b":"Moti","variedad_c":"Mosisa"},
{"codigo_paquetes":"package_2017_osw_lume_dugda_sire_fababean_251","variedad_a":"Shallo","variedad_b":"Walki","variedad_c":"Gabalcho"},
{"codigo_paquetes":"package_2017_osw_lume_dugda_sire_fababean_252","variedad_a":"Tumsa","variedad_b":"Gora","variedad_c":"Mosisa"},
{"codigo_paquetes":"package_2017_osw_lume_dugda_sire_fababean_253","variedad_a":"Gabalcho","variedad_b":"Gora","variedad_c":"Moti"},
{"codigo_paquetes":"package_2017_osw_lume_dugda_sire_fababean_254","variedad_a":"Moti","variedad_b":"Shallo","variedad_c":"Walki"},
{"codigo_paquetes":"package_2017_osw_lume_dugda_sire_fababean_255","variedad_a":"Mosisa","variedad_b":"Tumsa","variedad_c":"Shallo"},
{"codigo_paquetes":"package_2017_osw_lume_dugda_sire_fababean_256","variedad_a":"Tumsa","variedad_b":"Gabalcho","variedad_c":"Moti"},
{"codigo_paquetes":"package_2017_osw_lume_dugda_sire_fababean_257","variedad_a":"Shallo","variedad_b":"Walki","variedad_c":"Gora"},
{"codigo_paquetes":"package_2017_osw_lume_dugda_sire_fababean_258","variedad_a":"Walki","variedad_b":"Mosisa","variedad_c":"Gabalcho"},
{"codigo_paquetes":"package_2017_osw_lume_dugda_sire_fababean_259","variedad_a":"Gora","variedad_b":"Gabalcho","variedad_c":"Tumsa"},
{"codigo_paquetes":"package_2017_osw_lume_dugda_sire_fababean_260","variedad_a":"Shallo","variedad_b":"Moti","variedad_c":"Tumsa"},
{"codigo_paquetes":"package_2017_osw_lume_dugda_sire_fababean_261","variedad_a":"Mosisa","variedad_b":"Moti","variedad_c":"Walki"},
{"codigo_paquetes":"package_2017_osw_lume_dugda_sire_fababean_262","variedad_a":"Gabalcho","variedad_b":"Gora","variedad_c":"Shallo"},
{"codigo_paquetes":"package_2017_osw_lume_dugda_sire_fababean_263","variedad_a":"Gora","variedad_b":"Tumsa","variedad_c":"Mosisa"},
{"codigo_paquetes":"package_2017_osw_lume_dugda_sire_fababean_264","variedad_a":"Walki","variedad_b":"Mosisa","variedad_c":"Moti"},
{"codigo_paquetes":"package_2017_osw_lume_dugda_sire_fababean_265","variedad_a":"Shallo","variedad_b":"Walki","variedad_c":"Gabalcho"},
{"codigo_paquetes":"package_2017_osw_lume_dugda_sire_fababean_266","variedad_a":"Moti","variedad_b":"Mosisa","variedad_c":"Gora"},
{"codigo_paquetes":"package_2017_osw_lume_dugda_sire_fababean_267","variedad_a":"Tumsa","variedad_b":"Shallo","variedad_c":"Moti"},
{"codigo_paquetes":"package_2017_osw_lume_dugda_sire_fababean_268","variedad_a":"Gora","variedad_b":"Tumsa","variedad_c":"Walki"},
{"codigo_paquetes":"package_2017_osw_lume_dugda_sire_fababean_269","variedad_a":"Gabalcho","variedad_b":"Shallo","variedad_c":"Mosisa"},
{"codigo_paquetes":"package_2017_osw_lume_dugda_sire_fababean_270","variedad_a":"Tumsa","variedad_b":"Walki","variedad_c":"Gabalcho"},
{"codigo_paquetes":"package_2017_osw_lume_dugda_sire_fababean_271","variedad_a":"Moti","variedad_b":"Gabalcho","variedad_c":"Gora"},
{"codigo_paquetes":"package_2017_osw_lume_dugda_sire_fababean_272","variedad_a":"Mosisa","variedad_b":"Shallo","variedad_c":"Tumsa"},
{"codigo_paquetes":"package_2017_osw_lume_dugda_sire_fababean_273","variedad_a":"Walki","variedad_b":"Moti","variedad_c":"Shallo"},
{"codigo_paquetes":"package_2017_osw_lume_dugda_sire_fababean_274","variedad_a":"Gabalcho","variedad_b":"Gora","variedad_c":"Tumsa"},
{"codigo_paquetes":"package_2017_osw_lume_dugda_sire_fababean_275","variedad_a":"Mosisa","variedad_b":"Moti","variedad_c":"Walki"},
{"codigo_paquetes":"package_2017_osw_lume_dugda_sire_fababean_276","variedad_a":"Gora","variedad_b":"Mosisa","variedad_c":"Shallo"},
{"codigo_paquetes":"package_2017_osw_lume_dugda_sire_fababean_277","variedad_a":"Moti","variedad_b":"Gabalcho","variedad_c":"Gora"},
{"codigo_paquetes":"package_2017_osw_lume_dugda_sire_fababean_278","variedad_a":"Tumsa","variedad_b":"Walki","variedad_c":"Mosisa"},
{"codigo_paquetes":"package_2017_osw_lume_dugda_sire_fababean_279","variedad_a":"Shallo","variedad_b":"Tumsa","variedad_c":"Moti"},
{"codigo_paquetes":"package_2017_osw_lume_dugda_sire_fababean_280","variedad_a":"Mosisa","variedad_b":"Gora","variedad_c":"Gabalcho"},
{"codigo_paquetes":"package_2017_osw_lume_dugda_sire_fababean_281","variedad_a":"Walki","variedad_b":"Gora","variedad_c":"Tumsa"},
{"codigo_paquetes":"package_2017_osw_lume_dugda_sire_fababean_282","variedad_a":"Moti","variedad_b":"Shallo","variedad_c":"Walki"},
{"codigo_paquetes":"package_2017_osw_lume_dugda_sire_fababean_283","variedad_a":"Gabalcho","variedad_b":"Tumsa","variedad_c":"Shallo"},
{"codigo_paquetes":"package_2017_osw_lume_dugda_sire_fababean_284","variedad_a":"Gabalcho","variedad_b":"Mosisa","variedad_c":"Moti"},
{"codigo_paquetes":"package_2017_osw_lume_dugda_sire_fababean_285","variedad_a":"Tumsa","variedad_b":"Walki","variedad_c":"Gora"},
{"codigo_paquetes":"package_2017_osw_lume_dugda_sire_fababean_286","variedad_a":"Walki","variedad_b":"Moti","variedad_c":"Mosisa"},
{"codigo_paquetes":"package_2017_osw_lume_dugda_sire_fababean_287","variedad_a":"Gora","variedad_b":"Gabalcho","variedad_c":"Shallo"},
{"codigo_paquetes":"package_2017_osw_lume_dugda_sire_fababean_288","variedad_a":"Gora","variedad_b":"Moti","variedad_c":"Gabalcho"},
{"codigo_paquetes":"package_2017_osw_lume_dugda_sire_fababean_289","variedad_a":"Mosisa","variedad_b":"Tumsa","variedad_c":"Walki"},
{"codigo_paquetes":"package_2017_osw_lume_dugda_sire_fababean_290","variedad_a":"Shallo","variedad_b":"Walki","variedad_c":"Moti"},
{"codigo_paquetes":"package_2017_osw_lume_dugda_sire_fababean_291","variedad_a":"Tumsa","variedad_b":"Gora","variedad_c":"Mosisa"},
{"codigo_paquetes":"package_2017_osw_lume_dugda_sire_fababean_292","variedad_a":"Shallo","variedad_b":"Gabalcho","variedad_c":"Tumsa"},
{"codigo_paquetes":"package_2017_osw_lume_dugda_sire_fababean_293","variedad_a":"Moti","variedad_b":"Mosisa","variedad_c":"Walki"},
{"codigo_paquetes":"package_2017_osw_lume_dugda_sire_fababean_294","variedad_a":"Gabalcho","variedad_b":"Shallo","variedad_c":"Gora"},
{"codigo_paquetes":"package_2017_osw_lume_dugda_sire_fababean_295","variedad_a":"Gora","variedad_b":"Shallo","variedad_c":"Tumsa"}
]
