[
{"codigo_paquetes":"package_issd_osw_goro_bale_lentil_2018_01","variedad_a":"Chekol","variedad_b":"Asano","variedad_c":"Gudo"},
{"codigo_paquetes":"package_issd_osw_goro_bale_lentil_2018_02","variedad_a":"Derso","variedad_b":"Alemaya 98","variedad_c":"Ada"},
{"codigo_paquetes":"package_issd_osw_goro_bale_lentil_2018_03","variedad_a":"Alemtena","variedad_b":"Chekol","variedad_c":"Asano"},
{"codigo_paquetes":"package_issd_osw_goro_bale_lentil_2018_04","variedad_a":"Alemaya 98","variedad_b":"Gudo","variedad_c":"Alemtena"},
{"codigo_paquetes":"package_issd_osw_goro_bale_lentil_2018_05","variedad_a":"Asano","variedad_b":"Ada","variedad_c":"Derso"},
{"codigo_paquetes":"package_issd_osw_goro_bale_lentil_2018_06","variedad_a":"Gudo","variedad_b":"Derso","variedad_c":"Chekol"},
{"codigo_paquetes":"package_issd_osw_goro_bale_lentil_2018_07","variedad_a":"Ada","variedad_b":"Alemtena","variedad_c":"Alemaya 98"},
{"codigo_paquetes":"package_issd_osw_goro_bale_lentil_2018_08","variedad_a":"Derso","variedad_b":"Alemtena","variedad_c":"Asano"},
{"codigo_paquetes":"package_issd_osw_goro_bale_lentil_2018_09","variedad_a":"Alemaya 98","variedad_b":"Gudo","variedad_c":"Ada"},
{"codigo_paquetes":"package_issd_osw_goro_bale_lentil_2018_10","variedad_a":"Alemtena","variedad_b":"Ada","variedad_c":"Chekol"},
{"codigo_paquetes":"package_issd_osw_goro_bale_lentil_2018_11","variedad_a":"Gudo","variedad_b":"Derso","variedad_c":"Alemaya 98"},
{"codigo_paquetes":"package_issd_osw_goro_bale_lentil_2018_12","variedad_a":"Chekol","variedad_b":"Asano","variedad_c":"Alemtena"},
{"codigo_paquetes":"package_issd_osw_goro_bale_lentil_2018_13","variedad_a":"Asano","variedad_b":"Alemaya 98","variedad_c":"Derso"},
{"codigo_paquetes":"package_issd_osw_goro_bale_lentil_2018_14","variedad_a":"Ada","variedad_b":"Chekol","variedad_c":"Gudo"},
{"codigo_paquetes":"package_issd_osw_goro_bale_lentil_2018_15","variedad_a":"Derso","variedad_b":"Asano","variedad_c":"Ada"},
{"codigo_paquetes":"package_issd_osw_goro_bale_lentil_2018_16","variedad_a":"Chekol","variedad_b":"Alemaya 98","variedad_c":"Gudo"},
{"codigo_paquetes":"package_issd_osw_goro_bale_lentil_2018_17","variedad_a":"Alemtena","variedad_b":"Derso","variedad_c":"Asano"},
{"codigo_paquetes":"package_issd_osw_goro_bale_lentil_2018_18","variedad_a":"Alemaya 98","variedad_b":"Gudo","variedad_c":"Alemtena"},
{"codigo_paquetes":"package_issd_osw_goro_bale_lentil_2018_19","variedad_a":"Gudo","variedad_b":"Ada","variedad_c":"Chekol"},
{"codigo_paquetes":"package_issd_osw_goro_bale_lentil_2018_20","variedad_a":"Asano","variedad_b":"Alemtena","variedad_c":"Ada"},
{"codigo_paquetes":"package_issd_osw_goro_bale_lentil_2018_21","variedad_a":"Derso","variedad_b":"Chekol","variedad_c":"Alemaya 98"},
{"codigo_paquetes":"package_issd_osw_goro_bale_lentil_2018_22","variedad_a":"Ada","variedad_b":"Asano","variedad_c":"Gudo"},
{"codigo_paquetes":"package_issd_osw_goro_bale_lentil_2018_23","variedad_a":"Alemtena","variedad_b":"Chekol","variedad_c":"Derso"},
{"codigo_paquetes":"package_issd_osw_goro_bale_lentil_2018_24","variedad_a":"Chekol","variedad_b":"Alemtena","variedad_c":"Alemaya 98"},
{"codigo_paquetes":"package_issd_osw_goro_bale_lentil_2018_25","variedad_a":"Alemaya 98","variedad_b":"Ada","variedad_c":"Asano"},
{"codigo_paquetes":"package_issd_osw_goro_bale_lentil_2018_26","variedad_a":"Ada","variedad_b":"Gudo","variedad_c":"Derso"},
{"codigo_paquetes":"package_issd_osw_goro_bale_lentil_2018_27","variedad_a":"Asano","variedad_b":"Alemaya 98","variedad_c":"Chekol"},
{"codigo_paquetes":"package_issd_osw_goro_bale_lentil_2018_28","variedad_a":"Gudo","variedad_b":"Derso","variedad_c":"Alemtena"},
{"codigo_paquetes":"package_issd_osw_goro_bale_lentil_2018_29","variedad_a":"Derso","variedad_b":"Alemaya 98","variedad_c":"Gudo"},
{"codigo_paquetes":"package_issd_osw_goro_bale_lentil_2018_30","variedad_a":"Chekol","variedad_b":"Asano","variedad_c":"Ada"},
{"codigo_paquetes":"package_issd_osw_goro_bale_lentil_2018_31","variedad_a":"Alemtena","variedad_b":"Gudo","variedad_c":"Asano"},
{"codigo_paquetes":"package_issd_osw_goro_bale_lentil_2018_32","variedad_a":"Ada","variedad_b":"Derso","variedad_c":"Chekol"},
{"codigo_paquetes":"package_issd_osw_goro_bale_lentil_2018_33","variedad_a":"Alemaya 98","variedad_b":"Ada","variedad_c":"Alemtena"},
{"codigo_paquetes":"package_issd_osw_goro_bale_lentil_2018_34","variedad_a":"Asano","variedad_b":"Chekol","variedad_c":"Derso"},
{"codigo_paquetes":"package_issd_osw_goro_bale_lentil_2018_35","variedad_a":"Gudo","variedad_b":"Alemtena","variedad_c":"Chekol"},
{"codigo_paquetes":"package_issd_osw_goro_bale_lentil_2018_36","variedad_a":"Alemtena","variedad_b":"Asano","variedad_c":"Alemaya 98"},
{"codigo_paquetes":"package_issd_osw_goro_bale_lentil_2018_37","variedad_a":"Derso","variedad_b":"Alemaya 98","variedad_c":"Ada"},
{"codigo_paquetes":"package_issd_osw_goro_bale_lentil_2018_38","variedad_a":"Chekol","variedad_b":"Gudo","variedad_c":"Alemaya 98"},
{"codigo_paquetes":"package_issd_osw_goro_bale_lentil_2018_39","variedad_a":"Ada","variedad_b":"Derso","variedad_c":"Alemtena"},
{"codigo_paquetes":"package_issd_osw_goro_bale_lentil_2018_40","variedad_a":"Asano","variedad_b":"Derso","variedad_c":"Gudo"},
{"codigo_paquetes":"package_issd_osw_goro_bale_lentil_2018_41","variedad_a":"Alemaya 98","variedad_b":"Chekol","variedad_c":"Ada"},
{"codigo_paquetes":"package_issd_osw_goro_bale_lentil_2018_42","variedad_a":"Gudo","variedad_b":"Alemtena","variedad_c":"Asano"},
{"codigo_paquetes":"package_issd_osw_goro_bale_lentil_2018_43","variedad_a":"Chekol","variedad_b":"Ada","variedad_c":"Derso"},
{"codigo_paquetes":"package_issd_osw_goro_bale_lentil_2018_44","variedad_a":"Asano","variedad_b":"Alemaya 98","variedad_c":"Gudo"},
{"codigo_paquetes":"package_issd_osw_goro_bale_lentil_2018_45","variedad_a":"Gudo","variedad_b":"Ada","variedad_c":"Alemtena"},
{"codigo_paquetes":"package_issd_osw_goro_bale_lentil_2018_46","variedad_a":"Derso","variedad_b":"Asano","variedad_c":"Alemaya 98"},
{"codigo_paquetes":"package_issd_osw_goro_bale_lentil_2018_47","variedad_a":"Alemtena","variedad_b":"Gudo","variedad_c":"Chekol"},
{"codigo_paquetes":"package_issd_osw_goro_bale_lentil_2018_48","variedad_a":"Alemaya 98","variedad_b":"Alemtena","variedad_c":"Derso"},
{"codigo_paquetes":"package_issd_osw_goro_bale_lentil_2018_49","variedad_a":"Ada","variedad_b":"Chekol","variedad_c":"Alemaya 98"},
{"codigo_paquetes":"package_issd_osw_goro_bale_lentil_2018_50","variedad_a":"Derso","variedad_b":"Gudo","variedad_c":"Asano"}
]
