[
{"codigo_paquetes":"package_enderta_breadwheat_001","variedad_a":"Kingbird","variedad_b":"Picafloor","variedad_c":"0901CHO"},
{"codigo_paquetes":"package_enderta_breadwheat_002","variedad_a":"Huluka","variedad_b":"Mekelle 1","variedad_c":"Mekelle 4"},
{"codigo_paquetes":"package_enderta_breadwheat_003","variedad_a":"Mekelle 2","variedad_b":"Lemu","variedad_c":"Gomad"},
{"codigo_paquetes":"package_enderta_breadwheat_004","variedad_a":"Ogolcho","variedad_b":"Mekelle 3","variedad_c":"Shehan"},
{"codigo_paquetes":"package_enderta_breadwheat_005","variedad_a":"Danfe","variedad_b":"Buluk","variedad_c":"Lemu"},
{"codigo_paquetes":"package_enderta_breadwheat_006","variedad_a":"Hidase","variedad_b":"Danfe","variedad_c":"Mekelle 2"},
{"codigo_paquetes":"package_enderta_breadwheat_007","variedad_a":"Buluk","variedad_b":"Kingbird","variedad_c":"Ogolcho"},
{"codigo_paquetes":"package_enderta_breadwheat_008","variedad_a":"Mekelle 4","variedad_b":"0901CHO","variedad_c":"Mekelle 1"},
{"codigo_paquetes":"package_enderta_breadwheat_009","variedad_a":"Mekelle 3","variedad_b":"Gomad","variedad_c":"Huluka"},
{"codigo_paquetes":"package_enderta_breadwheat_010","variedad_a":"Picafloor","variedad_b":"Shehan","variedad_c":"Kingbird"},
{"codigo_paquetes":"package_enderta_breadwheat_011","variedad_a":"Shehan","variedad_b":"Hidase","variedad_c":"Danfe"},
{"codigo_paquetes":"package_enderta_breadwheat_012","variedad_a":"0901CHO","variedad_b":"Huluka","variedad_c":"Gomad"},
{"codigo_paquetes":"package_enderta_breadwheat_013","variedad_a":"Ogolcho","variedad_b":"Mekelle 2","variedad_c":"Mekelle 4"},
{"codigo_paquetes":"package_enderta_breadwheat_014","variedad_a":"Picafloor","variedad_b":"Hidase","variedad_c":"Buluk"},
{"codigo_paquetes":"package_enderta_breadwheat_015","variedad_a":"Mekelle 1","variedad_b":"Lemu","variedad_c":"Shehan"},
{"codigo_paquetes":"package_enderta_breadwheat_016","variedad_a":"Gomad","variedad_b":"Mekelle 3","variedad_c":"Hidase"},
{"codigo_paquetes":"package_enderta_breadwheat_017","variedad_a":"Mekelle 1","variedad_b":"Mekelle 4","variedad_c":"Picafloor"},
{"codigo_paquetes":"package_enderta_breadwheat_018","variedad_a":"Lemu","variedad_b":"Huluka","variedad_c":"0901CHO"},
{"codigo_paquetes":"package_enderta_breadwheat_019","variedad_a":"Kingbird","variedad_b":"Danfe","variedad_c":"Mekelle 3"},
{"codigo_paquetes":"package_enderta_breadwheat_020","variedad_a":"Mekelle 2","variedad_b":"Ogolcho","variedad_c":"Buluk"},
{"codigo_paquetes":"package_enderta_breadwheat_021","variedad_a":"Mekelle 4","variedad_b":"Gomad","variedad_c":"Hidase"},
{"codigo_paquetes":"package_enderta_breadwheat_022","variedad_a":"Mekelle 3","variedad_b":"Kingbird","variedad_c":"Mekelle 2"},
{"codigo_paquetes":"package_enderta_breadwheat_023","variedad_a":"0901CHO","variedad_b":"Picafloor","variedad_c":"Ogolcho"},
{"codigo_paquetes":"package_enderta_breadwheat_024","variedad_a":"Huluka","variedad_b":"Buluk","variedad_c":"Mekelle 1"},
{"codigo_paquetes":"package_enderta_breadwheat_025","variedad_a":"Danfe","variedad_b":"Shehan","variedad_c":"Lemu"},
{"codigo_paquetes":"package_enderta_breadwheat_026","variedad_a":"Hidase","variedad_b":"Shehan","variedad_c":"Buluk"},
{"codigo_paquetes":"package_enderta_breadwheat_027","variedad_a":"Gomad","variedad_b":"0901CHO","variedad_c":"Kingbird"},
{"codigo_paquetes":"package_enderta_breadwheat_028","variedad_a":"Danfe","variedad_b":"Mekelle 4","variedad_c":"Picafloor"},
{"codigo_paquetes":"package_enderta_breadwheat_029","variedad_a":"Lemu","variedad_b":"Ogolcho","variedad_c":"Huluka"},
{"codigo_paquetes":"package_enderta_breadwheat_030","variedad_a":"Mekelle 3","variedad_b":"Mekelle 1","variedad_c":"Danfe"},
{"codigo_paquetes":"package_enderta_breadwheat_031","variedad_a":"Hidase","variedad_b":"Mekelle 2","variedad_c":"Lemu"},
{"codigo_paquetes":"package_enderta_breadwheat_032","variedad_a":"Buluk","variedad_b":"Mekelle 4","variedad_c":"Gomad"},
{"codigo_paquetes":"package_enderta_breadwheat_033","variedad_a":"Kingbird","variedad_b":"Mekelle 1","variedad_c":"Mekelle 2"},
{"codigo_paquetes":"package_enderta_breadwheat_034","variedad_a":"Picafloor","variedad_b":"0901CHO","variedad_c":"Mekelle 3"},
{"codigo_paquetes":"package_enderta_breadwheat_035","variedad_a":"Huluka","variedad_b":"Gomad","variedad_c":"Ogolcho"},
{"codigo_paquetes":"package_enderta_breadwheat_036","variedad_a":"Shehan","variedad_b":"Huluka","variedad_c":"Mekelle 3"},
{"codigo_paquetes":"package_enderta_breadwheat_037","variedad_a":"Mekelle 4","variedad_b":"Hidase","variedad_c":"Shehan"},
{"codigo_paquetes":"package_enderta_breadwheat_038","variedad_a":"0901CHO","variedad_b":"Buluk","variedad_c":"Kingbird"},
{"codigo_paquetes":"package_enderta_breadwheat_039","variedad_a":"Lemu","variedad_b":"Danfe","variedad_c":"Picafloor"},
{"codigo_paquetes":"package_enderta_breadwheat_040","variedad_a":"Ogolcho","variedad_b":"Mekelle 2","variedad_c":"Mekelle 1"},
{"codigo_paquetes":"package_enderta_breadwheat_041","variedad_a":"Mekelle 1","variedad_b":"Gomad","variedad_c":"Danfe"},
{"codigo_paquetes":"package_enderta_breadwheat_042","variedad_a":"Kingbird","variedad_b":"Lemu","variedad_c":"Hidase"},
{"codigo_paquetes":"package_enderta_breadwheat_043","variedad_a":"Mekelle 2","variedad_b":"Buluk","variedad_c":"Mekelle 4"},
{"codigo_paquetes":"package_enderta_breadwheat_044","variedad_a":"Shehan","variedad_b":"Ogolcho","variedad_c":"0901CHO"},
{"codigo_paquetes":"package_enderta_breadwheat_045","variedad_a":"Picafloor","variedad_b":"Mekelle 3","variedad_c":"Huluka"},
{"codigo_paquetes":"package_enderta_breadwheat_046","variedad_a":"Gomad","variedad_b":"Huluka","variedad_c":"Mekelle 4"},
{"codigo_paquetes":"package_enderta_breadwheat_047","variedad_a":"Hidase","variedad_b":"Ogolcho","variedad_c":"Mekelle 3"},
{"codigo_paquetes":"package_enderta_breadwheat_048","variedad_a":"Buluk","variedad_b":"Picafloor","variedad_c":"Shehan"},
{"codigo_paquetes":"package_enderta_breadwheat_049","variedad_a":"Mekelle 2","variedad_b":"Kingbird","variedad_c":"0901CHO"},
{"codigo_paquetes":"package_enderta_breadwheat_050","variedad_a":"Danfe","variedad_b":"Mekelle 2","variedad_c":"Lemu"},
{"codigo_paquetes":"package_enderta_breadwheat_051","variedad_a":"Mekelle 1","variedad_b":"Shehan","variedad_c":"Kingbird"},
{"codigo_paquetes":"package_enderta_breadwheat_052","variedad_a":"Lemu","variedad_b":"Mekelle 1","variedad_c":"Gomad"},
{"codigo_paquetes":"package_enderta_breadwheat_053","variedad_a":"Mekelle 4","variedad_b":"Danfe","variedad_c":"Hidase"},
{"codigo_paquetes":"package_enderta_breadwheat_054","variedad_a":"Mekelle 3","variedad_b":"0901CHO","variedad_c":"Buluk"},
{"codigo_paquetes":"package_enderta_breadwheat_055","variedad_a":"Ogolcho","variedad_b":"Picafloor","variedad_c":"Mekelle 2"},
{"codigo_paquetes":"package_enderta_breadwheat_056","variedad_a":"Huluka","variedad_b":"Buluk","variedad_c":"Danfe"},
{"codigo_paquetes":"package_enderta_breadwheat_057","variedad_a":"Gomad","variedad_b":"Mekelle 3","variedad_c":"Mekelle 4"},
{"codigo_paquetes":"package_enderta_breadwheat_058","variedad_a":"Kingbird","variedad_b":"Hidase","variedad_c":"Ogolcho"},
{"codigo_paquetes":"package_enderta_breadwheat_059","variedad_a":"Huluka","variedad_b":"Lemu","variedad_c":"Picafloor"},
{"codigo_paquetes":"package_enderta_breadwheat_060","variedad_a":"0901CHO","variedad_b":"Mekelle 2","variedad_c":"Shehan"},
{"codigo_paquetes":"package_enderta_breadwheat_061","variedad_a":"Ogolcho","variedad_b":"Mekelle 3","variedad_c":"Mekelle 1"},
{"codigo_paquetes":"package_enderta_breadwheat_062","variedad_a":"Shehan","variedad_b":"Kingbird","variedad_c":"Gomad"},
{"codigo_paquetes":"package_enderta_breadwheat_063","variedad_a":"Hidase","variedad_b":"Mekelle 1","variedad_c":"Lemu"},
{"codigo_paquetes":"package_enderta_breadwheat_064","variedad_a":"Danfe","variedad_b":"Mekelle 4","variedad_c":"0901CHO"},
{"codigo_paquetes":"package_enderta_breadwheat_065","variedad_a":"Buluk","variedad_b":"Picafloor","variedad_c":"Huluka"},
{"codigo_paquetes":"package_enderta_breadwheat_066","variedad_a":"Mekelle 1","variedad_b":"Mekelle 2","variedad_c":"Buluk"},
{"codigo_paquetes":"package_enderta_breadwheat_067","variedad_a":"Kingbird","variedad_b":"Huluka","variedad_c":"Danfe"},
{"codigo_paquetes":"package_enderta_breadwheat_068","variedad_a":"Mekelle 4","variedad_b":"Lemu","variedad_c":"Mekelle 3"},
{"codigo_paquetes":"package_enderta_breadwheat_069","variedad_a":"Picafloor","variedad_b":"Gomad","variedad_c":"Ogolcho"},
{"codigo_paquetes":"package_enderta_breadwheat_070","variedad_a":"0901CHO","variedad_b":"Shehan","variedad_c":"Hidase"},
{"codigo_paquetes":"package_enderta_breadwheat_071","variedad_a":"Gomad","variedad_b":"Mekelle 4","variedad_c":"Mekelle 2"},
{"codigo_paquetes":"package_enderta_breadwheat_072","variedad_a":"Mekelle 3","variedad_b":"Ogolcho","variedad_c":"Lemu"},
{"codigo_paquetes":"package_enderta_breadwheat_073","variedad_a":"Shehan","variedad_b":"Kingbird","variedad_c":"Buluk"},
{"codigo_paquetes":"package_enderta_breadwheat_074","variedad_a":"Huluka","variedad_b":"Hidase","variedad_c":"Mekelle 1"},
{"codigo_paquetes":"package_enderta_breadwheat_075","variedad_a":"Danfe","variedad_b":"0901CHO","variedad_c":"Ogolcho"},
{"codigo_paquetes":"package_enderta_breadwheat_076","variedad_a":"Hidase","variedad_b":"Mekelle 3","variedad_c":"Picafloor"},
{"codigo_paquetes":"package_enderta_breadwheat_077","variedad_a":"Buluk","variedad_b":"Mekelle 1","variedad_c":"Mekelle 4"},
{"codigo_paquetes":"package_enderta_breadwheat_078","variedad_a":"Mekelle 2","variedad_b":"Danfe","variedad_c":"Huluka"},
{"codigo_paquetes":"package_enderta_breadwheat_079","variedad_a":"Lemu","variedad_b":"Picafloor","variedad_c":"Kingbird"},
{"codigo_paquetes":"package_enderta_breadwheat_080","variedad_a":"Lemu","variedad_b":"Gomad","variedad_c":"Shehan"},
{"codigo_paquetes":"package_enderta_breadwheat_081","variedad_a":"Picafloor","variedad_b":"Mekelle 4","variedad_c":"0901CHO"},
{"codigo_paquetes":"package_enderta_breadwheat_082","variedad_a":"Mekelle 2","variedad_b":"0901CHO","variedad_c":"Gomad"},
{"codigo_paquetes":"package_enderta_breadwheat_083","variedad_a":"Mekelle 3","variedad_b":"Buluk","variedad_c":"Danfe"},
{"codigo_paquetes":"package_enderta_breadwheat_084","variedad_a":"Ogolcho","variedad_b":"Shehan","variedad_c":"Mekelle 1"},
{"codigo_paquetes":"package_enderta_breadwheat_085","variedad_a":"Huluka","variedad_b":"Lemu","variedad_c":"Hidase"},
{"codigo_paquetes":"package_enderta_breadwheat_086","variedad_a":"Kingbird","variedad_b":"Ogolcho","variedad_c":"Huluka"},
{"codigo_paquetes":"package_enderta_breadwheat_087","variedad_a":"0901CHO","variedad_b":"Hidase","variedad_c":"Mekelle 3"},
{"codigo_paquetes":"package_enderta_breadwheat_088","variedad_a":"Mekelle 4","variedad_b":"Kingbird","variedad_c":"Buluk"},
{"codigo_paquetes":"package_enderta_breadwheat_089","variedad_a":"Mekelle 1","variedad_b":"Danfe","variedad_c":"Picafloor"},
{"codigo_paquetes":"package_enderta_breadwheat_090","variedad_a":"Shehan","variedad_b":"Danfe","variedad_c":"Mekelle 2"},
{"codigo_paquetes":"package_enderta_breadwheat_091","variedad_a":"Gomad","variedad_b":"Mekelle 4","variedad_c":"Lemu"},
{"codigo_paquetes":"package_enderta_breadwheat_092","variedad_a":"Picafloor","variedad_b":"Gomad","variedad_c":"Kingbird"},
{"codigo_paquetes":"package_enderta_breadwheat_093","variedad_a":"Mekelle 2","variedad_b":"Huluka","variedad_c":"0901CHO"},
{"codigo_paquetes":"package_enderta_breadwheat_094","variedad_a":"Buluk","variedad_b":"Mekelle 1","variedad_c":"Mekelle 3"},
{"codigo_paquetes":"package_enderta_breadwheat_095","variedad_a":"Ogolcho","variedad_b":"Picafloor","variedad_c":"Shehan"},
{"codigo_paquetes":"package_enderta_breadwheat_096","variedad_a":"Lemu","variedad_b":"Buluk","variedad_c":"Hidase"},
{"codigo_paquetes":"package_enderta_breadwheat_097","variedad_a":"Mekelle 4","variedad_b":"Huluka","variedad_c":"Ogolcho"},
{"codigo_paquetes":"package_enderta_breadwheat_098","variedad_a":"Hidase","variedad_b":"0901CHO","variedad_c":"Mekelle 1"},
{"codigo_paquetes":"package_enderta_breadwheat_099","variedad_a":"Mekelle 3","variedad_b":"Shehan","variedad_c":"Gomad"},
{"codigo_paquetes":"package_enderta_breadwheat_100","variedad_a":"Danfe","variedad_b":"Hidase","variedad_c":"Kingbird"},
{"codigo_paquetes":"package_enderta_breadwheat_101","variedad_a":"Danfe","variedad_b":"Mekelle 2","variedad_c":"Picafloor"},
{"codigo_paquetes":"package_enderta_breadwheat_102","variedad_a":"Shehan","variedad_b":"Lemu","variedad_c":"Mekelle 4"},
{"codigo_paquetes":"package_enderta_breadwheat_103","variedad_a":"Gomad","variedad_b":"Kingbird","variedad_c":"Mekelle 2"},
{"codigo_paquetes":"package_enderta_breadwheat_104","variedad_a":"Mekelle 1","variedad_b":"Ogolcho","variedad_c":"Huluka"},
{"codigo_paquetes":"package_enderta_breadwheat_105","variedad_a":"Buluk","variedad_b":"Mekelle 3","variedad_c":"Huluka"},
{"codigo_paquetes":"package_enderta_breadwheat_106","variedad_a":"0901CHO","variedad_b":"Picafloor","variedad_c":"Mekelle 1"},
{"codigo_paquetes":"package_enderta_breadwheat_107","variedad_a":"Kingbird","variedad_b":"Lemu","variedad_c":"Buluk"},
{"codigo_paquetes":"package_enderta_breadwheat_108","variedad_a":"Hidase","variedad_b":"Ogolcho","variedad_c":"Mekelle 4"},
{"codigo_paquetes":"package_enderta_breadwheat_109","variedad_a":"0901CHO","variedad_b":"Shehan","variedad_c":"Danfe"},
{"codigo_paquetes":"package_enderta_breadwheat_110","variedad_a":"Picafloor","variedad_b":"Mekelle 3","variedad_c":"Gomad"},
{"codigo_paquetes":"package_enderta_breadwheat_111","variedad_a":"Mekelle 2","variedad_b":"Buluk","variedad_c":"Hidase"},
{"codigo_paquetes":"package_enderta_breadwheat_112","variedad_a":"Mekelle 1","variedad_b":"Kingbird","variedad_c":"Danfe"},
{"codigo_paquetes":"package_enderta_breadwheat_113","variedad_a":"Mekelle 4","variedad_b":"0901CHO","variedad_c":"Lemu"},
{"codigo_paquetes":"package_enderta_breadwheat_114","variedad_a":"Mekelle 3","variedad_b":"Mekelle 2","variedad_c":"Shehan"},
{"codigo_paquetes":"package_enderta_breadwheat_115","variedad_a":"Gomad","variedad_b":"Mekelle 1","variedad_c":"Ogolcho"},
{"codigo_paquetes":"package_enderta_breadwheat_116","variedad_a":"Huluka","variedad_b":"Hidase","variedad_c":"Picafloor"},
{"codigo_paquetes":"package_enderta_breadwheat_117","variedad_a":"Kingbird","variedad_b":"Huluka","variedad_c":"0901CHO"},
{"codigo_paquetes":"package_enderta_breadwheat_118","variedad_a":"Lemu","variedad_b":"Buluk","variedad_c":"Mekelle 3"},
{"codigo_paquetes":"package_enderta_breadwheat_119","variedad_a":"Ogolcho","variedad_b":"Gomad","variedad_c":"Mekelle 2"},
{"codigo_paquetes":"package_enderta_breadwheat_120","variedad_a":"Shehan","variedad_b":"Danfe","variedad_c":"Mekelle 4"},
{"codigo_paquetes":"package_enderta_breadwheat_121","variedad_a":"Picafloor","variedad_b":"Mekelle 4","variedad_c":"Ogolcho"},
{"codigo_paquetes":"package_enderta_breadwheat_122","variedad_a":"Buluk","variedad_b":"Hidase","variedad_c":"Mekelle 1"},
{"codigo_paquetes":"package_enderta_breadwheat_123","variedad_a":"Danfe","variedad_b":"Gomad","variedad_c":"Kingbird"},
{"codigo_paquetes":"package_enderta_breadwheat_124","variedad_a":"Mekelle 3","variedad_b":"Lemu","variedad_c":"0901CHO"},
{"codigo_paquetes":"package_enderta_breadwheat_125","variedad_a":"Huluka","variedad_b":"Mekelle 2","variedad_c":"Shehan"},
{"codigo_paquetes":"package_enderta_breadwheat_126","variedad_a":"Mekelle 1","variedad_b":"Mekelle 3","variedad_c":"Gomad"},
{"codigo_paquetes":"package_enderta_breadwheat_127","variedad_a":"Hidase","variedad_b":"Danfe","variedad_c":"Picafloor"},
{"codigo_paquetes":"package_enderta_breadwheat_128","variedad_a":"Lemu","variedad_b":"Kingbird","variedad_c":"Huluka"},
{"codigo_paquetes":"package_enderta_breadwheat_129","variedad_a":"Mekelle 4","variedad_b":"0901CHO","variedad_c":"Buluk"},
{"codigo_paquetes":"package_enderta_breadwheat_130","variedad_a":"Mekelle 2","variedad_b":"Ogolcho","variedad_c":"Lemu"},
{"codigo_paquetes":"package_enderta_breadwheat_131","variedad_a":"Shehan","variedad_b":"Mekelle 1","variedad_c":"Mekelle 4"},
{"codigo_paquetes":"package_enderta_breadwheat_132","variedad_a":"Ogolcho","variedad_b":"Picafloor","variedad_c":"Hidase"},
{"codigo_paquetes":"package_enderta_breadwheat_133","variedad_a":"Gomad","variedad_b":"Buluk","variedad_c":"Danfe"},
{"codigo_paquetes":"package_enderta_breadwheat_134","variedad_a":"0901CHO","variedad_b":"Kingbird","variedad_c":"Mekelle 3"},
{"codigo_paquetes":"package_enderta_breadwheat_135","variedad_a":"Huluka","variedad_b":"Shehan","variedad_c":"Hidase"},
{"codigo_paquetes":"package_enderta_breadwheat_136","variedad_a":"Picafloor","variedad_b":"Mekelle 1","variedad_c":"Mekelle 2"},
{"codigo_paquetes":"package_enderta_breadwheat_137","variedad_a":"Buluk","variedad_b":"Mekelle 2","variedad_c":"Mekelle 3"},
{"codigo_paquetes":"package_enderta_breadwheat_138","variedad_a":"Danfe","variedad_b":"Huluka","variedad_c":"Gomad"},
{"codigo_paquetes":"package_enderta_breadwheat_139","variedad_a":"Ogolcho","variedad_b":"Shehan","variedad_c":"Kingbird"},
{"codigo_paquetes":"package_enderta_breadwheat_140","variedad_a":"Mekelle 1","variedad_b":"Lemu","variedad_c":"0901CHO"},
{"codigo_paquetes":"package_enderta_breadwheat_141","variedad_a":"Kingbird","variedad_b":"Mekelle 4","variedad_c":"Danfe"},
{"codigo_paquetes":"package_enderta_breadwheat_142","variedad_a":"Mekelle 4","variedad_b":"Ogolcho","variedad_c":"Lemu"},
{"codigo_paquetes":"package_enderta_breadwheat_143","variedad_a":"Hidase","variedad_b":"Gomad","variedad_c":"Picafloor"},
{"codigo_paquetes":"package_enderta_breadwheat_144","variedad_a":"Shehan","variedad_b":"Huluka","variedad_c":"Buluk"},
{"codigo_paquetes":"package_enderta_breadwheat_145","variedad_a":"Mekelle 3","variedad_b":"0901CHO","variedad_c":"Shehan"},
{"codigo_paquetes":"package_enderta_breadwheat_146","variedad_a":"Mekelle 2","variedad_b":"Hidase","variedad_c":"Kingbird"},
{"codigo_paquetes":"package_enderta_breadwheat_147","variedad_a":"Picafloor","variedad_b":"Mekelle 3","variedad_c":"Mekelle 1"},
{"codigo_paquetes":"package_enderta_breadwheat_148","variedad_a":"0901CHO","variedad_b":"Gomad","variedad_c":"Buluk"},
{"codigo_paquetes":"package_enderta_breadwheat_149","variedad_a":"Lemu","variedad_b":"Mekelle 4","variedad_c":"Mekelle 2"},
{"codigo_paquetes":"package_enderta_breadwheat_150","variedad_a":"Shehan","variedad_b":"Danfe","variedad_c":"Ogolcho"},
{"codigo_paquetes":"package_enderta_breadwheat_151","variedad_a":"Mekelle 1","variedad_b":"Lemu","variedad_c":"Huluka"},
{"codigo_paquetes":"package_enderta_breadwheat_152","variedad_a":"Kingbird","variedad_b":"Mekelle 3","variedad_c":"Mekelle 4"},
{"codigo_paquetes":"package_enderta_breadwheat_153","variedad_a":"Danfe","variedad_b":"Hidase","variedad_c":"Ogolcho"},
{"codigo_paquetes":"package_enderta_breadwheat_154","variedad_a":"Gomad","variedad_b":"Picafloor","variedad_c":"Mekelle 2"},
{"codigo_paquetes":"package_enderta_breadwheat_155","variedad_a":"Huluka","variedad_b":"Danfe","variedad_c":"0901CHO"},
{"codigo_paquetes":"package_enderta_breadwheat_156","variedad_a":"Buluk","variedad_b":"Shehan","variedad_c":"Gomad"},
{"codigo_paquetes":"package_enderta_breadwheat_157","variedad_a":"Hidase","variedad_b":"Mekelle 4","variedad_c":"Kingbird"},
{"codigo_paquetes":"package_enderta_breadwheat_158","variedad_a":"Lemu","variedad_b":"Buluk","variedad_c":"Picafloor"},
{"codigo_paquetes":"package_enderta_breadwheat_159","variedad_a":"Mekelle 2","variedad_b":"Huluka","variedad_c":"Mekelle 1"},
{"codigo_paquetes":"package_enderta_breadwheat_160","variedad_a":"Mekelle 4","variedad_b":"Ogolcho","variedad_c":"Mekelle 3"},
{"codigo_paquetes":"package_enderta_breadwheat_161","variedad_a":"Ogolcho","variedad_b":"0901CHO","variedad_c":"Gomad"},
{"codigo_paquetes":"package_enderta_breadwheat_162","variedad_a":"Kingbird","variedad_b":"Mekelle 2","variedad_c":"Shehan"},
{"codigo_paquetes":"package_enderta_breadwheat_163","variedad_a":"Mekelle 3","variedad_b":"Hidase","variedad_c":"Lemu"},
{"codigo_paquetes":"package_enderta_breadwheat_164","variedad_a":"0901CHO","variedad_b":"Mekelle 1","variedad_c":"Buluk"},
{"codigo_paquetes":"package_enderta_breadwheat_165","variedad_a":"Picafloor","variedad_b":"Kingbird","variedad_c":"Huluka"},
{"codigo_paquetes":"package_enderta_breadwheat_166","variedad_a":"Mekelle 2","variedad_b":"Mekelle 3","variedad_c":"Danfe"},
{"codigo_paquetes":"package_enderta_breadwheat_167","variedad_a":"Gomad","variedad_b":"Shehan","variedad_c":"Hidase"},
{"codigo_paquetes":"package_enderta_breadwheat_168","variedad_a":"Buluk","variedad_b":"Huluka","variedad_c":"Mekelle 4"},
{"codigo_paquetes":"package_enderta_breadwheat_169","variedad_a":"Danfe","variedad_b":"Ogolcho","variedad_c":"Mekelle 1"},
{"codigo_paquetes":"package_enderta_breadwheat_170","variedad_a":"Lemu","variedad_b":"Picafloor","variedad_c":"Mekelle 2"},
{"codigo_paquetes":"package_enderta_breadwheat_171","variedad_a":"Huluka","variedad_b":"0901CHO","variedad_c":"Shehan"},
{"codigo_paquetes":"package_enderta_breadwheat_172","variedad_a":"Gomad","variedad_b":"Buluk","variedad_c":"Ogolcho"},
{"codigo_paquetes":"package_enderta_breadwheat_173","variedad_a":"Mekelle 1","variedad_b":"Mekelle 4","variedad_c":"Kingbird"},
{"codigo_paquetes":"package_enderta_breadwheat_174","variedad_a":"Hidase","variedad_b":"Lemu","variedad_c":"0901CHO"},
{"codigo_paquetes":"package_enderta_breadwheat_175","variedad_a":"Shehan","variedad_b":"Picafloor","variedad_c":"Mekelle 3"},
{"codigo_paquetes":"package_enderta_breadwheat_176","variedad_a":"0901CHO","variedad_b":"Mekelle 1","variedad_c":"Danfe"},
{"codigo_paquetes":"package_enderta_breadwheat_177","variedad_a":"Mekelle 3","variedad_b":"Mekelle 2","variedad_c":"Mekelle 4"},
{"codigo_paquetes":"package_enderta_breadwheat_178","variedad_a":"Huluka","variedad_b":"Gomad","variedad_c":"Hidase"},
{"codigo_paquetes":"package_enderta_breadwheat_179","variedad_a":"Buluk","variedad_b":"Danfe","variedad_c":"Picafloor"},
{"codigo_paquetes":"package_enderta_breadwheat_180","variedad_a":"Ogolcho","variedad_b":"Kingbird","variedad_c":"Lemu"},
{"codigo_paquetes":"package_enderta_breadwheat_181","variedad_a":"Hidase","variedad_b":"Mekelle 1","variedad_c":"Mekelle 2"},
{"codigo_paquetes":"package_enderta_breadwheat_182","variedad_a":"Mekelle 4","variedad_b":"Shehan","variedad_c":"Huluka"},
{"codigo_paquetes":"package_enderta_breadwheat_183","variedad_a":"Kingbird","variedad_b":"Gomad","variedad_c":"Buluk"},
{"codigo_paquetes":"package_enderta_breadwheat_184","variedad_a":"Ogolcho","variedad_b":"Lemu","variedad_c":"0901CHO"},
{"codigo_paquetes":"package_enderta_breadwheat_185","variedad_a":"Danfe","variedad_b":"Huluka","variedad_c":"Mekelle 3"},
{"codigo_paquetes":"package_enderta_breadwheat_186","variedad_a":"Picafloor","variedad_b":"Mekelle 4","variedad_c":"Kingbird"},
{"codigo_paquetes":"package_enderta_breadwheat_187","variedad_a":"Lemu","variedad_b":"Mekelle 2","variedad_c":"Shehan"},
{"codigo_paquetes":"package_enderta_breadwheat_188","variedad_a":"0901CHO","variedad_b":"Danfe","variedad_c":"Gomad"},
{"codigo_paquetes":"package_enderta_breadwheat_189","variedad_a":"Buluk","variedad_b":"Hidase","variedad_c":"Ogolcho"},
{"codigo_paquetes":"package_enderta_breadwheat_190","variedad_a":"Mekelle 3","variedad_b":"Kingbird","variedad_c":"Mekelle 1"},
{"codigo_paquetes":"package_enderta_breadwheat_191","variedad_a":"Mekelle 2","variedad_b":"Picafloor","variedad_c":"Huluka"},
{"codigo_paquetes":"package_enderta_breadwheat_192","variedad_a":"Mekelle 1","variedad_b":"Gomad","variedad_c":"Hidase"},
{"codigo_paquetes":"package_enderta_breadwheat_193","variedad_a":"Mekelle 4","variedad_b":"Shehan","variedad_c":"Picafloor"},
{"codigo_paquetes":"package_enderta_breadwheat_194","variedad_a":"Ogolcho","variedad_b":"Buluk","variedad_c":"Danfe"},
{"codigo_paquetes":"package_enderta_breadwheat_195","variedad_a":"Kingbird","variedad_b":"Mekelle 3","variedad_c":"Lemu"},
{"codigo_paquetes":"package_enderta_breadwheat_196","variedad_a":"Hidase","variedad_b":"0901CHO","variedad_c":"Mekelle 2"},
{"codigo_paquetes":"package_enderta_breadwheat_197","variedad_a":"Huluka","variedad_b":"Mekelle 3","variedad_c":"Mekelle 4"},
{"codigo_paquetes":"package_enderta_breadwheat_198","variedad_a":"Gomad","variedad_b":"Danfe","variedad_c":"Lemu"},
{"codigo_paquetes":"package_enderta_breadwheat_199","variedad_a":"Shehan","variedad_b":"Picafloor","variedad_c":"Mekelle 1"},
{"codigo_paquetes":"package_enderta_breadwheat_200","variedad_a":"0901CHO","variedad_b":"Ogolcho","variedad_c":"Buluk"}
]
