[
{"codigo_paquetes":"package_2017_amh_achefer_fingermillet_001","variedad_a":"Axum","variedad_b":"Dekie","variedad_c":"Necho"},
{"codigo_paquetes":"package_2017_amh_achefer_fingermillet_002","variedad_a":"Baruda","variedad_b":"Tadese","variedad_c":"Axum"},
{"codigo_paquetes":"package_2017_amh_achefer_fingermillet_003","variedad_a":"Mecha","variedad_b":"Necho","variedad_c":"Baruda"},
{"codigo_paquetes":"package_2017_amh_achefer_fingermillet_004","variedad_a":"Tadese","variedad_b":"Dibate","variedad_c":"Dekie"},
{"codigo_paquetes":"package_2017_amh_achefer_fingermillet_005","variedad_a":"Dibate","variedad_b":"Axum","variedad_c":"Degu"},
{"codigo_paquetes":"package_2017_amh_achefer_fingermillet_006","variedad_a":"Degu","variedad_b":"Baruda","variedad_c":"Dibate"},
{"codigo_paquetes":"package_2017_amh_achefer_fingermillet_007","variedad_a":"Necho","variedad_b":"Padet","variedad_c":"Tadese"},
{"codigo_paquetes":"package_2017_amh_achefer_fingermillet_008","variedad_a":"Dekie","variedad_b":"Tesema","variedad_c":"Padet"},
{"codigo_paquetes":"package_2017_amh_achefer_fingermillet_009","variedad_a":"Tesema","variedad_b":"Mecha","variedad_c":"Baruda"},
{"codigo_paquetes":"package_2017_amh_achefer_fingermillet_010","variedad_a":"Padet","variedad_b":"Degu","variedad_c":"Baruda"},
{"codigo_paquetes":"package_2017_amh_achefer_fingermillet_011","variedad_a":"Degu","variedad_b":"Necho","variedad_c":"Mecha"},
{"codigo_paquetes":"package_2017_amh_achefer_fingermillet_012","variedad_a":"Dekie","variedad_b":"Tadese","variedad_c":"Dibate"},
{"codigo_paquetes":"package_2017_amh_achefer_fingermillet_013","variedad_a":"Tadese","variedad_b":"Padet","variedad_c":"Dekie"},
{"codigo_paquetes":"package_2017_amh_achefer_fingermillet_014","variedad_a":"Mecha","variedad_b":"Dibate","variedad_c":"Baruda"},
{"codigo_paquetes":"package_2017_amh_achefer_fingermillet_015","variedad_a":"Dibate","variedad_b":"Tesema","variedad_c":"Tadese"},
{"codigo_paquetes":"package_2017_amh_achefer_fingermillet_016","variedad_a":"Necho","variedad_b":"Mecha","variedad_c":"Degu"},
{"codigo_paquetes":"package_2017_amh_achefer_fingermillet_017","variedad_a":"Axum","variedad_b":"Degu","variedad_c":"Tesema"},
{"codigo_paquetes":"package_2017_amh_achefer_fingermillet_018","variedad_a":"Padet","variedad_b":"Baruda","variedad_c":"Axum"},
{"codigo_paquetes":"package_2017_amh_achefer_fingermillet_019","variedad_a":"Baruda","variedad_b":"Dekie","variedad_c":"Padet"},
{"codigo_paquetes":"package_2017_amh_achefer_fingermillet_020","variedad_a":"Tesema","variedad_b":"Axum","variedad_c":"Tadese"},
{"codigo_paquetes":"package_2017_amh_achefer_fingermillet_021","variedad_a":"Axum","variedad_b":"Tadese","variedad_c":"Degu"},
{"codigo_paquetes":"package_2017_amh_achefer_fingermillet_022","variedad_a":"Dekie","variedad_b":"Padet","variedad_c":"Tadese"},
{"codigo_paquetes":"package_2017_amh_achefer_fingermillet_023","variedad_a":"Tadese","variedad_b":"Degu","variedad_c":"Padet"},
{"codigo_paquetes":"package_2017_amh_achefer_fingermillet_024","variedad_a":"Dibate","variedad_b":"Dekie","variedad_c":"Mecha"},
{"codigo_paquetes":"package_2017_amh_achefer_fingermillet_025","variedad_a":"Tesema","variedad_b":"Baruda","variedad_c":"Dekie"},
{"codigo_paquetes":"package_2017_amh_achefer_fingermillet_026","variedad_a":"Degu","variedad_b":"Mecha","variedad_c":"Tesema"},
{"codigo_paquetes":"package_2017_amh_achefer_fingermillet_027","variedad_a":"Necho","variedad_b":"Tesema","variedad_c":"Degu"},
{"codigo_paquetes":"package_2017_amh_achefer_fingermillet_028","variedad_a":"Padet","variedad_b":"Dibate","variedad_c":"Baruda"},
{"codigo_paquetes":"package_2017_amh_achefer_fingermillet_029","variedad_a":"Baruda","variedad_b":"Dekie","variedad_c":"Padet"},
{"codigo_paquetes":"package_2017_amh_achefer_fingermillet_030","variedad_a":"Dibate","variedad_b":"Axum","variedad_c":"Necho"},
{"codigo_paquetes":"package_2017_amh_achefer_fingermillet_031","variedad_a":"Tesema","variedad_b":"Mecha","variedad_c":"Baruda"},
{"codigo_paquetes":"package_2017_amh_achefer_fingermillet_032","variedad_a":"Padet","variedad_b":"Degu","variedad_c":"Baruda"},
{"codigo_paquetes":"package_2017_amh_achefer_fingermillet_033","variedad_a":"Axum","variedad_b":"Tadese","variedad_c":"Degu"},
{"codigo_paquetes":"package_2017_amh_achefer_fingermillet_034","variedad_a":"Tadese","variedad_b":"Degu","variedad_c":"Padet"},
{"codigo_paquetes":"package_2017_amh_achefer_fingermillet_035","variedad_a":"Tadese","variedad_b":"Padet","variedad_c":"Dekie"},
{"codigo_paquetes":"package_2017_amh_achefer_fingermillet_036","variedad_a":"Tesema","variedad_b":"Baruda","variedad_c":"Dekie"},
{"codigo_paquetes":"package_2017_amh_achefer_fingermillet_037","variedad_a":"Tadese","variedad_b":"Baruda","variedad_c":"Padet"},
{"codigo_paquetes":"package_2017_amh_achefer_fingermillet_038","variedad_a":"Padet","variedad_b":"Dekie","variedad_c":"Mecha"},
{"codigo_paquetes":"package_2017_amh_achefer_fingermillet_039","variedad_a":"Mecha","variedad_b":"Degu","variedad_c":"Dekie"},
{"codigo_paquetes":"package_2017_amh_achefer_fingermillet_040","variedad_a":"Degu","variedad_b":"Padet","variedad_c":"Dekie"},
{"codigo_paquetes":"package_2017_amh_achefer_fingermillet_041","variedad_a":"Dibate","variedad_b":"Tesema","variedad_c":"Tadese"},
{"codigo_paquetes":"package_2017_amh_achefer_fingermillet_042","variedad_a":"Baruda","variedad_b":"Tadese","variedad_c":"Axum"},
{"codigo_paquetes":"package_2017_amh_achefer_fingermillet_043","variedad_a":"Axum","variedad_b":"Degu","variedad_c":"Tesema"},
{"codigo_paquetes":"package_2017_amh_achefer_fingermillet_044","variedad_a":"Tadese","variedad_b":"Dibate","variedad_c":"Dekie"},
{"codigo_paquetes":"package_2017_amh_achefer_fingermillet_045","variedad_a":"Dibate","variedad_b":"Axum","variedad_c":"Necho"},
{"codigo_paquetes":"package_2017_amh_achefer_fingermillet_046","variedad_a":"Mecha","variedad_b":"Dibate","variedad_c":"Axum"},
{"codigo_paquetes":"package_2017_amh_achefer_fingermillet_047","variedad_a":"Necho","variedad_b":"Axum","variedad_c":"Baruda"},
{"codigo_paquetes":"package_2017_amh_achefer_fingermillet_048","variedad_a":"Dekie","variedad_b":"Tesema","variedad_c":"Padet"},
{"codigo_paquetes":"package_2017_amh_achefer_fingermillet_049","variedad_a":"Mecha","variedad_b":"Dibate","variedad_c":"Baruda"},
{"codigo_paquetes":"package_2017_amh_achefer_fingermillet_050","variedad_a":"Necho","variedad_b":"Mecha","variedad_c":"Degu"},
{"codigo_paquetes":"package_2017_amh_achefer_fingermillet_051","variedad_a":"Degu","variedad_b":"Necho","variedad_c":"Mecha"},
{"codigo_paquetes":"package_2017_amh_achefer_fingermillet_052","variedad_a":"Baruda","variedad_b":"Mecha","variedad_c":"Tesema"},
{"codigo_paquetes":"package_2017_amh_achefer_fingermillet_053","variedad_a":"Dekie","variedad_b":"Necho","variedad_c":"Tadese"},
{"codigo_paquetes":"package_2017_amh_achefer_fingermillet_054","variedad_a":"Degu","variedad_b":"Tesema","variedad_c":"Axum"},
{"codigo_paquetes":"package_2017_amh_achefer_fingermillet_055","variedad_a":"Padet","variedad_b":"Dekie","variedad_c":"Necho"},
{"codigo_paquetes":"package_2017_amh_achefer_fingermillet_056","variedad_a":"Necho","variedad_b":"Axum","variedad_c":"Baruda"},
{"codigo_paquetes":"package_2017_amh_achefer_fingermillet_057","variedad_a":"Mecha","variedad_b":"Necho","variedad_c":"Baruda"},
{"codigo_paquetes":"package_2017_amh_achefer_fingermillet_058","variedad_a":"Padet","variedad_b":"Baruda","variedad_c":"Necho"},
{"codigo_paquetes":"package_2017_amh_achefer_fingermillet_059","variedad_a":"Baruda","variedad_b":"Tadese","variedad_c":"Axum"},
{"codigo_paquetes":"package_2017_amh_achefer_fingermillet_060","variedad_a":"Tesema","variedad_b":"Axum","variedad_c":"Tadese"},
{"codigo_paquetes":"package_2017_amh_achefer_fingermillet_061","variedad_a":"Tesema","variedad_b":"Tadese","variedad_c":"Baruda"},
{"codigo_paquetes":"package_2017_amh_achefer_fingermillet_062","variedad_a":"Dekie","variedad_b":"Padet","variedad_c":"Tadese"},
{"codigo_paquetes":"package_2017_amh_achefer_fingermillet_063","variedad_a":"Dekie","variedad_b":"Tadese","variedad_c":"Dibate"},
{"codigo_paquetes":"package_2017_amh_achefer_fingermillet_064","variedad_a":"Dibate","variedad_b":"Dekie","variedad_c":"Mecha"},
{"codigo_paquetes":"package_2017_amh_achefer_fingermillet_065","variedad_a":"Axum","variedad_b":"Tesema","variedad_c":"Dibate"},
{"codigo_paquetes":"package_2017_amh_achefer_fingermillet_066","variedad_a":"Dekie","variedad_b":"Mecha","variedad_c":"Degu"},
{"codigo_paquetes":"package_2017_amh_achefer_fingermillet_067","variedad_a":"Necho","variedad_b":"Tesema","variedad_c":"Dibate"},
{"codigo_paquetes":"package_2017_amh_achefer_fingermillet_068","variedad_a":"Padet","variedad_b":"Dibate","variedad_c":"Baruda"},
{"codigo_paquetes":"package_2017_amh_achefer_fingermillet_069","variedad_a":"Baruda","variedad_b":"Necho","variedad_c":"Mecha"},
{"codigo_paquetes":"package_2017_amh_achefer_fingermillet_070","variedad_a":"Dibate","variedad_b":"Axum","variedad_c":"Degu"},
{"codigo_paquetes":"package_2017_amh_achefer_fingermillet_071","variedad_a":"Degu","variedad_b":"Baruda","variedad_c":"Dibate"},
{"codigo_paquetes":"package_2017_amh_achefer_fingermillet_072","variedad_a":"Necho","variedad_b":"Dibate","variedad_c":"Axum"},
{"codigo_paquetes":"package_2017_amh_achefer_fingermillet_073","variedad_a":"Tesema","variedad_b":"Tadese","variedad_c":"Baruda"},
{"codigo_paquetes":"package_2017_amh_achefer_fingermillet_074","variedad_a":"Baruda","variedad_b":"Mecha","variedad_c":"Tesema"},
{"codigo_paquetes":"package_2017_amh_achefer_fingermillet_075","variedad_a":"Dekie","variedad_b":"Necho","variedad_c":"Tadese"},
{"codigo_paquetes":"package_2017_amh_achefer_fingermillet_076","variedad_a":"Axum","variedad_b":"Tesema","variedad_c":"Dibate"},
{"codigo_paquetes":"package_2017_amh_achefer_fingermillet_077","variedad_a":"Tadese","variedad_b":"Baruda","variedad_c":"Padet"},
{"codigo_paquetes":"package_2017_amh_achefer_fingermillet_078","variedad_a":"Padet","variedad_b":"Dekie","variedad_c":"Mecha"},
{"codigo_paquetes":"package_2017_amh_achefer_fingermillet_079","variedad_a":"Mecha","variedad_b":"Degu","variedad_c":"Dibate"},
{"codigo_paquetes":"package_2017_amh_achefer_fingermillet_080","variedad_a":"Degu","variedad_b":"Padet","variedad_c":"Dekie"},
{"codigo_paquetes":"package_2017_amh_achefer_fingermillet_081","variedad_a":"Axum","variedad_b":"Dekie","variedad_c":"Necho"},
{"codigo_paquetes":"package_2017_amh_achefer_fingermillet_082","variedad_a":"Baruda","variedad_b":"Tadese","variedad_c":"Axum"},
{"codigo_paquetes":"package_2017_amh_achefer_fingermillet_083","variedad_a":"Mecha","variedad_b":"Necho","variedad_c":"Baruda"},
{"codigo_paquetes":"package_2017_amh_achefer_fingermillet_084","variedad_a":"Tadese","variedad_b":"Dibate","variedad_c":"Dekie"},
{"codigo_paquetes":"package_2017_amh_achefer_fingermillet_085","variedad_a":"Dibate","variedad_b":"Axum","variedad_c":"Degu"},
{"codigo_paquetes":"package_2017_amh_achefer_fingermillet_086","variedad_a":"Degu","variedad_b":"Necho","variedad_c":"Axum"},
{"codigo_paquetes":"package_2017_amh_achefer_fingermillet_087","variedad_a":"Necho","variedad_b":"Padet","variedad_c":"Tesema"},
{"codigo_paquetes":"package_2017_amh_achefer_fingermillet_088","variedad_a":"Dekie","variedad_b":"Tesema","variedad_c":"Padet"},
{"codigo_paquetes":"package_2017_amh_achefer_fingermillet_089","variedad_a":"Tesema","variedad_b":"Mecha","variedad_c":"Baruda"},
{"codigo_paquetes":"package_2017_amh_achefer_fingermillet_090","variedad_a":"Padet","variedad_b":"Degu","variedad_c":"Baruda"},
{"codigo_paquetes":"package_2017_amh_achefer_fingermillet_091","variedad_a":"Degu","variedad_b":"Necho","variedad_c":"Mecha"},
{"codigo_paquetes":"package_2017_amh_achefer_fingermillet_092","variedad_a":"Dekie","variedad_b":"Dibate","variedad_c":"Tesema"},
{"codigo_paquetes":"package_2017_amh_achefer_fingermillet_093","variedad_a":"Tadese","variedad_b":"Padet","variedad_c":"Dekie"},
{"codigo_paquetes":"package_2017_amh_achefer_fingermillet_094","variedad_a":"Mecha","variedad_b":"Dibate","variedad_c":"Baruda"},
{"codigo_paquetes":"package_2017_amh_achefer_fingermillet_095","variedad_a":"Dibate","variedad_b":"Tesema","variedad_c":"Tadese"},
{"codigo_paquetes":"package_2017_amh_achefer_fingermillet_096","variedad_a":"Necho","variedad_b":"Mecha","variedad_c":"Baruda"},
{"codigo_paquetes":"package_2017_amh_achefer_fingermillet_097","variedad_a":"Axum","variedad_b":"Degu","variedad_c":"Tesema"},
{"codigo_paquetes":"package_2017_amh_achefer_fingermillet_098","variedad_a":"Padet","variedad_b":"Baruda","variedad_c":"Necho"},
{"codigo_paquetes":"package_2017_amh_achefer_fingermillet_099","variedad_a":"Baruda","variedad_b":"Dekie","variedad_c":"Padet"},
{"codigo_paquetes":"package_2017_amh_achefer_fingermillet_100","variedad_a":"Tesema","variedad_b":"Axum","variedad_c":"Degu"},
{"codigo_paquetes":"package_2017_amh_achefer_fingermillet_101","variedad_a":"Mecha","variedad_b":"Necho","variedad_c":"Dibate"},
{"codigo_paquetes":"package_2017_amh_achefer_fingermillet_102","variedad_a":"Tadese","variedad_b":"Dibate","variedad_c":"Dekie"},
{"codigo_paquetes":"package_2017_amh_achefer_fingermillet_103","variedad_a":"Tadese","variedad_b":"Degu","variedad_c":"Padet"},
{"codigo_paquetes":"package_2017_amh_achefer_fingermillet_104","variedad_a":"Dibate","variedad_b":"Dekie","variedad_c":"Mecha"},
{"codigo_paquetes":"package_2017_amh_achefer_fingermillet_105","variedad_a":"Dekie","variedad_b":"Necho","variedad_c":"Tadese"},
{"codigo_paquetes":"package_2017_amh_achefer_fingermillet_106","variedad_a":"Degu","variedad_b":"Mecha","variedad_c":"Tesema"},
{"codigo_paquetes":"package_2017_amh_achefer_fingermillet_107","variedad_a":"Necho","variedad_b":"Tesema","variedad_c":"Dibate"},
{"codigo_paquetes":"package_2017_amh_achefer_fingermillet_108","variedad_a":"Mecha","variedad_b":"Dibate","variedad_c":"Dekie"},
{"codigo_paquetes":"package_2017_amh_achefer_fingermillet_109","variedad_a":"Dibate","variedad_b":"Tesema","variedad_c":"Tadese"},
{"codigo_paquetes":"package_2017_amh_achefer_fingermillet_110","variedad_a":"Dibate","variedad_b":"Axum","variedad_c":"Necho"},
{"codigo_paquetes":"package_2017_amh_achefer_fingermillet_111","variedad_a":"Dibate","variedad_b":"Axum","variedad_c":"Degu"},
{"codigo_paquetes":"package_2017_amh_achefer_fingermillet_112","variedad_a":"Necho","variedad_b":"Axum","variedad_c":"Baruda"},
{"codigo_paquetes":"package_2017_amh_achefer_fingermillet_113","variedad_a":"Tesema","variedad_b":"Tadese","variedad_c":"Baruda"},
{"codigo_paquetes":"package_2017_amh_achefer_fingermillet_114","variedad_a":"Baruda","variedad_b":"Mecha","variedad_c":"Tesema"},
{"codigo_paquetes":"package_2017_amh_achefer_fingermillet_115","variedad_a":"Axum","variedad_b":"Tesema","variedad_c":"Dibate"},
{"codigo_paquetes":"package_2017_amh_achefer_fingermillet_116","variedad_a":"Axum","variedad_b":"Tesema","variedad_c":"Dibate"},
{"codigo_paquetes":"package_2017_amh_achefer_fingermillet_117","variedad_a":"Tadese","variedad_b":"Baruda","variedad_c":"Padet"},
{"codigo_paquetes":"package_2017_amh_achefer_fingermillet_118","variedad_a":"Padet","variedad_b":"Dekie","variedad_c":"Mecha"},
{"codigo_paquetes":"package_2017_amh_achefer_fingermillet_119","variedad_a":"Dibate","variedad_b":"Axum","variedad_c":"Degu"},
{"codigo_paquetes":"package_2017_amh_achefer_fingermillet_120","variedad_a":"Degu","variedad_b":"Padet","variedad_c":"Dekie"},
{"codigo_paquetes":"package_2017_amh_achefer_fingermillet_121","variedad_a":"Tadese","variedad_b":"Padet","variedad_c":"Dekie"},
{"codigo_paquetes":"package_2017_amh_achefer_fingermillet_122","variedad_a":"Dibate","variedad_b":"Tadese","variedad_c":"Axum"},
{"codigo_paquetes":"package_2017_amh_achefer_fingermillet_123","variedad_a":"Mecha","variedad_b":"Necho","variedad_c":"Padet"},
{"codigo_paquetes":"package_2017_amh_achefer_fingermillet_124","variedad_a":"Tadese","variedad_b":"Dibate","variedad_c":"Dekie"},
{"codigo_paquetes":"package_2017_amh_achefer_fingermillet_125","variedad_a":"Dibate","variedad_b":"Axum","variedad_c":"Degu"},
{"codigo_paquetes":"package_2017_amh_achefer_fingermillet_126","variedad_a":"Degu","variedad_b":"Baruda","variedad_c":"Dibate"},
{"codigo_paquetes":"package_2017_amh_achefer_fingermillet_127","variedad_a":"Necho","variedad_b":"Padet","variedad_c":"Tadese"},
{"codigo_paquetes":"package_2017_amh_achefer_fingermillet_128","variedad_a":"Dekie","variedad_b":"Tesema","variedad_c":"Padet"},
{"codigo_paquetes":"package_2017_amh_achefer_fingermillet_129","variedad_a":"Tesema","variedad_b":"Mecha","variedad_c":"Baruda"},
{"codigo_paquetes":"package_2017_amh_achefer_fingermillet_130","variedad_a":"Padet","variedad_b":"Degu","variedad_c":"Baruda"},
{"codigo_paquetes":"package_2017_amh_achefer_fingermillet_131","variedad_a":"Degu","variedad_b":"Padet","variedad_c":"Dekie"},
{"codigo_paquetes":"package_2017_amh_achefer_fingermillet_132","variedad_a":"Dekie","variedad_b":"Tadese","variedad_c":"Dibate"},
{"codigo_paquetes":"package_2017_amh_achefer_fingermillet_133","variedad_a":"Tadese","variedad_b":"Padet","variedad_c":"Dekie"},
{"codigo_paquetes":"package_2017_amh_achefer_fingermillet_134","variedad_a":"Mecha","variedad_b":"Dibate","variedad_c":"Baruda"},
{"codigo_paquetes":"package_2017_amh_achefer_fingermillet_135","variedad_a":"Dibate","variedad_b":"Tesema","variedad_c":"Tadese"},
{"codigo_paquetes":"package_2017_amh_achefer_fingermillet_136","variedad_a":"Necho","variedad_b":"Mecha","variedad_c":"Degu"},
{"codigo_paquetes":"package_2017_amh_achefer_fingermillet_137","variedad_a":"Axum","variedad_b":"Degu","variedad_c":"Tesema"},
{"codigo_paquetes":"package_2017_amh_achefer_fingermillet_138","variedad_a":"Padet","variedad_b":"Baruda","variedad_c":"Necho"},
{"codigo_paquetes":"package_2017_amh_achefer_fingermillet_139","variedad_a":"Baruda","variedad_b":"Dekie","variedad_c":"Padet"},
{"codigo_paquetes":"package_2017_amh_achefer_fingermillet_140","variedad_a":"Tesema","variedad_b":"Axum","variedad_c":"Tadese"},
{"codigo_paquetes":"package_2017_amh_achefer_fingermillet_141","variedad_a":"Padet","variedad_b":"Dekie","variedad_c":"Mecha"},
{"codigo_paquetes":"package_2017_amh_achefer_fingermillet_142","variedad_a":"Dekie","variedad_b":"Padet","variedad_c":"Tadese"},
{"codigo_paquetes":"package_2017_amh_achefer_fingermillet_143","variedad_a":"Tadese","variedad_b":"Degu","variedad_c":"Padet"},
{"codigo_paquetes":"package_2017_amh_achefer_fingermillet_144","variedad_a":"Dibate","variedad_b":"Dekie","variedad_c":"Mecha"},
{"codigo_paquetes":"package_2017_amh_achefer_fingermillet_145","variedad_a":"Necho","variedad_b":"Mecha","variedad_c":"Axum"},
{"codigo_paquetes":"package_2017_amh_achefer_fingermillet_146","variedad_a":"Degu","variedad_b":"Mecha","variedad_c":"Tesema"},
{"codigo_paquetes":"package_2017_amh_achefer_fingermillet_147","variedad_a":"Necho","variedad_b":"Tesema","variedad_c":"Dibate"},
{"codigo_paquetes":"package_2017_amh_achefer_fingermillet_148","variedad_a":"Padet","variedad_b":"Dibate","variedad_c":"Baruda"},
{"codigo_paquetes":"package_2017_amh_achefer_fingermillet_149","variedad_a":"Baruda","variedad_b":"Necho","variedad_c":"Axum"},
{"codigo_paquetes":"package_2017_amh_achefer_fingermillet_150","variedad_a":"Dibate","variedad_b":"Axum","variedad_c":"Necho"},
{"codigo_paquetes":"package_2017_amh_achefer_fingermillet_151","variedad_a":"Mecha","variedad_b":"Dibate","variedad_c":"Axum"},
{"codigo_paquetes":"package_2017_amh_achefer_fingermillet_152","variedad_a":"Necho","variedad_b":"Axum","variedad_c":"Dekie"},
{"codigo_paquetes":"package_2017_amh_achefer_fingermillet_153","variedad_a":"Tesema","variedad_b":"Tadese","variedad_c":"Baruda"},
{"codigo_paquetes":"package_2017_amh_achefer_fingermillet_154","variedad_a":"Baruda","variedad_b":"Mecha","variedad_c":"Tesema"},
{"codigo_paquetes":"package_2017_amh_achefer_fingermillet_155","variedad_a":"Tesema","variedad_b":"Baruda","variedad_c":"Dekie"},
{"codigo_paquetes":"package_2017_amh_achefer_fingermillet_156","variedad_a":"Dekie","variedad_b":"Necho","variedad_c":"Tadese"},
{"codigo_paquetes":"package_2017_amh_achefer_fingermillet_157","variedad_a":"Tadese","variedad_b":"Baruda","variedad_c":"Padet"},
{"codigo_paquetes":"package_2017_amh_achefer_fingermillet_158","variedad_a":"Axum","variedad_b":"Tadese","variedad_c":"Degu"},
{"codigo_paquetes":"package_2017_amh_achefer_fingermillet_159","variedad_a":"Mecha","variedad_b":"Degu","variedad_c":"Dekie"},
{"codigo_paquetes":"package_2017_amh_achefer_fingermillet_160","variedad_a":"Degu","variedad_b":"Necho","variedad_c":"Mecha"},
{"codigo_paquetes":"package_2017_amh_achefer_fingermillet_161","variedad_a":"Axum","variedad_b":"Dekie","variedad_c":"Necho"},
{"codigo_paquetes":"package_2017_amh_achefer_fingermillet_162","variedad_a":"Baruda","variedad_b":"Tadese","variedad_c":"Axum"},
{"codigo_paquetes":"package_2017_amh_achefer_fingermillet_163","variedad_a":"Axum","variedad_b":"Tadese","variedad_c":"Degu"},
{"codigo_paquetes":"package_2017_amh_achefer_fingermillet_164","variedad_a":"Dekie","variedad_b":"Padet","variedad_c":"Tadese"},
{"codigo_paquetes":"package_2017_amh_achefer_fingermillet_165","variedad_a":"Mecha","variedad_b":"Degu","variedad_c":"Dekie"},
{"codigo_paquetes":"package_2017_amh_achefer_fingermillet_166","variedad_a":"Degu","variedad_b":"Baruda","variedad_c":"Dibate"},
{"codigo_paquetes":"package_2017_amh_achefer_fingermillet_167","variedad_a":"Necho","variedad_b":"Padet","variedad_c":"Tadese"},
{"codigo_paquetes":"package_2017_amh_achefer_fingermillet_168","variedad_a":"Dekie","variedad_b":"Tesema","variedad_c":"Padet"},
{"codigo_paquetes":"package_2017_amh_achefer_fingermillet_169","variedad_a":"Tesema","variedad_b":"Mecha","variedad_c":"Baruda"},
{"codigo_paquetes":"package_2017_amh_achefer_fingermillet_170","variedad_a":"Padet","variedad_b":"Degu","variedad_c":"Dibate"},
{"codigo_paquetes":"package_2017_amh_achefer_fingermillet_171","variedad_a":"Degu","variedad_b":"Necho","variedad_c":"Mecha"},
{"codigo_paquetes":"package_2017_amh_achefer_fingermillet_172","variedad_a":"Dekie","variedad_b":"Tadese","variedad_c":"Dibate"},
{"codigo_paquetes":"package_2017_amh_achefer_fingermillet_173","variedad_a":"Axum","variedad_b":"Dekie","variedad_c":"Necho"},
{"codigo_paquetes":"package_2017_amh_achefer_fingermillet_174","variedad_a":"Padet","variedad_b":"Dibate","variedad_c":"Baruda"},
{"codigo_paquetes":"package_2017_amh_achefer_fingermillet_175","variedad_a":"Degu","variedad_b":"Necho","variedad_c":"Axum"},
{"codigo_paquetes":"package_2017_amh_achefer_fingermillet_176","variedad_a":"Tesema","variedad_b":"Baruda","variedad_c":"Dekie"},
{"codigo_paquetes":"package_2017_amh_achefer_fingermillet_177","variedad_a":"Axum","variedad_b":"Degu","variedad_c":"Tesema"},
{"codigo_paquetes":"package_2017_amh_achefer_fingermillet_178","variedad_a":"Padet","variedad_b":"Baruda","variedad_c":"Necho"},
{"codigo_paquetes":"package_2017_amh_achefer_fingermillet_179","variedad_a":"Necho","variedad_b":"Dekie","variedad_c":"Padet"},
{"codigo_paquetes":"package_2017_amh_achefer_fingermillet_180","variedad_a":"Tesema","variedad_b":"Axum","variedad_c":"Tadese"},
{"codigo_paquetes":"package_2017_amh_achefer_fingermillet_181","variedad_a":"Axum","variedad_b":"Tadese","variedad_c":"Degu"},
{"codigo_paquetes":"package_2017_amh_achefer_fingermillet_182","variedad_a":"Degu","variedad_b":"Padet","variedad_c":"Tadese"},
{"codigo_paquetes":"package_2017_amh_achefer_fingermillet_183","variedad_a":"Tadese","variedad_b":"Degu","variedad_c":"Padet"},
{"codigo_paquetes":"package_2017_amh_achefer_fingermillet_184","variedad_a":"Tesema","variedad_b":"Necho","variedad_c":"Dekie"},
{"codigo_paquetes":"package_2017_amh_achefer_fingermillet_185","variedad_a":"Degu","variedad_b":"Padet","variedad_c":"Tesema"},
{"codigo_paquetes":"package_2017_amh_achefer_fingermillet_186","variedad_a":"Necho","variedad_b":"Tesema","variedad_c":"Dibate"},
{"codigo_paquetes":"package_2017_amh_achefer_fingermillet_187","variedad_a":"Padet","variedad_b":"Dibate","variedad_c":"Dekie"},
{"codigo_paquetes":"package_2017_amh_achefer_fingermillet_188","variedad_a":"Baruda","variedad_b":"Necho","variedad_c":"Axum"},
{"codigo_paquetes":"package_2017_amh_achefer_fingermillet_189","variedad_a":"Dibate","variedad_b":"Axum","variedad_c":"Necho"},
{"codigo_paquetes":"package_2017_amh_achefer_fingermillet_190","variedad_a":"Mecha","variedad_b":"Dibate","variedad_c":"Axum"},
{"codigo_paquetes":"package_2017_amh_achefer_fingermillet_191","variedad_a":"Necho","variedad_b":"Axum","variedad_c":"Tadese"},
{"codigo_paquetes":"package_2017_amh_achefer_fingermillet_192","variedad_a":"Degu","variedad_b":"Tesema","variedad_c":"Mecha"},
{"codigo_paquetes":"package_2017_amh_achefer_fingermillet_193","variedad_a":"Tadese","variedad_b":"Padet","variedad_c":"Tesema"},
{"codigo_paquetes":"package_2017_amh_achefer_fingermillet_194","variedad_a":"Degu","variedad_b":"Necho","variedad_c":"Tadese"},
{"codigo_paquetes":"package_2017_amh_achefer_fingermillet_195","variedad_a":"Axum","variedad_b":"Tesema","variedad_c":"Dibate"},
{"codigo_paquetes":"package_2017_amh_achefer_fingermillet_196","variedad_a":"Tadese","variedad_b":"Baruda","variedad_c":"Padet"},
{"codigo_paquetes":"package_2017_amh_achefer_fingermillet_197","variedad_a":"Padet","variedad_b":"Dekie","variedad_c":"Mecha"},
{"codigo_paquetes":"package_2017_amh_achefer_fingermillet_198","variedad_a":"Mecha","variedad_b":"Tesema","variedad_c":"Dekie"},
{"codigo_paquetes":"package_2017_amh_achefer_fingermillet_199","variedad_a":"Mecha","variedad_b":"Axum","variedad_c":"Tadese"},
{"codigo_paquetes":"package_2017_amh_achefer_fingermillet_200","variedad_a":"Degu","variedad_b":"Padet","variedad_c":"Dekie"}
]
