[
{"observadores":"sinde_chiro_1","name_user":null,"name_family":null,"village":null,"district":null,"telephone":null,"gender":null,"age":null,"location_longitude_seed_delivery_point":null,"location_latitude_seed_delivery_point":null,"location_altitude":null,"location_longitude":null,"location_latitude":null,"planting_date":null,"harvest_date":null,"fertilization":null,"soil_quality":null,"how_much_did_it_rain_during_the_crop_season":null,"how_was_the_rain":null,"was_the_crop_season_warmer_or_colder_than_usual":null,"weight_of_all_yield_of_the_variety_a_in_kg":null,"weight_of_all_yield_of_the_variety_b_in_kg":null,"weight_of_all_yield_of_the_variety_c_in_kg":null,"from_the_3_varieties_which_one_would_you_like_to_grow_again":null,"codigo_paquetes":null,"caracteristica_1":"Germination-(A/B/C)","best_variedad_1":null,"worst_variedad_1":null,"caracteristica_2":"Vigor-(A/B/C)","best_variedad_2":null,"worst_variedad_2":null,"caracteristica_3":"Faster_maturity-(A/B/C)","best_variedad_3":null,"worst_variedad_3":null,"caracteristica_4":"Pest_resistance-(A/B/C)","best_variedad_4":null,"worst_variedad_4":null,"caracteristica_5":"Disease_resistance-(A/B/C)","best_variedad_5":null,"worst_variedad_5":null,"caracteristica_6":"Drought_resistance-(A/B/C)","best_variedad_6":null,"worst_variedad_6":null,"caracteristica_7":"Yield-(A/B/C)","best_variedad_7":null,"worst_variedad_7":null,"caracteristica_8":"Value_in_the_market-(A/B/C)","best_variedad_8":null,"worst_variedad_8":null,"caracteristica_9":"suitable_for_different_food-(A/B/C)","better_variedad_9":null,"worse_variedad_9":null,"caracteristica_10":"Overall_performance-(A/B/C)","best_variedad_10":null,"worst_variedad_10":null,"evaluation":null}
]
