[
{"observadores":"tigray_issdmu_tsimbla_selam_sorghum_1","name_user":"esu","name_family":"tad","village":"selam","district":"tsimbla","telephone":"0914709544","gender":"M","age":"30","location_longitude_seed_delivery_point":"","location_latitude_seed_delivery_point":"","location_altitude":"","location_longitude":"","location_latitude":"","planting_date":"2017-06-06","harvest_date":"2017-11-08","fertilization":"Yes","how_much_did_it_rain_during_the_crop_season":"Average","weight_of_all_yield_of_the_variety_a_in_kg":"4","weight_of_all_yield_of_the_variety_b_in_kg":"7","weight_of_all_yield_of_the_variety_c_in_kg":"2","from_the_3_varieties_which_one_would_you_like_to_grow_again":"B","codigo_paquetes":"package_tigray_issdmu_tsimbla_selam_sorghum_01","caracteristica_1":"Drought_resistance-(A/B/C)","best_variedad_1":"B","worst_variedad_1":"C","caracteristica_2":"Yield-(A/B/C)","best_variedad_2":"B","worst_variedad_2":"C","caracteristica_3":"Overall_performance-(A/B/C)","best_variedad_3":"B","worst_variedad_3":"C","caracteristica_4":"Overall_performance_VS_Local-(Better/Worse)","variedad_a_4":"Better","variedad_b_4":"Better","variedad_c_4":"Worse","evaluation":"1"},
{"observadores":"tigray_issdmu_tsimbla_selam_sorghum_10","name_user":"lk","name_family":"ffff","village":"selam","district":"tsimbla","telephone":"0974452112","gender":"F","age":"48","location_longitude_seed_delivery_point":"","location_latitude_seed_delivery_point":"","location_altitude":"","location_longitude":"","location_latitude":"","planting_date":"2017-07-20","harvest_date":"2017-12-01","fertilization":"","how_much_did_it_rain_during_the_crop_season":"Average","weight_of_all_yield_of_the_variety_a_in_kg":"5","weight_of_all_yield_of_the_variety_b_in_kg":"6","weight_of_all_yield_of_the_variety_c_in_kg":"5","from_the_3_varieties_which_one_would_you_like_to_grow_again":"B","codigo_paquetes":"package_tigray_issdmu_tsimbla_selam_sorghum_10","caracteristica_1":"Drought_resistance-(A/B/C)","best_variedad_1":"B","worst_variedad_1":"A","caracteristica_2":"Yield-(A/B/C)","best_variedad_2":"B","worst_variedad_2":"A","caracteristica_3":"Overall_performance-(A/B/C)","best_variedad_3":"B","worst_variedad_3":"A","caracteristica_4":"Overall_performance_VS_Local-(Better/Worse)","variedad_a_4":"Better","variedad_b_4":"Better","variedad_c_4":"Better","evaluation":"1"},
{"observadores":"tigray_issdmu_tsimbla_selam_sorghum_2","name_user":"ss","name_family":"sss","village":"selam","district":"tsimbla","telephone":"0914700223","gender":"F","age":"27","location_longitude_seed_delivery_point":"","location_latitude_seed_delivery_point":"","location_altitude":"","location_longitude":"","location_latitude":"","planting_date":"2017-06-07","harvest_date":"2017-11-07","fertilization":"","how_much_did_it_rain_during_the_crop_season":"A little","weight_of_all_yield_of_the_variety_a_in_kg":"3","weight_of_all_yield_of_the_variety_b_in_kg":"4","weight_of_all_yield_of_the_variety_c_in_kg":"5","from_the_3_varieties_which_one_would_you_like_to_grow_again":"C","codigo_paquetes":"package_tigray_issdmu_tsimbla_selam_sorghum_02","caracteristica_1":"Drought_resistance-(A/B/C)","best_variedad_1":"C","worst_variedad_1":"A","caracteristica_2":"Yield-(A/B/C)","best_variedad_2":"C","worst_variedad_2":"A","caracteristica_3":"Overall_performance-(A/B/C)","best_variedad_3":"C","worst_variedad_3":"A","caracteristica_4":"Overall_performance_VS_Local-(Better/Worse)","variedad_a_4":"Worse","variedad_b_4":"Better","variedad_c_4":"Better","evaluation":"1"},
{"observadores":"tigray_issdmu_tsimbla_selam_sorghum_3","name_user":"ww","name_family":"ww","village":"selam","district":"tsimbla","telephone":"0914720011","gender":"M","age":"23","location_longitude_seed_delivery_point":"","location_latitude_seed_delivery_point":"","location_altitude":"","location_longitude":"","location_latitude":"","planting_date":"2017-05-26","harvest_date":"2017-11-03","fertilization":"Yes","how_much_did_it_rain_during_the_crop_season":"Average","weight_of_all_yield_of_the_variety_a_in_kg":"5","weight_of_all_yield_of_the_variety_b_in_kg":"4","weight_of_all_yield_of_the_variety_c_in_kg":"1","from_the_3_varieties_which_one_would_you_like_to_grow_again":"A","codigo_paquetes":"package_tigray_issdmu_tsimbla_selam_sorghum_03","caracteristica_1":"Drought_resistance-(A/B/C)","best_variedad_1":"A","worst_variedad_1":"C","caracteristica_2":"Yield-(A/B/C)","best_variedad_2":"A","worst_variedad_2":"C","caracteristica_3":"Overall_performance-(A/B/C)","best_variedad_3":"A","worst_variedad_3":"C","caracteristica_4":"Overall_performance_VS_Local-(Better/Worse)","variedad_a_4":"Better","variedad_b_4":"Better","variedad_c_4":"Worse","evaluation":"1"},
{"observadores":"tigray_issdmu_tsimbla_selam_sorghum_4","name_user":"dd","name_family":"ss","village":"selam","district":"tsimbla","telephone":"0925143636","gender":"M","age":"26","location_longitude_seed_delivery_point":"","location_latitude_seed_delivery_point":"","location_altitude":"","location_longitude":"","location_latitude":"","planting_date":"2017-06-03","harvest_date":"2017-11-11","fertilization":"Yes","how_much_did_it_rain_during_the_crop_season":"A little","weight_of_all_yield_of_the_variety_a_in_kg":"3","weight_of_all_yield_of_the_variety_b_in_kg":"2","weight_of_all_yield_of_the_variety_c_in_kg":"2","from_the_3_varieties_which_one_would_you_like_to_grow_again":"A","codigo_paquetes":"package_tigray_issdmu_tsimbla_selam_sorghum_04","caracteristica_1":"Drought_resistance-(A/B/C)","best_variedad_1":"A","worst_variedad_1":"C","caracteristica_2":"Yield-(A/B/C)","best_variedad_2":"A","worst_variedad_2":"C","caracteristica_3":"Overall_performance-(A/B/C)","best_variedad_3":"A","worst_variedad_3":"C","caracteristica_4":"Overall_performance_VS_Local-(Better/Worse)","variedad_a_4":"Better","variedad_b_4":"Worse","variedad_c_4":"Worse","evaluation":"1"},
{"observadores":"tigray_issdmu_tsimbla_selam_sorghum_5","name_user":"ff","name_family":"ffff","village":"selam","district":"tsimbla","telephone":"0966552512","gender":"F","age":"29","location_longitude_seed_delivery_point":"","location_latitude_seed_delivery_point":"","location_altitude":"","location_longitude":"","location_latitude":"","planting_date":"2017-06-07","harvest_date":"2017-10-27","fertilization":"","how_much_did_it_rain_during_the_crop_season":"","weight_of_all_yield_of_the_variety_a_in_kg":"5","weight_of_all_yield_of_the_variety_b_in_kg":"2","weight_of_all_yield_of_the_variety_c_in_kg":"3","from_the_3_varieties_which_one_would_you_like_to_grow_again":"A","codigo_paquetes":"package_tigray_issdmu_tsimbla_selam_sorghum_05","caracteristica_1":"Drought_resistance-(A/B/C)","best_variedad_1":"A","worst_variedad_1":"B","caracteristica_2":"Yield-(A/B/C)","best_variedad_2":"A","worst_variedad_2":"B","caracteristica_3":"Overall_performance-(A/B/C)","best_variedad_3":"A","worst_variedad_3":"B","caracteristica_4":"Overall_performance_VS_Local-(Better/Worse)","variedad_a_4":"Better","variedad_b_4":"Worse","variedad_c_4":"Better","evaluation":"1"},
{"observadores":"tigray_issdmu_tsimbla_selam_sorghum_6","name_user":"qq","name_family":"ss","village":"selam","district":"tsimbla","telephone":"0955252525","gender":"F","age":"32","location_longitude_seed_delivery_point":"","location_latitude_seed_delivery_point":"","location_altitude":"","location_longitude":"","location_latitude":"","planting_date":"2017-06-14","harvest_date":"2017-11-01","fertilization":"","how_much_did_it_rain_during_the_crop_season":"Average","weight_of_all_yield_of_the_variety_a_in_kg":"5","weight_of_all_yield_of_the_variety_b_in_kg":"6","weight_of_all_yield_of_the_variety_c_in_kg":"6","from_the_3_varieties_which_one_would_you_like_to_grow_again":"All of them","codigo_paquetes":"package_tigray_issdmu_tsimbla_selam_sorghum_06","caracteristica_1":"Drought_resistance-(A/B/C)","best_variedad_1":"A","worst_variedad_1":"B","caracteristica_2":"Yield-(A/B/C)","best_variedad_2":"B","worst_variedad_2":"A","caracteristica_3":"Overall_performance-(A/B/C)","best_variedad_3":"B","worst_variedad_3":"A","caracteristica_4":"Overall_performance_VS_Local-(Better/Worse)","variedad_a_4":"Better","variedad_b_4":"Better","variedad_c_4":"Better","evaluation":"1"},
{"observadores":"tigray_issdmu_tsimbla_selam_sorghum_7","name_user":"sddd","name_family":"sssd","village":"selam","district":"tsimbla","telephone":"0955874110","gender":"M","age":"31","location_longitude_seed_delivery_point":"","location_latitude_seed_delivery_point":"","location_altitude":"","location_longitude":"","location_latitude":"","planting_date":"2017-07-03","harvest_date":"2017-11-23","fertilization":"","how_much_did_it_rain_during_the_crop_season":"Average","weight_of_all_yield_of_the_variety_a_in_kg":"3","weight_of_all_yield_of_the_variety_b_in_kg":"5","weight_of_all_yield_of_the_variety_c_in_kg":"4","from_the_3_varieties_which_one_would_you_like_to_grow_again":"B","codigo_paquetes":"package_tigray_issdmu_tsimbla_selam_sorghum_07","caracteristica_1":"Drought_resistance-(A/B/C)","best_variedad_1":"B","worst_variedad_1":"A","caracteristica_2":"Yield-(A/B/C)","best_variedad_2":"B","worst_variedad_2":"A","caracteristica_3":"Overall_performance-(A/B/C)","best_variedad_3":"B","worst_variedad_3":"A","caracteristica_4":"Overall_performance_VS_Local-(Better/Worse)","variedad_a_4":"Better","variedad_b_4":"Better","variedad_c_4":"Better","evaluation":"1"},
{"observadores":"tigray_issdmu_tsimbla_selam_sorghum_8","name_user":"g","name_family":"jj","village":"selam","district":"tsimbla","telephone":"09876543","gender":"F","age":"20","location_longitude_seed_delivery_point":"","location_latitude_seed_delivery_point":"","location_altitude":"","location_longitude":"","location_latitude":"","planting_date":"2017-06-14","harvest_date":"2017-12-01","fertilization":"Yes","how_much_did_it_rain_during_the_crop_season":"Average","weight_of_all_yield_of_the_variety_a_in_kg":"4","weight_of_all_yield_of_the_variety_b_in_kg":"6","weight_of_all_yield_of_the_variety_c_in_kg":"7","from_the_3_varieties_which_one_would_you_like_to_grow_again":"C","codigo_paquetes":"package_tigray_issdmu_tsimbla_selam_sorghum_08","caracteristica_1":"Drought_resistance-(A/B/C)","best_variedad_1":"C","worst_variedad_1":"A","caracteristica_2":"Yield-(A/B/C)","best_variedad_2":"C","worst_variedad_2":"A","caracteristica_3":"Overall_performance-(A/B/C)","best_variedad_3":"C","worst_variedad_3":"A","caracteristica_4":"Overall_performance_VS_Local-(Better/Worse)","variedad_a_4":"Better","variedad_b_4":"Better","variedad_c_4":"Better","evaluation":"1"},
{"observadores":"tigray_issdmu_tsimbla_selam_sorghum_9","name_user":"df","name_family":"fd","village":"selam","district":"tsimbla","telephone":"0965656565","gender":"M","age":"84","location_longitude_seed_delivery_point":"","location_latitude_seed_delivery_point":"","location_altitude":"","location_longitude":"","location_latitude":"","planting_date":"2017-07-12","harvest_date":"2017-12-14","fertilization":"Yes","how_much_did_it_rain_during_the_crop_season":"Average","weight_of_all_yield_of_the_variety_a_in_kg":"5","weight_of_all_yield_of_the_variety_b_in_kg":"5","weight_of_all_yield_of_the_variety_c_in_kg":"5","from_the_3_varieties_which_one_would_you_like_to_grow_again":"A","codigo_paquetes":"package_tigray_issdmu_tsimbla_selam_sorghum_09","caracteristica_1":"Drought_resistance-(A/B/C)","best_variedad_1":"A","worst_variedad_1":"C","caracteristica_2":"Yield-(A/B/C)","best_variedad_2":"A","worst_variedad_2":"C","caracteristica_3":"Overall_performance-(A/B/C)","best_variedad_3":"A","worst_variedad_3":"C","caracteristica_4":"Overall_performance_VS_Local-(Better/Worse)","variedad_a_4":"Better","variedad_b_4":"Better","variedad_c_4":"Better","evaluation":"1"}
]
