[
{"observadores":"1_pec_1","nombre_usuario":"pedro lopez","nombre_familiar":"amalia","pueblo":"victoria","region":"ostuncalco","telefono":"","genero":"M","edad":"36","localizacion_longitud_punto_de_entrega_de_semilla":"","localizacion_latitud_punto_de_entrega_de_semilla":"","localizacion_altitud":"2698.448974609375","localizacion_longitud":"-91.46359949954831","localizacion_latitud":"14.711912479049857","fecha_de_siembra":"2016-09-05","fecha_de_cosecha":"2016-09-30","cuanto_llovio_durante_la_epoca_de_cultivo":"Nada","como_llovio":"No llovió nada","la_epoca_de_cultivo_fue_mas_caliente_o_mas_frio_que_de_costumbre":"Más caliente de lo normal","peso_de_toda_la_cosecha_de_la_variedad_a_en_kg":"200","peso_de_toda_la_cosecha_de_la_variedad_b_en_kg":"100","peso_de_toda_la_cosecha_de_la_variedad_c_en_kg":"125","de_las_3_variedades_cual_le_gustaria_cultivar_de_nuevo":"A","manejo_por_genero":"No","codigo_paquetes":"paquete_1_pec_01","caracteristica_1":"Vigor(follage)-(A/B/C)","mejor_variedad_1":"A","peor_variedad_1":"C","caracteristica_2":"Porte(altura)-(A/B/C)","mejor_variedad_2":"A","peor_variedad_2":"B","caracteristica_3":"Resistencia_a_la_sequía-(A/B/C)","mejor_variedad_3":"A","peor_variedad_3":"B","caracteristica_4":"Rendimiento-(A/B/C)","mejor_variedad_4":"A","peor_variedad_4":"C","caracteristica_5":"Consumo(sabor)-(A/B/C)","mejor_variedad_5":"B","peor_variedad_5":"C","caracteristica_6":"Desempeño_general-(A/B/C)","mejor_variedad_6":"A","peor_variedad_6":"C","caracteristica_7":"Desempeño_general_VS_Local-(Mejor/Peor)","variedad_a_7":"Mejor","variedad_b_7":"","variedad_c_7":"","evaluacion":"1"},
{"observadores":"1_pec_10","nombre_usuario":"Lorena Perez","nombre_familiar":"Adriana","pueblo":"victoria","region":"ostuncalco","telefono":"40162589","genero":"F","edad":"30","localizacion_longitud_punto_de_entrega_de_semilla":"","localizacion_latitud_punto_de_entrega_de_semilla":"","localizacion_altitud":"1854.79541015625","localizacion_longitud":"-91.68332606204831","localizacion_latitud":"15.051682203318004","fecha_de_siembra":"2016-09-01","fecha_de_cosecha":"2016-09-30","cuanto_llovio_durante_la_epoca_de_cultivo":"Mucho","como_llovio":"Continua","la_epoca_de_cultivo_fue_mas_caliente_o_mas_frio_que_de_costumbre":"Más fría de lo normal","peso_de_toda_la_cosecha_de_la_variedad_a_en_kg":"50","peso_de_toda_la_cosecha_de_la_variedad_b_en_kg":"100","peso_de_toda_la_cosecha_de_la_variedad_c_en_kg":"200","de_las_3_variedades_cual_le_gustaria_cultivar_de_nuevo":"C","manejo_por_genero":"No","codigo_paquetes":"paquete_1_pec_10","caracteristica_1":"Vigor(follage)-(A/B/C)","mejor_variedad_1":"C","peor_variedad_1":"B","caracteristica_2":"Porte(altura)-(A/B/C)","mejor_variedad_2":"C","peor_variedad_2":"A","caracteristica_3":"Resistencia_a_la_sequía-(A/B/C)","mejor_variedad_3":"C","peor_variedad_3":"A","caracteristica_4":"Rendimiento-(A/B/C)","mejor_variedad_4":"C","peor_variedad_4":"A","caracteristica_5":"Consumo(sabor)-(A/B/C)","mejor_variedad_5":"C","peor_variedad_5":"B","caracteristica_6":"Desempeño_general-(A/B/C)","mejor_variedad_6":"C","peor_variedad_6":"B","caracteristica_7":"Desempeño_general_VS_Local-(Mejor/Peor)","variedad_a_7":"","variedad_b_7":"","variedad_c_7":"Mejor","evaluacion":"1"},
{"observadores":"1_pec_2","nombre_usuario":null,"nombre_familiar":null,"pueblo":null,"region":null,"telefono":null,"genero":null,"edad":null,"localizacion_longitud_punto_de_entrega_de_semilla":null,"localizacion_latitud_punto_de_entrega_de_semilla":null,"localizacion_altitud":null,"localizacion_longitud":null,"localizacion_latitud":null,"fecha_de_siembra":null,"fecha_de_cosecha":null,"cuanto_llovio_durante_la_epoca_de_cultivo":null,"como_llovio":null,"la_epoca_de_cultivo_fue_mas_caliente_o_mas_frio_que_de_costumbre":null,"peso_de_toda_la_cosecha_de_la_variedad_a_en_kg":null,"peso_de_toda_la_cosecha_de_la_variedad_b_en_kg":null,"peso_de_toda_la_cosecha_de_la_variedad_c_en_kg":null,"de_las_3_variedades_cual_le_gustaria_cultivar_de_nuevo":null,"manejo_por_genero":null,"codigo_paquetes":null,"caracteristica_1":"Vigor(follage)-(A/B/C)","mejor_variedad_1":null,"peor_variedad_1":null,"caracteristica_2":"Porte(altura)-(A/B/C)","mejor_variedad_2":null,"peor_variedad_2":null,"caracteristica_3":"Resistencia_a_la_sequía-(A/B/C)","mejor_variedad_3":null,"peor_variedad_3":null,"caracteristica_4":"Rendimiento-(A/B/C)","mejor_variedad_4":null,"peor_variedad_4":null,"caracteristica_5":"Consumo(sabor)-(A/B/C)","mejor_variedad_5":null,"peor_variedad_5":null,"caracteristica_6":"Desempeño_general-(A/B/C)","mejor_variedad_6":null,"peor_variedad_6":null,"caracteristica_7":"Desempeño_general_VS_Local-(Mejor/Peor)","variedad_a_7":null,"variedad_b_7":null,"variedad_c_7":null,"evaluacion":null},
{"observadores":"1_pec_3","nombre_usuario":null,"nombre_familiar":null,"pueblo":null,"region":null,"telefono":null,"genero":null,"edad":null,"localizacion_longitud_punto_de_entrega_de_semilla":null,"localizacion_latitud_punto_de_entrega_de_semilla":null,"localizacion_altitud":null,"localizacion_longitud":null,"localizacion_latitud":null,"fecha_de_siembra":null,"fecha_de_cosecha":null,"cuanto_llovio_durante_la_epoca_de_cultivo":null,"como_llovio":null,"la_epoca_de_cultivo_fue_mas_caliente_o_mas_frio_que_de_costumbre":null,"peso_de_toda_la_cosecha_de_la_variedad_a_en_kg":null,"peso_de_toda_la_cosecha_de_la_variedad_b_en_kg":null,"peso_de_toda_la_cosecha_de_la_variedad_c_en_kg":null,"de_las_3_variedades_cual_le_gustaria_cultivar_de_nuevo":null,"manejo_por_genero":null,"codigo_paquetes":null,"caracteristica_1":"Vigor(follage)-(A/B/C)","mejor_variedad_1":null,"peor_variedad_1":null,"caracteristica_2":"Porte(altura)-(A/B/C)","mejor_variedad_2":null,"peor_variedad_2":null,"caracteristica_3":"Resistencia_a_la_sequía-(A/B/C)","mejor_variedad_3":null,"peor_variedad_3":null,"caracteristica_4":"Rendimiento-(A/B/C)","mejor_variedad_4":null,"peor_variedad_4":null,"caracteristica_5":"Consumo(sabor)-(A/B/C)","mejor_variedad_5":null,"peor_variedad_5":null,"caracteristica_6":"Desempeño_general-(A/B/C)","mejor_variedad_6":null,"peor_variedad_6":null,"caracteristica_7":"Desempeño_general_VS_Local-(Mejor/Peor)","variedad_a_7":null,"variedad_b_7":null,"variedad_c_7":null,"evaluacion":null},
{"observadores":"1_pec_4","nombre_usuario":null,"nombre_familiar":null,"pueblo":null,"region":null,"telefono":null,"genero":null,"edad":null,"localizacion_longitud_punto_de_entrega_de_semilla":null,"localizacion_latitud_punto_de_entrega_de_semilla":null,"localizacion_altitud":null,"localizacion_longitud":null,"localizacion_latitud":null,"fecha_de_siembra":null,"fecha_de_cosecha":null,"cuanto_llovio_durante_la_epoca_de_cultivo":null,"como_llovio":null,"la_epoca_de_cultivo_fue_mas_caliente_o_mas_frio_que_de_costumbre":null,"peso_de_toda_la_cosecha_de_la_variedad_a_en_kg":null,"peso_de_toda_la_cosecha_de_la_variedad_b_en_kg":null,"peso_de_toda_la_cosecha_de_la_variedad_c_en_kg":null,"de_las_3_variedades_cual_le_gustaria_cultivar_de_nuevo":null,"manejo_por_genero":null,"codigo_paquetes":null,"caracteristica_1":"Vigor(follage)-(A/B/C)","mejor_variedad_1":null,"peor_variedad_1":null,"caracteristica_2":"Porte(altura)-(A/B/C)","mejor_variedad_2":null,"peor_variedad_2":null,"caracteristica_3":"Resistencia_a_la_sequía-(A/B/C)","mejor_variedad_3":null,"peor_variedad_3":null,"caracteristica_4":"Rendimiento-(A/B/C)","mejor_variedad_4":null,"peor_variedad_4":null,"caracteristica_5":"Consumo(sabor)-(A/B/C)","mejor_variedad_5":null,"peor_variedad_5":null,"caracteristica_6":"Desempeño_general-(A/B/C)","mejor_variedad_6":null,"peor_variedad_6":null,"caracteristica_7":"Desempeño_general_VS_Local-(Mejor/Peor)","variedad_a_7":null,"variedad_b_7":null,"variedad_c_7":null,"evaluacion":null},
{"observadores":"1_pec_5","nombre_usuario":null,"nombre_familiar":null,"pueblo":null,"region":null,"telefono":null,"genero":null,"edad":null,"localizacion_longitud_punto_de_entrega_de_semilla":null,"localizacion_latitud_punto_de_entrega_de_semilla":null,"localizacion_altitud":null,"localizacion_longitud":null,"localizacion_latitud":null,"fecha_de_siembra":null,"fecha_de_cosecha":null,"cuanto_llovio_durante_la_epoca_de_cultivo":null,"como_llovio":null,"la_epoca_de_cultivo_fue_mas_caliente_o_mas_frio_que_de_costumbre":null,"peso_de_toda_la_cosecha_de_la_variedad_a_en_kg":null,"peso_de_toda_la_cosecha_de_la_variedad_b_en_kg":null,"peso_de_toda_la_cosecha_de_la_variedad_c_en_kg":null,"de_las_3_variedades_cual_le_gustaria_cultivar_de_nuevo":null,"manejo_por_genero":null,"codigo_paquetes":null,"caracteristica_1":"Vigor(follage)-(A/B/C)","mejor_variedad_1":null,"peor_variedad_1":null,"caracteristica_2":"Porte(altura)-(A/B/C)","mejor_variedad_2":null,"peor_variedad_2":null,"caracteristica_3":"Resistencia_a_la_sequía-(A/B/C)","mejor_variedad_3":null,"peor_variedad_3":null,"caracteristica_4":"Rendimiento-(A/B/C)","mejor_variedad_4":null,"peor_variedad_4":null,"caracteristica_5":"Consumo(sabor)-(A/B/C)","mejor_variedad_5":null,"peor_variedad_5":null,"caracteristica_6":"Desempeño_general-(A/B/C)","mejor_variedad_6":null,"peor_variedad_6":null,"caracteristica_7":"Desempeño_general_VS_Local-(Mejor/Peor)","variedad_a_7":null,"variedad_b_7":null,"variedad_c_7":null,"evaluacion":null},
{"observadores":"1_pec_6","nombre_usuario":null,"nombre_familiar":null,"pueblo":null,"region":null,"telefono":null,"genero":null,"edad":null,"localizacion_longitud_punto_de_entrega_de_semilla":null,"localizacion_latitud_punto_de_entrega_de_semilla":null,"localizacion_altitud":null,"localizacion_longitud":null,"localizacion_latitud":null,"fecha_de_siembra":null,"fecha_de_cosecha":null,"cuanto_llovio_durante_la_epoca_de_cultivo":null,"como_llovio":null,"la_epoca_de_cultivo_fue_mas_caliente_o_mas_frio_que_de_costumbre":null,"peso_de_toda_la_cosecha_de_la_variedad_a_en_kg":null,"peso_de_toda_la_cosecha_de_la_variedad_b_en_kg":null,"peso_de_toda_la_cosecha_de_la_variedad_c_en_kg":null,"de_las_3_variedades_cual_le_gustaria_cultivar_de_nuevo":null,"manejo_por_genero":null,"codigo_paquetes":null,"caracteristica_1":"Vigor(follage)-(A/B/C)","mejor_variedad_1":null,"peor_variedad_1":null,"caracteristica_2":"Porte(altura)-(A/B/C)","mejor_variedad_2":null,"peor_variedad_2":null,"caracteristica_3":"Resistencia_a_la_sequía-(A/B/C)","mejor_variedad_3":null,"peor_variedad_3":null,"caracteristica_4":"Rendimiento-(A/B/C)","mejor_variedad_4":null,"peor_variedad_4":null,"caracteristica_5":"Consumo(sabor)-(A/B/C)","mejor_variedad_5":null,"peor_variedad_5":null,"caracteristica_6":"Desempeño_general-(A/B/C)","mejor_variedad_6":null,"peor_variedad_6":null,"caracteristica_7":"Desempeño_general_VS_Local-(Mejor/Peor)","variedad_a_7":null,"variedad_b_7":null,"variedad_c_7":null,"evaluacion":null},
{"observadores":"1_pec_7","nombre_usuario":null,"nombre_familiar":null,"pueblo":null,"region":null,"telefono":null,"genero":null,"edad":null,"localizacion_longitud_punto_de_entrega_de_semilla":null,"localizacion_latitud_punto_de_entrega_de_semilla":null,"localizacion_altitud":null,"localizacion_longitud":null,"localizacion_latitud":null,"fecha_de_siembra":null,"fecha_de_cosecha":null,"cuanto_llovio_durante_la_epoca_de_cultivo":null,"como_llovio":null,"la_epoca_de_cultivo_fue_mas_caliente_o_mas_frio_que_de_costumbre":null,"peso_de_toda_la_cosecha_de_la_variedad_a_en_kg":null,"peso_de_toda_la_cosecha_de_la_variedad_b_en_kg":null,"peso_de_toda_la_cosecha_de_la_variedad_c_en_kg":null,"de_las_3_variedades_cual_le_gustaria_cultivar_de_nuevo":null,"manejo_por_genero":null,"codigo_paquetes":null,"caracteristica_1":"Vigor(follage)-(A/B/C)","mejor_variedad_1":null,"peor_variedad_1":null,"caracteristica_2":"Porte(altura)-(A/B/C)","mejor_variedad_2":null,"peor_variedad_2":null,"caracteristica_3":"Resistencia_a_la_sequía-(A/B/C)","mejor_variedad_3":null,"peor_variedad_3":null,"caracteristica_4":"Rendimiento-(A/B/C)","mejor_variedad_4":null,"peor_variedad_4":null,"caracteristica_5":"Consumo(sabor)-(A/B/C)","mejor_variedad_5":null,"peor_variedad_5":null,"caracteristica_6":"Desempeño_general-(A/B/C)","mejor_variedad_6":null,"peor_variedad_6":null,"caracteristica_7":"Desempeño_general_VS_Local-(Mejor/Peor)","variedad_a_7":null,"variedad_b_7":null,"variedad_c_7":null,"evaluacion":null},
{"observadores":"1_pec_8","nombre_usuario":null,"nombre_familiar":null,"pueblo":null,"region":null,"telefono":null,"genero":null,"edad":null,"localizacion_longitud_punto_de_entrega_de_semilla":null,"localizacion_latitud_punto_de_entrega_de_semilla":null,"localizacion_altitud":null,"localizacion_longitud":null,"localizacion_latitud":null,"fecha_de_siembra":null,"fecha_de_cosecha":null,"cuanto_llovio_durante_la_epoca_de_cultivo":null,"como_llovio":null,"la_epoca_de_cultivo_fue_mas_caliente_o_mas_frio_que_de_costumbre":null,"peso_de_toda_la_cosecha_de_la_variedad_a_en_kg":null,"peso_de_toda_la_cosecha_de_la_variedad_b_en_kg":null,"peso_de_toda_la_cosecha_de_la_variedad_c_en_kg":null,"de_las_3_variedades_cual_le_gustaria_cultivar_de_nuevo":null,"manejo_por_genero":null,"codigo_paquetes":null,"caracteristica_1":"Vigor(follage)-(A/B/C)","mejor_variedad_1":null,"peor_variedad_1":null,"caracteristica_2":"Porte(altura)-(A/B/C)","mejor_variedad_2":null,"peor_variedad_2":null,"caracteristica_3":"Resistencia_a_la_sequía-(A/B/C)","mejor_variedad_3":null,"peor_variedad_3":null,"caracteristica_4":"Rendimiento-(A/B/C)","mejor_variedad_4":null,"peor_variedad_4":null,"caracteristica_5":"Consumo(sabor)-(A/B/C)","mejor_variedad_5":null,"peor_variedad_5":null,"caracteristica_6":"Desempeño_general-(A/B/C)","mejor_variedad_6":null,"peor_variedad_6":null,"caracteristica_7":"Desempeño_general_VS_Local-(Mejor/Peor)","variedad_a_7":null,"variedad_b_7":null,"variedad_c_7":null,"evaluacion":null},
{"observadores":"1_pec_9","nombre_usuario":null,"nombre_familiar":null,"pueblo":null,"region":null,"telefono":null,"genero":null,"edad":null,"localizacion_longitud_punto_de_entrega_de_semilla":null,"localizacion_latitud_punto_de_entrega_de_semilla":null,"localizacion_altitud":null,"localizacion_longitud":null,"localizacion_latitud":null,"fecha_de_siembra":null,"fecha_de_cosecha":null,"cuanto_llovio_durante_la_epoca_de_cultivo":null,"como_llovio":null,"la_epoca_de_cultivo_fue_mas_caliente_o_mas_frio_que_de_costumbre":null,"peso_de_toda_la_cosecha_de_la_variedad_a_en_kg":null,"peso_de_toda_la_cosecha_de_la_variedad_b_en_kg":null,"peso_de_toda_la_cosecha_de_la_variedad_c_en_kg":null,"de_las_3_variedades_cual_le_gustaria_cultivar_de_nuevo":null,"manejo_por_genero":null,"codigo_paquetes":null,"caracteristica_1":"Vigor(follage)-(A/B/C)","mejor_variedad_1":null,"peor_variedad_1":null,"caracteristica_2":"Porte(altura)-(A/B/C)","mejor_variedad_2":null,"peor_variedad_2":null,"caracteristica_3":"Resistencia_a_la_sequía-(A/B/C)","mejor_variedad_3":null,"peor_variedad_3":null,"caracteristica_4":"Rendimiento-(A/B/C)","mejor_variedad_4":null,"peor_variedad_4":null,"caracteristica_5":"Consumo(sabor)-(A/B/C)","mejor_variedad_5":null,"peor_variedad_5":null,"caracteristica_6":"Desempeño_general-(A/B/C)","mejor_variedad_6":null,"peor_variedad_6":null,"caracteristica_7":"Desempeño_general_VS_Local-(Mejor/Peor)","variedad_a_7":null,"variedad_b_7":null,"variedad_c_7":null,"evaluacion":null}
]
