[
{"observadores":"patachaj20_1","nombre_usuario":null,"nombre_familiar":null,"pueblo":null,"region":null,"telefono":null,"genero":null,"edad":null,"localizacion_longitud_punto_de_entrega_de_semilla":null,"localizacion_latitud_punto_de_entrega_de_semilla":null,"localizacion_altitud":null,"localizacion_longitud":null,"localizacion_latitud":null,"fecha_de_siembra":null,"fecha_de_cosecha":null,"fertilizacion":null,"nombre_variedad_local":null,"pendiente":null,"peso_de_toda_la_cosecha_de_la_variedad_a_en_kg":null,"peso_de_toda_la_cosecha_de_la_variedad_b_en_kg":null,"peso_de_toda_la_cosecha_de_la_variedad_c_en_kg":null,"de_las_3_variedades_cual_le_gustaria_cultivar_de_nuevo":null,"codigo_paquetes":null,"caracteristica_1":"Vigor(follage)-(A/B/C)","mejor_variedad_1":null,"peor_variedad_1":null,"caracteristica_2":"Maduración_más_rápida-(A/B/C)","mejor_variedad_2":null,"peor_variedad_2":null,"caracteristica_3":"Rendimiento-(A/B/C)","mejor_variedad_3":null,"peor_variedad_3":null,"caracteristica_4":"Consumo(sabor)-(A/B/C)","mejor_variedad_4":null,"peor_variedad_4":null,"caracteristica_5":"Desempeño_general-(A/B/C)","mejor_variedad_5":null,"peor_variedad_5":null,"caracteristica_6":"Desempeño_general_VS_Local-(Mejor/Peor)","variedad_a_6":null,"variedad_b_6":null,"variedad_c_6":null,"evaluacion":null},
{"observadores":"patachaj20_2","nombre_usuario":null,"nombre_familiar":null,"pueblo":null,"region":null,"telefono":null,"genero":null,"edad":null,"localizacion_longitud_punto_de_entrega_de_semilla":null,"localizacion_latitud_punto_de_entrega_de_semilla":null,"localizacion_altitud":null,"localizacion_longitud":null,"localizacion_latitud":null,"fecha_de_siembra":null,"fecha_de_cosecha":null,"fertilizacion":null,"nombre_variedad_local":null,"pendiente":null,"peso_de_toda_la_cosecha_de_la_variedad_a_en_kg":null,"peso_de_toda_la_cosecha_de_la_variedad_b_en_kg":null,"peso_de_toda_la_cosecha_de_la_variedad_c_en_kg":null,"de_las_3_variedades_cual_le_gustaria_cultivar_de_nuevo":null,"codigo_paquetes":null,"caracteristica_1":"Vigor(follage)-(A/B/C)","mejor_variedad_1":null,"peor_variedad_1":null,"caracteristica_2":"Maduración_más_rápida-(A/B/C)","mejor_variedad_2":null,"peor_variedad_2":null,"caracteristica_3":"Rendimiento-(A/B/C)","mejor_variedad_3":null,"peor_variedad_3":null,"caracteristica_4":"Consumo(sabor)-(A/B/C)","mejor_variedad_4":null,"peor_variedad_4":null,"caracteristica_5":"Desempeño_general-(A/B/C)","mejor_variedad_5":null,"peor_variedad_5":null,"caracteristica_6":"Desempeño_general_VS_Local-(Mejor/Peor)","variedad_a_6":null,"variedad_b_6":null,"variedad_c_6":null,"evaluacion":null},
{"observadores":"patachaj20_3","nombre_usuario":null,"nombre_familiar":null,"pueblo":null,"region":null,"telefono":null,"genero":null,"edad":null,"localizacion_longitud_punto_de_entrega_de_semilla":null,"localizacion_latitud_punto_de_entrega_de_semilla":null,"localizacion_altitud":null,"localizacion_longitud":null,"localizacion_latitud":null,"fecha_de_siembra":null,"fecha_de_cosecha":null,"fertilizacion":null,"nombre_variedad_local":null,"pendiente":null,"peso_de_toda_la_cosecha_de_la_variedad_a_en_kg":null,"peso_de_toda_la_cosecha_de_la_variedad_b_en_kg":null,"peso_de_toda_la_cosecha_de_la_variedad_c_en_kg":null,"de_las_3_variedades_cual_le_gustaria_cultivar_de_nuevo":null,"codigo_paquetes":null,"caracteristica_1":"Vigor(follage)-(A/B/C)","mejor_variedad_1":null,"peor_variedad_1":null,"caracteristica_2":"Maduración_más_rápida-(A/B/C)","mejor_variedad_2":null,"peor_variedad_2":null,"caracteristica_3":"Rendimiento-(A/B/C)","mejor_variedad_3":null,"peor_variedad_3":null,"caracteristica_4":"Consumo(sabor)-(A/B/C)","mejor_variedad_4":null,"peor_variedad_4":null,"caracteristica_5":"Desempeño_general-(A/B/C)","mejor_variedad_5":null,"peor_variedad_5":null,"caracteristica_6":"Desempeño_general_VS_Local-(Mejor/Peor)","variedad_a_6":null,"variedad_b_6":null,"variedad_c_6":null,"evaluacion":null},
{"observadores":"patachaj20_4","nombre_usuario":null,"nombre_familiar":null,"pueblo":null,"region":null,"telefono":null,"genero":null,"edad":null,"localizacion_longitud_punto_de_entrega_de_semilla":null,"localizacion_latitud_punto_de_entrega_de_semilla":null,"localizacion_altitud":null,"localizacion_longitud":null,"localizacion_latitud":null,"fecha_de_siembra":null,"fecha_de_cosecha":null,"fertilizacion":null,"nombre_variedad_local":null,"pendiente":null,"peso_de_toda_la_cosecha_de_la_variedad_a_en_kg":null,"peso_de_toda_la_cosecha_de_la_variedad_b_en_kg":null,"peso_de_toda_la_cosecha_de_la_variedad_c_en_kg":null,"de_las_3_variedades_cual_le_gustaria_cultivar_de_nuevo":null,"codigo_paquetes":null,"caracteristica_1":"Vigor(follage)-(A/B/C)","mejor_variedad_1":null,"peor_variedad_1":null,"caracteristica_2":"Maduración_más_rápida-(A/B/C)","mejor_variedad_2":null,"peor_variedad_2":null,"caracteristica_3":"Rendimiento-(A/B/C)","mejor_variedad_3":null,"peor_variedad_3":null,"caracteristica_4":"Consumo(sabor)-(A/B/C)","mejor_variedad_4":null,"peor_variedad_4":null,"caracteristica_5":"Desempeño_general-(A/B/C)","mejor_variedad_5":null,"peor_variedad_5":null,"caracteristica_6":"Desempeño_general_VS_Local-(Mejor/Peor)","variedad_a_6":null,"variedad_b_6":null,"variedad_c_6":null,"evaluacion":null},
{"observadores":"patachaj20_5","nombre_usuario":null,"nombre_familiar":null,"pueblo":null,"region":null,"telefono":null,"genero":null,"edad":null,"localizacion_longitud_punto_de_entrega_de_semilla":null,"localizacion_latitud_punto_de_entrega_de_semilla":null,"localizacion_altitud":null,"localizacion_longitud":null,"localizacion_latitud":null,"fecha_de_siembra":null,"fecha_de_cosecha":null,"fertilizacion":null,"nombre_variedad_local":null,"pendiente":null,"peso_de_toda_la_cosecha_de_la_variedad_a_en_kg":null,"peso_de_toda_la_cosecha_de_la_variedad_b_en_kg":null,"peso_de_toda_la_cosecha_de_la_variedad_c_en_kg":null,"de_las_3_variedades_cual_le_gustaria_cultivar_de_nuevo":null,"codigo_paquetes":null,"caracteristica_1":"Vigor(follage)-(A/B/C)","mejor_variedad_1":null,"peor_variedad_1":null,"caracteristica_2":"Maduración_más_rápida-(A/B/C)","mejor_variedad_2":null,"peor_variedad_2":null,"caracteristica_3":"Rendimiento-(A/B/C)","mejor_variedad_3":null,"peor_variedad_3":null,"caracteristica_4":"Consumo(sabor)-(A/B/C)","mejor_variedad_4":null,"peor_variedad_4":null,"caracteristica_5":"Desempeño_general-(A/B/C)","mejor_variedad_5":null,"peor_variedad_5":null,"caracteristica_6":"Desempeño_general_VS_Local-(Mejor/Peor)","variedad_a_6":null,"variedad_b_6":null,"variedad_c_6":null,"evaluacion":null}
]
