[
{"codigo_paquetes":"paquete_maices_nativos_toto_01","variedad_a":"SHRam","variedad_b":"DMam","variedad_c":"JLIbl"},
{"codigo_paquetes":"paquete_maices_nativos_toto_02","variedad_a":"MLCam","variedad_b":"CCCbl","variedad_c":"PLVbl"},
{"codigo_paquetes":"paquete_maices_nativos_toto_03","variedad_a":"MHam","variedad_b":"SHRam","variedad_c":"V301bl"},
{"codigo_paquetes":"paquete_maices_nativos_toto_04","variedad_a":"PLVbl","variedad_b":"MLCam","variedad_c":"MHam"},
{"codigo_paquetes":"paquete_maices_nativos_toto_05","variedad_a":"DMam","variedad_b":"JLIbl","variedad_c":"CCCbl"},
{"codigo_paquetes":"paquete_maices_nativos_toto_06","variedad_a":"JLIbl","variedad_b":"V301bl","variedad_c":"SHRam"},
{"codigo_paquetes":"paquete_maices_nativos_toto_07","variedad_a":"MLCam","variedad_b":"MHam","variedad_c":"DMam"},
{"codigo_paquetes":"paquete_maices_nativos_toto_08","variedad_a":"CCCbl","variedad_b":"PLVbl","variedad_c":"V301bl"},
{"codigo_paquetes":"paquete_maices_nativos_toto_09","variedad_a":"SHRam","variedad_b":"DMam","variedad_c":"CCCbl"},
{"codigo_paquetes":"paquete_maices_nativos_toto_10","variedad_a":"V301bl","variedad_b":"JLIbl","variedad_c":"MLCam"},
{"codigo_paquetes":"paquete_maices_nativos_toto_11","variedad_a":"MHam","variedad_b":"V301bl","variedad_c":"PLVbl"},
{"codigo_paquetes":"paquete_maices_nativos_toto_12","variedad_a":"PLVbl","variedad_b":"MLCam","variedad_c":"SHRam"},
{"codigo_paquetes":"paquete_maices_nativos_toto_13","variedad_a":"DMam","variedad_b":"CCCbl","variedad_c":"MHam"},
{"codigo_paquetes":"paquete_maices_nativos_toto_14","variedad_a":"JLIbl","variedad_b":"SHRam","variedad_c":"MLCam"},
{"codigo_paquetes":"paquete_maices_nativos_toto_15","variedad_a":"CCCbl","variedad_b":"V301bl","variedad_c":"DMam"},
{"codigo_paquetes":"paquete_maices_nativos_toto_16","variedad_a":"MHam","variedad_b":"PLVbl","variedad_c":"JLIbl"},
{"codigo_paquetes":"paquete_maices_nativos_toto_17","variedad_a":"V301bl","variedad_b":"SHRam","variedad_c":"CCCbl"},
{"codigo_paquetes":"paquete_maices_nativos_toto_18","variedad_a":"MLCam","variedad_b":"DMam","variedad_c":"JLIbl"},
{"codigo_paquetes":"paquete_maices_nativos_toto_19","variedad_a":"SHRam","variedad_b":"MHam","variedad_c":"PLVbl"},
{"codigo_paquetes":"paquete_maices_nativos_toto_20","variedad_a":"DMam","variedad_b":"MLCam","variedad_c":"V301bl"},
{"codigo_paquetes":"paquete_maices_nativos_toto_21","variedad_a":"CCCbl","variedad_b":"JLIbl","variedad_c":"PLVbl"},
{"codigo_paquetes":"paquete_maices_nativos_toto_22","variedad_a":"JLIbl","variedad_b":"MHam","variedad_c":"V301bl"},
{"codigo_paquetes":"paquete_maices_nativos_toto_23","variedad_a":"PLVbl","variedad_b":"CCCbl","variedad_c":"DMam"},
{"codigo_paquetes":"paquete_maices_nativos_toto_24","variedad_a":"MHam","variedad_b":"CCCbl","variedad_c":"SHRam"},
{"codigo_paquetes":"paquete_maices_nativos_toto_25","variedad_a":"V301bl","variedad_b":"PLVbl","variedad_c":"MLCam"},
{"codigo_paquetes":"paquete_maices_nativos_toto_26","variedad_a":"SHRam","variedad_b":"DMam","variedad_c":"MHam"},
{"codigo_paquetes":"paquete_maices_nativos_toto_27","variedad_a":"MLCam","variedad_b":"MHam","variedad_c":"JLIbl"},
{"codigo_paquetes":"paquete_maices_nativos_toto_28","variedad_a":"CCCbl","variedad_b":"MLCam","variedad_c":"SHRam"},
{"codigo_paquetes":"paquete_maices_nativos_toto_29","variedad_a":"JLIbl","variedad_b":"PLVbl","variedad_c":"DMam"},
{"codigo_paquetes":"paquete_maices_nativos_toto_30","variedad_a":"V301bl","variedad_b":"SHRam","variedad_c":"MLCam"},
{"codigo_paquetes":"paquete_maices_nativos_toto_31","variedad_a":"DMam","variedad_b":"V301bl","variedad_c":"MHam"},
{"codigo_paquetes":"paquete_maices_nativos_toto_32","variedad_a":"PLVbl","variedad_b":"JLIbl","variedad_c":"SHRam"},
{"codigo_paquetes":"paquete_maices_nativos_toto_33","variedad_a":"MLCam","variedad_b":"JLIbl","variedad_c":"CCCbl"},
{"codigo_paquetes":"paquete_maices_nativos_toto_34","variedad_a":"DMam","variedad_b":"PLVbl","variedad_c":"V301bl"},
{"codigo_paquetes":"paquete_maices_nativos_toto_35","variedad_a":"MHam","variedad_b":"V301bl","variedad_c":"CCCbl"},
{"codigo_paquetes":"paquete_maices_nativos_toto_36","variedad_a":"PLVbl","variedad_b":"MLCam","variedad_c":"DMam"},
{"codigo_paquetes":"paquete_maices_nativos_toto_37","variedad_a":"CCCbl","variedad_b":"MHam","variedad_c":"JLIbl"},
{"codigo_paquetes":"paquete_maices_nativos_toto_38","variedad_a":"SHRam","variedad_b":"DMam","variedad_c":"PLVbl"},
{"codigo_paquetes":"paquete_maices_nativos_toto_39","variedad_a":"MLCam","variedad_b":"CCCbl","variedad_c":"MHam"},
{"codigo_paquetes":"paquete_maices_nativos_toto_40","variedad_a":"JLIbl","variedad_b":"PLVbl","variedad_c":"V301bl"}
]
