[
{"observadores":"variedades_huistas_1","nombre_usuario":null,"nombre_familiar":null,"pueblo":null,"region":null,"telefono":null,"genero":null,"edad":null,"localizacion_longitud_punto_de_entrega_de_semilla":null,"localizacion_latitud_punto_de_entrega_de_semilla":null,"localizacion_altitud":null,"localizacion_longitud":null,"localizacion_latitud":null,"fecha_de_siembra":null,"fecha_de_cosecha":null,"peso_de_toda_la_cosecha_de_la_variedad_a_en_kg":null,"peso_de_toda_la_cosecha_de_la_variedad_b_en_kg":null,"peso_de_toda_la_cosecha_de_la_variedad_c_en_kg":null,"de_las_3_variedades_cual_le_gustaria_cultivar_de_nuevo":null,"codigo_paquetes":null,"caracteristica_1":"Vigor(follage)-(A/B/C)","mejor_variedad_1":null,"peor_variedad_1":null,"caracteristica_2":"Porte(altura)-(A/B/C)","mejor_variedad_2":null,"peor_variedad_2":null,"caracteristica_3":"Maduración_más_rápida-(A/B/C)","mejor_variedad_3":null,"peor_variedad_3":null,"caracteristica_4":"Resistencia_a_enfermedades-(A/B/C)","mejor_variedad_4":null,"peor_variedad_4":null,"caracteristica_5":"Resistencia_a_la_sequía-(A/B/C)","mejor_variedad_5":null,"peor_variedad_5":null,"caracteristica_6":"Rendimiento-(A/B/C)","mejor_variedad_6":null,"peor_variedad_6":null,"caracteristica_7":"Consumo(sabor)-(A/B/C)","mejor_variedad_7":null,"peor_variedad_7":null,"caracteristica_8":"aspecto_de_mazorca-(A/B/C)","mejor_variedad_8":null,"peor_variedad_8":null,"caracteristica_9":"aspecto_de_grano-(A/B/C)","mejor_variedad_9":null,"peor_variedad_9":null,"caracteristica_10":"Desempeño_general-(A/B/C)","mejor_variedad_10":null,"peor_variedad_10":null,"caracteristica_11":"Desempeño_general_VS_Local-(Mejor/Peor)","variedad_a_11":null,"variedad_b_11":null,"variedad_c_11":null,"evaluacion":null},
{"observadores":"variedades_huistas_10","nombre_usuario":null,"nombre_familiar":null,"pueblo":null,"region":null,"telefono":null,"genero":null,"edad":null,"localizacion_longitud_punto_de_entrega_de_semilla":null,"localizacion_latitud_punto_de_entrega_de_semilla":null,"localizacion_altitud":null,"localizacion_longitud":null,"localizacion_latitud":null,"fecha_de_siembra":null,"fecha_de_cosecha":null,"peso_de_toda_la_cosecha_de_la_variedad_a_en_kg":null,"peso_de_toda_la_cosecha_de_la_variedad_b_en_kg":null,"peso_de_toda_la_cosecha_de_la_variedad_c_en_kg":null,"de_las_3_variedades_cual_le_gustaria_cultivar_de_nuevo":null,"codigo_paquetes":null,"caracteristica_1":"Vigor(follage)-(A/B/C)","mejor_variedad_1":null,"peor_variedad_1":null,"caracteristica_2":"Porte(altura)-(A/B/C)","mejor_variedad_2":null,"peor_variedad_2":null,"caracteristica_3":"Maduración_más_rápida-(A/B/C)","mejor_variedad_3":null,"peor_variedad_3":null,"caracteristica_4":"Resistencia_a_enfermedades-(A/B/C)","mejor_variedad_4":null,"peor_variedad_4":null,"caracteristica_5":"Resistencia_a_la_sequía-(A/B/C)","mejor_variedad_5":null,"peor_variedad_5":null,"caracteristica_6":"Rendimiento-(A/B/C)","mejor_variedad_6":null,"peor_variedad_6":null,"caracteristica_7":"Consumo(sabor)-(A/B/C)","mejor_variedad_7":null,"peor_variedad_7":null,"caracteristica_8":"aspecto_de_mazorca-(A/B/C)","mejor_variedad_8":null,"peor_variedad_8":null,"caracteristica_9":"aspecto_de_grano-(A/B/C)","mejor_variedad_9":null,"peor_variedad_9":null,"caracteristica_10":"Desempeño_general-(A/B/C)","mejor_variedad_10":null,"peor_variedad_10":null,"caracteristica_11":"Desempeño_general_VS_Local-(Mejor/Peor)","variedad_a_11":null,"variedad_b_11":null,"variedad_c_11":null,"evaluacion":null},
{"observadores":"variedades_huistas_11","nombre_usuario":null,"nombre_familiar":null,"pueblo":null,"region":null,"telefono":null,"genero":null,"edad":null,"localizacion_longitud_punto_de_entrega_de_semilla":null,"localizacion_latitud_punto_de_entrega_de_semilla":null,"localizacion_altitud":null,"localizacion_longitud":null,"localizacion_latitud":null,"fecha_de_siembra":null,"fecha_de_cosecha":null,"peso_de_toda_la_cosecha_de_la_variedad_a_en_kg":null,"peso_de_toda_la_cosecha_de_la_variedad_b_en_kg":null,"peso_de_toda_la_cosecha_de_la_variedad_c_en_kg":null,"de_las_3_variedades_cual_le_gustaria_cultivar_de_nuevo":null,"codigo_paquetes":null,"caracteristica_1":"Vigor(follage)-(A/B/C)","mejor_variedad_1":null,"peor_variedad_1":null,"caracteristica_2":"Porte(altura)-(A/B/C)","mejor_variedad_2":null,"peor_variedad_2":null,"caracteristica_3":"Maduración_más_rápida-(A/B/C)","mejor_variedad_3":null,"peor_variedad_3":null,"caracteristica_4":"Resistencia_a_enfermedades-(A/B/C)","mejor_variedad_4":null,"peor_variedad_4":null,"caracteristica_5":"Resistencia_a_la_sequía-(A/B/C)","mejor_variedad_5":null,"peor_variedad_5":null,"caracteristica_6":"Rendimiento-(A/B/C)","mejor_variedad_6":null,"peor_variedad_6":null,"caracteristica_7":"Consumo(sabor)-(A/B/C)","mejor_variedad_7":null,"peor_variedad_7":null,"caracteristica_8":"aspecto_de_mazorca-(A/B/C)","mejor_variedad_8":null,"peor_variedad_8":null,"caracteristica_9":"aspecto_de_grano-(A/B/C)","mejor_variedad_9":null,"peor_variedad_9":null,"caracteristica_10":"Desempeño_general-(A/B/C)","mejor_variedad_10":null,"peor_variedad_10":null,"caracteristica_11":"Desempeño_general_VS_Local-(Mejor/Peor)","variedad_a_11":null,"variedad_b_11":null,"variedad_c_11":null,"evaluacion":null},
{"observadores":"variedades_huistas_12","nombre_usuario":null,"nombre_familiar":null,"pueblo":null,"region":null,"telefono":null,"genero":null,"edad":null,"localizacion_longitud_punto_de_entrega_de_semilla":null,"localizacion_latitud_punto_de_entrega_de_semilla":null,"localizacion_altitud":null,"localizacion_longitud":null,"localizacion_latitud":null,"fecha_de_siembra":null,"fecha_de_cosecha":null,"peso_de_toda_la_cosecha_de_la_variedad_a_en_kg":null,"peso_de_toda_la_cosecha_de_la_variedad_b_en_kg":null,"peso_de_toda_la_cosecha_de_la_variedad_c_en_kg":null,"de_las_3_variedades_cual_le_gustaria_cultivar_de_nuevo":null,"codigo_paquetes":null,"caracteristica_1":"Vigor(follage)-(A/B/C)","mejor_variedad_1":null,"peor_variedad_1":null,"caracteristica_2":"Porte(altura)-(A/B/C)","mejor_variedad_2":null,"peor_variedad_2":null,"caracteristica_3":"Maduración_más_rápida-(A/B/C)","mejor_variedad_3":null,"peor_variedad_3":null,"caracteristica_4":"Resistencia_a_enfermedades-(A/B/C)","mejor_variedad_4":null,"peor_variedad_4":null,"caracteristica_5":"Resistencia_a_la_sequía-(A/B/C)","mejor_variedad_5":null,"peor_variedad_5":null,"caracteristica_6":"Rendimiento-(A/B/C)","mejor_variedad_6":null,"peor_variedad_6":null,"caracteristica_7":"Consumo(sabor)-(A/B/C)","mejor_variedad_7":null,"peor_variedad_7":null,"caracteristica_8":"aspecto_de_mazorca-(A/B/C)","mejor_variedad_8":null,"peor_variedad_8":null,"caracteristica_9":"aspecto_de_grano-(A/B/C)","mejor_variedad_9":null,"peor_variedad_9":null,"caracteristica_10":"Desempeño_general-(A/B/C)","mejor_variedad_10":null,"peor_variedad_10":null,"caracteristica_11":"Desempeño_general_VS_Local-(Mejor/Peor)","variedad_a_11":null,"variedad_b_11":null,"variedad_c_11":null,"evaluacion":null},
{"observadores":"variedades_huistas_13","nombre_usuario":null,"nombre_familiar":null,"pueblo":null,"region":null,"telefono":null,"genero":null,"edad":null,"localizacion_longitud_punto_de_entrega_de_semilla":null,"localizacion_latitud_punto_de_entrega_de_semilla":null,"localizacion_altitud":null,"localizacion_longitud":null,"localizacion_latitud":null,"fecha_de_siembra":null,"fecha_de_cosecha":null,"peso_de_toda_la_cosecha_de_la_variedad_a_en_kg":null,"peso_de_toda_la_cosecha_de_la_variedad_b_en_kg":null,"peso_de_toda_la_cosecha_de_la_variedad_c_en_kg":null,"de_las_3_variedades_cual_le_gustaria_cultivar_de_nuevo":null,"codigo_paquetes":null,"caracteristica_1":"Vigor(follage)-(A/B/C)","mejor_variedad_1":null,"peor_variedad_1":null,"caracteristica_2":"Porte(altura)-(A/B/C)","mejor_variedad_2":null,"peor_variedad_2":null,"caracteristica_3":"Maduración_más_rápida-(A/B/C)","mejor_variedad_3":null,"peor_variedad_3":null,"caracteristica_4":"Resistencia_a_enfermedades-(A/B/C)","mejor_variedad_4":null,"peor_variedad_4":null,"caracteristica_5":"Resistencia_a_la_sequía-(A/B/C)","mejor_variedad_5":null,"peor_variedad_5":null,"caracteristica_6":"Rendimiento-(A/B/C)","mejor_variedad_6":null,"peor_variedad_6":null,"caracteristica_7":"Consumo(sabor)-(A/B/C)","mejor_variedad_7":null,"peor_variedad_7":null,"caracteristica_8":"aspecto_de_mazorca-(A/B/C)","mejor_variedad_8":null,"peor_variedad_8":null,"caracteristica_9":"aspecto_de_grano-(A/B/C)","mejor_variedad_9":null,"peor_variedad_9":null,"caracteristica_10":"Desempeño_general-(A/B/C)","mejor_variedad_10":null,"peor_variedad_10":null,"caracteristica_11":"Desempeño_general_VS_Local-(Mejor/Peor)","variedad_a_11":null,"variedad_b_11":null,"variedad_c_11":null,"evaluacion":null},
{"observadores":"variedades_huistas_14","nombre_usuario":null,"nombre_familiar":null,"pueblo":null,"region":null,"telefono":null,"genero":null,"edad":null,"localizacion_longitud_punto_de_entrega_de_semilla":null,"localizacion_latitud_punto_de_entrega_de_semilla":null,"localizacion_altitud":null,"localizacion_longitud":null,"localizacion_latitud":null,"fecha_de_siembra":null,"fecha_de_cosecha":null,"peso_de_toda_la_cosecha_de_la_variedad_a_en_kg":null,"peso_de_toda_la_cosecha_de_la_variedad_b_en_kg":null,"peso_de_toda_la_cosecha_de_la_variedad_c_en_kg":null,"de_las_3_variedades_cual_le_gustaria_cultivar_de_nuevo":null,"codigo_paquetes":null,"caracteristica_1":"Vigor(follage)-(A/B/C)","mejor_variedad_1":null,"peor_variedad_1":null,"caracteristica_2":"Porte(altura)-(A/B/C)","mejor_variedad_2":null,"peor_variedad_2":null,"caracteristica_3":"Maduración_más_rápida-(A/B/C)","mejor_variedad_3":null,"peor_variedad_3":null,"caracteristica_4":"Resistencia_a_enfermedades-(A/B/C)","mejor_variedad_4":null,"peor_variedad_4":null,"caracteristica_5":"Resistencia_a_la_sequía-(A/B/C)","mejor_variedad_5":null,"peor_variedad_5":null,"caracteristica_6":"Rendimiento-(A/B/C)","mejor_variedad_6":null,"peor_variedad_6":null,"caracteristica_7":"Consumo(sabor)-(A/B/C)","mejor_variedad_7":null,"peor_variedad_7":null,"caracteristica_8":"aspecto_de_mazorca-(A/B/C)","mejor_variedad_8":null,"peor_variedad_8":null,"caracteristica_9":"aspecto_de_grano-(A/B/C)","mejor_variedad_9":null,"peor_variedad_9":null,"caracteristica_10":"Desempeño_general-(A/B/C)","mejor_variedad_10":null,"peor_variedad_10":null,"caracteristica_11":"Desempeño_general_VS_Local-(Mejor/Peor)","variedad_a_11":null,"variedad_b_11":null,"variedad_c_11":null,"evaluacion":null},
{"observadores":"variedades_huistas_15","nombre_usuario":null,"nombre_familiar":null,"pueblo":null,"region":null,"telefono":null,"genero":null,"edad":null,"localizacion_longitud_punto_de_entrega_de_semilla":null,"localizacion_latitud_punto_de_entrega_de_semilla":null,"localizacion_altitud":null,"localizacion_longitud":null,"localizacion_latitud":null,"fecha_de_siembra":null,"fecha_de_cosecha":null,"peso_de_toda_la_cosecha_de_la_variedad_a_en_kg":null,"peso_de_toda_la_cosecha_de_la_variedad_b_en_kg":null,"peso_de_toda_la_cosecha_de_la_variedad_c_en_kg":null,"de_las_3_variedades_cual_le_gustaria_cultivar_de_nuevo":null,"codigo_paquetes":null,"caracteristica_1":"Vigor(follage)-(A/B/C)","mejor_variedad_1":null,"peor_variedad_1":null,"caracteristica_2":"Porte(altura)-(A/B/C)","mejor_variedad_2":null,"peor_variedad_2":null,"caracteristica_3":"Maduración_más_rápida-(A/B/C)","mejor_variedad_3":null,"peor_variedad_3":null,"caracteristica_4":"Resistencia_a_enfermedades-(A/B/C)","mejor_variedad_4":null,"peor_variedad_4":null,"caracteristica_5":"Resistencia_a_la_sequía-(A/B/C)","mejor_variedad_5":null,"peor_variedad_5":null,"caracteristica_6":"Rendimiento-(A/B/C)","mejor_variedad_6":null,"peor_variedad_6":null,"caracteristica_7":"Consumo(sabor)-(A/B/C)","mejor_variedad_7":null,"peor_variedad_7":null,"caracteristica_8":"aspecto_de_mazorca-(A/B/C)","mejor_variedad_8":null,"peor_variedad_8":null,"caracteristica_9":"aspecto_de_grano-(A/B/C)","mejor_variedad_9":null,"peor_variedad_9":null,"caracteristica_10":"Desempeño_general-(A/B/C)","mejor_variedad_10":null,"peor_variedad_10":null,"caracteristica_11":"Desempeño_general_VS_Local-(Mejor/Peor)","variedad_a_11":null,"variedad_b_11":null,"variedad_c_11":null,"evaluacion":null},
{"observadores":"variedades_huistas_16","nombre_usuario":null,"nombre_familiar":null,"pueblo":null,"region":null,"telefono":null,"genero":null,"edad":null,"localizacion_longitud_punto_de_entrega_de_semilla":null,"localizacion_latitud_punto_de_entrega_de_semilla":null,"localizacion_altitud":null,"localizacion_longitud":null,"localizacion_latitud":null,"fecha_de_siembra":null,"fecha_de_cosecha":null,"peso_de_toda_la_cosecha_de_la_variedad_a_en_kg":null,"peso_de_toda_la_cosecha_de_la_variedad_b_en_kg":null,"peso_de_toda_la_cosecha_de_la_variedad_c_en_kg":null,"de_las_3_variedades_cual_le_gustaria_cultivar_de_nuevo":null,"codigo_paquetes":null,"caracteristica_1":"Vigor(follage)-(A/B/C)","mejor_variedad_1":null,"peor_variedad_1":null,"caracteristica_2":"Porte(altura)-(A/B/C)","mejor_variedad_2":null,"peor_variedad_2":null,"caracteristica_3":"Maduración_más_rápida-(A/B/C)","mejor_variedad_3":null,"peor_variedad_3":null,"caracteristica_4":"Resistencia_a_enfermedades-(A/B/C)","mejor_variedad_4":null,"peor_variedad_4":null,"caracteristica_5":"Resistencia_a_la_sequía-(A/B/C)","mejor_variedad_5":null,"peor_variedad_5":null,"caracteristica_6":"Rendimiento-(A/B/C)","mejor_variedad_6":null,"peor_variedad_6":null,"caracteristica_7":"Consumo(sabor)-(A/B/C)","mejor_variedad_7":null,"peor_variedad_7":null,"caracteristica_8":"aspecto_de_mazorca-(A/B/C)","mejor_variedad_8":null,"peor_variedad_8":null,"caracteristica_9":"aspecto_de_grano-(A/B/C)","mejor_variedad_9":null,"peor_variedad_9":null,"caracteristica_10":"Desempeño_general-(A/B/C)","mejor_variedad_10":null,"peor_variedad_10":null,"caracteristica_11":"Desempeño_general_VS_Local-(Mejor/Peor)","variedad_a_11":null,"variedad_b_11":null,"variedad_c_11":null,"evaluacion":null},
{"observadores":"variedades_huistas_17","nombre_usuario":null,"nombre_familiar":null,"pueblo":null,"region":null,"telefono":null,"genero":null,"edad":null,"localizacion_longitud_punto_de_entrega_de_semilla":null,"localizacion_latitud_punto_de_entrega_de_semilla":null,"localizacion_altitud":null,"localizacion_longitud":null,"localizacion_latitud":null,"fecha_de_siembra":null,"fecha_de_cosecha":null,"peso_de_toda_la_cosecha_de_la_variedad_a_en_kg":null,"peso_de_toda_la_cosecha_de_la_variedad_b_en_kg":null,"peso_de_toda_la_cosecha_de_la_variedad_c_en_kg":null,"de_las_3_variedades_cual_le_gustaria_cultivar_de_nuevo":null,"codigo_paquetes":null,"caracteristica_1":"Vigor(follage)-(A/B/C)","mejor_variedad_1":null,"peor_variedad_1":null,"caracteristica_2":"Porte(altura)-(A/B/C)","mejor_variedad_2":null,"peor_variedad_2":null,"caracteristica_3":"Maduración_más_rápida-(A/B/C)","mejor_variedad_3":null,"peor_variedad_3":null,"caracteristica_4":"Resistencia_a_enfermedades-(A/B/C)","mejor_variedad_4":null,"peor_variedad_4":null,"caracteristica_5":"Resistencia_a_la_sequía-(A/B/C)","mejor_variedad_5":null,"peor_variedad_5":null,"caracteristica_6":"Rendimiento-(A/B/C)","mejor_variedad_6":null,"peor_variedad_6":null,"caracteristica_7":"Consumo(sabor)-(A/B/C)","mejor_variedad_7":null,"peor_variedad_7":null,"caracteristica_8":"aspecto_de_mazorca-(A/B/C)","mejor_variedad_8":null,"peor_variedad_8":null,"caracteristica_9":"aspecto_de_grano-(A/B/C)","mejor_variedad_9":null,"peor_variedad_9":null,"caracteristica_10":"Desempeño_general-(A/B/C)","mejor_variedad_10":null,"peor_variedad_10":null,"caracteristica_11":"Desempeño_general_VS_Local-(Mejor/Peor)","variedad_a_11":null,"variedad_b_11":null,"variedad_c_11":null,"evaluacion":null},
{"observadores":"variedades_huistas_18","nombre_usuario":null,"nombre_familiar":null,"pueblo":null,"region":null,"telefono":null,"genero":null,"edad":null,"localizacion_longitud_punto_de_entrega_de_semilla":null,"localizacion_latitud_punto_de_entrega_de_semilla":null,"localizacion_altitud":null,"localizacion_longitud":null,"localizacion_latitud":null,"fecha_de_siembra":null,"fecha_de_cosecha":null,"peso_de_toda_la_cosecha_de_la_variedad_a_en_kg":null,"peso_de_toda_la_cosecha_de_la_variedad_b_en_kg":null,"peso_de_toda_la_cosecha_de_la_variedad_c_en_kg":null,"de_las_3_variedades_cual_le_gustaria_cultivar_de_nuevo":null,"codigo_paquetes":null,"caracteristica_1":"Vigor(follage)-(A/B/C)","mejor_variedad_1":null,"peor_variedad_1":null,"caracteristica_2":"Porte(altura)-(A/B/C)","mejor_variedad_2":null,"peor_variedad_2":null,"caracteristica_3":"Maduración_más_rápida-(A/B/C)","mejor_variedad_3":null,"peor_variedad_3":null,"caracteristica_4":"Resistencia_a_enfermedades-(A/B/C)","mejor_variedad_4":null,"peor_variedad_4":null,"caracteristica_5":"Resistencia_a_la_sequía-(A/B/C)","mejor_variedad_5":null,"peor_variedad_5":null,"caracteristica_6":"Rendimiento-(A/B/C)","mejor_variedad_6":null,"peor_variedad_6":null,"caracteristica_7":"Consumo(sabor)-(A/B/C)","mejor_variedad_7":null,"peor_variedad_7":null,"caracteristica_8":"aspecto_de_mazorca-(A/B/C)","mejor_variedad_8":null,"peor_variedad_8":null,"caracteristica_9":"aspecto_de_grano-(A/B/C)","mejor_variedad_9":null,"peor_variedad_9":null,"caracteristica_10":"Desempeño_general-(A/B/C)","mejor_variedad_10":null,"peor_variedad_10":null,"caracteristica_11":"Desempeño_general_VS_Local-(Mejor/Peor)","variedad_a_11":null,"variedad_b_11":null,"variedad_c_11":null,"evaluacion":null},
{"observadores":"variedades_huistas_19","nombre_usuario":null,"nombre_familiar":null,"pueblo":null,"region":null,"telefono":null,"genero":null,"edad":null,"localizacion_longitud_punto_de_entrega_de_semilla":null,"localizacion_latitud_punto_de_entrega_de_semilla":null,"localizacion_altitud":null,"localizacion_longitud":null,"localizacion_latitud":null,"fecha_de_siembra":null,"fecha_de_cosecha":null,"peso_de_toda_la_cosecha_de_la_variedad_a_en_kg":null,"peso_de_toda_la_cosecha_de_la_variedad_b_en_kg":null,"peso_de_toda_la_cosecha_de_la_variedad_c_en_kg":null,"de_las_3_variedades_cual_le_gustaria_cultivar_de_nuevo":null,"codigo_paquetes":null,"caracteristica_1":"Vigor(follage)-(A/B/C)","mejor_variedad_1":null,"peor_variedad_1":null,"caracteristica_2":"Porte(altura)-(A/B/C)","mejor_variedad_2":null,"peor_variedad_2":null,"caracteristica_3":"Maduración_más_rápida-(A/B/C)","mejor_variedad_3":null,"peor_variedad_3":null,"caracteristica_4":"Resistencia_a_enfermedades-(A/B/C)","mejor_variedad_4":null,"peor_variedad_4":null,"caracteristica_5":"Resistencia_a_la_sequía-(A/B/C)","mejor_variedad_5":null,"peor_variedad_5":null,"caracteristica_6":"Rendimiento-(A/B/C)","mejor_variedad_6":null,"peor_variedad_6":null,"caracteristica_7":"Consumo(sabor)-(A/B/C)","mejor_variedad_7":null,"peor_variedad_7":null,"caracteristica_8":"aspecto_de_mazorca-(A/B/C)","mejor_variedad_8":null,"peor_variedad_8":null,"caracteristica_9":"aspecto_de_grano-(A/B/C)","mejor_variedad_9":null,"peor_variedad_9":null,"caracteristica_10":"Desempeño_general-(A/B/C)","mejor_variedad_10":null,"peor_variedad_10":null,"caracteristica_11":"Desempeño_general_VS_Local-(Mejor/Peor)","variedad_a_11":null,"variedad_b_11":null,"variedad_c_11":null,"evaluacion":null},
{"observadores":"variedades_huistas_2","nombre_usuario":null,"nombre_familiar":null,"pueblo":null,"region":null,"telefono":null,"genero":null,"edad":null,"localizacion_longitud_punto_de_entrega_de_semilla":null,"localizacion_latitud_punto_de_entrega_de_semilla":null,"localizacion_altitud":null,"localizacion_longitud":null,"localizacion_latitud":null,"fecha_de_siembra":null,"fecha_de_cosecha":null,"peso_de_toda_la_cosecha_de_la_variedad_a_en_kg":null,"peso_de_toda_la_cosecha_de_la_variedad_b_en_kg":null,"peso_de_toda_la_cosecha_de_la_variedad_c_en_kg":null,"de_las_3_variedades_cual_le_gustaria_cultivar_de_nuevo":null,"codigo_paquetes":null,"caracteristica_1":"Vigor(follage)-(A/B/C)","mejor_variedad_1":null,"peor_variedad_1":null,"caracteristica_2":"Porte(altura)-(A/B/C)","mejor_variedad_2":null,"peor_variedad_2":null,"caracteristica_3":"Maduración_más_rápida-(A/B/C)","mejor_variedad_3":null,"peor_variedad_3":null,"caracteristica_4":"Resistencia_a_enfermedades-(A/B/C)","mejor_variedad_4":null,"peor_variedad_4":null,"caracteristica_5":"Resistencia_a_la_sequía-(A/B/C)","mejor_variedad_5":null,"peor_variedad_5":null,"caracteristica_6":"Rendimiento-(A/B/C)","mejor_variedad_6":null,"peor_variedad_6":null,"caracteristica_7":"Consumo(sabor)-(A/B/C)","mejor_variedad_7":null,"peor_variedad_7":null,"caracteristica_8":"aspecto_de_mazorca-(A/B/C)","mejor_variedad_8":null,"peor_variedad_8":null,"caracteristica_9":"aspecto_de_grano-(A/B/C)","mejor_variedad_9":null,"peor_variedad_9":null,"caracteristica_10":"Desempeño_general-(A/B/C)","mejor_variedad_10":null,"peor_variedad_10":null,"caracteristica_11":"Desempeño_general_VS_Local-(Mejor/Peor)","variedad_a_11":null,"variedad_b_11":null,"variedad_c_11":null,"evaluacion":null},
{"observadores":"variedades_huistas_20","nombre_usuario":null,"nombre_familiar":null,"pueblo":null,"region":null,"telefono":null,"genero":null,"edad":null,"localizacion_longitud_punto_de_entrega_de_semilla":null,"localizacion_latitud_punto_de_entrega_de_semilla":null,"localizacion_altitud":null,"localizacion_longitud":null,"localizacion_latitud":null,"fecha_de_siembra":null,"fecha_de_cosecha":null,"peso_de_toda_la_cosecha_de_la_variedad_a_en_kg":null,"peso_de_toda_la_cosecha_de_la_variedad_b_en_kg":null,"peso_de_toda_la_cosecha_de_la_variedad_c_en_kg":null,"de_las_3_variedades_cual_le_gustaria_cultivar_de_nuevo":null,"codigo_paquetes":null,"caracteristica_1":"Vigor(follage)-(A/B/C)","mejor_variedad_1":null,"peor_variedad_1":null,"caracteristica_2":"Porte(altura)-(A/B/C)","mejor_variedad_2":null,"peor_variedad_2":null,"caracteristica_3":"Maduración_más_rápida-(A/B/C)","mejor_variedad_3":null,"peor_variedad_3":null,"caracteristica_4":"Resistencia_a_enfermedades-(A/B/C)","mejor_variedad_4":null,"peor_variedad_4":null,"caracteristica_5":"Resistencia_a_la_sequía-(A/B/C)","mejor_variedad_5":null,"peor_variedad_5":null,"caracteristica_6":"Rendimiento-(A/B/C)","mejor_variedad_6":null,"peor_variedad_6":null,"caracteristica_7":"Consumo(sabor)-(A/B/C)","mejor_variedad_7":null,"peor_variedad_7":null,"caracteristica_8":"aspecto_de_mazorca-(A/B/C)","mejor_variedad_8":null,"peor_variedad_8":null,"caracteristica_9":"aspecto_de_grano-(A/B/C)","mejor_variedad_9":null,"peor_variedad_9":null,"caracteristica_10":"Desempeño_general-(A/B/C)","mejor_variedad_10":null,"peor_variedad_10":null,"caracteristica_11":"Desempeño_general_VS_Local-(Mejor/Peor)","variedad_a_11":null,"variedad_b_11":null,"variedad_c_11":null,"evaluacion":null},
{"observadores":"variedades_huistas_21","nombre_usuario":null,"nombre_familiar":null,"pueblo":null,"region":null,"telefono":null,"genero":null,"edad":null,"localizacion_longitud_punto_de_entrega_de_semilla":null,"localizacion_latitud_punto_de_entrega_de_semilla":null,"localizacion_altitud":null,"localizacion_longitud":null,"localizacion_latitud":null,"fecha_de_siembra":null,"fecha_de_cosecha":null,"peso_de_toda_la_cosecha_de_la_variedad_a_en_kg":null,"peso_de_toda_la_cosecha_de_la_variedad_b_en_kg":null,"peso_de_toda_la_cosecha_de_la_variedad_c_en_kg":null,"de_las_3_variedades_cual_le_gustaria_cultivar_de_nuevo":null,"codigo_paquetes":null,"caracteristica_1":"Vigor(follage)-(A/B/C)","mejor_variedad_1":null,"peor_variedad_1":null,"caracteristica_2":"Porte(altura)-(A/B/C)","mejor_variedad_2":null,"peor_variedad_2":null,"caracteristica_3":"Maduración_más_rápida-(A/B/C)","mejor_variedad_3":null,"peor_variedad_3":null,"caracteristica_4":"Resistencia_a_enfermedades-(A/B/C)","mejor_variedad_4":null,"peor_variedad_4":null,"caracteristica_5":"Resistencia_a_la_sequía-(A/B/C)","mejor_variedad_5":null,"peor_variedad_5":null,"caracteristica_6":"Rendimiento-(A/B/C)","mejor_variedad_6":null,"peor_variedad_6":null,"caracteristica_7":"Consumo(sabor)-(A/B/C)","mejor_variedad_7":null,"peor_variedad_7":null,"caracteristica_8":"aspecto_de_mazorca-(A/B/C)","mejor_variedad_8":null,"peor_variedad_8":null,"caracteristica_9":"aspecto_de_grano-(A/B/C)","mejor_variedad_9":null,"peor_variedad_9":null,"caracteristica_10":"Desempeño_general-(A/B/C)","mejor_variedad_10":null,"peor_variedad_10":null,"caracteristica_11":"Desempeño_general_VS_Local-(Mejor/Peor)","variedad_a_11":null,"variedad_b_11":null,"variedad_c_11":null,"evaluacion":null},
{"observadores":"variedades_huistas_22","nombre_usuario":null,"nombre_familiar":null,"pueblo":null,"region":null,"telefono":null,"genero":null,"edad":null,"localizacion_longitud_punto_de_entrega_de_semilla":null,"localizacion_latitud_punto_de_entrega_de_semilla":null,"localizacion_altitud":null,"localizacion_longitud":null,"localizacion_latitud":null,"fecha_de_siembra":null,"fecha_de_cosecha":null,"peso_de_toda_la_cosecha_de_la_variedad_a_en_kg":null,"peso_de_toda_la_cosecha_de_la_variedad_b_en_kg":null,"peso_de_toda_la_cosecha_de_la_variedad_c_en_kg":null,"de_las_3_variedades_cual_le_gustaria_cultivar_de_nuevo":null,"codigo_paquetes":null,"caracteristica_1":"Vigor(follage)-(A/B/C)","mejor_variedad_1":null,"peor_variedad_1":null,"caracteristica_2":"Porte(altura)-(A/B/C)","mejor_variedad_2":null,"peor_variedad_2":null,"caracteristica_3":"Maduración_más_rápida-(A/B/C)","mejor_variedad_3":null,"peor_variedad_3":null,"caracteristica_4":"Resistencia_a_enfermedades-(A/B/C)","mejor_variedad_4":null,"peor_variedad_4":null,"caracteristica_5":"Resistencia_a_la_sequía-(A/B/C)","mejor_variedad_5":null,"peor_variedad_5":null,"caracteristica_6":"Rendimiento-(A/B/C)","mejor_variedad_6":null,"peor_variedad_6":null,"caracteristica_7":"Consumo(sabor)-(A/B/C)","mejor_variedad_7":null,"peor_variedad_7":null,"caracteristica_8":"aspecto_de_mazorca-(A/B/C)","mejor_variedad_8":null,"peor_variedad_8":null,"caracteristica_9":"aspecto_de_grano-(A/B/C)","mejor_variedad_9":null,"peor_variedad_9":null,"caracteristica_10":"Desempeño_general-(A/B/C)","mejor_variedad_10":null,"peor_variedad_10":null,"caracteristica_11":"Desempeño_general_VS_Local-(Mejor/Peor)","variedad_a_11":null,"variedad_b_11":null,"variedad_c_11":null,"evaluacion":null},
{"observadores":"variedades_huistas_23","nombre_usuario":null,"nombre_familiar":null,"pueblo":null,"region":null,"telefono":null,"genero":null,"edad":null,"localizacion_longitud_punto_de_entrega_de_semilla":null,"localizacion_latitud_punto_de_entrega_de_semilla":null,"localizacion_altitud":null,"localizacion_longitud":null,"localizacion_latitud":null,"fecha_de_siembra":null,"fecha_de_cosecha":null,"peso_de_toda_la_cosecha_de_la_variedad_a_en_kg":null,"peso_de_toda_la_cosecha_de_la_variedad_b_en_kg":null,"peso_de_toda_la_cosecha_de_la_variedad_c_en_kg":null,"de_las_3_variedades_cual_le_gustaria_cultivar_de_nuevo":null,"codigo_paquetes":null,"caracteristica_1":"Vigor(follage)-(A/B/C)","mejor_variedad_1":null,"peor_variedad_1":null,"caracteristica_2":"Porte(altura)-(A/B/C)","mejor_variedad_2":null,"peor_variedad_2":null,"caracteristica_3":"Maduración_más_rápida-(A/B/C)","mejor_variedad_3":null,"peor_variedad_3":null,"caracteristica_4":"Resistencia_a_enfermedades-(A/B/C)","mejor_variedad_4":null,"peor_variedad_4":null,"caracteristica_5":"Resistencia_a_la_sequía-(A/B/C)","mejor_variedad_5":null,"peor_variedad_5":null,"caracteristica_6":"Rendimiento-(A/B/C)","mejor_variedad_6":null,"peor_variedad_6":null,"caracteristica_7":"Consumo(sabor)-(A/B/C)","mejor_variedad_7":null,"peor_variedad_7":null,"caracteristica_8":"aspecto_de_mazorca-(A/B/C)","mejor_variedad_8":null,"peor_variedad_8":null,"caracteristica_9":"aspecto_de_grano-(A/B/C)","mejor_variedad_9":null,"peor_variedad_9":null,"caracteristica_10":"Desempeño_general-(A/B/C)","mejor_variedad_10":null,"peor_variedad_10":null,"caracteristica_11":"Desempeño_general_VS_Local-(Mejor/Peor)","variedad_a_11":null,"variedad_b_11":null,"variedad_c_11":null,"evaluacion":null},
{"observadores":"variedades_huistas_24","nombre_usuario":null,"nombre_familiar":null,"pueblo":null,"region":null,"telefono":null,"genero":null,"edad":null,"localizacion_longitud_punto_de_entrega_de_semilla":null,"localizacion_latitud_punto_de_entrega_de_semilla":null,"localizacion_altitud":null,"localizacion_longitud":null,"localizacion_latitud":null,"fecha_de_siembra":null,"fecha_de_cosecha":null,"peso_de_toda_la_cosecha_de_la_variedad_a_en_kg":null,"peso_de_toda_la_cosecha_de_la_variedad_b_en_kg":null,"peso_de_toda_la_cosecha_de_la_variedad_c_en_kg":null,"de_las_3_variedades_cual_le_gustaria_cultivar_de_nuevo":null,"codigo_paquetes":null,"caracteristica_1":"Vigor(follage)-(A/B/C)","mejor_variedad_1":null,"peor_variedad_1":null,"caracteristica_2":"Porte(altura)-(A/B/C)","mejor_variedad_2":null,"peor_variedad_2":null,"caracteristica_3":"Maduración_más_rápida-(A/B/C)","mejor_variedad_3":null,"peor_variedad_3":null,"caracteristica_4":"Resistencia_a_enfermedades-(A/B/C)","mejor_variedad_4":null,"peor_variedad_4":null,"caracteristica_5":"Resistencia_a_la_sequía-(A/B/C)","mejor_variedad_5":null,"peor_variedad_5":null,"caracteristica_6":"Rendimiento-(A/B/C)","mejor_variedad_6":null,"peor_variedad_6":null,"caracteristica_7":"Consumo(sabor)-(A/B/C)","mejor_variedad_7":null,"peor_variedad_7":null,"caracteristica_8":"aspecto_de_mazorca-(A/B/C)","mejor_variedad_8":null,"peor_variedad_8":null,"caracteristica_9":"aspecto_de_grano-(A/B/C)","mejor_variedad_9":null,"peor_variedad_9":null,"caracteristica_10":"Desempeño_general-(A/B/C)","mejor_variedad_10":null,"peor_variedad_10":null,"caracteristica_11":"Desempeño_general_VS_Local-(Mejor/Peor)","variedad_a_11":null,"variedad_b_11":null,"variedad_c_11":null,"evaluacion":null},
{"observadores":"variedades_huistas_25","nombre_usuario":null,"nombre_familiar":null,"pueblo":null,"region":null,"telefono":null,"genero":null,"edad":null,"localizacion_longitud_punto_de_entrega_de_semilla":null,"localizacion_latitud_punto_de_entrega_de_semilla":null,"localizacion_altitud":null,"localizacion_longitud":null,"localizacion_latitud":null,"fecha_de_siembra":null,"fecha_de_cosecha":null,"peso_de_toda_la_cosecha_de_la_variedad_a_en_kg":null,"peso_de_toda_la_cosecha_de_la_variedad_b_en_kg":null,"peso_de_toda_la_cosecha_de_la_variedad_c_en_kg":null,"de_las_3_variedades_cual_le_gustaria_cultivar_de_nuevo":null,"codigo_paquetes":null,"caracteristica_1":"Vigor(follage)-(A/B/C)","mejor_variedad_1":null,"peor_variedad_1":null,"caracteristica_2":"Porte(altura)-(A/B/C)","mejor_variedad_2":null,"peor_variedad_2":null,"caracteristica_3":"Maduración_más_rápida-(A/B/C)","mejor_variedad_3":null,"peor_variedad_3":null,"caracteristica_4":"Resistencia_a_enfermedades-(A/B/C)","mejor_variedad_4":null,"peor_variedad_4":null,"caracteristica_5":"Resistencia_a_la_sequía-(A/B/C)","mejor_variedad_5":null,"peor_variedad_5":null,"caracteristica_6":"Rendimiento-(A/B/C)","mejor_variedad_6":null,"peor_variedad_6":null,"caracteristica_7":"Consumo(sabor)-(A/B/C)","mejor_variedad_7":null,"peor_variedad_7":null,"caracteristica_8":"aspecto_de_mazorca-(A/B/C)","mejor_variedad_8":null,"peor_variedad_8":null,"caracteristica_9":"aspecto_de_grano-(A/B/C)","mejor_variedad_9":null,"peor_variedad_9":null,"caracteristica_10":"Desempeño_general-(A/B/C)","mejor_variedad_10":null,"peor_variedad_10":null,"caracteristica_11":"Desempeño_general_VS_Local-(Mejor/Peor)","variedad_a_11":null,"variedad_b_11":null,"variedad_c_11":null,"evaluacion":null},
{"observadores":"variedades_huistas_26","nombre_usuario":null,"nombre_familiar":null,"pueblo":null,"region":null,"telefono":null,"genero":null,"edad":null,"localizacion_longitud_punto_de_entrega_de_semilla":null,"localizacion_latitud_punto_de_entrega_de_semilla":null,"localizacion_altitud":null,"localizacion_longitud":null,"localizacion_latitud":null,"fecha_de_siembra":null,"fecha_de_cosecha":null,"peso_de_toda_la_cosecha_de_la_variedad_a_en_kg":null,"peso_de_toda_la_cosecha_de_la_variedad_b_en_kg":null,"peso_de_toda_la_cosecha_de_la_variedad_c_en_kg":null,"de_las_3_variedades_cual_le_gustaria_cultivar_de_nuevo":null,"codigo_paquetes":null,"caracteristica_1":"Vigor(follage)-(A/B/C)","mejor_variedad_1":null,"peor_variedad_1":null,"caracteristica_2":"Porte(altura)-(A/B/C)","mejor_variedad_2":null,"peor_variedad_2":null,"caracteristica_3":"Maduración_más_rápida-(A/B/C)","mejor_variedad_3":null,"peor_variedad_3":null,"caracteristica_4":"Resistencia_a_enfermedades-(A/B/C)","mejor_variedad_4":null,"peor_variedad_4":null,"caracteristica_5":"Resistencia_a_la_sequía-(A/B/C)","mejor_variedad_5":null,"peor_variedad_5":null,"caracteristica_6":"Rendimiento-(A/B/C)","mejor_variedad_6":null,"peor_variedad_6":null,"caracteristica_7":"Consumo(sabor)-(A/B/C)","mejor_variedad_7":null,"peor_variedad_7":null,"caracteristica_8":"aspecto_de_mazorca-(A/B/C)","mejor_variedad_8":null,"peor_variedad_8":null,"caracteristica_9":"aspecto_de_grano-(A/B/C)","mejor_variedad_9":null,"peor_variedad_9":null,"caracteristica_10":"Desempeño_general-(A/B/C)","mejor_variedad_10":null,"peor_variedad_10":null,"caracteristica_11":"Desempeño_general_VS_Local-(Mejor/Peor)","variedad_a_11":null,"variedad_b_11":null,"variedad_c_11":null,"evaluacion":null},
{"observadores":"variedades_huistas_27","nombre_usuario":null,"nombre_familiar":null,"pueblo":null,"region":null,"telefono":null,"genero":null,"edad":null,"localizacion_longitud_punto_de_entrega_de_semilla":null,"localizacion_latitud_punto_de_entrega_de_semilla":null,"localizacion_altitud":null,"localizacion_longitud":null,"localizacion_latitud":null,"fecha_de_siembra":null,"fecha_de_cosecha":null,"peso_de_toda_la_cosecha_de_la_variedad_a_en_kg":null,"peso_de_toda_la_cosecha_de_la_variedad_b_en_kg":null,"peso_de_toda_la_cosecha_de_la_variedad_c_en_kg":null,"de_las_3_variedades_cual_le_gustaria_cultivar_de_nuevo":null,"codigo_paquetes":null,"caracteristica_1":"Vigor(follage)-(A/B/C)","mejor_variedad_1":null,"peor_variedad_1":null,"caracteristica_2":"Porte(altura)-(A/B/C)","mejor_variedad_2":null,"peor_variedad_2":null,"caracteristica_3":"Maduración_más_rápida-(A/B/C)","mejor_variedad_3":null,"peor_variedad_3":null,"caracteristica_4":"Resistencia_a_enfermedades-(A/B/C)","mejor_variedad_4":null,"peor_variedad_4":null,"caracteristica_5":"Resistencia_a_la_sequía-(A/B/C)","mejor_variedad_5":null,"peor_variedad_5":null,"caracteristica_6":"Rendimiento-(A/B/C)","mejor_variedad_6":null,"peor_variedad_6":null,"caracteristica_7":"Consumo(sabor)-(A/B/C)","mejor_variedad_7":null,"peor_variedad_7":null,"caracteristica_8":"aspecto_de_mazorca-(A/B/C)","mejor_variedad_8":null,"peor_variedad_8":null,"caracteristica_9":"aspecto_de_grano-(A/B/C)","mejor_variedad_9":null,"peor_variedad_9":null,"caracteristica_10":"Desempeño_general-(A/B/C)","mejor_variedad_10":null,"peor_variedad_10":null,"caracteristica_11":"Desempeño_general_VS_Local-(Mejor/Peor)","variedad_a_11":null,"variedad_b_11":null,"variedad_c_11":null,"evaluacion":null},
{"observadores":"variedades_huistas_28","nombre_usuario":null,"nombre_familiar":null,"pueblo":null,"region":null,"telefono":null,"genero":null,"edad":null,"localizacion_longitud_punto_de_entrega_de_semilla":null,"localizacion_latitud_punto_de_entrega_de_semilla":null,"localizacion_altitud":null,"localizacion_longitud":null,"localizacion_latitud":null,"fecha_de_siembra":null,"fecha_de_cosecha":null,"peso_de_toda_la_cosecha_de_la_variedad_a_en_kg":null,"peso_de_toda_la_cosecha_de_la_variedad_b_en_kg":null,"peso_de_toda_la_cosecha_de_la_variedad_c_en_kg":null,"de_las_3_variedades_cual_le_gustaria_cultivar_de_nuevo":null,"codigo_paquetes":null,"caracteristica_1":"Vigor(follage)-(A/B/C)","mejor_variedad_1":null,"peor_variedad_1":null,"caracteristica_2":"Porte(altura)-(A/B/C)","mejor_variedad_2":null,"peor_variedad_2":null,"caracteristica_3":"Maduración_más_rápida-(A/B/C)","mejor_variedad_3":null,"peor_variedad_3":null,"caracteristica_4":"Resistencia_a_enfermedades-(A/B/C)","mejor_variedad_4":null,"peor_variedad_4":null,"caracteristica_5":"Resistencia_a_la_sequía-(A/B/C)","mejor_variedad_5":null,"peor_variedad_5":null,"caracteristica_6":"Rendimiento-(A/B/C)","mejor_variedad_6":null,"peor_variedad_6":null,"caracteristica_7":"Consumo(sabor)-(A/B/C)","mejor_variedad_7":null,"peor_variedad_7":null,"caracteristica_8":"aspecto_de_mazorca-(A/B/C)","mejor_variedad_8":null,"peor_variedad_8":null,"caracteristica_9":"aspecto_de_grano-(A/B/C)","mejor_variedad_9":null,"peor_variedad_9":null,"caracteristica_10":"Desempeño_general-(A/B/C)","mejor_variedad_10":null,"peor_variedad_10":null,"caracteristica_11":"Desempeño_general_VS_Local-(Mejor/Peor)","variedad_a_11":null,"variedad_b_11":null,"variedad_c_11":null,"evaluacion":null},
{"observadores":"variedades_huistas_29","nombre_usuario":null,"nombre_familiar":null,"pueblo":null,"region":null,"telefono":null,"genero":null,"edad":null,"localizacion_longitud_punto_de_entrega_de_semilla":null,"localizacion_latitud_punto_de_entrega_de_semilla":null,"localizacion_altitud":null,"localizacion_longitud":null,"localizacion_latitud":null,"fecha_de_siembra":null,"fecha_de_cosecha":null,"peso_de_toda_la_cosecha_de_la_variedad_a_en_kg":null,"peso_de_toda_la_cosecha_de_la_variedad_b_en_kg":null,"peso_de_toda_la_cosecha_de_la_variedad_c_en_kg":null,"de_las_3_variedades_cual_le_gustaria_cultivar_de_nuevo":null,"codigo_paquetes":null,"caracteristica_1":"Vigor(follage)-(A/B/C)","mejor_variedad_1":null,"peor_variedad_1":null,"caracteristica_2":"Porte(altura)-(A/B/C)","mejor_variedad_2":null,"peor_variedad_2":null,"caracteristica_3":"Maduración_más_rápida-(A/B/C)","mejor_variedad_3":null,"peor_variedad_3":null,"caracteristica_4":"Resistencia_a_enfermedades-(A/B/C)","mejor_variedad_4":null,"peor_variedad_4":null,"caracteristica_5":"Resistencia_a_la_sequía-(A/B/C)","mejor_variedad_5":null,"peor_variedad_5":null,"caracteristica_6":"Rendimiento-(A/B/C)","mejor_variedad_6":null,"peor_variedad_6":null,"caracteristica_7":"Consumo(sabor)-(A/B/C)","mejor_variedad_7":null,"peor_variedad_7":null,"caracteristica_8":"aspecto_de_mazorca-(A/B/C)","mejor_variedad_8":null,"peor_variedad_8":null,"caracteristica_9":"aspecto_de_grano-(A/B/C)","mejor_variedad_9":null,"peor_variedad_9":null,"caracteristica_10":"Desempeño_general-(A/B/C)","mejor_variedad_10":null,"peor_variedad_10":null,"caracteristica_11":"Desempeño_general_VS_Local-(Mejor/Peor)","variedad_a_11":null,"variedad_b_11":null,"variedad_c_11":null,"evaluacion":null},
{"observadores":"variedades_huistas_3","nombre_usuario":null,"nombre_familiar":null,"pueblo":null,"region":null,"telefono":null,"genero":null,"edad":null,"localizacion_longitud_punto_de_entrega_de_semilla":null,"localizacion_latitud_punto_de_entrega_de_semilla":null,"localizacion_altitud":null,"localizacion_longitud":null,"localizacion_latitud":null,"fecha_de_siembra":null,"fecha_de_cosecha":null,"peso_de_toda_la_cosecha_de_la_variedad_a_en_kg":null,"peso_de_toda_la_cosecha_de_la_variedad_b_en_kg":null,"peso_de_toda_la_cosecha_de_la_variedad_c_en_kg":null,"de_las_3_variedades_cual_le_gustaria_cultivar_de_nuevo":null,"codigo_paquetes":null,"caracteristica_1":"Vigor(follage)-(A/B/C)","mejor_variedad_1":null,"peor_variedad_1":null,"caracteristica_2":"Porte(altura)-(A/B/C)","mejor_variedad_2":null,"peor_variedad_2":null,"caracteristica_3":"Maduración_más_rápida-(A/B/C)","mejor_variedad_3":null,"peor_variedad_3":null,"caracteristica_4":"Resistencia_a_enfermedades-(A/B/C)","mejor_variedad_4":null,"peor_variedad_4":null,"caracteristica_5":"Resistencia_a_la_sequía-(A/B/C)","mejor_variedad_5":null,"peor_variedad_5":null,"caracteristica_6":"Rendimiento-(A/B/C)","mejor_variedad_6":null,"peor_variedad_6":null,"caracteristica_7":"Consumo(sabor)-(A/B/C)","mejor_variedad_7":null,"peor_variedad_7":null,"caracteristica_8":"aspecto_de_mazorca-(A/B/C)","mejor_variedad_8":null,"peor_variedad_8":null,"caracteristica_9":"aspecto_de_grano-(A/B/C)","mejor_variedad_9":null,"peor_variedad_9":null,"caracteristica_10":"Desempeño_general-(A/B/C)","mejor_variedad_10":null,"peor_variedad_10":null,"caracteristica_11":"Desempeño_general_VS_Local-(Mejor/Peor)","variedad_a_11":null,"variedad_b_11":null,"variedad_c_11":null,"evaluacion":null},
{"observadores":"variedades_huistas_30","nombre_usuario":null,"nombre_familiar":null,"pueblo":null,"region":null,"telefono":null,"genero":null,"edad":null,"localizacion_longitud_punto_de_entrega_de_semilla":null,"localizacion_latitud_punto_de_entrega_de_semilla":null,"localizacion_altitud":null,"localizacion_longitud":null,"localizacion_latitud":null,"fecha_de_siembra":null,"fecha_de_cosecha":null,"peso_de_toda_la_cosecha_de_la_variedad_a_en_kg":null,"peso_de_toda_la_cosecha_de_la_variedad_b_en_kg":null,"peso_de_toda_la_cosecha_de_la_variedad_c_en_kg":null,"de_las_3_variedades_cual_le_gustaria_cultivar_de_nuevo":null,"codigo_paquetes":null,"caracteristica_1":"Vigor(follage)-(A/B/C)","mejor_variedad_1":null,"peor_variedad_1":null,"caracteristica_2":"Porte(altura)-(A/B/C)","mejor_variedad_2":null,"peor_variedad_2":null,"caracteristica_3":"Maduración_más_rápida-(A/B/C)","mejor_variedad_3":null,"peor_variedad_3":null,"caracteristica_4":"Resistencia_a_enfermedades-(A/B/C)","mejor_variedad_4":null,"peor_variedad_4":null,"caracteristica_5":"Resistencia_a_la_sequía-(A/B/C)","mejor_variedad_5":null,"peor_variedad_5":null,"caracteristica_6":"Rendimiento-(A/B/C)","mejor_variedad_6":null,"peor_variedad_6":null,"caracteristica_7":"Consumo(sabor)-(A/B/C)","mejor_variedad_7":null,"peor_variedad_7":null,"caracteristica_8":"aspecto_de_mazorca-(A/B/C)","mejor_variedad_8":null,"peor_variedad_8":null,"caracteristica_9":"aspecto_de_grano-(A/B/C)","mejor_variedad_9":null,"peor_variedad_9":null,"caracteristica_10":"Desempeño_general-(A/B/C)","mejor_variedad_10":null,"peor_variedad_10":null,"caracteristica_11":"Desempeño_general_VS_Local-(Mejor/Peor)","variedad_a_11":null,"variedad_b_11":null,"variedad_c_11":null,"evaluacion":null},
{"observadores":"variedades_huistas_31","nombre_usuario":null,"nombre_familiar":null,"pueblo":null,"region":null,"telefono":null,"genero":null,"edad":null,"localizacion_longitud_punto_de_entrega_de_semilla":null,"localizacion_latitud_punto_de_entrega_de_semilla":null,"localizacion_altitud":null,"localizacion_longitud":null,"localizacion_latitud":null,"fecha_de_siembra":null,"fecha_de_cosecha":null,"peso_de_toda_la_cosecha_de_la_variedad_a_en_kg":null,"peso_de_toda_la_cosecha_de_la_variedad_b_en_kg":null,"peso_de_toda_la_cosecha_de_la_variedad_c_en_kg":null,"de_las_3_variedades_cual_le_gustaria_cultivar_de_nuevo":null,"codigo_paquetes":null,"caracteristica_1":"Vigor(follage)-(A/B/C)","mejor_variedad_1":null,"peor_variedad_1":null,"caracteristica_2":"Porte(altura)-(A/B/C)","mejor_variedad_2":null,"peor_variedad_2":null,"caracteristica_3":"Maduración_más_rápida-(A/B/C)","mejor_variedad_3":null,"peor_variedad_3":null,"caracteristica_4":"Resistencia_a_enfermedades-(A/B/C)","mejor_variedad_4":null,"peor_variedad_4":null,"caracteristica_5":"Resistencia_a_la_sequía-(A/B/C)","mejor_variedad_5":null,"peor_variedad_5":null,"caracteristica_6":"Rendimiento-(A/B/C)","mejor_variedad_6":null,"peor_variedad_6":null,"caracteristica_7":"Consumo(sabor)-(A/B/C)","mejor_variedad_7":null,"peor_variedad_7":null,"caracteristica_8":"aspecto_de_mazorca-(A/B/C)","mejor_variedad_8":null,"peor_variedad_8":null,"caracteristica_9":"aspecto_de_grano-(A/B/C)","mejor_variedad_9":null,"peor_variedad_9":null,"caracteristica_10":"Desempeño_general-(A/B/C)","mejor_variedad_10":null,"peor_variedad_10":null,"caracteristica_11":"Desempeño_general_VS_Local-(Mejor/Peor)","variedad_a_11":null,"variedad_b_11":null,"variedad_c_11":null,"evaluacion":null},
{"observadores":"variedades_huistas_32","nombre_usuario":null,"nombre_familiar":null,"pueblo":null,"region":null,"telefono":null,"genero":null,"edad":null,"localizacion_longitud_punto_de_entrega_de_semilla":null,"localizacion_latitud_punto_de_entrega_de_semilla":null,"localizacion_altitud":null,"localizacion_longitud":null,"localizacion_latitud":null,"fecha_de_siembra":null,"fecha_de_cosecha":null,"peso_de_toda_la_cosecha_de_la_variedad_a_en_kg":null,"peso_de_toda_la_cosecha_de_la_variedad_b_en_kg":null,"peso_de_toda_la_cosecha_de_la_variedad_c_en_kg":null,"de_las_3_variedades_cual_le_gustaria_cultivar_de_nuevo":null,"codigo_paquetes":null,"caracteristica_1":"Vigor(follage)-(A/B/C)","mejor_variedad_1":null,"peor_variedad_1":null,"caracteristica_2":"Porte(altura)-(A/B/C)","mejor_variedad_2":null,"peor_variedad_2":null,"caracteristica_3":"Maduración_más_rápida-(A/B/C)","mejor_variedad_3":null,"peor_variedad_3":null,"caracteristica_4":"Resistencia_a_enfermedades-(A/B/C)","mejor_variedad_4":null,"peor_variedad_4":null,"caracteristica_5":"Resistencia_a_la_sequía-(A/B/C)","mejor_variedad_5":null,"peor_variedad_5":null,"caracteristica_6":"Rendimiento-(A/B/C)","mejor_variedad_6":null,"peor_variedad_6":null,"caracteristica_7":"Consumo(sabor)-(A/B/C)","mejor_variedad_7":null,"peor_variedad_7":null,"caracteristica_8":"aspecto_de_mazorca-(A/B/C)","mejor_variedad_8":null,"peor_variedad_8":null,"caracteristica_9":"aspecto_de_grano-(A/B/C)","mejor_variedad_9":null,"peor_variedad_9":null,"caracteristica_10":"Desempeño_general-(A/B/C)","mejor_variedad_10":null,"peor_variedad_10":null,"caracteristica_11":"Desempeño_general_VS_Local-(Mejor/Peor)","variedad_a_11":null,"variedad_b_11":null,"variedad_c_11":null,"evaluacion":null},
{"observadores":"variedades_huistas_33","nombre_usuario":null,"nombre_familiar":null,"pueblo":null,"region":null,"telefono":null,"genero":null,"edad":null,"localizacion_longitud_punto_de_entrega_de_semilla":null,"localizacion_latitud_punto_de_entrega_de_semilla":null,"localizacion_altitud":null,"localizacion_longitud":null,"localizacion_latitud":null,"fecha_de_siembra":null,"fecha_de_cosecha":null,"peso_de_toda_la_cosecha_de_la_variedad_a_en_kg":null,"peso_de_toda_la_cosecha_de_la_variedad_b_en_kg":null,"peso_de_toda_la_cosecha_de_la_variedad_c_en_kg":null,"de_las_3_variedades_cual_le_gustaria_cultivar_de_nuevo":null,"codigo_paquetes":null,"caracteristica_1":"Vigor(follage)-(A/B/C)","mejor_variedad_1":null,"peor_variedad_1":null,"caracteristica_2":"Porte(altura)-(A/B/C)","mejor_variedad_2":null,"peor_variedad_2":null,"caracteristica_3":"Maduración_más_rápida-(A/B/C)","mejor_variedad_3":null,"peor_variedad_3":null,"caracteristica_4":"Resistencia_a_enfermedades-(A/B/C)","mejor_variedad_4":null,"peor_variedad_4":null,"caracteristica_5":"Resistencia_a_la_sequía-(A/B/C)","mejor_variedad_5":null,"peor_variedad_5":null,"caracteristica_6":"Rendimiento-(A/B/C)","mejor_variedad_6":null,"peor_variedad_6":null,"caracteristica_7":"Consumo(sabor)-(A/B/C)","mejor_variedad_7":null,"peor_variedad_7":null,"caracteristica_8":"aspecto_de_mazorca-(A/B/C)","mejor_variedad_8":null,"peor_variedad_8":null,"caracteristica_9":"aspecto_de_grano-(A/B/C)","mejor_variedad_9":null,"peor_variedad_9":null,"caracteristica_10":"Desempeño_general-(A/B/C)","mejor_variedad_10":null,"peor_variedad_10":null,"caracteristica_11":"Desempeño_general_VS_Local-(Mejor/Peor)","variedad_a_11":null,"variedad_b_11":null,"variedad_c_11":null,"evaluacion":null},
{"observadores":"variedades_huistas_34","nombre_usuario":null,"nombre_familiar":null,"pueblo":null,"region":null,"telefono":null,"genero":null,"edad":null,"localizacion_longitud_punto_de_entrega_de_semilla":null,"localizacion_latitud_punto_de_entrega_de_semilla":null,"localizacion_altitud":null,"localizacion_longitud":null,"localizacion_latitud":null,"fecha_de_siembra":null,"fecha_de_cosecha":null,"peso_de_toda_la_cosecha_de_la_variedad_a_en_kg":null,"peso_de_toda_la_cosecha_de_la_variedad_b_en_kg":null,"peso_de_toda_la_cosecha_de_la_variedad_c_en_kg":null,"de_las_3_variedades_cual_le_gustaria_cultivar_de_nuevo":null,"codigo_paquetes":null,"caracteristica_1":"Vigor(follage)-(A/B/C)","mejor_variedad_1":null,"peor_variedad_1":null,"caracteristica_2":"Porte(altura)-(A/B/C)","mejor_variedad_2":null,"peor_variedad_2":null,"caracteristica_3":"Maduración_más_rápida-(A/B/C)","mejor_variedad_3":null,"peor_variedad_3":null,"caracteristica_4":"Resistencia_a_enfermedades-(A/B/C)","mejor_variedad_4":null,"peor_variedad_4":null,"caracteristica_5":"Resistencia_a_la_sequía-(A/B/C)","mejor_variedad_5":null,"peor_variedad_5":null,"caracteristica_6":"Rendimiento-(A/B/C)","mejor_variedad_6":null,"peor_variedad_6":null,"caracteristica_7":"Consumo(sabor)-(A/B/C)","mejor_variedad_7":null,"peor_variedad_7":null,"caracteristica_8":"aspecto_de_mazorca-(A/B/C)","mejor_variedad_8":null,"peor_variedad_8":null,"caracteristica_9":"aspecto_de_grano-(A/B/C)","mejor_variedad_9":null,"peor_variedad_9":null,"caracteristica_10":"Desempeño_general-(A/B/C)","mejor_variedad_10":null,"peor_variedad_10":null,"caracteristica_11":"Desempeño_general_VS_Local-(Mejor/Peor)","variedad_a_11":null,"variedad_b_11":null,"variedad_c_11":null,"evaluacion":null},
{"observadores":"variedades_huistas_35","nombre_usuario":null,"nombre_familiar":null,"pueblo":null,"region":null,"telefono":null,"genero":null,"edad":null,"localizacion_longitud_punto_de_entrega_de_semilla":null,"localizacion_latitud_punto_de_entrega_de_semilla":null,"localizacion_altitud":null,"localizacion_longitud":null,"localizacion_latitud":null,"fecha_de_siembra":null,"fecha_de_cosecha":null,"peso_de_toda_la_cosecha_de_la_variedad_a_en_kg":null,"peso_de_toda_la_cosecha_de_la_variedad_b_en_kg":null,"peso_de_toda_la_cosecha_de_la_variedad_c_en_kg":null,"de_las_3_variedades_cual_le_gustaria_cultivar_de_nuevo":null,"codigo_paquetes":null,"caracteristica_1":"Vigor(follage)-(A/B/C)","mejor_variedad_1":null,"peor_variedad_1":null,"caracteristica_2":"Porte(altura)-(A/B/C)","mejor_variedad_2":null,"peor_variedad_2":null,"caracteristica_3":"Maduración_más_rápida-(A/B/C)","mejor_variedad_3":null,"peor_variedad_3":null,"caracteristica_4":"Resistencia_a_enfermedades-(A/B/C)","mejor_variedad_4":null,"peor_variedad_4":null,"caracteristica_5":"Resistencia_a_la_sequía-(A/B/C)","mejor_variedad_5":null,"peor_variedad_5":null,"caracteristica_6":"Rendimiento-(A/B/C)","mejor_variedad_6":null,"peor_variedad_6":null,"caracteristica_7":"Consumo(sabor)-(A/B/C)","mejor_variedad_7":null,"peor_variedad_7":null,"caracteristica_8":"aspecto_de_mazorca-(A/B/C)","mejor_variedad_8":null,"peor_variedad_8":null,"caracteristica_9":"aspecto_de_grano-(A/B/C)","mejor_variedad_9":null,"peor_variedad_9":null,"caracteristica_10":"Desempeño_general-(A/B/C)","mejor_variedad_10":null,"peor_variedad_10":null,"caracteristica_11":"Desempeño_general_VS_Local-(Mejor/Peor)","variedad_a_11":null,"variedad_b_11":null,"variedad_c_11":null,"evaluacion":null},
{"observadores":"variedades_huistas_4","nombre_usuario":null,"nombre_familiar":null,"pueblo":null,"region":null,"telefono":null,"genero":null,"edad":null,"localizacion_longitud_punto_de_entrega_de_semilla":null,"localizacion_latitud_punto_de_entrega_de_semilla":null,"localizacion_altitud":null,"localizacion_longitud":null,"localizacion_latitud":null,"fecha_de_siembra":null,"fecha_de_cosecha":null,"peso_de_toda_la_cosecha_de_la_variedad_a_en_kg":null,"peso_de_toda_la_cosecha_de_la_variedad_b_en_kg":null,"peso_de_toda_la_cosecha_de_la_variedad_c_en_kg":null,"de_las_3_variedades_cual_le_gustaria_cultivar_de_nuevo":null,"codigo_paquetes":null,"caracteristica_1":"Vigor(follage)-(A/B/C)","mejor_variedad_1":null,"peor_variedad_1":null,"caracteristica_2":"Porte(altura)-(A/B/C)","mejor_variedad_2":null,"peor_variedad_2":null,"caracteristica_3":"Maduración_más_rápida-(A/B/C)","mejor_variedad_3":null,"peor_variedad_3":null,"caracteristica_4":"Resistencia_a_enfermedades-(A/B/C)","mejor_variedad_4":null,"peor_variedad_4":null,"caracteristica_5":"Resistencia_a_la_sequía-(A/B/C)","mejor_variedad_5":null,"peor_variedad_5":null,"caracteristica_6":"Rendimiento-(A/B/C)","mejor_variedad_6":null,"peor_variedad_6":null,"caracteristica_7":"Consumo(sabor)-(A/B/C)","mejor_variedad_7":null,"peor_variedad_7":null,"caracteristica_8":"aspecto_de_mazorca-(A/B/C)","mejor_variedad_8":null,"peor_variedad_8":null,"caracteristica_9":"aspecto_de_grano-(A/B/C)","mejor_variedad_9":null,"peor_variedad_9":null,"caracteristica_10":"Desempeño_general-(A/B/C)","mejor_variedad_10":null,"peor_variedad_10":null,"caracteristica_11":"Desempeño_general_VS_Local-(Mejor/Peor)","variedad_a_11":null,"variedad_b_11":null,"variedad_c_11":null,"evaluacion":null},
{"observadores":"variedades_huistas_5","nombre_usuario":null,"nombre_familiar":null,"pueblo":null,"region":null,"telefono":null,"genero":null,"edad":null,"localizacion_longitud_punto_de_entrega_de_semilla":null,"localizacion_latitud_punto_de_entrega_de_semilla":null,"localizacion_altitud":null,"localizacion_longitud":null,"localizacion_latitud":null,"fecha_de_siembra":null,"fecha_de_cosecha":null,"peso_de_toda_la_cosecha_de_la_variedad_a_en_kg":null,"peso_de_toda_la_cosecha_de_la_variedad_b_en_kg":null,"peso_de_toda_la_cosecha_de_la_variedad_c_en_kg":null,"de_las_3_variedades_cual_le_gustaria_cultivar_de_nuevo":null,"codigo_paquetes":null,"caracteristica_1":"Vigor(follage)-(A/B/C)","mejor_variedad_1":null,"peor_variedad_1":null,"caracteristica_2":"Porte(altura)-(A/B/C)","mejor_variedad_2":null,"peor_variedad_2":null,"caracteristica_3":"Maduración_más_rápida-(A/B/C)","mejor_variedad_3":null,"peor_variedad_3":null,"caracteristica_4":"Resistencia_a_enfermedades-(A/B/C)","mejor_variedad_4":null,"peor_variedad_4":null,"caracteristica_5":"Resistencia_a_la_sequía-(A/B/C)","mejor_variedad_5":null,"peor_variedad_5":null,"caracteristica_6":"Rendimiento-(A/B/C)","mejor_variedad_6":null,"peor_variedad_6":null,"caracteristica_7":"Consumo(sabor)-(A/B/C)","mejor_variedad_7":null,"peor_variedad_7":null,"caracteristica_8":"aspecto_de_mazorca-(A/B/C)","mejor_variedad_8":null,"peor_variedad_8":null,"caracteristica_9":"aspecto_de_grano-(A/B/C)","mejor_variedad_9":null,"peor_variedad_9":null,"caracteristica_10":"Desempeño_general-(A/B/C)","mejor_variedad_10":null,"peor_variedad_10":null,"caracteristica_11":"Desempeño_general_VS_Local-(Mejor/Peor)","variedad_a_11":null,"variedad_b_11":null,"variedad_c_11":null,"evaluacion":null},
{"observadores":"variedades_huistas_6","nombre_usuario":null,"nombre_familiar":null,"pueblo":null,"region":null,"telefono":null,"genero":null,"edad":null,"localizacion_longitud_punto_de_entrega_de_semilla":null,"localizacion_latitud_punto_de_entrega_de_semilla":null,"localizacion_altitud":null,"localizacion_longitud":null,"localizacion_latitud":null,"fecha_de_siembra":null,"fecha_de_cosecha":null,"peso_de_toda_la_cosecha_de_la_variedad_a_en_kg":null,"peso_de_toda_la_cosecha_de_la_variedad_b_en_kg":null,"peso_de_toda_la_cosecha_de_la_variedad_c_en_kg":null,"de_las_3_variedades_cual_le_gustaria_cultivar_de_nuevo":null,"codigo_paquetes":null,"caracteristica_1":"Vigor(follage)-(A/B/C)","mejor_variedad_1":null,"peor_variedad_1":null,"caracteristica_2":"Porte(altura)-(A/B/C)","mejor_variedad_2":null,"peor_variedad_2":null,"caracteristica_3":"Maduración_más_rápida-(A/B/C)","mejor_variedad_3":null,"peor_variedad_3":null,"caracteristica_4":"Resistencia_a_enfermedades-(A/B/C)","mejor_variedad_4":null,"peor_variedad_4":null,"caracteristica_5":"Resistencia_a_la_sequía-(A/B/C)","mejor_variedad_5":null,"peor_variedad_5":null,"caracteristica_6":"Rendimiento-(A/B/C)","mejor_variedad_6":null,"peor_variedad_6":null,"caracteristica_7":"Consumo(sabor)-(A/B/C)","mejor_variedad_7":null,"peor_variedad_7":null,"caracteristica_8":"aspecto_de_mazorca-(A/B/C)","mejor_variedad_8":null,"peor_variedad_8":null,"caracteristica_9":"aspecto_de_grano-(A/B/C)","mejor_variedad_9":null,"peor_variedad_9":null,"caracteristica_10":"Desempeño_general-(A/B/C)","mejor_variedad_10":null,"peor_variedad_10":null,"caracteristica_11":"Desempeño_general_VS_Local-(Mejor/Peor)","variedad_a_11":null,"variedad_b_11":null,"variedad_c_11":null,"evaluacion":null},
{"observadores":"variedades_huistas_7","nombre_usuario":null,"nombre_familiar":null,"pueblo":null,"region":null,"telefono":null,"genero":null,"edad":null,"localizacion_longitud_punto_de_entrega_de_semilla":null,"localizacion_latitud_punto_de_entrega_de_semilla":null,"localizacion_altitud":null,"localizacion_longitud":null,"localizacion_latitud":null,"fecha_de_siembra":null,"fecha_de_cosecha":null,"peso_de_toda_la_cosecha_de_la_variedad_a_en_kg":null,"peso_de_toda_la_cosecha_de_la_variedad_b_en_kg":null,"peso_de_toda_la_cosecha_de_la_variedad_c_en_kg":null,"de_las_3_variedades_cual_le_gustaria_cultivar_de_nuevo":null,"codigo_paquetes":null,"caracteristica_1":"Vigor(follage)-(A/B/C)","mejor_variedad_1":null,"peor_variedad_1":null,"caracteristica_2":"Porte(altura)-(A/B/C)","mejor_variedad_2":null,"peor_variedad_2":null,"caracteristica_3":"Maduración_más_rápida-(A/B/C)","mejor_variedad_3":null,"peor_variedad_3":null,"caracteristica_4":"Resistencia_a_enfermedades-(A/B/C)","mejor_variedad_4":null,"peor_variedad_4":null,"caracteristica_5":"Resistencia_a_la_sequía-(A/B/C)","mejor_variedad_5":null,"peor_variedad_5":null,"caracteristica_6":"Rendimiento-(A/B/C)","mejor_variedad_6":null,"peor_variedad_6":null,"caracteristica_7":"Consumo(sabor)-(A/B/C)","mejor_variedad_7":null,"peor_variedad_7":null,"caracteristica_8":"aspecto_de_mazorca-(A/B/C)","mejor_variedad_8":null,"peor_variedad_8":null,"caracteristica_9":"aspecto_de_grano-(A/B/C)","mejor_variedad_9":null,"peor_variedad_9":null,"caracteristica_10":"Desempeño_general-(A/B/C)","mejor_variedad_10":null,"peor_variedad_10":null,"caracteristica_11":"Desempeño_general_VS_Local-(Mejor/Peor)","variedad_a_11":null,"variedad_b_11":null,"variedad_c_11":null,"evaluacion":null},
{"observadores":"variedades_huistas_8","nombre_usuario":null,"nombre_familiar":null,"pueblo":null,"region":null,"telefono":null,"genero":null,"edad":null,"localizacion_longitud_punto_de_entrega_de_semilla":null,"localizacion_latitud_punto_de_entrega_de_semilla":null,"localizacion_altitud":null,"localizacion_longitud":null,"localizacion_latitud":null,"fecha_de_siembra":null,"fecha_de_cosecha":null,"peso_de_toda_la_cosecha_de_la_variedad_a_en_kg":null,"peso_de_toda_la_cosecha_de_la_variedad_b_en_kg":null,"peso_de_toda_la_cosecha_de_la_variedad_c_en_kg":null,"de_las_3_variedades_cual_le_gustaria_cultivar_de_nuevo":null,"codigo_paquetes":null,"caracteristica_1":"Vigor(follage)-(A/B/C)","mejor_variedad_1":null,"peor_variedad_1":null,"caracteristica_2":"Porte(altura)-(A/B/C)","mejor_variedad_2":null,"peor_variedad_2":null,"caracteristica_3":"Maduración_más_rápida-(A/B/C)","mejor_variedad_3":null,"peor_variedad_3":null,"caracteristica_4":"Resistencia_a_enfermedades-(A/B/C)","mejor_variedad_4":null,"peor_variedad_4":null,"caracteristica_5":"Resistencia_a_la_sequía-(A/B/C)","mejor_variedad_5":null,"peor_variedad_5":null,"caracteristica_6":"Rendimiento-(A/B/C)","mejor_variedad_6":null,"peor_variedad_6":null,"caracteristica_7":"Consumo(sabor)-(A/B/C)","mejor_variedad_7":null,"peor_variedad_7":null,"caracteristica_8":"aspecto_de_mazorca-(A/B/C)","mejor_variedad_8":null,"peor_variedad_8":null,"caracteristica_9":"aspecto_de_grano-(A/B/C)","mejor_variedad_9":null,"peor_variedad_9":null,"caracteristica_10":"Desempeño_general-(A/B/C)","mejor_variedad_10":null,"peor_variedad_10":null,"caracteristica_11":"Desempeño_general_VS_Local-(Mejor/Peor)","variedad_a_11":null,"variedad_b_11":null,"variedad_c_11":null,"evaluacion":null},
{"observadores":"variedades_huistas_9","nombre_usuario":null,"nombre_familiar":null,"pueblo":null,"region":null,"telefono":null,"genero":null,"edad":null,"localizacion_longitud_punto_de_entrega_de_semilla":null,"localizacion_latitud_punto_de_entrega_de_semilla":null,"localizacion_altitud":null,"localizacion_longitud":null,"localizacion_latitud":null,"fecha_de_siembra":null,"fecha_de_cosecha":null,"peso_de_toda_la_cosecha_de_la_variedad_a_en_kg":null,"peso_de_toda_la_cosecha_de_la_variedad_b_en_kg":null,"peso_de_toda_la_cosecha_de_la_variedad_c_en_kg":null,"de_las_3_variedades_cual_le_gustaria_cultivar_de_nuevo":null,"codigo_paquetes":null,"caracteristica_1":"Vigor(follage)-(A/B/C)","mejor_variedad_1":null,"peor_variedad_1":null,"caracteristica_2":"Porte(altura)-(A/B/C)","mejor_variedad_2":null,"peor_variedad_2":null,"caracteristica_3":"Maduración_más_rápida-(A/B/C)","mejor_variedad_3":null,"peor_variedad_3":null,"caracteristica_4":"Resistencia_a_enfermedades-(A/B/C)","mejor_variedad_4":null,"peor_variedad_4":null,"caracteristica_5":"Resistencia_a_la_sequía-(A/B/C)","mejor_variedad_5":null,"peor_variedad_5":null,"caracteristica_6":"Rendimiento-(A/B/C)","mejor_variedad_6":null,"peor_variedad_6":null,"caracteristica_7":"Consumo(sabor)-(A/B/C)","mejor_variedad_7":null,"peor_variedad_7":null,"caracteristica_8":"aspecto_de_mazorca-(A/B/C)","mejor_variedad_8":null,"peor_variedad_8":null,"caracteristica_9":"aspecto_de_grano-(A/B/C)","mejor_variedad_9":null,"peor_variedad_9":null,"caracteristica_10":"Desempeño_general-(A/B/C)","mejor_variedad_10":null,"peor_variedad_10":null,"caracteristica_11":"Desempeño_general_VS_Local-(Mejor/Peor)","variedad_a_11":null,"variedad_b_11":null,"variedad_c_11":null,"evaluacion":null}
]
