[
{"observadores":"variedadessanmarcos_1","nombre_usuario":"Cesar Guzman","nombre_familiar":"","pueblo":"Catarina","region":"San Marcos","telefono":"","genero":"M","edad":"","localizacion_longitud_punto_de_entrega_de_semilla":"","localizacion_latitud_punto_de_entrega_de_semilla":"","localizacion_altitud":"","localizacion_longitud":"","localizacion_latitud":"","fecha_de_siembra":"","fecha_de_cosecha":"","fertilizacion":"Si","peso_de_toda_la_cosecha_de_la_variedad_a_en_kg":"4700","peso_de_toda_la_cosecha_de_la_variedad_b_en_kg":"3450","peso_de_toda_la_cosecha_de_la_variedad_c_en_kg":"3130","de_las_3_variedades_cual_le_gustaria_cultivar_de_nuevo":"A","codigo_paquetes":"paquete_variedadessanmarcos_01","caracteristica_1":"Rendimiento-(A/B/C)","mejor_variedad_1":"A","peor_variedad_1":"C","caracteristica_2":"Desempeño_general-(A/B/C)","mejor_variedad_2":"A","peor_variedad_2":"C","caracteristica_3":"Desempeño_general_VS_Local-(Mejor/Peor)","variedad_a_3":"Mejor","variedad_b_3":"","variedad_c_3":"","evaluacion":"1"},
{"observadores":"variedadessanmarcos_10","nombre_usuario":"Jose Venancio Jimenez","nombre_familiar":"","pueblo":"San Pablo","region":"San Marcos","telefono":"","genero":"M","edad":"","localizacion_longitud_punto_de_entrega_de_semilla":"","localizacion_latitud_punto_de_entrega_de_semilla":"","localizacion_altitud":"","localizacion_longitud":"","localizacion_latitud":"","fecha_de_siembra":"","fecha_de_cosecha":"","fertilizacion":"Si","peso_de_toda_la_cosecha_de_la_variedad_a_en_kg":"3450","peso_de_toda_la_cosecha_de_la_variedad_b_en_kg":"940","peso_de_toda_la_cosecha_de_la_variedad_c_en_kg":"1570","de_las_3_variedades_cual_le_gustaria_cultivar_de_nuevo":"Todas","codigo_paquetes":"paquete_variedadessanmarcos_10","caracteristica_1":"Rendimiento-(A/B/C)","mejor_variedad_1":"A","peor_variedad_1":"B","caracteristica_2":"Desempeño_general-(A/B/C)","mejor_variedad_2":"A","peor_variedad_2":"B","caracteristica_3":"Desempeño_general_VS_Local-(Mejor/Peor)","variedad_a_3":"Mejor","variedad_b_3":"","variedad_c_3":"","evaluacion":"1"},
{"observadores":"variedadessanmarcos_11","nombre_usuario":"Mario Jimenez","nombre_familiar":"","pueblo":"San Pablo","region":"San Marcos","telefono":"","genero":"M","edad":"","localizacion_longitud_punto_de_entrega_de_semilla":"","localizacion_latitud_punto_de_entrega_de_semilla":"","localizacion_altitud":"","localizacion_longitud":"","localizacion_latitud":"","fecha_de_siembra":"","fecha_de_cosecha":"","fertilizacion":"Si","peso_de_toda_la_cosecha_de_la_variedad_a_en_kg":"3760","peso_de_toda_la_cosecha_de_la_variedad_b_en_kg":"1570","peso_de_toda_la_cosecha_de_la_variedad_c_en_kg":"1250","de_las_3_variedades_cual_le_gustaria_cultivar_de_nuevo":"A","codigo_paquetes":"paquete_variedadessanmarcos_11","caracteristica_1":"Rendimiento-(A/B/C)","mejor_variedad_1":"A","peor_variedad_1":"C","caracteristica_2":"Desempeño_general-(A/B/C)","mejor_variedad_2":"A","peor_variedad_2":"C","caracteristica_3":"Desempeño_general_VS_Local-(Mejor/Peor)","variedad_a_3":"Mejor","variedad_b_3":"","variedad_c_3":"","evaluacion":"1"},
{"observadores":"variedadessanmarcos_12","nombre_usuario":"Rogelio Bamaca","nombre_familiar":"","pueblo":"San Rafael","region":"San Marcos","telefono":"","genero":"M","edad":"","localizacion_longitud_punto_de_entrega_de_semilla":"","localizacion_latitud_punto_de_entrega_de_semilla":"","localizacion_altitud":"","localizacion_longitud":"","localizacion_latitud":"","fecha_de_siembra":"","fecha_de_cosecha":"","fertilizacion":"","peso_de_toda_la_cosecha_de_la_variedad_a_en_kg":"3130","peso_de_toda_la_cosecha_de_la_variedad_b_en_kg":"2510","peso_de_toda_la_cosecha_de_la_variedad_c_en_kg":"2350","de_las_3_variedades_cual_le_gustaria_cultivar_de_nuevo":"B","codigo_paquetes":"paquete_variedadessanmarcos_12","caracteristica_1":"Rendimiento-(A/B/C)","mejor_variedad_1":"A","peor_variedad_1":"C","caracteristica_2":"Desempeño_general-(A/B/C)","mejor_variedad_2":"B","peor_variedad_2":"C","caracteristica_3":"Desempeño_general_VS_Local-(Mejor/Peor)","variedad_a_3":"","variedad_b_3":"Mejor","variedad_c_3":"","evaluacion":"1"},
{"observadores":"variedadessanmarcos_13","nombre_usuario":"Bonifacio Perez","nombre_familiar":"","pueblo":"San Rafael","region":"San Marcos","telefono":"","genero":"M","edad":"","localizacion_longitud_punto_de_entrega_de_semilla":"","localizacion_latitud_punto_de_entrega_de_semilla":"","localizacion_altitud":"","localizacion_longitud":"","localizacion_latitud":"","fecha_de_siembra":"","fecha_de_cosecha":"","fertilizacion":"Si","peso_de_toda_la_cosecha_de_la_variedad_a_en_kg":"1880","peso_de_toda_la_cosecha_de_la_variedad_b_en_kg":"3130","peso_de_toda_la_cosecha_de_la_variedad_c_en_kg":"1520","de_las_3_variedades_cual_le_gustaria_cultivar_de_nuevo":"B","codigo_paquetes":"paquete_variedadessanmarcos_13","caracteristica_1":"Rendimiento-(A/B/C)","mejor_variedad_1":"B","peor_variedad_1":"C","caracteristica_2":"Desempeño_general-(A/B/C)","mejor_variedad_2":"B","peor_variedad_2":"C","caracteristica_3":"Desempeño_general_VS_Local-(Mejor/Peor)","variedad_a_3":"","variedad_b_3":"Mejor","variedad_c_3":"","evaluacion":"1"},
{"observadores":"variedadessanmarcos_14","nombre_usuario":"Eliaz Guzman","nombre_familiar":"","pueblo":"San Rafael","region":"San Marcos","telefono":"","genero":"M","edad":"","localizacion_longitud_punto_de_entrega_de_semilla":"","localizacion_latitud_punto_de_entrega_de_semilla":"","localizacion_altitud":"","localizacion_longitud":"","localizacion_latitud":"","fecha_de_siembra":"","fecha_de_cosecha":"","fertilizacion":"Si","peso_de_toda_la_cosecha_de_la_variedad_a_en_kg":"2510","peso_de_toda_la_cosecha_de_la_variedad_b_en_kg":"1570","peso_de_toda_la_cosecha_de_la_variedad_c_en_kg":"1570","de_las_3_variedades_cual_le_gustaria_cultivar_de_nuevo":"B","codigo_paquetes":"paquete_variedadessanmarcos_14","caracteristica_1":"Rendimiento-(A/B/C)","mejor_variedad_1":"A","peor_variedad_1":"B","caracteristica_2":"Desempeño_general-(A/B/C)","mejor_variedad_2":"B","peor_variedad_2":"C","caracteristica_3":"Desempeño_general_VS_Local-(Mejor/Peor)","variedad_a_3":"","variedad_b_3":"Mejor","variedad_c_3":"","evaluacion":"1"},
{"observadores":"variedadessanmarcos_15","nombre_usuario":"Geronimo Mazariegos","nombre_familiar":"","pueblo":"San Rafael","region":"San Marcos","telefono":"","genero":"M","edad":"","localizacion_longitud_punto_de_entrega_de_semilla":"","localizacion_latitud_punto_de_entrega_de_semilla":"","localizacion_altitud":"","localizacion_longitud":"","localizacion_latitud":"","fecha_de_siembra":"","fecha_de_cosecha":"","fertilizacion":"Si","peso_de_toda_la_cosecha_de_la_variedad_a_en_kg":"9090","peso_de_toda_la_cosecha_de_la_variedad_b_en_kg":"2270","peso_de_toda_la_cosecha_de_la_variedad_c_en_kg":"2270","de_las_3_variedades_cual_le_gustaria_cultivar_de_nuevo":"B","codigo_paquetes":"paquete_variedadessanmarcos_15","caracteristica_1":"Rendimiento-(A/B/C)","mejor_variedad_1":"A","peor_variedad_1":"C","caracteristica_2":"Desempeño_general-(A/B/C)","mejor_variedad_2":"B","peor_variedad_2":"C","caracteristica_3":"Desempeño_general_VS_Local-(Mejor/Peor)","variedad_a_3":"","variedad_b_3":"Mejor","variedad_c_3":"","evaluacion":"1"},
{"observadores":"variedadessanmarcos_16","nombre_usuario":"Bernan Gonzalez","nombre_familiar":"","pueblo":"San Rafael","region":"San Marcos","telefono":"","genero":"M","edad":"","localizacion_longitud_punto_de_entrega_de_semilla":"","localizacion_latitud_punto_de_entrega_de_semilla":"","localizacion_altitud":"","localizacion_longitud":"","localizacion_latitud":"","fecha_de_siembra":"","fecha_de_cosecha":"","fertilizacion":"","peso_de_toda_la_cosecha_de_la_variedad_a_en_kg":"4550","peso_de_toda_la_cosecha_de_la_variedad_b_en_kg":"2270","peso_de_toda_la_cosecha_de_la_variedad_c_en_kg":"2270","de_las_3_variedades_cual_le_gustaria_cultivar_de_nuevo":"A","codigo_paquetes":"paquete_variedadessanmarcos_16","caracteristica_1":"Rendimiento-(A/B/C)","mejor_variedad_1":"A","peor_variedad_1":"B","caracteristica_2":"Desempeño_general-(A/B/C)","mejor_variedad_2":"A","peor_variedad_2":"B","caracteristica_3":"Desempeño_general_VS_Local-(Mejor/Peor)","variedad_a_3":"Mejor","variedad_b_3":"","variedad_c_3":"","evaluacion":"1"},
{"observadores":"variedadessanmarcos_2","nombre_usuario":"Ramon Perez","nombre_familiar":"","pueblo":"catarina","region":"San Marcos","telefono":"","genero":"M","edad":"","localizacion_longitud_punto_de_entrega_de_semilla":"","localizacion_latitud_punto_de_entrega_de_semilla":"","localizacion_altitud":"","localizacion_longitud":"","localizacion_latitud":"","fecha_de_siembra":"","fecha_de_cosecha":"","fertilizacion":"Si","peso_de_toda_la_cosecha_de_la_variedad_a_en_kg":"4080","peso_de_toda_la_cosecha_de_la_variedad_b_en_kg":"3130","peso_de_toda_la_cosecha_de_la_variedad_c_en_kg":"3130","de_las_3_variedades_cual_le_gustaria_cultivar_de_nuevo":"A","codigo_paquetes":"paquete_variedadessanmarcos_02","caracteristica_1":"Rendimiento-(A/B/C)","mejor_variedad_1":"A","peor_variedad_1":"B","caracteristica_2":"Desempeño_general-(A/B/C)","mejor_variedad_2":"A","peor_variedad_2":"B","caracteristica_3":"Desempeño_general_VS_Local-(Mejor/Peor)","variedad_a_3":"Mejor","variedad_b_3":"","variedad_c_3":"","evaluacion":"1"},
{"observadores":"variedadessanmarcos_3","nombre_usuario":"Dino Marroquin","nombre_familiar":"","pueblo":"Malacatan","region":"San Marcos","telefono":"","genero":"M","edad":"","localizacion_longitud_punto_de_entrega_de_semilla":"","localizacion_latitud_punto_de_entrega_de_semilla":"","localizacion_altitud":"","localizacion_longitud":"","localizacion_latitud":"","fecha_de_siembra":"","fecha_de_cosecha":"","fertilizacion":"Si","peso_de_toda_la_cosecha_de_la_variedad_a_en_kg":"3760","peso_de_toda_la_cosecha_de_la_variedad_b_en_kg":"1880","peso_de_toda_la_cosecha_de_la_variedad_c_en_kg":"1880","de_las_3_variedades_cual_le_gustaria_cultivar_de_nuevo":"B","codigo_paquetes":"paquete_variedadessanmarcos_03","caracteristica_1":"Rendimiento-(A/B/C)","mejor_variedad_1":"A","peor_variedad_1":"C","caracteristica_2":"Desempeño_general-(A/B/C)","mejor_variedad_2":"A","peor_variedad_2":"C","caracteristica_3":"Desempeño_general_VS_Local-(Mejor/Peor)","variedad_a_3":"Mejor","variedad_b_3":"Mejor","variedad_c_3":"","evaluacion":"1"},
{"observadores":"variedadessanmarcos_4","nombre_usuario":"Adrian Paz","nombre_familiar":"","pueblo":"Malacatán","region":"San Marcos","telefono":"","genero":"M","edad":"","localizacion_longitud_punto_de_entrega_de_semilla":"","localizacion_latitud_punto_de_entrega_de_semilla":"","localizacion_altitud":"","localizacion_longitud":"","localizacion_latitud":"","fecha_de_siembra":"","fecha_de_cosecha":"","fertilizacion":"Si","peso_de_toda_la_cosecha_de_la_variedad_a_en_kg":"4080","peso_de_toda_la_cosecha_de_la_variedad_b_en_kg":"2820","peso_de_toda_la_cosecha_de_la_variedad_c_en_kg":"2820","de_las_3_variedades_cual_le_gustaria_cultivar_de_nuevo":"C","codigo_paquetes":"paquete_variedadessanmarcos_04","caracteristica_1":"Rendimiento-(A/B/C)","mejor_variedad_1":"A","peor_variedad_1":"B","caracteristica_2":"Desempeño_general-(A/B/C)","mejor_variedad_2":"C","peor_variedad_2":"","caracteristica_3":"Desempeño_general_VS_Local-(Mejor/Peor)","variedad_a_3":"","variedad_b_3":"","variedad_c_3":"Mejor","evaluacion":"1"},
{"observadores":"variedadessanmarcos_5","nombre_usuario":"Javier Moreno","nombre_familiar":"","pueblo":"Malacatan","region":"San Marcos","telefono":"","genero":"M","edad":"","localizacion_longitud_punto_de_entrega_de_semilla":"","localizacion_latitud_punto_de_entrega_de_semilla":"","localizacion_altitud":"","localizacion_longitud":"","localizacion_latitud":"","fecha_de_siembra":"","fecha_de_cosecha":"","fertilizacion":"Si","peso_de_toda_la_cosecha_de_la_variedad_a_en_kg":"5330","peso_de_toda_la_cosecha_de_la_variedad_b_en_kg":"4080","peso_de_toda_la_cosecha_de_la_variedad_c_en_kg":"3130","de_las_3_variedades_cual_le_gustaria_cultivar_de_nuevo":"A","codigo_paquetes":"paquete_variedadessanmarcos_05","caracteristica_1":"Rendimiento-(A/B/C)","mejor_variedad_1":"A","peor_variedad_1":"C","caracteristica_2":"Desempeño_general-(A/B/C)","mejor_variedad_2":"A","peor_variedad_2":"C","caracteristica_3":"Desempeño_general_VS_Local-(Mejor/Peor)","variedad_a_3":"Mejor","variedad_b_3":"","variedad_c_3":"","evaluacion":"1"},
{"observadores":"variedadessanmarcos_6","nombre_usuario":"Felipe Ramos","nombre_familiar":"","pueblo":"Malacatan","region":"San Marcos","telefono":"","genero":"M","edad":"","localizacion_longitud_punto_de_entrega_de_semilla":"","localizacion_latitud_punto_de_entrega_de_semilla":"","localizacion_altitud":"","localizacion_longitud":"","localizacion_latitud":"","fecha_de_siembra":"","fecha_de_cosecha":"","fertilizacion":"Si","peso_de_toda_la_cosecha_de_la_variedad_a_en_kg":"5640","peso_de_toda_la_cosecha_de_la_variedad_b_en_kg":"3760","peso_de_toda_la_cosecha_de_la_variedad_c_en_kg":"2980","de_las_3_variedades_cual_le_gustaria_cultivar_de_nuevo":"A","codigo_paquetes":"paquete_variedadessanmarcos_06","caracteristica_1":"Rendimiento-(A/B/C)","mejor_variedad_1":"A","peor_variedad_1":"C","caracteristica_2":"Desempeño_general-(A/B/C)","mejor_variedad_2":"A","peor_variedad_2":"C","caracteristica_3":"Desempeño_general_VS_Local-(Mejor/Peor)","variedad_a_3":"Mejor","variedad_b_3":"","variedad_c_3":"","evaluacion":"1"},
{"observadores":"variedadessanmarcos_7","nombre_usuario":"Clemente Giron","nombre_familiar":"","pueblo":"Tecún úman","region":"San Marcos","telefono":"","genero":"M","edad":"","localizacion_longitud_punto_de_entrega_de_semilla":"","localizacion_latitud_punto_de_entrega_de_semilla":"","localizacion_altitud":"","localizacion_longitud":"","localizacion_latitud":"","fecha_de_siembra":"","fecha_de_cosecha":"","fertilizacion":"","peso_de_toda_la_cosecha_de_la_variedad_a_en_kg":"3760","peso_de_toda_la_cosecha_de_la_variedad_b_en_kg":"3130","peso_de_toda_la_cosecha_de_la_variedad_c_en_kg":"2510","de_las_3_variedades_cual_le_gustaria_cultivar_de_nuevo":"B","codigo_paquetes":"paquete_variedadessanmarcos_07","caracteristica_1":"Rendimiento-(A/B/C)","mejor_variedad_1":"A","peor_variedad_1":"C","caracteristica_2":"Desempeño_general-(A/B/C)","mejor_variedad_2":"B","peor_variedad_2":"A","caracteristica_3":"Desempeño_general_VS_Local-(Mejor/Peor)","variedad_a_3":"","variedad_b_3":"Mejor","variedad_c_3":"","evaluacion":"1"},
{"observadores":"variedadessanmarcos_8","nombre_usuario":"Lorenzo Barrio","nombre_familiar":"","pueblo":"Tecún úman","region":"San Marcos","telefono":"","genero":"M","edad":"","localizacion_longitud_punto_de_entrega_de_semilla":"","localizacion_latitud_punto_de_entrega_de_semilla":"","localizacion_altitud":"","localizacion_longitud":"","localizacion_latitud":"","fecha_de_siembra":"","fecha_de_cosecha":"","fertilizacion":"Si","peso_de_toda_la_cosecha_de_la_variedad_a_en_kg":"3790","peso_de_toda_la_cosecha_de_la_variedad_b_en_kg":"1890","peso_de_toda_la_cosecha_de_la_variedad_c_en_kg":"1890","de_las_3_variedades_cual_le_gustaria_cultivar_de_nuevo":"B","codigo_paquetes":"paquete_variedadessanmarcos_08","caracteristica_1":"Rendimiento-(A/B/C)","mejor_variedad_1":"A","peor_variedad_1":"C","caracteristica_2":"Desempeño_general-(A/B/C)","mejor_variedad_2":"B","peor_variedad_2":"C","caracteristica_3":"Desempeño_general_VS_Local-(Mejor/Peor)","variedad_a_3":"","variedad_b_3":"Mejor","variedad_c_3":"","evaluacion":"1"},
{"observadores":"variedadessanmarcos_9","nombre_usuario":"Vidal de Leon","nombre_familiar":"","pueblo":"San Pablo","region":"San Marcos","telefono":"","genero":"M","edad":"","localizacion_longitud_punto_de_entrega_de_semilla":"","localizacion_latitud_punto_de_entrega_de_semilla":"","localizacion_altitud":"","localizacion_longitud":"","localizacion_latitud":"","fecha_de_siembra":"","fecha_de_cosecha":"","fertilizacion":"Si","peso_de_toda_la_cosecha_de_la_variedad_a_en_kg":"2350","peso_de_toda_la_cosecha_de_la_variedad_b_en_kg":"940","peso_de_toda_la_cosecha_de_la_variedad_c_en_kg":"1250","de_las_3_variedades_cual_le_gustaria_cultivar_de_nuevo":"C","codigo_paquetes":"paquete_variedadessanmarcos_09","caracteristica_1":"Rendimiento-(A/B/C)","mejor_variedad_1":"A","peor_variedad_1":"B","caracteristica_2":"Desempeño_general-(A/B/C)","mejor_variedad_2":"C","peor_variedad_2":"B","caracteristica_3":"Desempeño_general_VS_Local-(Mejor/Peor)","variedad_a_3":"","variedad_b_3":"","variedad_c_3":"Mejor","evaluacion":"1"}
]
