[
{"observadores":"epmvallecillofp2016_1","nombre_usuario":null,"nombre_familiar":null,"pueblo":null,"region":null,"telefono":null,"genero":null,"edad":null,"localizacion_longitud_punto_de_entrega_de_semilla":null,"localizacion_latitud_punto_de_entrega_de_semilla":null,"localizacion_altitud":null,"localizacion_longitud":null,"localizacion_latitud":null,"fecha_de_siembra":null,"fecha_de_cosecha":null,"de_las_3_variedades_cual_le_gustaria_cultivar_de_nuevo":null,"codigo_paquetes":null,"caracteristica_1":"Vigor(follage)-(A/B/C)","mejor_variedad_1":null,"peor_variedad_1":null,"caracteristica_2":"Porte(altura)-(A/B/C)","mejor_variedad_2":null,"peor_variedad_2":null,"caracteristica_3":"Resistencia_a_plagas-(A/B/C)","mejor_variedad_3":null,"peor_variedad_3":null,"caracteristica_4":"Resistencia_a_enfermedades-(A/B/C)","mejor_variedad_4":null,"peor_variedad_4":null,"caracteristica_5":"Rendimiento-(A/B/C)","mejor_variedad_5":null,"peor_variedad_5":null,"caracteristica_6":"Valor_en_el_mercado-(A/B/C)","mejor_variedad_6":null,"peor_variedad_6":null,"caracteristica_7":"Consumo(sabor)-(A/B/C)","mejor_variedad_7":null,"peor_variedad_7":null,"caracteristica_8":"Desempeño_general-(A/B/C)","mejor_variedad_8":null,"peor_variedad_8":null,"caracteristica_9":"Desempeño_general_VS_Local-(Mejor/Peor)","variedad_a_9":null,"variedad_b_9":null,"variedad_c_9":null,"evaluacion":null},
{"observadores":"epmvallecillofp2016_10","nombre_usuario":null,"nombre_familiar":null,"pueblo":null,"region":null,"telefono":null,"genero":null,"edad":null,"localizacion_longitud_punto_de_entrega_de_semilla":null,"localizacion_latitud_punto_de_entrega_de_semilla":null,"localizacion_altitud":null,"localizacion_longitud":null,"localizacion_latitud":null,"fecha_de_siembra":null,"fecha_de_cosecha":null,"de_las_3_variedades_cual_le_gustaria_cultivar_de_nuevo":null,"codigo_paquetes":null,"caracteristica_1":"Vigor(follage)-(A/B/C)","mejor_variedad_1":null,"peor_variedad_1":null,"caracteristica_2":"Porte(altura)-(A/B/C)","mejor_variedad_2":null,"peor_variedad_2":null,"caracteristica_3":"Resistencia_a_plagas-(A/B/C)","mejor_variedad_3":null,"peor_variedad_3":null,"caracteristica_4":"Resistencia_a_enfermedades-(A/B/C)","mejor_variedad_4":null,"peor_variedad_4":null,"caracteristica_5":"Rendimiento-(A/B/C)","mejor_variedad_5":null,"peor_variedad_5":null,"caracteristica_6":"Valor_en_el_mercado-(A/B/C)","mejor_variedad_6":null,"peor_variedad_6":null,"caracteristica_7":"Consumo(sabor)-(A/B/C)","mejor_variedad_7":null,"peor_variedad_7":null,"caracteristica_8":"Desempeño_general-(A/B/C)","mejor_variedad_8":null,"peor_variedad_8":null,"caracteristica_9":"Desempeño_general_VS_Local-(Mejor/Peor)","variedad_a_9":null,"variedad_b_9":null,"variedad_c_9":null,"evaluacion":null},
{"observadores":"epmvallecillofp2016_11","nombre_usuario":null,"nombre_familiar":null,"pueblo":null,"region":null,"telefono":null,"genero":null,"edad":null,"localizacion_longitud_punto_de_entrega_de_semilla":null,"localizacion_latitud_punto_de_entrega_de_semilla":null,"localizacion_altitud":null,"localizacion_longitud":null,"localizacion_latitud":null,"fecha_de_siembra":null,"fecha_de_cosecha":null,"de_las_3_variedades_cual_le_gustaria_cultivar_de_nuevo":null,"codigo_paquetes":null,"caracteristica_1":"Vigor(follage)-(A/B/C)","mejor_variedad_1":null,"peor_variedad_1":null,"caracteristica_2":"Porte(altura)-(A/B/C)","mejor_variedad_2":null,"peor_variedad_2":null,"caracteristica_3":"Resistencia_a_plagas-(A/B/C)","mejor_variedad_3":null,"peor_variedad_3":null,"caracteristica_4":"Resistencia_a_enfermedades-(A/B/C)","mejor_variedad_4":null,"peor_variedad_4":null,"caracteristica_5":"Rendimiento-(A/B/C)","mejor_variedad_5":null,"peor_variedad_5":null,"caracteristica_6":"Valor_en_el_mercado-(A/B/C)","mejor_variedad_6":null,"peor_variedad_6":null,"caracteristica_7":"Consumo(sabor)-(A/B/C)","mejor_variedad_7":null,"peor_variedad_7":null,"caracteristica_8":"Desempeño_general-(A/B/C)","mejor_variedad_8":null,"peor_variedad_8":null,"caracteristica_9":"Desempeño_general_VS_Local-(Mejor/Peor)","variedad_a_9":null,"variedad_b_9":null,"variedad_c_9":null,"evaluacion":null},
{"observadores":"epmvallecillofp2016_12","nombre_usuario":null,"nombre_familiar":null,"pueblo":null,"region":null,"telefono":null,"genero":null,"edad":null,"localizacion_longitud_punto_de_entrega_de_semilla":null,"localizacion_latitud_punto_de_entrega_de_semilla":null,"localizacion_altitud":null,"localizacion_longitud":null,"localizacion_latitud":null,"fecha_de_siembra":null,"fecha_de_cosecha":null,"de_las_3_variedades_cual_le_gustaria_cultivar_de_nuevo":null,"codigo_paquetes":null,"caracteristica_1":"Vigor(follage)-(A/B/C)","mejor_variedad_1":null,"peor_variedad_1":null,"caracteristica_2":"Porte(altura)-(A/B/C)","mejor_variedad_2":null,"peor_variedad_2":null,"caracteristica_3":"Resistencia_a_plagas-(A/B/C)","mejor_variedad_3":null,"peor_variedad_3":null,"caracteristica_4":"Resistencia_a_enfermedades-(A/B/C)","mejor_variedad_4":null,"peor_variedad_4":null,"caracteristica_5":"Rendimiento-(A/B/C)","mejor_variedad_5":null,"peor_variedad_5":null,"caracteristica_6":"Valor_en_el_mercado-(A/B/C)","mejor_variedad_6":null,"peor_variedad_6":null,"caracteristica_7":"Consumo(sabor)-(A/B/C)","mejor_variedad_7":null,"peor_variedad_7":null,"caracteristica_8":"Desempeño_general-(A/B/C)","mejor_variedad_8":null,"peor_variedad_8":null,"caracteristica_9":"Desempeño_general_VS_Local-(Mejor/Peor)","variedad_a_9":null,"variedad_b_9":null,"variedad_c_9":null,"evaluacion":null},
{"observadores":"epmvallecillofp2016_13","nombre_usuario":null,"nombre_familiar":null,"pueblo":null,"region":null,"telefono":null,"genero":null,"edad":null,"localizacion_longitud_punto_de_entrega_de_semilla":null,"localizacion_latitud_punto_de_entrega_de_semilla":null,"localizacion_altitud":null,"localizacion_longitud":null,"localizacion_latitud":null,"fecha_de_siembra":null,"fecha_de_cosecha":null,"de_las_3_variedades_cual_le_gustaria_cultivar_de_nuevo":null,"codigo_paquetes":null,"caracteristica_1":"Vigor(follage)-(A/B/C)","mejor_variedad_1":null,"peor_variedad_1":null,"caracteristica_2":"Porte(altura)-(A/B/C)","mejor_variedad_2":null,"peor_variedad_2":null,"caracteristica_3":"Resistencia_a_plagas-(A/B/C)","mejor_variedad_3":null,"peor_variedad_3":null,"caracteristica_4":"Resistencia_a_enfermedades-(A/B/C)","mejor_variedad_4":null,"peor_variedad_4":null,"caracteristica_5":"Rendimiento-(A/B/C)","mejor_variedad_5":null,"peor_variedad_5":null,"caracteristica_6":"Valor_en_el_mercado-(A/B/C)","mejor_variedad_6":null,"peor_variedad_6":null,"caracteristica_7":"Consumo(sabor)-(A/B/C)","mejor_variedad_7":null,"peor_variedad_7":null,"caracteristica_8":"Desempeño_general-(A/B/C)","mejor_variedad_8":null,"peor_variedad_8":null,"caracteristica_9":"Desempeño_general_VS_Local-(Mejor/Peor)","variedad_a_9":null,"variedad_b_9":null,"variedad_c_9":null,"evaluacion":null},
{"observadores":"epmvallecillofp2016_14","nombre_usuario":null,"nombre_familiar":null,"pueblo":null,"region":null,"telefono":null,"genero":null,"edad":null,"localizacion_longitud_punto_de_entrega_de_semilla":null,"localizacion_latitud_punto_de_entrega_de_semilla":null,"localizacion_altitud":null,"localizacion_longitud":null,"localizacion_latitud":null,"fecha_de_siembra":null,"fecha_de_cosecha":null,"de_las_3_variedades_cual_le_gustaria_cultivar_de_nuevo":null,"codigo_paquetes":null,"caracteristica_1":"Vigor(follage)-(A/B/C)","mejor_variedad_1":null,"peor_variedad_1":null,"caracteristica_2":"Porte(altura)-(A/B/C)","mejor_variedad_2":null,"peor_variedad_2":null,"caracteristica_3":"Resistencia_a_plagas-(A/B/C)","mejor_variedad_3":null,"peor_variedad_3":null,"caracteristica_4":"Resistencia_a_enfermedades-(A/B/C)","mejor_variedad_4":null,"peor_variedad_4":null,"caracteristica_5":"Rendimiento-(A/B/C)","mejor_variedad_5":null,"peor_variedad_5":null,"caracteristica_6":"Valor_en_el_mercado-(A/B/C)","mejor_variedad_6":null,"peor_variedad_6":null,"caracteristica_7":"Consumo(sabor)-(A/B/C)","mejor_variedad_7":null,"peor_variedad_7":null,"caracteristica_8":"Desempeño_general-(A/B/C)","mejor_variedad_8":null,"peor_variedad_8":null,"caracteristica_9":"Desempeño_general_VS_Local-(Mejor/Peor)","variedad_a_9":null,"variedad_b_9":null,"variedad_c_9":null,"evaluacion":null},
{"observadores":"epmvallecillofp2016_15","nombre_usuario":null,"nombre_familiar":null,"pueblo":null,"region":null,"telefono":null,"genero":null,"edad":null,"localizacion_longitud_punto_de_entrega_de_semilla":null,"localizacion_latitud_punto_de_entrega_de_semilla":null,"localizacion_altitud":null,"localizacion_longitud":null,"localizacion_latitud":null,"fecha_de_siembra":null,"fecha_de_cosecha":null,"de_las_3_variedades_cual_le_gustaria_cultivar_de_nuevo":null,"codigo_paquetes":null,"caracteristica_1":"Vigor(follage)-(A/B/C)","mejor_variedad_1":null,"peor_variedad_1":null,"caracteristica_2":"Porte(altura)-(A/B/C)","mejor_variedad_2":null,"peor_variedad_2":null,"caracteristica_3":"Resistencia_a_plagas-(A/B/C)","mejor_variedad_3":null,"peor_variedad_3":null,"caracteristica_4":"Resistencia_a_enfermedades-(A/B/C)","mejor_variedad_4":null,"peor_variedad_4":null,"caracteristica_5":"Rendimiento-(A/B/C)","mejor_variedad_5":null,"peor_variedad_5":null,"caracteristica_6":"Valor_en_el_mercado-(A/B/C)","mejor_variedad_6":null,"peor_variedad_6":null,"caracteristica_7":"Consumo(sabor)-(A/B/C)","mejor_variedad_7":null,"peor_variedad_7":null,"caracteristica_8":"Desempeño_general-(A/B/C)","mejor_variedad_8":null,"peor_variedad_8":null,"caracteristica_9":"Desempeño_general_VS_Local-(Mejor/Peor)","variedad_a_9":null,"variedad_b_9":null,"variedad_c_9":null,"evaluacion":null},
{"observadores":"epmvallecillofp2016_16","nombre_usuario":null,"nombre_familiar":null,"pueblo":null,"region":null,"telefono":null,"genero":null,"edad":null,"localizacion_longitud_punto_de_entrega_de_semilla":null,"localizacion_latitud_punto_de_entrega_de_semilla":null,"localizacion_altitud":null,"localizacion_longitud":null,"localizacion_latitud":null,"fecha_de_siembra":null,"fecha_de_cosecha":null,"de_las_3_variedades_cual_le_gustaria_cultivar_de_nuevo":null,"codigo_paquetes":null,"caracteristica_1":"Vigor(follage)-(A/B/C)","mejor_variedad_1":null,"peor_variedad_1":null,"caracteristica_2":"Porte(altura)-(A/B/C)","mejor_variedad_2":null,"peor_variedad_2":null,"caracteristica_3":"Resistencia_a_plagas-(A/B/C)","mejor_variedad_3":null,"peor_variedad_3":null,"caracteristica_4":"Resistencia_a_enfermedades-(A/B/C)","mejor_variedad_4":null,"peor_variedad_4":null,"caracteristica_5":"Rendimiento-(A/B/C)","mejor_variedad_5":null,"peor_variedad_5":null,"caracteristica_6":"Valor_en_el_mercado-(A/B/C)","mejor_variedad_6":null,"peor_variedad_6":null,"caracteristica_7":"Consumo(sabor)-(A/B/C)","mejor_variedad_7":null,"peor_variedad_7":null,"caracteristica_8":"Desempeño_general-(A/B/C)","mejor_variedad_8":null,"peor_variedad_8":null,"caracteristica_9":"Desempeño_general_VS_Local-(Mejor/Peor)","variedad_a_9":null,"variedad_b_9":null,"variedad_c_9":null,"evaluacion":null},
{"observadores":"epmvallecillofp2016_17","nombre_usuario":null,"nombre_familiar":null,"pueblo":null,"region":null,"telefono":null,"genero":null,"edad":null,"localizacion_longitud_punto_de_entrega_de_semilla":null,"localizacion_latitud_punto_de_entrega_de_semilla":null,"localizacion_altitud":null,"localizacion_longitud":null,"localizacion_latitud":null,"fecha_de_siembra":null,"fecha_de_cosecha":null,"de_las_3_variedades_cual_le_gustaria_cultivar_de_nuevo":null,"codigo_paquetes":null,"caracteristica_1":"Vigor(follage)-(A/B/C)","mejor_variedad_1":null,"peor_variedad_1":null,"caracteristica_2":"Porte(altura)-(A/B/C)","mejor_variedad_2":null,"peor_variedad_2":null,"caracteristica_3":"Resistencia_a_plagas-(A/B/C)","mejor_variedad_3":null,"peor_variedad_3":null,"caracteristica_4":"Resistencia_a_enfermedades-(A/B/C)","mejor_variedad_4":null,"peor_variedad_4":null,"caracteristica_5":"Rendimiento-(A/B/C)","mejor_variedad_5":null,"peor_variedad_5":null,"caracteristica_6":"Valor_en_el_mercado-(A/B/C)","mejor_variedad_6":null,"peor_variedad_6":null,"caracteristica_7":"Consumo(sabor)-(A/B/C)","mejor_variedad_7":null,"peor_variedad_7":null,"caracteristica_8":"Desempeño_general-(A/B/C)","mejor_variedad_8":null,"peor_variedad_8":null,"caracteristica_9":"Desempeño_general_VS_Local-(Mejor/Peor)","variedad_a_9":null,"variedad_b_9":null,"variedad_c_9":null,"evaluacion":null},
{"observadores":"epmvallecillofp2016_18","nombre_usuario":null,"nombre_familiar":null,"pueblo":null,"region":null,"telefono":null,"genero":null,"edad":null,"localizacion_longitud_punto_de_entrega_de_semilla":null,"localizacion_latitud_punto_de_entrega_de_semilla":null,"localizacion_altitud":null,"localizacion_longitud":null,"localizacion_latitud":null,"fecha_de_siembra":null,"fecha_de_cosecha":null,"de_las_3_variedades_cual_le_gustaria_cultivar_de_nuevo":null,"codigo_paquetes":null,"caracteristica_1":"Vigor(follage)-(A/B/C)","mejor_variedad_1":null,"peor_variedad_1":null,"caracteristica_2":"Porte(altura)-(A/B/C)","mejor_variedad_2":null,"peor_variedad_2":null,"caracteristica_3":"Resistencia_a_plagas-(A/B/C)","mejor_variedad_3":null,"peor_variedad_3":null,"caracteristica_4":"Resistencia_a_enfermedades-(A/B/C)","mejor_variedad_4":null,"peor_variedad_4":null,"caracteristica_5":"Rendimiento-(A/B/C)","mejor_variedad_5":null,"peor_variedad_5":null,"caracteristica_6":"Valor_en_el_mercado-(A/B/C)","mejor_variedad_6":null,"peor_variedad_6":null,"caracteristica_7":"Consumo(sabor)-(A/B/C)","mejor_variedad_7":null,"peor_variedad_7":null,"caracteristica_8":"Desempeño_general-(A/B/C)","mejor_variedad_8":null,"peor_variedad_8":null,"caracteristica_9":"Desempeño_general_VS_Local-(Mejor/Peor)","variedad_a_9":null,"variedad_b_9":null,"variedad_c_9":null,"evaluacion":null},
{"observadores":"epmvallecillofp2016_19","nombre_usuario":null,"nombre_familiar":null,"pueblo":null,"region":null,"telefono":null,"genero":null,"edad":null,"localizacion_longitud_punto_de_entrega_de_semilla":null,"localizacion_latitud_punto_de_entrega_de_semilla":null,"localizacion_altitud":null,"localizacion_longitud":null,"localizacion_latitud":null,"fecha_de_siembra":null,"fecha_de_cosecha":null,"de_las_3_variedades_cual_le_gustaria_cultivar_de_nuevo":null,"codigo_paquetes":null,"caracteristica_1":"Vigor(follage)-(A/B/C)","mejor_variedad_1":null,"peor_variedad_1":null,"caracteristica_2":"Porte(altura)-(A/B/C)","mejor_variedad_2":null,"peor_variedad_2":null,"caracteristica_3":"Resistencia_a_plagas-(A/B/C)","mejor_variedad_3":null,"peor_variedad_3":null,"caracteristica_4":"Resistencia_a_enfermedades-(A/B/C)","mejor_variedad_4":null,"peor_variedad_4":null,"caracteristica_5":"Rendimiento-(A/B/C)","mejor_variedad_5":null,"peor_variedad_5":null,"caracteristica_6":"Valor_en_el_mercado-(A/B/C)","mejor_variedad_6":null,"peor_variedad_6":null,"caracteristica_7":"Consumo(sabor)-(A/B/C)","mejor_variedad_7":null,"peor_variedad_7":null,"caracteristica_8":"Desempeño_general-(A/B/C)","mejor_variedad_8":null,"peor_variedad_8":null,"caracteristica_9":"Desempeño_general_VS_Local-(Mejor/Peor)","variedad_a_9":null,"variedad_b_9":null,"variedad_c_9":null,"evaluacion":null},
{"observadores":"epmvallecillofp2016_2","nombre_usuario":null,"nombre_familiar":null,"pueblo":null,"region":null,"telefono":null,"genero":null,"edad":null,"localizacion_longitud_punto_de_entrega_de_semilla":null,"localizacion_latitud_punto_de_entrega_de_semilla":null,"localizacion_altitud":null,"localizacion_longitud":null,"localizacion_latitud":null,"fecha_de_siembra":null,"fecha_de_cosecha":null,"de_las_3_variedades_cual_le_gustaria_cultivar_de_nuevo":null,"codigo_paquetes":null,"caracteristica_1":"Vigor(follage)-(A/B/C)","mejor_variedad_1":null,"peor_variedad_1":null,"caracteristica_2":"Porte(altura)-(A/B/C)","mejor_variedad_2":null,"peor_variedad_2":null,"caracteristica_3":"Resistencia_a_plagas-(A/B/C)","mejor_variedad_3":null,"peor_variedad_3":null,"caracteristica_4":"Resistencia_a_enfermedades-(A/B/C)","mejor_variedad_4":null,"peor_variedad_4":null,"caracteristica_5":"Rendimiento-(A/B/C)","mejor_variedad_5":null,"peor_variedad_5":null,"caracteristica_6":"Valor_en_el_mercado-(A/B/C)","mejor_variedad_6":null,"peor_variedad_6":null,"caracteristica_7":"Consumo(sabor)-(A/B/C)","mejor_variedad_7":null,"peor_variedad_7":null,"caracteristica_8":"Desempeño_general-(A/B/C)","mejor_variedad_8":null,"peor_variedad_8":null,"caracteristica_9":"Desempeño_general_VS_Local-(Mejor/Peor)","variedad_a_9":null,"variedad_b_9":null,"variedad_c_9":null,"evaluacion":null},
{"observadores":"epmvallecillofp2016_20","nombre_usuario":null,"nombre_familiar":null,"pueblo":null,"region":null,"telefono":null,"genero":null,"edad":null,"localizacion_longitud_punto_de_entrega_de_semilla":null,"localizacion_latitud_punto_de_entrega_de_semilla":null,"localizacion_altitud":null,"localizacion_longitud":null,"localizacion_latitud":null,"fecha_de_siembra":null,"fecha_de_cosecha":null,"de_las_3_variedades_cual_le_gustaria_cultivar_de_nuevo":null,"codigo_paquetes":null,"caracteristica_1":"Vigor(follage)-(A/B/C)","mejor_variedad_1":null,"peor_variedad_1":null,"caracteristica_2":"Porte(altura)-(A/B/C)","mejor_variedad_2":null,"peor_variedad_2":null,"caracteristica_3":"Resistencia_a_plagas-(A/B/C)","mejor_variedad_3":null,"peor_variedad_3":null,"caracteristica_4":"Resistencia_a_enfermedades-(A/B/C)","mejor_variedad_4":null,"peor_variedad_4":null,"caracteristica_5":"Rendimiento-(A/B/C)","mejor_variedad_5":null,"peor_variedad_5":null,"caracteristica_6":"Valor_en_el_mercado-(A/B/C)","mejor_variedad_6":null,"peor_variedad_6":null,"caracteristica_7":"Consumo(sabor)-(A/B/C)","mejor_variedad_7":null,"peor_variedad_7":null,"caracteristica_8":"Desempeño_general-(A/B/C)","mejor_variedad_8":null,"peor_variedad_8":null,"caracteristica_9":"Desempeño_general_VS_Local-(Mejor/Peor)","variedad_a_9":null,"variedad_b_9":null,"variedad_c_9":null,"evaluacion":null},
{"observadores":"epmvallecillofp2016_21","nombre_usuario":null,"nombre_familiar":null,"pueblo":null,"region":null,"telefono":null,"genero":null,"edad":null,"localizacion_longitud_punto_de_entrega_de_semilla":null,"localizacion_latitud_punto_de_entrega_de_semilla":null,"localizacion_altitud":null,"localizacion_longitud":null,"localizacion_latitud":null,"fecha_de_siembra":null,"fecha_de_cosecha":null,"de_las_3_variedades_cual_le_gustaria_cultivar_de_nuevo":null,"codigo_paquetes":null,"caracteristica_1":"Vigor(follage)-(A/B/C)","mejor_variedad_1":null,"peor_variedad_1":null,"caracteristica_2":"Porte(altura)-(A/B/C)","mejor_variedad_2":null,"peor_variedad_2":null,"caracteristica_3":"Resistencia_a_plagas-(A/B/C)","mejor_variedad_3":null,"peor_variedad_3":null,"caracteristica_4":"Resistencia_a_enfermedades-(A/B/C)","mejor_variedad_4":null,"peor_variedad_4":null,"caracteristica_5":"Rendimiento-(A/B/C)","mejor_variedad_5":null,"peor_variedad_5":null,"caracteristica_6":"Valor_en_el_mercado-(A/B/C)","mejor_variedad_6":null,"peor_variedad_6":null,"caracteristica_7":"Consumo(sabor)-(A/B/C)","mejor_variedad_7":null,"peor_variedad_7":null,"caracteristica_8":"Desempeño_general-(A/B/C)","mejor_variedad_8":null,"peor_variedad_8":null,"caracteristica_9":"Desempeño_general_VS_Local-(Mejor/Peor)","variedad_a_9":null,"variedad_b_9":null,"variedad_c_9":null,"evaluacion":null},
{"observadores":"epmvallecillofp2016_22","nombre_usuario":null,"nombre_familiar":null,"pueblo":null,"region":null,"telefono":null,"genero":null,"edad":null,"localizacion_longitud_punto_de_entrega_de_semilla":null,"localizacion_latitud_punto_de_entrega_de_semilla":null,"localizacion_altitud":null,"localizacion_longitud":null,"localizacion_latitud":null,"fecha_de_siembra":null,"fecha_de_cosecha":null,"de_las_3_variedades_cual_le_gustaria_cultivar_de_nuevo":null,"codigo_paquetes":null,"caracteristica_1":"Vigor(follage)-(A/B/C)","mejor_variedad_1":null,"peor_variedad_1":null,"caracteristica_2":"Porte(altura)-(A/B/C)","mejor_variedad_2":null,"peor_variedad_2":null,"caracteristica_3":"Resistencia_a_plagas-(A/B/C)","mejor_variedad_3":null,"peor_variedad_3":null,"caracteristica_4":"Resistencia_a_enfermedades-(A/B/C)","mejor_variedad_4":null,"peor_variedad_4":null,"caracteristica_5":"Rendimiento-(A/B/C)","mejor_variedad_5":null,"peor_variedad_5":null,"caracteristica_6":"Valor_en_el_mercado-(A/B/C)","mejor_variedad_6":null,"peor_variedad_6":null,"caracteristica_7":"Consumo(sabor)-(A/B/C)","mejor_variedad_7":null,"peor_variedad_7":null,"caracteristica_8":"Desempeño_general-(A/B/C)","mejor_variedad_8":null,"peor_variedad_8":null,"caracteristica_9":"Desempeño_general_VS_Local-(Mejor/Peor)","variedad_a_9":null,"variedad_b_9":null,"variedad_c_9":null,"evaluacion":null},
{"observadores":"epmvallecillofp2016_23","nombre_usuario":null,"nombre_familiar":null,"pueblo":null,"region":null,"telefono":null,"genero":null,"edad":null,"localizacion_longitud_punto_de_entrega_de_semilla":null,"localizacion_latitud_punto_de_entrega_de_semilla":null,"localizacion_altitud":null,"localizacion_longitud":null,"localizacion_latitud":null,"fecha_de_siembra":null,"fecha_de_cosecha":null,"de_las_3_variedades_cual_le_gustaria_cultivar_de_nuevo":null,"codigo_paquetes":null,"caracteristica_1":"Vigor(follage)-(A/B/C)","mejor_variedad_1":null,"peor_variedad_1":null,"caracteristica_2":"Porte(altura)-(A/B/C)","mejor_variedad_2":null,"peor_variedad_2":null,"caracteristica_3":"Resistencia_a_plagas-(A/B/C)","mejor_variedad_3":null,"peor_variedad_3":null,"caracteristica_4":"Resistencia_a_enfermedades-(A/B/C)","mejor_variedad_4":null,"peor_variedad_4":null,"caracteristica_5":"Rendimiento-(A/B/C)","mejor_variedad_5":null,"peor_variedad_5":null,"caracteristica_6":"Valor_en_el_mercado-(A/B/C)","mejor_variedad_6":null,"peor_variedad_6":null,"caracteristica_7":"Consumo(sabor)-(A/B/C)","mejor_variedad_7":null,"peor_variedad_7":null,"caracteristica_8":"Desempeño_general-(A/B/C)","mejor_variedad_8":null,"peor_variedad_8":null,"caracteristica_9":"Desempeño_general_VS_Local-(Mejor/Peor)","variedad_a_9":null,"variedad_b_9":null,"variedad_c_9":null,"evaluacion":null},
{"observadores":"epmvallecillofp2016_24","nombre_usuario":null,"nombre_familiar":null,"pueblo":null,"region":null,"telefono":null,"genero":null,"edad":null,"localizacion_longitud_punto_de_entrega_de_semilla":null,"localizacion_latitud_punto_de_entrega_de_semilla":null,"localizacion_altitud":null,"localizacion_longitud":null,"localizacion_latitud":null,"fecha_de_siembra":null,"fecha_de_cosecha":null,"de_las_3_variedades_cual_le_gustaria_cultivar_de_nuevo":null,"codigo_paquetes":null,"caracteristica_1":"Vigor(follage)-(A/B/C)","mejor_variedad_1":null,"peor_variedad_1":null,"caracteristica_2":"Porte(altura)-(A/B/C)","mejor_variedad_2":null,"peor_variedad_2":null,"caracteristica_3":"Resistencia_a_plagas-(A/B/C)","mejor_variedad_3":null,"peor_variedad_3":null,"caracteristica_4":"Resistencia_a_enfermedades-(A/B/C)","mejor_variedad_4":null,"peor_variedad_4":null,"caracteristica_5":"Rendimiento-(A/B/C)","mejor_variedad_5":null,"peor_variedad_5":null,"caracteristica_6":"Valor_en_el_mercado-(A/B/C)","mejor_variedad_6":null,"peor_variedad_6":null,"caracteristica_7":"Consumo(sabor)-(A/B/C)","mejor_variedad_7":null,"peor_variedad_7":null,"caracteristica_8":"Desempeño_general-(A/B/C)","mejor_variedad_8":null,"peor_variedad_8":null,"caracteristica_9":"Desempeño_general_VS_Local-(Mejor/Peor)","variedad_a_9":null,"variedad_b_9":null,"variedad_c_9":null,"evaluacion":null},
{"observadores":"epmvallecillofp2016_25","nombre_usuario":null,"nombre_familiar":null,"pueblo":null,"region":null,"telefono":null,"genero":null,"edad":null,"localizacion_longitud_punto_de_entrega_de_semilla":null,"localizacion_latitud_punto_de_entrega_de_semilla":null,"localizacion_altitud":null,"localizacion_longitud":null,"localizacion_latitud":null,"fecha_de_siembra":null,"fecha_de_cosecha":null,"de_las_3_variedades_cual_le_gustaria_cultivar_de_nuevo":null,"codigo_paquetes":null,"caracteristica_1":"Vigor(follage)-(A/B/C)","mejor_variedad_1":null,"peor_variedad_1":null,"caracteristica_2":"Porte(altura)-(A/B/C)","mejor_variedad_2":null,"peor_variedad_2":null,"caracteristica_3":"Resistencia_a_plagas-(A/B/C)","mejor_variedad_3":null,"peor_variedad_3":null,"caracteristica_4":"Resistencia_a_enfermedades-(A/B/C)","mejor_variedad_4":null,"peor_variedad_4":null,"caracteristica_5":"Rendimiento-(A/B/C)","mejor_variedad_5":null,"peor_variedad_5":null,"caracteristica_6":"Valor_en_el_mercado-(A/B/C)","mejor_variedad_6":null,"peor_variedad_6":null,"caracteristica_7":"Consumo(sabor)-(A/B/C)","mejor_variedad_7":null,"peor_variedad_7":null,"caracteristica_8":"Desempeño_general-(A/B/C)","mejor_variedad_8":null,"peor_variedad_8":null,"caracteristica_9":"Desempeño_general_VS_Local-(Mejor/Peor)","variedad_a_9":null,"variedad_b_9":null,"variedad_c_9":null,"evaluacion":null},
{"observadores":"epmvallecillofp2016_26","nombre_usuario":null,"nombre_familiar":null,"pueblo":null,"region":null,"telefono":null,"genero":null,"edad":null,"localizacion_longitud_punto_de_entrega_de_semilla":null,"localizacion_latitud_punto_de_entrega_de_semilla":null,"localizacion_altitud":null,"localizacion_longitud":null,"localizacion_latitud":null,"fecha_de_siembra":null,"fecha_de_cosecha":null,"de_las_3_variedades_cual_le_gustaria_cultivar_de_nuevo":null,"codigo_paquetes":null,"caracteristica_1":"Vigor(follage)-(A/B/C)","mejor_variedad_1":null,"peor_variedad_1":null,"caracteristica_2":"Porte(altura)-(A/B/C)","mejor_variedad_2":null,"peor_variedad_2":null,"caracteristica_3":"Resistencia_a_plagas-(A/B/C)","mejor_variedad_3":null,"peor_variedad_3":null,"caracteristica_4":"Resistencia_a_enfermedades-(A/B/C)","mejor_variedad_4":null,"peor_variedad_4":null,"caracteristica_5":"Rendimiento-(A/B/C)","mejor_variedad_5":null,"peor_variedad_5":null,"caracteristica_6":"Valor_en_el_mercado-(A/B/C)","mejor_variedad_6":null,"peor_variedad_6":null,"caracteristica_7":"Consumo(sabor)-(A/B/C)","mejor_variedad_7":null,"peor_variedad_7":null,"caracteristica_8":"Desempeño_general-(A/B/C)","mejor_variedad_8":null,"peor_variedad_8":null,"caracteristica_9":"Desempeño_general_VS_Local-(Mejor/Peor)","variedad_a_9":null,"variedad_b_9":null,"variedad_c_9":null,"evaluacion":null},
{"observadores":"epmvallecillofp2016_27","nombre_usuario":null,"nombre_familiar":null,"pueblo":null,"region":null,"telefono":null,"genero":null,"edad":null,"localizacion_longitud_punto_de_entrega_de_semilla":null,"localizacion_latitud_punto_de_entrega_de_semilla":null,"localizacion_altitud":null,"localizacion_longitud":null,"localizacion_latitud":null,"fecha_de_siembra":null,"fecha_de_cosecha":null,"de_las_3_variedades_cual_le_gustaria_cultivar_de_nuevo":null,"codigo_paquetes":null,"caracteristica_1":"Vigor(follage)-(A/B/C)","mejor_variedad_1":null,"peor_variedad_1":null,"caracteristica_2":"Porte(altura)-(A/B/C)","mejor_variedad_2":null,"peor_variedad_2":null,"caracteristica_3":"Resistencia_a_plagas-(A/B/C)","mejor_variedad_3":null,"peor_variedad_3":null,"caracteristica_4":"Resistencia_a_enfermedades-(A/B/C)","mejor_variedad_4":null,"peor_variedad_4":null,"caracteristica_5":"Rendimiento-(A/B/C)","mejor_variedad_5":null,"peor_variedad_5":null,"caracteristica_6":"Valor_en_el_mercado-(A/B/C)","mejor_variedad_6":null,"peor_variedad_6":null,"caracteristica_7":"Consumo(sabor)-(A/B/C)","mejor_variedad_7":null,"peor_variedad_7":null,"caracteristica_8":"Desempeño_general-(A/B/C)","mejor_variedad_8":null,"peor_variedad_8":null,"caracteristica_9":"Desempeño_general_VS_Local-(Mejor/Peor)","variedad_a_9":null,"variedad_b_9":null,"variedad_c_9":null,"evaluacion":null},
{"observadores":"epmvallecillofp2016_28","nombre_usuario":null,"nombre_familiar":null,"pueblo":null,"region":null,"telefono":null,"genero":null,"edad":null,"localizacion_longitud_punto_de_entrega_de_semilla":null,"localizacion_latitud_punto_de_entrega_de_semilla":null,"localizacion_altitud":null,"localizacion_longitud":null,"localizacion_latitud":null,"fecha_de_siembra":null,"fecha_de_cosecha":null,"de_las_3_variedades_cual_le_gustaria_cultivar_de_nuevo":null,"codigo_paquetes":null,"caracteristica_1":"Vigor(follage)-(A/B/C)","mejor_variedad_1":null,"peor_variedad_1":null,"caracteristica_2":"Porte(altura)-(A/B/C)","mejor_variedad_2":null,"peor_variedad_2":null,"caracteristica_3":"Resistencia_a_plagas-(A/B/C)","mejor_variedad_3":null,"peor_variedad_3":null,"caracteristica_4":"Resistencia_a_enfermedades-(A/B/C)","mejor_variedad_4":null,"peor_variedad_4":null,"caracteristica_5":"Rendimiento-(A/B/C)","mejor_variedad_5":null,"peor_variedad_5":null,"caracteristica_6":"Valor_en_el_mercado-(A/B/C)","mejor_variedad_6":null,"peor_variedad_6":null,"caracteristica_7":"Consumo(sabor)-(A/B/C)","mejor_variedad_7":null,"peor_variedad_7":null,"caracteristica_8":"Desempeño_general-(A/B/C)","mejor_variedad_8":null,"peor_variedad_8":null,"caracteristica_9":"Desempeño_general_VS_Local-(Mejor/Peor)","variedad_a_9":null,"variedad_b_9":null,"variedad_c_9":null,"evaluacion":null},
{"observadores":"epmvallecillofp2016_29","nombre_usuario":null,"nombre_familiar":null,"pueblo":null,"region":null,"telefono":null,"genero":null,"edad":null,"localizacion_longitud_punto_de_entrega_de_semilla":null,"localizacion_latitud_punto_de_entrega_de_semilla":null,"localizacion_altitud":null,"localizacion_longitud":null,"localizacion_latitud":null,"fecha_de_siembra":null,"fecha_de_cosecha":null,"de_las_3_variedades_cual_le_gustaria_cultivar_de_nuevo":null,"codigo_paquetes":null,"caracteristica_1":"Vigor(follage)-(A/B/C)","mejor_variedad_1":null,"peor_variedad_1":null,"caracteristica_2":"Porte(altura)-(A/B/C)","mejor_variedad_2":null,"peor_variedad_2":null,"caracteristica_3":"Resistencia_a_plagas-(A/B/C)","mejor_variedad_3":null,"peor_variedad_3":null,"caracteristica_4":"Resistencia_a_enfermedades-(A/B/C)","mejor_variedad_4":null,"peor_variedad_4":null,"caracteristica_5":"Rendimiento-(A/B/C)","mejor_variedad_5":null,"peor_variedad_5":null,"caracteristica_6":"Valor_en_el_mercado-(A/B/C)","mejor_variedad_6":null,"peor_variedad_6":null,"caracteristica_7":"Consumo(sabor)-(A/B/C)","mejor_variedad_7":null,"peor_variedad_7":null,"caracteristica_8":"Desempeño_general-(A/B/C)","mejor_variedad_8":null,"peor_variedad_8":null,"caracteristica_9":"Desempeño_general_VS_Local-(Mejor/Peor)","variedad_a_9":null,"variedad_b_9":null,"variedad_c_9":null,"evaluacion":null},
{"observadores":"epmvallecillofp2016_3","nombre_usuario":null,"nombre_familiar":null,"pueblo":null,"region":null,"telefono":null,"genero":null,"edad":null,"localizacion_longitud_punto_de_entrega_de_semilla":null,"localizacion_latitud_punto_de_entrega_de_semilla":null,"localizacion_altitud":null,"localizacion_longitud":null,"localizacion_latitud":null,"fecha_de_siembra":null,"fecha_de_cosecha":null,"de_las_3_variedades_cual_le_gustaria_cultivar_de_nuevo":null,"codigo_paquetes":null,"caracteristica_1":"Vigor(follage)-(A/B/C)","mejor_variedad_1":null,"peor_variedad_1":null,"caracteristica_2":"Porte(altura)-(A/B/C)","mejor_variedad_2":null,"peor_variedad_2":null,"caracteristica_3":"Resistencia_a_plagas-(A/B/C)","mejor_variedad_3":null,"peor_variedad_3":null,"caracteristica_4":"Resistencia_a_enfermedades-(A/B/C)","mejor_variedad_4":null,"peor_variedad_4":null,"caracteristica_5":"Rendimiento-(A/B/C)","mejor_variedad_5":null,"peor_variedad_5":null,"caracteristica_6":"Valor_en_el_mercado-(A/B/C)","mejor_variedad_6":null,"peor_variedad_6":null,"caracteristica_7":"Consumo(sabor)-(A/B/C)","mejor_variedad_7":null,"peor_variedad_7":null,"caracteristica_8":"Desempeño_general-(A/B/C)","mejor_variedad_8":null,"peor_variedad_8":null,"caracteristica_9":"Desempeño_general_VS_Local-(Mejor/Peor)","variedad_a_9":null,"variedad_b_9":null,"variedad_c_9":null,"evaluacion":null},
{"observadores":"epmvallecillofp2016_30","nombre_usuario":null,"nombre_familiar":null,"pueblo":null,"region":null,"telefono":null,"genero":null,"edad":null,"localizacion_longitud_punto_de_entrega_de_semilla":null,"localizacion_latitud_punto_de_entrega_de_semilla":null,"localizacion_altitud":null,"localizacion_longitud":null,"localizacion_latitud":null,"fecha_de_siembra":null,"fecha_de_cosecha":null,"de_las_3_variedades_cual_le_gustaria_cultivar_de_nuevo":null,"codigo_paquetes":null,"caracteristica_1":"Vigor(follage)-(A/B/C)","mejor_variedad_1":null,"peor_variedad_1":null,"caracteristica_2":"Porte(altura)-(A/B/C)","mejor_variedad_2":null,"peor_variedad_2":null,"caracteristica_3":"Resistencia_a_plagas-(A/B/C)","mejor_variedad_3":null,"peor_variedad_3":null,"caracteristica_4":"Resistencia_a_enfermedades-(A/B/C)","mejor_variedad_4":null,"peor_variedad_4":null,"caracteristica_5":"Rendimiento-(A/B/C)","mejor_variedad_5":null,"peor_variedad_5":null,"caracteristica_6":"Valor_en_el_mercado-(A/B/C)","mejor_variedad_6":null,"peor_variedad_6":null,"caracteristica_7":"Consumo(sabor)-(A/B/C)","mejor_variedad_7":null,"peor_variedad_7":null,"caracteristica_8":"Desempeño_general-(A/B/C)","mejor_variedad_8":null,"peor_variedad_8":null,"caracteristica_9":"Desempeño_general_VS_Local-(Mejor/Peor)","variedad_a_9":null,"variedad_b_9":null,"variedad_c_9":null,"evaluacion":null},
{"observadores":"epmvallecillofp2016_31","nombre_usuario":null,"nombre_familiar":null,"pueblo":null,"region":null,"telefono":null,"genero":null,"edad":null,"localizacion_longitud_punto_de_entrega_de_semilla":null,"localizacion_latitud_punto_de_entrega_de_semilla":null,"localizacion_altitud":null,"localizacion_longitud":null,"localizacion_latitud":null,"fecha_de_siembra":null,"fecha_de_cosecha":null,"de_las_3_variedades_cual_le_gustaria_cultivar_de_nuevo":null,"codigo_paquetes":null,"caracteristica_1":"Vigor(follage)-(A/B/C)","mejor_variedad_1":null,"peor_variedad_1":null,"caracteristica_2":"Porte(altura)-(A/B/C)","mejor_variedad_2":null,"peor_variedad_2":null,"caracteristica_3":"Resistencia_a_plagas-(A/B/C)","mejor_variedad_3":null,"peor_variedad_3":null,"caracteristica_4":"Resistencia_a_enfermedades-(A/B/C)","mejor_variedad_4":null,"peor_variedad_4":null,"caracteristica_5":"Rendimiento-(A/B/C)","mejor_variedad_5":null,"peor_variedad_5":null,"caracteristica_6":"Valor_en_el_mercado-(A/B/C)","mejor_variedad_6":null,"peor_variedad_6":null,"caracteristica_7":"Consumo(sabor)-(A/B/C)","mejor_variedad_7":null,"peor_variedad_7":null,"caracteristica_8":"Desempeño_general-(A/B/C)","mejor_variedad_8":null,"peor_variedad_8":null,"caracteristica_9":"Desempeño_general_VS_Local-(Mejor/Peor)","variedad_a_9":null,"variedad_b_9":null,"variedad_c_9":null,"evaluacion":null},
{"observadores":"epmvallecillofp2016_32","nombre_usuario":null,"nombre_familiar":null,"pueblo":null,"region":null,"telefono":null,"genero":null,"edad":null,"localizacion_longitud_punto_de_entrega_de_semilla":null,"localizacion_latitud_punto_de_entrega_de_semilla":null,"localizacion_altitud":null,"localizacion_longitud":null,"localizacion_latitud":null,"fecha_de_siembra":null,"fecha_de_cosecha":null,"de_las_3_variedades_cual_le_gustaria_cultivar_de_nuevo":null,"codigo_paquetes":null,"caracteristica_1":"Vigor(follage)-(A/B/C)","mejor_variedad_1":null,"peor_variedad_1":null,"caracteristica_2":"Porte(altura)-(A/B/C)","mejor_variedad_2":null,"peor_variedad_2":null,"caracteristica_3":"Resistencia_a_plagas-(A/B/C)","mejor_variedad_3":null,"peor_variedad_3":null,"caracteristica_4":"Resistencia_a_enfermedades-(A/B/C)","mejor_variedad_4":null,"peor_variedad_4":null,"caracteristica_5":"Rendimiento-(A/B/C)","mejor_variedad_5":null,"peor_variedad_5":null,"caracteristica_6":"Valor_en_el_mercado-(A/B/C)","mejor_variedad_6":null,"peor_variedad_6":null,"caracteristica_7":"Consumo(sabor)-(A/B/C)","mejor_variedad_7":null,"peor_variedad_7":null,"caracteristica_8":"Desempeño_general-(A/B/C)","mejor_variedad_8":null,"peor_variedad_8":null,"caracteristica_9":"Desempeño_general_VS_Local-(Mejor/Peor)","variedad_a_9":null,"variedad_b_9":null,"variedad_c_9":null,"evaluacion":null},
{"observadores":"epmvallecillofp2016_33","nombre_usuario":null,"nombre_familiar":null,"pueblo":null,"region":null,"telefono":null,"genero":null,"edad":null,"localizacion_longitud_punto_de_entrega_de_semilla":null,"localizacion_latitud_punto_de_entrega_de_semilla":null,"localizacion_altitud":null,"localizacion_longitud":null,"localizacion_latitud":null,"fecha_de_siembra":null,"fecha_de_cosecha":null,"de_las_3_variedades_cual_le_gustaria_cultivar_de_nuevo":null,"codigo_paquetes":null,"caracteristica_1":"Vigor(follage)-(A/B/C)","mejor_variedad_1":null,"peor_variedad_1":null,"caracteristica_2":"Porte(altura)-(A/B/C)","mejor_variedad_2":null,"peor_variedad_2":null,"caracteristica_3":"Resistencia_a_plagas-(A/B/C)","mejor_variedad_3":null,"peor_variedad_3":null,"caracteristica_4":"Resistencia_a_enfermedades-(A/B/C)","mejor_variedad_4":null,"peor_variedad_4":null,"caracteristica_5":"Rendimiento-(A/B/C)","mejor_variedad_5":null,"peor_variedad_5":null,"caracteristica_6":"Valor_en_el_mercado-(A/B/C)","mejor_variedad_6":null,"peor_variedad_6":null,"caracteristica_7":"Consumo(sabor)-(A/B/C)","mejor_variedad_7":null,"peor_variedad_7":null,"caracteristica_8":"Desempeño_general-(A/B/C)","mejor_variedad_8":null,"peor_variedad_8":null,"caracteristica_9":"Desempeño_general_VS_Local-(Mejor/Peor)","variedad_a_9":null,"variedad_b_9":null,"variedad_c_9":null,"evaluacion":null},
{"observadores":"epmvallecillofp2016_34","nombre_usuario":null,"nombre_familiar":null,"pueblo":null,"region":null,"telefono":null,"genero":null,"edad":null,"localizacion_longitud_punto_de_entrega_de_semilla":null,"localizacion_latitud_punto_de_entrega_de_semilla":null,"localizacion_altitud":null,"localizacion_longitud":null,"localizacion_latitud":null,"fecha_de_siembra":null,"fecha_de_cosecha":null,"de_las_3_variedades_cual_le_gustaria_cultivar_de_nuevo":null,"codigo_paquetes":null,"caracteristica_1":"Vigor(follage)-(A/B/C)","mejor_variedad_1":null,"peor_variedad_1":null,"caracteristica_2":"Porte(altura)-(A/B/C)","mejor_variedad_2":null,"peor_variedad_2":null,"caracteristica_3":"Resistencia_a_plagas-(A/B/C)","mejor_variedad_3":null,"peor_variedad_3":null,"caracteristica_4":"Resistencia_a_enfermedades-(A/B/C)","mejor_variedad_4":null,"peor_variedad_4":null,"caracteristica_5":"Rendimiento-(A/B/C)","mejor_variedad_5":null,"peor_variedad_5":null,"caracteristica_6":"Valor_en_el_mercado-(A/B/C)","mejor_variedad_6":null,"peor_variedad_6":null,"caracteristica_7":"Consumo(sabor)-(A/B/C)","mejor_variedad_7":null,"peor_variedad_7":null,"caracteristica_8":"Desempeño_general-(A/B/C)","mejor_variedad_8":null,"peor_variedad_8":null,"caracteristica_9":"Desempeño_general_VS_Local-(Mejor/Peor)","variedad_a_9":null,"variedad_b_9":null,"variedad_c_9":null,"evaluacion":null},
{"observadores":"epmvallecillofp2016_35","nombre_usuario":null,"nombre_familiar":null,"pueblo":null,"region":null,"telefono":null,"genero":null,"edad":null,"localizacion_longitud_punto_de_entrega_de_semilla":null,"localizacion_latitud_punto_de_entrega_de_semilla":null,"localizacion_altitud":null,"localizacion_longitud":null,"localizacion_latitud":null,"fecha_de_siembra":null,"fecha_de_cosecha":null,"de_las_3_variedades_cual_le_gustaria_cultivar_de_nuevo":null,"codigo_paquetes":null,"caracteristica_1":"Vigor(follage)-(A/B/C)","mejor_variedad_1":null,"peor_variedad_1":null,"caracteristica_2":"Porte(altura)-(A/B/C)","mejor_variedad_2":null,"peor_variedad_2":null,"caracteristica_3":"Resistencia_a_plagas-(A/B/C)","mejor_variedad_3":null,"peor_variedad_3":null,"caracteristica_4":"Resistencia_a_enfermedades-(A/B/C)","mejor_variedad_4":null,"peor_variedad_4":null,"caracteristica_5":"Rendimiento-(A/B/C)","mejor_variedad_5":null,"peor_variedad_5":null,"caracteristica_6":"Valor_en_el_mercado-(A/B/C)","mejor_variedad_6":null,"peor_variedad_6":null,"caracteristica_7":"Consumo(sabor)-(A/B/C)","mejor_variedad_7":null,"peor_variedad_7":null,"caracteristica_8":"Desempeño_general-(A/B/C)","mejor_variedad_8":null,"peor_variedad_8":null,"caracteristica_9":"Desempeño_general_VS_Local-(Mejor/Peor)","variedad_a_9":null,"variedad_b_9":null,"variedad_c_9":null,"evaluacion":null},
{"observadores":"epmvallecillofp2016_36","nombre_usuario":null,"nombre_familiar":null,"pueblo":null,"region":null,"telefono":null,"genero":null,"edad":null,"localizacion_longitud_punto_de_entrega_de_semilla":null,"localizacion_latitud_punto_de_entrega_de_semilla":null,"localizacion_altitud":null,"localizacion_longitud":null,"localizacion_latitud":null,"fecha_de_siembra":null,"fecha_de_cosecha":null,"de_las_3_variedades_cual_le_gustaria_cultivar_de_nuevo":null,"codigo_paquetes":null,"caracteristica_1":"Vigor(follage)-(A/B/C)","mejor_variedad_1":null,"peor_variedad_1":null,"caracteristica_2":"Porte(altura)-(A/B/C)","mejor_variedad_2":null,"peor_variedad_2":null,"caracteristica_3":"Resistencia_a_plagas-(A/B/C)","mejor_variedad_3":null,"peor_variedad_3":null,"caracteristica_4":"Resistencia_a_enfermedades-(A/B/C)","mejor_variedad_4":null,"peor_variedad_4":null,"caracteristica_5":"Rendimiento-(A/B/C)","mejor_variedad_5":null,"peor_variedad_5":null,"caracteristica_6":"Valor_en_el_mercado-(A/B/C)","mejor_variedad_6":null,"peor_variedad_6":null,"caracteristica_7":"Consumo(sabor)-(A/B/C)","mejor_variedad_7":null,"peor_variedad_7":null,"caracteristica_8":"Desempeño_general-(A/B/C)","mejor_variedad_8":null,"peor_variedad_8":null,"caracteristica_9":"Desempeño_general_VS_Local-(Mejor/Peor)","variedad_a_9":null,"variedad_b_9":null,"variedad_c_9":null,"evaluacion":null},
{"observadores":"epmvallecillofp2016_37","nombre_usuario":null,"nombre_familiar":null,"pueblo":null,"region":null,"telefono":null,"genero":null,"edad":null,"localizacion_longitud_punto_de_entrega_de_semilla":null,"localizacion_latitud_punto_de_entrega_de_semilla":null,"localizacion_altitud":null,"localizacion_longitud":null,"localizacion_latitud":null,"fecha_de_siembra":null,"fecha_de_cosecha":null,"de_las_3_variedades_cual_le_gustaria_cultivar_de_nuevo":null,"codigo_paquetes":null,"caracteristica_1":"Vigor(follage)-(A/B/C)","mejor_variedad_1":null,"peor_variedad_1":null,"caracteristica_2":"Porte(altura)-(A/B/C)","mejor_variedad_2":null,"peor_variedad_2":null,"caracteristica_3":"Resistencia_a_plagas-(A/B/C)","mejor_variedad_3":null,"peor_variedad_3":null,"caracteristica_4":"Resistencia_a_enfermedades-(A/B/C)","mejor_variedad_4":null,"peor_variedad_4":null,"caracteristica_5":"Rendimiento-(A/B/C)","mejor_variedad_5":null,"peor_variedad_5":null,"caracteristica_6":"Valor_en_el_mercado-(A/B/C)","mejor_variedad_6":null,"peor_variedad_6":null,"caracteristica_7":"Consumo(sabor)-(A/B/C)","mejor_variedad_7":null,"peor_variedad_7":null,"caracteristica_8":"Desempeño_general-(A/B/C)","mejor_variedad_8":null,"peor_variedad_8":null,"caracteristica_9":"Desempeño_general_VS_Local-(Mejor/Peor)","variedad_a_9":null,"variedad_b_9":null,"variedad_c_9":null,"evaluacion":null},
{"observadores":"epmvallecillofp2016_38","nombre_usuario":null,"nombre_familiar":null,"pueblo":null,"region":null,"telefono":null,"genero":null,"edad":null,"localizacion_longitud_punto_de_entrega_de_semilla":null,"localizacion_latitud_punto_de_entrega_de_semilla":null,"localizacion_altitud":null,"localizacion_longitud":null,"localizacion_latitud":null,"fecha_de_siembra":null,"fecha_de_cosecha":null,"de_las_3_variedades_cual_le_gustaria_cultivar_de_nuevo":null,"codigo_paquetes":null,"caracteristica_1":"Vigor(follage)-(A/B/C)","mejor_variedad_1":null,"peor_variedad_1":null,"caracteristica_2":"Porte(altura)-(A/B/C)","mejor_variedad_2":null,"peor_variedad_2":null,"caracteristica_3":"Resistencia_a_plagas-(A/B/C)","mejor_variedad_3":null,"peor_variedad_3":null,"caracteristica_4":"Resistencia_a_enfermedades-(A/B/C)","mejor_variedad_4":null,"peor_variedad_4":null,"caracteristica_5":"Rendimiento-(A/B/C)","mejor_variedad_5":null,"peor_variedad_5":null,"caracteristica_6":"Valor_en_el_mercado-(A/B/C)","mejor_variedad_6":null,"peor_variedad_6":null,"caracteristica_7":"Consumo(sabor)-(A/B/C)","mejor_variedad_7":null,"peor_variedad_7":null,"caracteristica_8":"Desempeño_general-(A/B/C)","mejor_variedad_8":null,"peor_variedad_8":null,"caracteristica_9":"Desempeño_general_VS_Local-(Mejor/Peor)","variedad_a_9":null,"variedad_b_9":null,"variedad_c_9":null,"evaluacion":null},
{"observadores":"epmvallecillofp2016_39","nombre_usuario":null,"nombre_familiar":null,"pueblo":null,"region":null,"telefono":null,"genero":null,"edad":null,"localizacion_longitud_punto_de_entrega_de_semilla":null,"localizacion_latitud_punto_de_entrega_de_semilla":null,"localizacion_altitud":null,"localizacion_longitud":null,"localizacion_latitud":null,"fecha_de_siembra":null,"fecha_de_cosecha":null,"de_las_3_variedades_cual_le_gustaria_cultivar_de_nuevo":null,"codigo_paquetes":null,"caracteristica_1":"Vigor(follage)-(A/B/C)","mejor_variedad_1":null,"peor_variedad_1":null,"caracteristica_2":"Porte(altura)-(A/B/C)","mejor_variedad_2":null,"peor_variedad_2":null,"caracteristica_3":"Resistencia_a_plagas-(A/B/C)","mejor_variedad_3":null,"peor_variedad_3":null,"caracteristica_4":"Resistencia_a_enfermedades-(A/B/C)","mejor_variedad_4":null,"peor_variedad_4":null,"caracteristica_5":"Rendimiento-(A/B/C)","mejor_variedad_5":null,"peor_variedad_5":null,"caracteristica_6":"Valor_en_el_mercado-(A/B/C)","mejor_variedad_6":null,"peor_variedad_6":null,"caracteristica_7":"Consumo(sabor)-(A/B/C)","mejor_variedad_7":null,"peor_variedad_7":null,"caracteristica_8":"Desempeño_general-(A/B/C)","mejor_variedad_8":null,"peor_variedad_8":null,"caracteristica_9":"Desempeño_general_VS_Local-(Mejor/Peor)","variedad_a_9":null,"variedad_b_9":null,"variedad_c_9":null,"evaluacion":null},
{"observadores":"epmvallecillofp2016_4","nombre_usuario":null,"nombre_familiar":null,"pueblo":null,"region":null,"telefono":null,"genero":null,"edad":null,"localizacion_longitud_punto_de_entrega_de_semilla":null,"localizacion_latitud_punto_de_entrega_de_semilla":null,"localizacion_altitud":null,"localizacion_longitud":null,"localizacion_latitud":null,"fecha_de_siembra":null,"fecha_de_cosecha":null,"de_las_3_variedades_cual_le_gustaria_cultivar_de_nuevo":null,"codigo_paquetes":null,"caracteristica_1":"Vigor(follage)-(A/B/C)","mejor_variedad_1":null,"peor_variedad_1":null,"caracteristica_2":"Porte(altura)-(A/B/C)","mejor_variedad_2":null,"peor_variedad_2":null,"caracteristica_3":"Resistencia_a_plagas-(A/B/C)","mejor_variedad_3":null,"peor_variedad_3":null,"caracteristica_4":"Resistencia_a_enfermedades-(A/B/C)","mejor_variedad_4":null,"peor_variedad_4":null,"caracteristica_5":"Rendimiento-(A/B/C)","mejor_variedad_5":null,"peor_variedad_5":null,"caracteristica_6":"Valor_en_el_mercado-(A/B/C)","mejor_variedad_6":null,"peor_variedad_6":null,"caracteristica_7":"Consumo(sabor)-(A/B/C)","mejor_variedad_7":null,"peor_variedad_7":null,"caracteristica_8":"Desempeño_general-(A/B/C)","mejor_variedad_8":null,"peor_variedad_8":null,"caracteristica_9":"Desempeño_general_VS_Local-(Mejor/Peor)","variedad_a_9":null,"variedad_b_9":null,"variedad_c_9":null,"evaluacion":null},
{"observadores":"epmvallecillofp2016_40","nombre_usuario":null,"nombre_familiar":null,"pueblo":null,"region":null,"telefono":null,"genero":null,"edad":null,"localizacion_longitud_punto_de_entrega_de_semilla":null,"localizacion_latitud_punto_de_entrega_de_semilla":null,"localizacion_altitud":null,"localizacion_longitud":null,"localizacion_latitud":null,"fecha_de_siembra":null,"fecha_de_cosecha":null,"de_las_3_variedades_cual_le_gustaria_cultivar_de_nuevo":null,"codigo_paquetes":null,"caracteristica_1":"Vigor(follage)-(A/B/C)","mejor_variedad_1":null,"peor_variedad_1":null,"caracteristica_2":"Porte(altura)-(A/B/C)","mejor_variedad_2":null,"peor_variedad_2":null,"caracteristica_3":"Resistencia_a_plagas-(A/B/C)","mejor_variedad_3":null,"peor_variedad_3":null,"caracteristica_4":"Resistencia_a_enfermedades-(A/B/C)","mejor_variedad_4":null,"peor_variedad_4":null,"caracteristica_5":"Rendimiento-(A/B/C)","mejor_variedad_5":null,"peor_variedad_5":null,"caracteristica_6":"Valor_en_el_mercado-(A/B/C)","mejor_variedad_6":null,"peor_variedad_6":null,"caracteristica_7":"Consumo(sabor)-(A/B/C)","mejor_variedad_7":null,"peor_variedad_7":null,"caracteristica_8":"Desempeño_general-(A/B/C)","mejor_variedad_8":null,"peor_variedad_8":null,"caracteristica_9":"Desempeño_general_VS_Local-(Mejor/Peor)","variedad_a_9":null,"variedad_b_9":null,"variedad_c_9":null,"evaluacion":null},
{"observadores":"epmvallecillofp2016_41","nombre_usuario":null,"nombre_familiar":null,"pueblo":null,"region":null,"telefono":null,"genero":null,"edad":null,"localizacion_longitud_punto_de_entrega_de_semilla":null,"localizacion_latitud_punto_de_entrega_de_semilla":null,"localizacion_altitud":null,"localizacion_longitud":null,"localizacion_latitud":null,"fecha_de_siembra":null,"fecha_de_cosecha":null,"de_las_3_variedades_cual_le_gustaria_cultivar_de_nuevo":null,"codigo_paquetes":null,"caracteristica_1":"Vigor(follage)-(A/B/C)","mejor_variedad_1":null,"peor_variedad_1":null,"caracteristica_2":"Porte(altura)-(A/B/C)","mejor_variedad_2":null,"peor_variedad_2":null,"caracteristica_3":"Resistencia_a_plagas-(A/B/C)","mejor_variedad_3":null,"peor_variedad_3":null,"caracteristica_4":"Resistencia_a_enfermedades-(A/B/C)","mejor_variedad_4":null,"peor_variedad_4":null,"caracteristica_5":"Rendimiento-(A/B/C)","mejor_variedad_5":null,"peor_variedad_5":null,"caracteristica_6":"Valor_en_el_mercado-(A/B/C)","mejor_variedad_6":null,"peor_variedad_6":null,"caracteristica_7":"Consumo(sabor)-(A/B/C)","mejor_variedad_7":null,"peor_variedad_7":null,"caracteristica_8":"Desempeño_general-(A/B/C)","mejor_variedad_8":null,"peor_variedad_8":null,"caracteristica_9":"Desempeño_general_VS_Local-(Mejor/Peor)","variedad_a_9":null,"variedad_b_9":null,"variedad_c_9":null,"evaluacion":null},
{"observadores":"epmvallecillofp2016_42","nombre_usuario":null,"nombre_familiar":null,"pueblo":null,"region":null,"telefono":null,"genero":null,"edad":null,"localizacion_longitud_punto_de_entrega_de_semilla":null,"localizacion_latitud_punto_de_entrega_de_semilla":null,"localizacion_altitud":null,"localizacion_longitud":null,"localizacion_latitud":null,"fecha_de_siembra":null,"fecha_de_cosecha":null,"de_las_3_variedades_cual_le_gustaria_cultivar_de_nuevo":null,"codigo_paquetes":null,"caracteristica_1":"Vigor(follage)-(A/B/C)","mejor_variedad_1":null,"peor_variedad_1":null,"caracteristica_2":"Porte(altura)-(A/B/C)","mejor_variedad_2":null,"peor_variedad_2":null,"caracteristica_3":"Resistencia_a_plagas-(A/B/C)","mejor_variedad_3":null,"peor_variedad_3":null,"caracteristica_4":"Resistencia_a_enfermedades-(A/B/C)","mejor_variedad_4":null,"peor_variedad_4":null,"caracteristica_5":"Rendimiento-(A/B/C)","mejor_variedad_5":null,"peor_variedad_5":null,"caracteristica_6":"Valor_en_el_mercado-(A/B/C)","mejor_variedad_6":null,"peor_variedad_6":null,"caracteristica_7":"Consumo(sabor)-(A/B/C)","mejor_variedad_7":null,"peor_variedad_7":null,"caracteristica_8":"Desempeño_general-(A/B/C)","mejor_variedad_8":null,"peor_variedad_8":null,"caracteristica_9":"Desempeño_general_VS_Local-(Mejor/Peor)","variedad_a_9":null,"variedad_b_9":null,"variedad_c_9":null,"evaluacion":null},
{"observadores":"epmvallecillofp2016_43","nombre_usuario":null,"nombre_familiar":null,"pueblo":null,"region":null,"telefono":null,"genero":null,"edad":null,"localizacion_longitud_punto_de_entrega_de_semilla":null,"localizacion_latitud_punto_de_entrega_de_semilla":null,"localizacion_altitud":null,"localizacion_longitud":null,"localizacion_latitud":null,"fecha_de_siembra":null,"fecha_de_cosecha":null,"de_las_3_variedades_cual_le_gustaria_cultivar_de_nuevo":null,"codigo_paquetes":null,"caracteristica_1":"Vigor(follage)-(A/B/C)","mejor_variedad_1":null,"peor_variedad_1":null,"caracteristica_2":"Porte(altura)-(A/B/C)","mejor_variedad_2":null,"peor_variedad_2":null,"caracteristica_3":"Resistencia_a_plagas-(A/B/C)","mejor_variedad_3":null,"peor_variedad_3":null,"caracteristica_4":"Resistencia_a_enfermedades-(A/B/C)","mejor_variedad_4":null,"peor_variedad_4":null,"caracteristica_5":"Rendimiento-(A/B/C)","mejor_variedad_5":null,"peor_variedad_5":null,"caracteristica_6":"Valor_en_el_mercado-(A/B/C)","mejor_variedad_6":null,"peor_variedad_6":null,"caracteristica_7":"Consumo(sabor)-(A/B/C)","mejor_variedad_7":null,"peor_variedad_7":null,"caracteristica_8":"Desempeño_general-(A/B/C)","mejor_variedad_8":null,"peor_variedad_8":null,"caracteristica_9":"Desempeño_general_VS_Local-(Mejor/Peor)","variedad_a_9":null,"variedad_b_9":null,"variedad_c_9":null,"evaluacion":null},
{"observadores":"epmvallecillofp2016_44","nombre_usuario":null,"nombre_familiar":null,"pueblo":null,"region":null,"telefono":null,"genero":null,"edad":null,"localizacion_longitud_punto_de_entrega_de_semilla":null,"localizacion_latitud_punto_de_entrega_de_semilla":null,"localizacion_altitud":null,"localizacion_longitud":null,"localizacion_latitud":null,"fecha_de_siembra":null,"fecha_de_cosecha":null,"de_las_3_variedades_cual_le_gustaria_cultivar_de_nuevo":null,"codigo_paquetes":null,"caracteristica_1":"Vigor(follage)-(A/B/C)","mejor_variedad_1":null,"peor_variedad_1":null,"caracteristica_2":"Porte(altura)-(A/B/C)","mejor_variedad_2":null,"peor_variedad_2":null,"caracteristica_3":"Resistencia_a_plagas-(A/B/C)","mejor_variedad_3":null,"peor_variedad_3":null,"caracteristica_4":"Resistencia_a_enfermedades-(A/B/C)","mejor_variedad_4":null,"peor_variedad_4":null,"caracteristica_5":"Rendimiento-(A/B/C)","mejor_variedad_5":null,"peor_variedad_5":null,"caracteristica_6":"Valor_en_el_mercado-(A/B/C)","mejor_variedad_6":null,"peor_variedad_6":null,"caracteristica_7":"Consumo(sabor)-(A/B/C)","mejor_variedad_7":null,"peor_variedad_7":null,"caracteristica_8":"Desempeño_general-(A/B/C)","mejor_variedad_8":null,"peor_variedad_8":null,"caracteristica_9":"Desempeño_general_VS_Local-(Mejor/Peor)","variedad_a_9":null,"variedad_b_9":null,"variedad_c_9":null,"evaluacion":null},
{"observadores":"epmvallecillofp2016_45","nombre_usuario":null,"nombre_familiar":null,"pueblo":null,"region":null,"telefono":null,"genero":null,"edad":null,"localizacion_longitud_punto_de_entrega_de_semilla":null,"localizacion_latitud_punto_de_entrega_de_semilla":null,"localizacion_altitud":null,"localizacion_longitud":null,"localizacion_latitud":null,"fecha_de_siembra":null,"fecha_de_cosecha":null,"de_las_3_variedades_cual_le_gustaria_cultivar_de_nuevo":null,"codigo_paquetes":null,"caracteristica_1":"Vigor(follage)-(A/B/C)","mejor_variedad_1":null,"peor_variedad_1":null,"caracteristica_2":"Porte(altura)-(A/B/C)","mejor_variedad_2":null,"peor_variedad_2":null,"caracteristica_3":"Resistencia_a_plagas-(A/B/C)","mejor_variedad_3":null,"peor_variedad_3":null,"caracteristica_4":"Resistencia_a_enfermedades-(A/B/C)","mejor_variedad_4":null,"peor_variedad_4":null,"caracteristica_5":"Rendimiento-(A/B/C)","mejor_variedad_5":null,"peor_variedad_5":null,"caracteristica_6":"Valor_en_el_mercado-(A/B/C)","mejor_variedad_6":null,"peor_variedad_6":null,"caracteristica_7":"Consumo(sabor)-(A/B/C)","mejor_variedad_7":null,"peor_variedad_7":null,"caracteristica_8":"Desempeño_general-(A/B/C)","mejor_variedad_8":null,"peor_variedad_8":null,"caracteristica_9":"Desempeño_general_VS_Local-(Mejor/Peor)","variedad_a_9":null,"variedad_b_9":null,"variedad_c_9":null,"evaluacion":null},
{"observadores":"epmvallecillofp2016_46","nombre_usuario":null,"nombre_familiar":null,"pueblo":null,"region":null,"telefono":null,"genero":null,"edad":null,"localizacion_longitud_punto_de_entrega_de_semilla":null,"localizacion_latitud_punto_de_entrega_de_semilla":null,"localizacion_altitud":null,"localizacion_longitud":null,"localizacion_latitud":null,"fecha_de_siembra":null,"fecha_de_cosecha":null,"de_las_3_variedades_cual_le_gustaria_cultivar_de_nuevo":null,"codigo_paquetes":null,"caracteristica_1":"Vigor(follage)-(A/B/C)","mejor_variedad_1":null,"peor_variedad_1":null,"caracteristica_2":"Porte(altura)-(A/B/C)","mejor_variedad_2":null,"peor_variedad_2":null,"caracteristica_3":"Resistencia_a_plagas-(A/B/C)","mejor_variedad_3":null,"peor_variedad_3":null,"caracteristica_4":"Resistencia_a_enfermedades-(A/B/C)","mejor_variedad_4":null,"peor_variedad_4":null,"caracteristica_5":"Rendimiento-(A/B/C)","mejor_variedad_5":null,"peor_variedad_5":null,"caracteristica_6":"Valor_en_el_mercado-(A/B/C)","mejor_variedad_6":null,"peor_variedad_6":null,"caracteristica_7":"Consumo(sabor)-(A/B/C)","mejor_variedad_7":null,"peor_variedad_7":null,"caracteristica_8":"Desempeño_general-(A/B/C)","mejor_variedad_8":null,"peor_variedad_8":null,"caracteristica_9":"Desempeño_general_VS_Local-(Mejor/Peor)","variedad_a_9":null,"variedad_b_9":null,"variedad_c_9":null,"evaluacion":null},
{"observadores":"epmvallecillofp2016_47","nombre_usuario":null,"nombre_familiar":null,"pueblo":null,"region":null,"telefono":null,"genero":null,"edad":null,"localizacion_longitud_punto_de_entrega_de_semilla":null,"localizacion_latitud_punto_de_entrega_de_semilla":null,"localizacion_altitud":null,"localizacion_longitud":null,"localizacion_latitud":null,"fecha_de_siembra":null,"fecha_de_cosecha":null,"de_las_3_variedades_cual_le_gustaria_cultivar_de_nuevo":null,"codigo_paquetes":null,"caracteristica_1":"Vigor(follage)-(A/B/C)","mejor_variedad_1":null,"peor_variedad_1":null,"caracteristica_2":"Porte(altura)-(A/B/C)","mejor_variedad_2":null,"peor_variedad_2":null,"caracteristica_3":"Resistencia_a_plagas-(A/B/C)","mejor_variedad_3":null,"peor_variedad_3":null,"caracteristica_4":"Resistencia_a_enfermedades-(A/B/C)","mejor_variedad_4":null,"peor_variedad_4":null,"caracteristica_5":"Rendimiento-(A/B/C)","mejor_variedad_5":null,"peor_variedad_5":null,"caracteristica_6":"Valor_en_el_mercado-(A/B/C)","mejor_variedad_6":null,"peor_variedad_6":null,"caracteristica_7":"Consumo(sabor)-(A/B/C)","mejor_variedad_7":null,"peor_variedad_7":null,"caracteristica_8":"Desempeño_general-(A/B/C)","mejor_variedad_8":null,"peor_variedad_8":null,"caracteristica_9":"Desempeño_general_VS_Local-(Mejor/Peor)","variedad_a_9":null,"variedad_b_9":null,"variedad_c_9":null,"evaluacion":null},
{"observadores":"epmvallecillofp2016_48","nombre_usuario":null,"nombre_familiar":null,"pueblo":null,"region":null,"telefono":null,"genero":null,"edad":null,"localizacion_longitud_punto_de_entrega_de_semilla":null,"localizacion_latitud_punto_de_entrega_de_semilla":null,"localizacion_altitud":null,"localizacion_longitud":null,"localizacion_latitud":null,"fecha_de_siembra":null,"fecha_de_cosecha":null,"de_las_3_variedades_cual_le_gustaria_cultivar_de_nuevo":null,"codigo_paquetes":null,"caracteristica_1":"Vigor(follage)-(A/B/C)","mejor_variedad_1":null,"peor_variedad_1":null,"caracteristica_2":"Porte(altura)-(A/B/C)","mejor_variedad_2":null,"peor_variedad_2":null,"caracteristica_3":"Resistencia_a_plagas-(A/B/C)","mejor_variedad_3":null,"peor_variedad_3":null,"caracteristica_4":"Resistencia_a_enfermedades-(A/B/C)","mejor_variedad_4":null,"peor_variedad_4":null,"caracteristica_5":"Rendimiento-(A/B/C)","mejor_variedad_5":null,"peor_variedad_5":null,"caracteristica_6":"Valor_en_el_mercado-(A/B/C)","mejor_variedad_6":null,"peor_variedad_6":null,"caracteristica_7":"Consumo(sabor)-(A/B/C)","mejor_variedad_7":null,"peor_variedad_7":null,"caracteristica_8":"Desempeño_general-(A/B/C)","mejor_variedad_8":null,"peor_variedad_8":null,"caracteristica_9":"Desempeño_general_VS_Local-(Mejor/Peor)","variedad_a_9":null,"variedad_b_9":null,"variedad_c_9":null,"evaluacion":null},
{"observadores":"epmvallecillofp2016_49","nombre_usuario":null,"nombre_familiar":null,"pueblo":null,"region":null,"telefono":null,"genero":null,"edad":null,"localizacion_longitud_punto_de_entrega_de_semilla":null,"localizacion_latitud_punto_de_entrega_de_semilla":null,"localizacion_altitud":null,"localizacion_longitud":null,"localizacion_latitud":null,"fecha_de_siembra":null,"fecha_de_cosecha":null,"de_las_3_variedades_cual_le_gustaria_cultivar_de_nuevo":null,"codigo_paquetes":null,"caracteristica_1":"Vigor(follage)-(A/B/C)","mejor_variedad_1":null,"peor_variedad_1":null,"caracteristica_2":"Porte(altura)-(A/B/C)","mejor_variedad_2":null,"peor_variedad_2":null,"caracteristica_3":"Resistencia_a_plagas-(A/B/C)","mejor_variedad_3":null,"peor_variedad_3":null,"caracteristica_4":"Resistencia_a_enfermedades-(A/B/C)","mejor_variedad_4":null,"peor_variedad_4":null,"caracteristica_5":"Rendimiento-(A/B/C)","mejor_variedad_5":null,"peor_variedad_5":null,"caracteristica_6":"Valor_en_el_mercado-(A/B/C)","mejor_variedad_6":null,"peor_variedad_6":null,"caracteristica_7":"Consumo(sabor)-(A/B/C)","mejor_variedad_7":null,"peor_variedad_7":null,"caracteristica_8":"Desempeño_general-(A/B/C)","mejor_variedad_8":null,"peor_variedad_8":null,"caracteristica_9":"Desempeño_general_VS_Local-(Mejor/Peor)","variedad_a_9":null,"variedad_b_9":null,"variedad_c_9":null,"evaluacion":null},
{"observadores":"epmvallecillofp2016_5","nombre_usuario":null,"nombre_familiar":null,"pueblo":null,"region":null,"telefono":null,"genero":null,"edad":null,"localizacion_longitud_punto_de_entrega_de_semilla":null,"localizacion_latitud_punto_de_entrega_de_semilla":null,"localizacion_altitud":null,"localizacion_longitud":null,"localizacion_latitud":null,"fecha_de_siembra":null,"fecha_de_cosecha":null,"de_las_3_variedades_cual_le_gustaria_cultivar_de_nuevo":null,"codigo_paquetes":null,"caracteristica_1":"Vigor(follage)-(A/B/C)","mejor_variedad_1":null,"peor_variedad_1":null,"caracteristica_2":"Porte(altura)-(A/B/C)","mejor_variedad_2":null,"peor_variedad_2":null,"caracteristica_3":"Resistencia_a_plagas-(A/B/C)","mejor_variedad_3":null,"peor_variedad_3":null,"caracteristica_4":"Resistencia_a_enfermedades-(A/B/C)","mejor_variedad_4":null,"peor_variedad_4":null,"caracteristica_5":"Rendimiento-(A/B/C)","mejor_variedad_5":null,"peor_variedad_5":null,"caracteristica_6":"Valor_en_el_mercado-(A/B/C)","mejor_variedad_6":null,"peor_variedad_6":null,"caracteristica_7":"Consumo(sabor)-(A/B/C)","mejor_variedad_7":null,"peor_variedad_7":null,"caracteristica_8":"Desempeño_general-(A/B/C)","mejor_variedad_8":null,"peor_variedad_8":null,"caracteristica_9":"Desempeño_general_VS_Local-(Mejor/Peor)","variedad_a_9":null,"variedad_b_9":null,"variedad_c_9":null,"evaluacion":null},
{"observadores":"epmvallecillofp2016_50","nombre_usuario":null,"nombre_familiar":null,"pueblo":null,"region":null,"telefono":null,"genero":null,"edad":null,"localizacion_longitud_punto_de_entrega_de_semilla":null,"localizacion_latitud_punto_de_entrega_de_semilla":null,"localizacion_altitud":null,"localizacion_longitud":null,"localizacion_latitud":null,"fecha_de_siembra":null,"fecha_de_cosecha":null,"de_las_3_variedades_cual_le_gustaria_cultivar_de_nuevo":null,"codigo_paquetes":null,"caracteristica_1":"Vigor(follage)-(A/B/C)","mejor_variedad_1":null,"peor_variedad_1":null,"caracteristica_2":"Porte(altura)-(A/B/C)","mejor_variedad_2":null,"peor_variedad_2":null,"caracteristica_3":"Resistencia_a_plagas-(A/B/C)","mejor_variedad_3":null,"peor_variedad_3":null,"caracteristica_4":"Resistencia_a_enfermedades-(A/B/C)","mejor_variedad_4":null,"peor_variedad_4":null,"caracteristica_5":"Rendimiento-(A/B/C)","mejor_variedad_5":null,"peor_variedad_5":null,"caracteristica_6":"Valor_en_el_mercado-(A/B/C)","mejor_variedad_6":null,"peor_variedad_6":null,"caracteristica_7":"Consumo(sabor)-(A/B/C)","mejor_variedad_7":null,"peor_variedad_7":null,"caracteristica_8":"Desempeño_general-(A/B/C)","mejor_variedad_8":null,"peor_variedad_8":null,"caracteristica_9":"Desempeño_general_VS_Local-(Mejor/Peor)","variedad_a_9":null,"variedad_b_9":null,"variedad_c_9":null,"evaluacion":null},
{"observadores":"epmvallecillofp2016_6","nombre_usuario":null,"nombre_familiar":null,"pueblo":null,"region":null,"telefono":null,"genero":null,"edad":null,"localizacion_longitud_punto_de_entrega_de_semilla":null,"localizacion_latitud_punto_de_entrega_de_semilla":null,"localizacion_altitud":null,"localizacion_longitud":null,"localizacion_latitud":null,"fecha_de_siembra":null,"fecha_de_cosecha":null,"de_las_3_variedades_cual_le_gustaria_cultivar_de_nuevo":null,"codigo_paquetes":null,"caracteristica_1":"Vigor(follage)-(A/B/C)","mejor_variedad_1":null,"peor_variedad_1":null,"caracteristica_2":"Porte(altura)-(A/B/C)","mejor_variedad_2":null,"peor_variedad_2":null,"caracteristica_3":"Resistencia_a_plagas-(A/B/C)","mejor_variedad_3":null,"peor_variedad_3":null,"caracteristica_4":"Resistencia_a_enfermedades-(A/B/C)","mejor_variedad_4":null,"peor_variedad_4":null,"caracteristica_5":"Rendimiento-(A/B/C)","mejor_variedad_5":null,"peor_variedad_5":null,"caracteristica_6":"Valor_en_el_mercado-(A/B/C)","mejor_variedad_6":null,"peor_variedad_6":null,"caracteristica_7":"Consumo(sabor)-(A/B/C)","mejor_variedad_7":null,"peor_variedad_7":null,"caracteristica_8":"Desempeño_general-(A/B/C)","mejor_variedad_8":null,"peor_variedad_8":null,"caracteristica_9":"Desempeño_general_VS_Local-(Mejor/Peor)","variedad_a_9":null,"variedad_b_9":null,"variedad_c_9":null,"evaluacion":null},
{"observadores":"epmvallecillofp2016_7","nombre_usuario":null,"nombre_familiar":null,"pueblo":null,"region":null,"telefono":null,"genero":null,"edad":null,"localizacion_longitud_punto_de_entrega_de_semilla":null,"localizacion_latitud_punto_de_entrega_de_semilla":null,"localizacion_altitud":null,"localizacion_longitud":null,"localizacion_latitud":null,"fecha_de_siembra":null,"fecha_de_cosecha":null,"de_las_3_variedades_cual_le_gustaria_cultivar_de_nuevo":null,"codigo_paquetes":null,"caracteristica_1":"Vigor(follage)-(A/B/C)","mejor_variedad_1":null,"peor_variedad_1":null,"caracteristica_2":"Porte(altura)-(A/B/C)","mejor_variedad_2":null,"peor_variedad_2":null,"caracteristica_3":"Resistencia_a_plagas-(A/B/C)","mejor_variedad_3":null,"peor_variedad_3":null,"caracteristica_4":"Resistencia_a_enfermedades-(A/B/C)","mejor_variedad_4":null,"peor_variedad_4":null,"caracteristica_5":"Rendimiento-(A/B/C)","mejor_variedad_5":null,"peor_variedad_5":null,"caracteristica_6":"Valor_en_el_mercado-(A/B/C)","mejor_variedad_6":null,"peor_variedad_6":null,"caracteristica_7":"Consumo(sabor)-(A/B/C)","mejor_variedad_7":null,"peor_variedad_7":null,"caracteristica_8":"Desempeño_general-(A/B/C)","mejor_variedad_8":null,"peor_variedad_8":null,"caracteristica_9":"Desempeño_general_VS_Local-(Mejor/Peor)","variedad_a_9":null,"variedad_b_9":null,"variedad_c_9":null,"evaluacion":null},
{"observadores":"epmvallecillofp2016_8","nombre_usuario":null,"nombre_familiar":null,"pueblo":null,"region":null,"telefono":null,"genero":null,"edad":null,"localizacion_longitud_punto_de_entrega_de_semilla":null,"localizacion_latitud_punto_de_entrega_de_semilla":null,"localizacion_altitud":null,"localizacion_longitud":null,"localizacion_latitud":null,"fecha_de_siembra":null,"fecha_de_cosecha":null,"de_las_3_variedades_cual_le_gustaria_cultivar_de_nuevo":null,"codigo_paquetes":null,"caracteristica_1":"Vigor(follage)-(A/B/C)","mejor_variedad_1":null,"peor_variedad_1":null,"caracteristica_2":"Porte(altura)-(A/B/C)","mejor_variedad_2":null,"peor_variedad_2":null,"caracteristica_3":"Resistencia_a_plagas-(A/B/C)","mejor_variedad_3":null,"peor_variedad_3":null,"caracteristica_4":"Resistencia_a_enfermedades-(A/B/C)","mejor_variedad_4":null,"peor_variedad_4":null,"caracteristica_5":"Rendimiento-(A/B/C)","mejor_variedad_5":null,"peor_variedad_5":null,"caracteristica_6":"Valor_en_el_mercado-(A/B/C)","mejor_variedad_6":null,"peor_variedad_6":null,"caracteristica_7":"Consumo(sabor)-(A/B/C)","mejor_variedad_7":null,"peor_variedad_7":null,"caracteristica_8":"Desempeño_general-(A/B/C)","mejor_variedad_8":null,"peor_variedad_8":null,"caracteristica_9":"Desempeño_general_VS_Local-(Mejor/Peor)","variedad_a_9":null,"variedad_b_9":null,"variedad_c_9":null,"evaluacion":null},
{"observadores":"epmvallecillofp2016_9","nombre_usuario":null,"nombre_familiar":null,"pueblo":null,"region":null,"telefono":null,"genero":null,"edad":null,"localizacion_longitud_punto_de_entrega_de_semilla":null,"localizacion_latitud_punto_de_entrega_de_semilla":null,"localizacion_altitud":null,"localizacion_longitud":null,"localizacion_latitud":null,"fecha_de_siembra":null,"fecha_de_cosecha":null,"de_las_3_variedades_cual_le_gustaria_cultivar_de_nuevo":null,"codigo_paquetes":null,"caracteristica_1":"Vigor(follage)-(A/B/C)","mejor_variedad_1":null,"peor_variedad_1":null,"caracteristica_2":"Porte(altura)-(A/B/C)","mejor_variedad_2":null,"peor_variedad_2":null,"caracteristica_3":"Resistencia_a_plagas-(A/B/C)","mejor_variedad_3":null,"peor_variedad_3":null,"caracteristica_4":"Resistencia_a_enfermedades-(A/B/C)","mejor_variedad_4":null,"peor_variedad_4":null,"caracteristica_5":"Rendimiento-(A/B/C)","mejor_variedad_5":null,"peor_variedad_5":null,"caracteristica_6":"Valor_en_el_mercado-(A/B/C)","mejor_variedad_6":null,"peor_variedad_6":null,"caracteristica_7":"Consumo(sabor)-(A/B/C)","mejor_variedad_7":null,"peor_variedad_7":null,"caracteristica_8":"Desempeño_general-(A/B/C)","mejor_variedad_8":null,"peor_variedad_8":null,"caracteristica_9":"Desempeño_general_VS_Local-(Mejor/Peor)","variedad_a_9":null,"variedad_b_9":null,"variedad_c_9":null,"evaluacion":null}
]
