[
{"observadores":"frijol_post_1","name_user":"","name_family":"","village":"","district":"","telephone":"","gender":"","age":"","location_altitude":"750","location_longitude":"","location_latitude":"","planting_date":"","harvest_date":"","codigo_paquetes":"package 1","caracteristica_1":"Vigor-(A/B/C)","best_variedad_1":"B","worst_variedad_1":"A","caracteristica_2":"Plant_architecture(height)-(A/B/C)","best_variedad_2":"C","worst_variedad_2":"A","caracteristica_3":"Pest_resistance-(A/B/C)","best_variedad_3":"B","worst_variedad_3":"A","caracteristica_4":"Disease_resistance-(A/B/C)","best_variedad_4":"B","worst_variedad_4":"A","caracteristica_5":"Yield-(A/B/C)","best_variedad_5":"C","worst_variedad_5":"B","caracteristica_6":"Value_in_the_market-(A/B/C)","best_variedad_6":"C","worst_variedad_6":"B","caracteristica_7":"Taste-(A/B/C)","best_variedad_7":"C","worst_variedad_7":"B","caracteristica_8":"Overall_performance-(A/B/C)","best_variedad_8":"C","worst_variedad_8":"A","caracteristica_9":"Overall_performance_VS_Local-(Better/Worse)","variedad_a_9":"Better","variedad_b_9":"Better","variedad_c_9":"Better"},
{"observadores":"frijol_post_10","name_user":"","name_family":"","village":"","district":"","telephone":"","gender":"","age":"","location_altitude":"900","location_longitude":"","location_latitude":"","planting_date":"","harvest_date":"","codigo_paquetes":"package 10","caracteristica_1":"Vigor-(A/B/C)","best_variedad_1":"A","worst_variedad_1":"C","caracteristica_2":"Plant_architecture(height)-(A/B/C)","best_variedad_2":"B","worst_variedad_2":"C","caracteristica_3":"Pest_resistance-(A/B/C)","best_variedad_3":"B","worst_variedad_3":"A","caracteristica_4":"Disease_resistance-(A/B/C)","best_variedad_4":"A","worst_variedad_4":"C","caracteristica_5":"Yield-(A/B/C)","best_variedad_5":"A","worst_variedad_5":"B","caracteristica_6":"Value_in_the_market-(A/B/C)","best_variedad_6":"A","worst_variedad_6":"C","caracteristica_7":"Taste-(A/B/C)","best_variedad_7":"A","worst_variedad_7":"C","caracteristica_8":"Overall_performance-(A/B/C)","best_variedad_8":"A","worst_variedad_8":"B","caracteristica_9":"Overall_performance_VS_Local-(Better/Worse)","variedad_a_9":"Better","variedad_b_9":"Better","variedad_c_9":"Worse"},
{"observadores":"frijol_post_11","name_user":"","name_family":"","village":"","district":"","telephone":"","gender":"","age":"","location_altitude":"","location_longitude":"","location_latitude":"","planting_date":"","harvest_date":"","codigo_paquetes":"package 11","caracteristica_1":"Vigor-(A/B/C)","best_variedad_1":"A","worst_variedad_1":"C","caracteristica_2":"Plant_architecture(height)-(A/B/C)","best_variedad_2":"C","worst_variedad_2":"B","caracteristica_3":"Pest_resistance-(A/B/C)","best_variedad_3":"C","worst_variedad_3":"B","caracteristica_4":"Disease_resistance-(A/B/C)","best_variedad_4":"C","worst_variedad_4":"A","caracteristica_5":"Yield-(A/B/C)","best_variedad_5":"A","worst_variedad_5":"B","caracteristica_6":"Value_in_the_market-(A/B/C)","best_variedad_6":"A","worst_variedad_6":"B","caracteristica_7":"Taste-(A/B/C)","best_variedad_7":"B","worst_variedad_7":"C","caracteristica_8":"Overall_performance-(A/B/C)","best_variedad_8":"","worst_variedad_8":"B","caracteristica_9":"Overall_performance_VS_Local-(Better/Worse)","variedad_a_9":"","variedad_b_9":"","variedad_c_9":""},
{"observadores":"frijol_post_12","name_user":"","name_family":"","village":"","district":"","telephone":"","gender":"","age":"","location_altitude":"","location_longitude":"","location_latitude":"","planting_date":"","harvest_date":"","codigo_paquetes":"package 12","caracteristica_1":"Vigor-(A/B/C)","best_variedad_1":"C","worst_variedad_1":"B","caracteristica_2":"Plant_architecture(height)-(A/B/C)","best_variedad_2":"B","worst_variedad_2":"A","caracteristica_3":"Pest_resistance-(A/B/C)","best_variedad_3":"B","worst_variedad_3":"C","caracteristica_4":"Disease_resistance-(A/B/C)","best_variedad_4":"B","worst_variedad_4":"C","caracteristica_5":"Yield-(A/B/C)","best_variedad_5":"C","worst_variedad_5":"A","caracteristica_6":"Value_in_the_market-(A/B/C)","best_variedad_6":"C","worst_variedad_6":"B","caracteristica_7":"Taste-(A/B/C)","best_variedad_7":"C","worst_variedad_7":"B","caracteristica_8":"Overall_performance-(A/B/C)","best_variedad_8":"C","worst_variedad_8":"A","caracteristica_9":"Overall_performance_VS_Local-(Better/Worse)","variedad_a_9":"","variedad_b_9":"","variedad_c_9":""},
{"observadores":"frijol_post_13","name_user":"","name_family":"","village":"","district":"","telephone":"","gender":"","age":"","location_altitude":"","location_longitude":"","location_latitude":"","planting_date":"","harvest_date":"","codigo_paquetes":"package 13","caracteristica_1":"Vigor-(A/B/C)","best_variedad_1":"C","worst_variedad_1":"A","caracteristica_2":"Plant_architecture(height)-(A/B/C)","best_variedad_2":"C","worst_variedad_2":"B","caracteristica_3":"Pest_resistance-(A/B/C)","best_variedad_3":"A","worst_variedad_3":"C","caracteristica_4":"Disease_resistance-(A/B/C)","best_variedad_4":"A","worst_variedad_4":"C","caracteristica_5":"Yield-(A/B/C)","best_variedad_5":"","worst_variedad_5":"","caracteristica_6":"Value_in_the_market-(A/B/C)","best_variedad_6":"","worst_variedad_6":"","caracteristica_7":"Taste-(A/B/C)","best_variedad_7":"","worst_variedad_7":"","caracteristica_8":"Overall_performance-(A/B/C)","best_variedad_8":"","worst_variedad_8":"","caracteristica_9":"Overall_performance_VS_Local-(Better/Worse)","variedad_a_9":"","variedad_b_9":"","variedad_c_9":""},
{"observadores":"frijol_post_14","name_user":"","name_family":"","village":"","district":"","telephone":"","gender":"","age":"","location_altitude":"","location_longitude":"","location_latitude":"","planting_date":"","harvest_date":"","codigo_paquetes":"package 14","caracteristica_1":"Vigor-(A/B/C)","best_variedad_1":"C","worst_variedad_1":"A","caracteristica_2":"Plant_architecture(height)-(A/B/C)","best_variedad_2":"C","worst_variedad_2":"B","caracteristica_3":"Pest_resistance-(A/B/C)","best_variedad_3":"C","worst_variedad_3":"A","caracteristica_4":"Disease_resistance-(A/B/C)","best_variedad_4":"C","worst_variedad_4":"A","caracteristica_5":"Yield-(A/B/C)","best_variedad_5":"C","worst_variedad_5":"A","caracteristica_6":"Value_in_the_market-(A/B/C)","best_variedad_6":"A","worst_variedad_6":"C","caracteristica_7":"Taste-(A/B/C)","best_variedad_7":"C","worst_variedad_7":"B","caracteristica_8":"Overall_performance-(A/B/C)","best_variedad_8":"C","worst_variedad_8":"A","caracteristica_9":"Overall_performance_VS_Local-(Better/Worse)","variedad_a_9":"","variedad_b_9":"","variedad_c_9":""},
{"observadores":"frijol_post_15","name_user":"","name_family":"","village":"","district":"","telephone":"","gender":"","age":"","location_altitude":"","location_longitude":"","location_latitude":"","planting_date":"","harvest_date":"","codigo_paquetes":"package 15","caracteristica_1":"Vigor-(A/B/C)","best_variedad_1":"A","worst_variedad_1":"C","caracteristica_2":"Plant_architecture(height)-(A/B/C)","best_variedad_2":"A","worst_variedad_2":"C","caracteristica_3":"Pest_resistance-(A/B/C)","best_variedad_3":"A","worst_variedad_3":"B","caracteristica_4":"Disease_resistance-(A/B/C)","best_variedad_4":"A","worst_variedad_4":"C","caracteristica_5":"Yield-(A/B/C)","best_variedad_5":"A","worst_variedad_5":"B","caracteristica_6":"Value_in_the_market-(A/B/C)","best_variedad_6":"A","worst_variedad_6":"C","caracteristica_7":"Taste-(A/B/C)","best_variedad_7":"A","worst_variedad_7":"C","caracteristica_8":"Overall_performance-(A/B/C)","best_variedad_8":"","worst_variedad_8":"","caracteristica_9":"Overall_performance_VS_Local-(Better/Worse)","variedad_a_9":"","variedad_b_9":"","variedad_c_9":""},
{"observadores":"frijol_post_16","name_user":"","name_family":"","village":"","district":"","telephone":"","gender":"","age":"","location_altitude":"","location_longitude":"","location_latitude":"","planting_date":"","harvest_date":"","codigo_paquetes":"package 16","caracteristica_1":"Vigor-(A/B/C)","best_variedad_1":"B","worst_variedad_1":"C","caracteristica_2":"Plant_architecture(height)-(A/B/C)","best_variedad_2":"B","worst_variedad_2":"C","caracteristica_3":"Pest_resistance-(A/B/C)","best_variedad_3":"B","worst_variedad_3":"C","caracteristica_4":"Disease_resistance-(A/B/C)","best_variedad_4":"B","worst_variedad_4":"C","caracteristica_5":"Yield-(A/B/C)","best_variedad_5":"","worst_variedad_5":"","caracteristica_6":"Value_in_the_market-(A/B/C)","best_variedad_6":"","worst_variedad_6":"","caracteristica_7":"Taste-(A/B/C)","best_variedad_7":"","worst_variedad_7":"","caracteristica_8":"Overall_performance-(A/B/C)","best_variedad_8":"","worst_variedad_8":"","caracteristica_9":"Overall_performance_VS_Local-(Better/Worse)","variedad_a_9":"","variedad_b_9":"","variedad_c_9":""},
{"observadores":"frijol_post_17","name_user":"","name_family":"","village":"","district":"","telephone":"","gender":"","age":"","location_altitude":"","location_longitude":"","location_latitude":"","planting_date":"","harvest_date":"","codigo_paquetes":"package 17","caracteristica_1":"Vigor-(A/B/C)","best_variedad_1":"","worst_variedad_1":"","caracteristica_2":"Plant_architecture(height)-(A/B/C)","best_variedad_2":"","worst_variedad_2":"","caracteristica_3":"Pest_resistance-(A/B/C)","best_variedad_3":"","worst_variedad_3":"","caracteristica_4":"Disease_resistance-(A/B/C)","best_variedad_4":"","worst_variedad_4":"","caracteristica_5":"Yield-(A/B/C)","best_variedad_5":"","worst_variedad_5":"","caracteristica_6":"Value_in_the_market-(A/B/C)","best_variedad_6":"","worst_variedad_6":"","caracteristica_7":"Taste-(A/B/C)","best_variedad_7":"","worst_variedad_7":"","caracteristica_8":"Overall_performance-(A/B/C)","best_variedad_8":"","worst_variedad_8":"","caracteristica_9":"Overall_performance_VS_Local-(Better/Worse)","variedad_a_9":"","variedad_b_9":"","variedad_c_9":""},
{"observadores":"frijol_post_18","name_user":"","name_family":"","village":"","district":"","telephone":"","gender":"","age":"","location_altitude":"","location_longitude":"","location_latitude":"","planting_date":"","harvest_date":"","codigo_paquetes":"package 18","caracteristica_1":"Vigor-(A/B/C)","best_variedad_1":"A","worst_variedad_1":"B","caracteristica_2":"Plant_architecture(height)-(A/B/C)","best_variedad_2":"A","worst_variedad_2":"C","caracteristica_3":"Pest_resistance-(A/B/C)","best_variedad_3":"A","worst_variedad_3":"B","caracteristica_4":"Disease_resistance-(A/B/C)","best_variedad_4":"A","worst_variedad_4":"C","caracteristica_5":"Yield-(A/B/C)","best_variedad_5":"","worst_variedad_5":"","caracteristica_6":"Value_in_the_market-(A/B/C)","best_variedad_6":"","worst_variedad_6":"","caracteristica_7":"Taste-(A/B/C)","best_variedad_7":"","worst_variedad_7":"","caracteristica_8":"Overall_performance-(A/B/C)","best_variedad_8":"","worst_variedad_8":"","caracteristica_9":"Overall_performance_VS_Local-(Better/Worse)","variedad_a_9":"","variedad_b_9":"","variedad_c_9":""},
{"observadores":"frijol_post_19","name_user":"","name_family":"","village":"","district":"","telephone":"","gender":"","age":"","location_altitude":"","location_longitude":"","location_latitude":"","planting_date":"","harvest_date":"","codigo_paquetes":"package 19","caracteristica_1":"Vigor-(A/B/C)","best_variedad_1":"","worst_variedad_1":"","caracteristica_2":"Plant_architecture(height)-(A/B/C)","best_variedad_2":"","worst_variedad_2":"","caracteristica_3":"Pest_resistance-(A/B/C)","best_variedad_3":"","worst_variedad_3":"","caracteristica_4":"Disease_resistance-(A/B/C)","best_variedad_4":"","worst_variedad_4":"","caracteristica_5":"Yield-(A/B/C)","best_variedad_5":"","worst_variedad_5":"","caracteristica_6":"Value_in_the_market-(A/B/C)","best_variedad_6":"","worst_variedad_6":"","caracteristica_7":"Taste-(A/B/C)","best_variedad_7":"","worst_variedad_7":"","caracteristica_8":"Overall_performance-(A/B/C)","best_variedad_8":"","worst_variedad_8":"","caracteristica_9":"Overall_performance_VS_Local-(Better/Worse)","variedad_a_9":"","variedad_b_9":"","variedad_c_9":""},
{"observadores":"frijol_post_2","name_user":"","name_family":"","village":"","district":"","telephone":"","gender":"","age":"","location_altitude":"750","location_longitude":"","location_latitude":"","planting_date":"","harvest_date":"","codigo_paquetes":"package 2","caracteristica_1":"Vigor-(A/B/C)","best_variedad_1":"A","worst_variedad_1":"B","caracteristica_2":"Plant_architecture(height)-(A/B/C)","best_variedad_2":"C","worst_variedad_2":"B","caracteristica_3":"Pest_resistance-(A/B/C)","best_variedad_3":"A","worst_variedad_3":"C","caracteristica_4":"Disease_resistance-(A/B/C)","best_variedad_4":"A","worst_variedad_4":"B","caracteristica_5":"Yield-(A/B/C)","best_variedad_5":"C","worst_variedad_5":"B","caracteristica_6":"Value_in_the_market-(A/B/C)","best_variedad_6":"A","worst_variedad_6":"B","caracteristica_7":"Taste-(A/B/C)","best_variedad_7":"A","worst_variedad_7":"B","caracteristica_8":"Overall_performance-(A/B/C)","best_variedad_8":"A","worst_variedad_8":"B","caracteristica_9":"Overall_performance_VS_Local-(Better/Worse)","variedad_a_9":"Better","variedad_b_9":"Better","variedad_c_9":"Better"},
{"observadores":"frijol_post_20","name_user":"","name_family":"","village":"","district":"","telephone":"","gender":"","age":"","location_altitude":"","location_longitude":"","location_latitude":"","planting_date":"","harvest_date":"","codigo_paquetes":"package 20","caracteristica_1":"Vigor-(A/B/C)","best_variedad_1":"A","worst_variedad_1":"B","caracteristica_2":"Plant_architecture(height)-(A/B/C)","best_variedad_2":"A","worst_variedad_2":"B","caracteristica_3":"Pest_resistance-(A/B/C)","best_variedad_3":"A","worst_variedad_3":"C","caracteristica_4":"Disease_resistance-(A/B/C)","best_variedad_4":"A","worst_variedad_4":"B","caracteristica_5":"Yield-(A/B/C)","best_variedad_5":"","worst_variedad_5":"","caracteristica_6":"Value_in_the_market-(A/B/C)","best_variedad_6":"","worst_variedad_6":"","caracteristica_7":"Taste-(A/B/C)","best_variedad_7":"","worst_variedad_7":"","caracteristica_8":"Overall_performance-(A/B/C)","best_variedad_8":"","worst_variedad_8":"","caracteristica_9":"Overall_performance_VS_Local-(Better/Worse)","variedad_a_9":"","variedad_b_9":"","variedad_c_9":""},
{"observadores":"frijol_post_21","name_user":"","name_family":"","village":"","district":"","telephone":"","gender":"","age":"","location_altitude":"","location_longitude":"","location_latitude":"","planting_date":"","harvest_date":"","codigo_paquetes":"package 21","caracteristica_1":"Vigor-(A/B/C)","best_variedad_1":"B","worst_variedad_1":"C","caracteristica_2":"Plant_architecture(height)-(A/B/C)","best_variedad_2":"B","worst_variedad_2":"C","caracteristica_3":"Pest_resistance-(A/B/C)","best_variedad_3":"B","worst_variedad_3":"A","caracteristica_4":"Disease_resistance-(A/B/C)","best_variedad_4":"B","worst_variedad_4":"A","caracteristica_5":"Yield-(A/B/C)","best_variedad_5":"B","worst_variedad_5":"C","caracteristica_6":"Value_in_the_market-(A/B/C)","best_variedad_6":"","worst_variedad_6":"","caracteristica_7":"Taste-(A/B/C)","best_variedad_7":"","worst_variedad_7":"","caracteristica_8":"Overall_performance-(A/B/C)","best_variedad_8":"","worst_variedad_8":"","caracteristica_9":"Overall_performance_VS_Local-(Better/Worse)","variedad_a_9":"","variedad_b_9":"","variedad_c_9":""},
{"observadores":"frijol_post_22","name_user":"","name_family":"","village":"","district":"","telephone":"","gender":"","age":"","location_altitude":"","location_longitude":"","location_latitude":"","planting_date":"","harvest_date":"","codigo_paquetes":"package 22","caracteristica_1":"Vigor-(A/B/C)","best_variedad_1":"C","worst_variedad_1":"A","caracteristica_2":"Plant_architecture(height)-(A/B/C)","best_variedad_2":"C","worst_variedad_2":"A","caracteristica_3":"Pest_resistance-(A/B/C)","best_variedad_3":"C","worst_variedad_3":"B","caracteristica_4":"Disease_resistance-(A/B/C)","best_variedad_4":"C","worst_variedad_4":"B","caracteristica_5":"Yield-(A/B/C)","best_variedad_5":"","worst_variedad_5":"","caracteristica_6":"Value_in_the_market-(A/B/C)","best_variedad_6":"C","worst_variedad_6":"A","caracteristica_7":"Taste-(A/B/C)","best_variedad_7":"","worst_variedad_7":"","caracteristica_8":"Overall_performance-(A/B/C)","best_variedad_8":"C","worst_variedad_8":"A","caracteristica_9":"Overall_performance_VS_Local-(Better/Worse)","variedad_a_9":"","variedad_b_9":"","variedad_c_9":""},
{"observadores":"frijol_post_23","name_user":"","name_family":"","village":"","district":"","telephone":"","gender":"","age":"","location_altitude":"","location_longitude":"","location_latitude":"","planting_date":"","harvest_date":"","codigo_paquetes":"package 23","caracteristica_1":"Vigor-(A/B/C)","best_variedad_1":"C","worst_variedad_1":"A","caracteristica_2":"Plant_architecture(height)-(A/B/C)","best_variedad_2":"C","worst_variedad_2":"A","caracteristica_3":"Pest_resistance-(A/B/C)","best_variedad_3":"B","worst_variedad_3":"A","caracteristica_4":"Disease_resistance-(A/B/C)","best_variedad_4":"B","worst_variedad_4":"A","caracteristica_5":"Yield-(A/B/C)","best_variedad_5":"","worst_variedad_5":"","caracteristica_6":"Value_in_the_market-(A/B/C)","best_variedad_6":"","worst_variedad_6":"","caracteristica_7":"Taste-(A/B/C)","best_variedad_7":"","worst_variedad_7":"","caracteristica_8":"Overall_performance-(A/B/C)","best_variedad_8":"","worst_variedad_8":"","caracteristica_9":"Overall_performance_VS_Local-(Better/Worse)","variedad_a_9":"","variedad_b_9":"","variedad_c_9":""},
{"observadores":"frijol_post_24","name_user":"","name_family":"","village":"","district":"","telephone":"","gender":"","age":"","location_altitude":"","location_longitude":"","location_latitude":"","planting_date":"","harvest_date":"","codigo_paquetes":"package 24","caracteristica_1":"Vigor-(A/B/C)","best_variedad_1":"B","worst_variedad_1":"C","caracteristica_2":"Plant_architecture(height)-(A/B/C)","best_variedad_2":"B","worst_variedad_2":"A","caracteristica_3":"Pest_resistance-(A/B/C)","best_variedad_3":"A","worst_variedad_3":"B","caracteristica_4":"Disease_resistance-(A/B/C)","best_variedad_4":"A","worst_variedad_4":"B","caracteristica_5":"Yield-(A/B/C)","best_variedad_5":"A","worst_variedad_5":"B","caracteristica_6":"Value_in_the_market-(A/B/C)","best_variedad_6":"B","worst_variedad_6":"C","caracteristica_7":"Taste-(A/B/C)","best_variedad_7":"","worst_variedad_7":"","caracteristica_8":"Overall_performance-(A/B/C)","best_variedad_8":"A","worst_variedad_8":"B","caracteristica_9":"Overall_performance_VS_Local-(Better/Worse)","variedad_a_9":"","variedad_b_9":"","variedad_c_9":""},
{"observadores":"frijol_post_25","name_user":"","name_family":"","village":"","district":"","telephone":"","gender":"","age":"","location_altitude":"","location_longitude":"","location_latitude":"","planting_date":"","harvest_date":"","codigo_paquetes":"package 25","caracteristica_1":"Vigor-(A/B/C)","best_variedad_1":"","worst_variedad_1":"","caracteristica_2":"Plant_architecture(height)-(A/B/C)","best_variedad_2":"","worst_variedad_2":"","caracteristica_3":"Pest_resistance-(A/B/C)","best_variedad_3":"","worst_variedad_3":"","caracteristica_4":"Disease_resistance-(A/B/C)","best_variedad_4":"","worst_variedad_4":"","caracteristica_5":"Yield-(A/B/C)","best_variedad_5":"","worst_variedad_5":"","caracteristica_6":"Value_in_the_market-(A/B/C)","best_variedad_6":"","worst_variedad_6":"","caracteristica_7":"Taste-(A/B/C)","best_variedad_7":"","worst_variedad_7":"","caracteristica_8":"Overall_performance-(A/B/C)","best_variedad_8":"","worst_variedad_8":"","caracteristica_9":"Overall_performance_VS_Local-(Better/Worse)","variedad_a_9":"","variedad_b_9":"","variedad_c_9":""},
{"observadores":"frijol_post_26","name_user":"","name_family":"","village":"","district":"","telephone":"","gender":"","age":"","location_altitude":"","location_longitude":"","location_latitude":"","planting_date":"","harvest_date":"","codigo_paquetes":"package 26","caracteristica_1":"Vigor-(A/B/C)","best_variedad_1":"B","worst_variedad_1":"C","caracteristica_2":"Plant_architecture(height)-(A/B/C)","best_variedad_2":"B","worst_variedad_2":"A","caracteristica_3":"Pest_resistance-(A/B/C)","best_variedad_3":"A","worst_variedad_3":"C","caracteristica_4":"Disease_resistance-(A/B/C)","best_variedad_4":"A","worst_variedad_4":"C","caracteristica_5":"Yield-(A/B/C)","best_variedad_5":"B","worst_variedad_5":"A","caracteristica_6":"Value_in_the_market-(A/B/C)","best_variedad_6":"B","worst_variedad_6":"A","caracteristica_7":"Taste-(A/B/C)","best_variedad_7":"","worst_variedad_7":"","caracteristica_8":"Overall_performance-(A/B/C)","best_variedad_8":"","worst_variedad_8":"","caracteristica_9":"Overall_performance_VS_Local-(Better/Worse)","variedad_a_9":"","variedad_b_9":"","variedad_c_9":""},
{"observadores":"frijol_post_27","name_user":"","name_family":"","village":"","district":"","telephone":"","gender":"","age":"","location_altitude":"","location_longitude":"","location_latitude":"","planting_date":"","harvest_date":"","codigo_paquetes":"package 27","caracteristica_1":"Vigor-(A/B/C)","best_variedad_1":"C","worst_variedad_1":"A","caracteristica_2":"Plant_architecture(height)-(A/B/C)","best_variedad_2":"C","worst_variedad_2":"A","caracteristica_3":"Pest_resistance-(A/B/C)","best_variedad_3":"C","worst_variedad_3":"B","caracteristica_4":"Disease_resistance-(A/B/C)","best_variedad_4":"C","worst_variedad_4":"A","caracteristica_5":"Yield-(A/B/C)","best_variedad_5":"C","worst_variedad_5":"A","caracteristica_6":"Value_in_the_market-(A/B/C)","best_variedad_6":"C","worst_variedad_6":"A","caracteristica_7":"Taste-(A/B/C)","best_variedad_7":"","worst_variedad_7":"","caracteristica_8":"Overall_performance-(A/B/C)","best_variedad_8":"C","worst_variedad_8":"A","caracteristica_9":"Overall_performance_VS_Local-(Better/Worse)","variedad_a_9":"","variedad_b_9":"","variedad_c_9":""},
{"observadores":"frijol_post_28","name_user":"","name_family":"","village":"","district":"","telephone":"","gender":"","age":"","location_altitude":"","location_longitude":"","location_latitude":"","planting_date":"","harvest_date":"","codigo_paquetes":"package 28","caracteristica_1":"Vigor-(A/B/C)","best_variedad_1":"A","worst_variedad_1":"C","caracteristica_2":"Plant_architecture(height)-(A/B/C)","best_variedad_2":"A","worst_variedad_2":"C","caracteristica_3":"Pest_resistance-(A/B/C)","best_variedad_3":"A","worst_variedad_3":"B","caracteristica_4":"Disease_resistance-(A/B/C)","best_variedad_4":"A","worst_variedad_4":"C","caracteristica_5":"Yield-(A/B/C)","best_variedad_5":"B","worst_variedad_5":"C","caracteristica_6":"Value_in_the_market-(A/B/C)","best_variedad_6":"","worst_variedad_6":"","caracteristica_7":"Taste-(A/B/C)","best_variedad_7":"","worst_variedad_7":"","caracteristica_8":"Overall_performance-(A/B/C)","best_variedad_8":"","worst_variedad_8":"","caracteristica_9":"Overall_performance_VS_Local-(Better/Worse)","variedad_a_9":"","variedad_b_9":"","variedad_c_9":""},
{"observadores":"frijol_post_29","name_user":"","name_family":"","village":"","district":"","telephone":"","gender":"","age":"","location_altitude":"","location_longitude":"","location_latitude":"","planting_date":"","harvest_date":"","codigo_paquetes":"package 29","caracteristica_1":"Vigor-(A/B/C)","best_variedad_1":"","worst_variedad_1":"","caracteristica_2":"Plant_architecture(height)-(A/B/C)","best_variedad_2":"","worst_variedad_2":"","caracteristica_3":"Pest_resistance-(A/B/C)","best_variedad_3":"","worst_variedad_3":"","caracteristica_4":"Disease_resistance-(A/B/C)","best_variedad_4":"","worst_variedad_4":"","caracteristica_5":"Yield-(A/B/C)","best_variedad_5":"","worst_variedad_5":"","caracteristica_6":"Value_in_the_market-(A/B/C)","best_variedad_6":"","worst_variedad_6":"","caracteristica_7":"Taste-(A/B/C)","best_variedad_7":"","worst_variedad_7":"","caracteristica_8":"Overall_performance-(A/B/C)","best_variedad_8":"","worst_variedad_8":"","caracteristica_9":"Overall_performance_VS_Local-(Better/Worse)","variedad_a_9":"","variedad_b_9":"","variedad_c_9":""},
{"observadores":"frijol_post_3","name_user":"","name_family":"","village":"","district":"","telephone":"","gender":"","age":"","location_altitude":"750","location_longitude":"","location_latitude":"","planting_date":"","harvest_date":"","codigo_paquetes":"package 3","caracteristica_1":"Vigor-(A/B/C)","best_variedad_1":"B","worst_variedad_1":"A","caracteristica_2":"Plant_architecture(height)-(A/B/C)","best_variedad_2":"C","worst_variedad_2":"A","caracteristica_3":"Pest_resistance-(A/B/C)","best_variedad_3":"B","worst_variedad_3":"A","caracteristica_4":"Disease_resistance-(A/B/C)","best_variedad_4":"C","worst_variedad_4":"A","caracteristica_5":"Yield-(A/B/C)","best_variedad_5":"B","worst_variedad_5":"A","caracteristica_6":"Value_in_the_market-(A/B/C)","best_variedad_6":"B","worst_variedad_6":"C","caracteristica_7":"Taste-(A/B/C)","best_variedad_7":"B","worst_variedad_7":"C","caracteristica_8":"Overall_performance-(A/B/C)","best_variedad_8":"B","worst_variedad_8":"C","caracteristica_9":"Overall_performance_VS_Local-(Better/Worse)","variedad_a_9":"Worse","variedad_b_9":"Better","variedad_c_9":"Worse"},
{"observadores":"frijol_post_30","name_user":"","name_family":"","village":"","district":"","telephone":"","gender":"","age":"","location_altitude":"","location_longitude":"","location_latitude":"","planting_date":"","harvest_date":"","codigo_paquetes":"package 30","caracteristica_1":"Vigor-(A/B/C)","best_variedad_1":"","worst_variedad_1":"","caracteristica_2":"Plant_architecture(height)-(A/B/C)","best_variedad_2":"","worst_variedad_2":"","caracteristica_3":"Pest_resistance-(A/B/C)","best_variedad_3":"","worst_variedad_3":"","caracteristica_4":"Disease_resistance-(A/B/C)","best_variedad_4":"","worst_variedad_4":"","caracteristica_5":"Yield-(A/B/C)","best_variedad_5":"","worst_variedad_5":"","caracteristica_6":"Value_in_the_market-(A/B/C)","best_variedad_6":"","worst_variedad_6":"","caracteristica_7":"Taste-(A/B/C)","best_variedad_7":"","worst_variedad_7":"","caracteristica_8":"Overall_performance-(A/B/C)","best_variedad_8":"","worst_variedad_8":"","caracteristica_9":"Overall_performance_VS_Local-(Better/Worse)","variedad_a_9":"","variedad_b_9":"","variedad_c_9":""},
{"observadores":"frijol_post_31","name_user":"","name_family":"","village":"","district":"","telephone":"","gender":"","age":"","location_altitude":"570","location_longitude":"","location_latitude":"","planting_date":"","harvest_date":"","codigo_paquetes":"package 31","caracteristica_1":"Vigor-(A/B/C)","best_variedad_1":"A","worst_variedad_1":"C","caracteristica_2":"Plant_architecture(height)-(A/B/C)","best_variedad_2":"C","worst_variedad_2":"A","caracteristica_3":"Pest_resistance-(A/B/C)","best_variedad_3":"B","worst_variedad_3":"C","caracteristica_4":"Disease_resistance-(A/B/C)","best_variedad_4":"C","worst_variedad_4":"A","caracteristica_5":"Yield-(A/B/C)","best_variedad_5":"C","worst_variedad_5":"A","caracteristica_6":"Value_in_the_market-(A/B/C)","best_variedad_6":"C","worst_variedad_6":"A","caracteristica_7":"Taste-(A/B/C)","best_variedad_7":"C","worst_variedad_7":"B","caracteristica_8":"Overall_performance-(A/B/C)","best_variedad_8":"","worst_variedad_8":"","caracteristica_9":"Overall_performance_VS_Local-(Better/Worse)","variedad_a_9":"Worse","variedad_b_9":"Better","variedad_c_9":"Better"},
{"observadores":"frijol_post_32","name_user":"","name_family":"","village":"","district":"","telephone":"","gender":"","age":"","location_altitude":"920","location_longitude":"","location_latitude":"","planting_date":"","harvest_date":"","codigo_paquetes":"package 32","caracteristica_1":"Vigor-(A/B/C)","best_variedad_1":"A","worst_variedad_1":"C","caracteristica_2":"Plant_architecture(height)-(A/B/C)","best_variedad_2":"B","worst_variedad_2":"C","caracteristica_3":"Pest_resistance-(A/B/C)","best_variedad_3":"B","worst_variedad_3":"C","caracteristica_4":"Disease_resistance-(A/B/C)","best_variedad_4":"B","worst_variedad_4":"C","caracteristica_5":"Yield-(A/B/C)","best_variedad_5":"B","worst_variedad_5":"C","caracteristica_6":"Value_in_the_market-(A/B/C)","best_variedad_6":"B","worst_variedad_6":"A","caracteristica_7":"Taste-(A/B/C)","best_variedad_7":"C","worst_variedad_7":"B","caracteristica_8":"Overall_performance-(A/B/C)","best_variedad_8":"B","worst_variedad_8":"C","caracteristica_9":"Overall_performance_VS_Local-(Better/Worse)","variedad_a_9":"Better","variedad_b_9":"Better","variedad_c_9":"Worse"},
{"observadores":"frijol_post_33","name_user":"","name_family":"","village":"","district":"","telephone":"","gender":"","age":"","location_altitude":"1360","location_longitude":"","location_latitude":"","planting_date":"","harvest_date":"","codigo_paquetes":"package 33","caracteristica_1":"Vigor-(A/B/C)","best_variedad_1":"C","worst_variedad_1":"A","caracteristica_2":"Plant_architecture(height)-(A/B/C)","best_variedad_2":"B","worst_variedad_2":"A","caracteristica_3":"Pest_resistance-(A/B/C)","best_variedad_3":"C","worst_variedad_3":"A","caracteristica_4":"Disease_resistance-(A/B/C)","best_variedad_4":"B","worst_variedad_4":"A","caracteristica_5":"Yield-(A/B/C)","best_variedad_5":"C","worst_variedad_5":"B","caracteristica_6":"Value_in_the_market-(A/B/C)","best_variedad_6":"B","worst_variedad_6":"C","caracteristica_7":"Taste-(A/B/C)","best_variedad_7":"C","worst_variedad_7":"A","caracteristica_8":"Overall_performance-(A/B/C)","best_variedad_8":"C","worst_variedad_8":"B","caracteristica_9":"Overall_performance_VS_Local-(Better/Worse)","variedad_a_9":"Worse","variedad_b_9":"Worse","variedad_c_9":"Worse"},
{"observadores":"frijol_post_34","name_user":"","name_family":"","village":"","district":"","telephone":"","gender":"","age":"","location_altitude":"1250","location_longitude":"","location_latitude":"","planting_date":"","harvest_date":"","codigo_paquetes":"package 34","caracteristica_1":"Vigor-(A/B/C)","best_variedad_1":"B","worst_variedad_1":"C","caracteristica_2":"Plant_architecture(height)-(A/B/C)","best_variedad_2":"A","worst_variedad_2":"B","caracteristica_3":"Pest_resistance-(A/B/C)","best_variedad_3":"A","worst_variedad_3":"C","caracteristica_4":"Disease_resistance-(A/B/C)","best_variedad_4":"B","worst_variedad_4":"C","caracteristica_5":"Yield-(A/B/C)","best_variedad_5":"A","worst_variedad_5":"C","caracteristica_6":"Value_in_the_market-(A/B/C)","best_variedad_6":"B","worst_variedad_6":"C","caracteristica_7":"Taste-(A/B/C)","best_variedad_7":"A","worst_variedad_7":"C","caracteristica_8":"Overall_performance-(A/B/C)","best_variedad_8":"A","worst_variedad_8":"C","caracteristica_9":"Overall_performance_VS_Local-(Better/Worse)","variedad_a_9":"Better","variedad_b_9":"Better","variedad_c_9":"Worse"},
{"observadores":"frijol_post_35","name_user":"","name_family":"","village":"","district":"","telephone":"","gender":"","age":"","location_altitude":"1500","location_longitude":"","location_latitude":"","planting_date":"","harvest_date":"","codigo_paquetes":"package 35","caracteristica_1":"Vigor-(A/B/C)","best_variedad_1":"A","worst_variedad_1":"C","caracteristica_2":"Plant_architecture(height)-(A/B/C)","best_variedad_2":"B","worst_variedad_2":"A","caracteristica_3":"Pest_resistance-(A/B/C)","best_variedad_3":"B","worst_variedad_3":"A","caracteristica_4":"Disease_resistance-(A/B/C)","best_variedad_4":"B","worst_variedad_4":"A","caracteristica_5":"Yield-(A/B/C)","best_variedad_5":"B","worst_variedad_5":"A","caracteristica_6":"Value_in_the_market-(A/B/C)","best_variedad_6":"B","worst_variedad_6":"A","caracteristica_7":"Taste-(A/B/C)","best_variedad_7":"B","worst_variedad_7":"A","caracteristica_8":"Overall_performance-(A/B/C)","best_variedad_8":"B","worst_variedad_8":"A","caracteristica_9":"Overall_performance_VS_Local-(Better/Worse)","variedad_a_9":"Worse","variedad_b_9":"Better","variedad_c_9":"Worse"},
{"observadores":"frijol_post_36","name_user":"","name_family":"","village":"","district":"","telephone":"","gender":"","age":"","location_altitude":"1200","location_longitude":"","location_latitude":"","planting_date":"","harvest_date":"","codigo_paquetes":"package 36","caracteristica_1":"Vigor-(A/B/C)","best_variedad_1":"A","worst_variedad_1":"B","caracteristica_2":"Plant_architecture(height)-(A/B/C)","best_variedad_2":"C","worst_variedad_2":"B","caracteristica_3":"Pest_resistance-(A/B/C)","best_variedad_3":"A","worst_variedad_3":"C","caracteristica_4":"Disease_resistance-(A/B/C)","best_variedad_4":"A","worst_variedad_4":"C","caracteristica_5":"Yield-(A/B/C)","best_variedad_5":"C","worst_variedad_5":"B","caracteristica_6":"Value_in_the_market-(A/B/C)","best_variedad_6":"A","worst_variedad_6":"B","caracteristica_7":"Taste-(A/B/C)","best_variedad_7":"B","worst_variedad_7":"C","caracteristica_8":"Overall_performance-(A/B/C)","best_variedad_8":"C","worst_variedad_8":"B","caracteristica_9":"Overall_performance_VS_Local-(Better/Worse)","variedad_a_9":"Worse","variedad_b_9":"Worse","variedad_c_9":"Worse"},
{"observadores":"frijol_post_37","name_user":"","name_family":"","village":"","district":"","telephone":"","gender":"","age":"","location_altitude":"580","location_longitude":"","location_latitude":"","planting_date":"","harvest_date":"","codigo_paquetes":"package 37","caracteristica_1":"Vigor-(A/B/C)","best_variedad_1":"C","worst_variedad_1":"B","caracteristica_2":"Plant_architecture(height)-(A/B/C)","best_variedad_2":"C","worst_variedad_2":"B","caracteristica_3":"Pest_resistance-(A/B/C)","best_variedad_3":"C","worst_variedad_3":"A","caracteristica_4":"Disease_resistance-(A/B/C)","best_variedad_4":"","worst_variedad_4":"","caracteristica_5":"Yield-(A/B/C)","best_variedad_5":"C","worst_variedad_5":"B","caracteristica_6":"Value_in_the_market-(A/B/C)","best_variedad_6":"","worst_variedad_6":"","caracteristica_7":"Taste-(A/B/C)","best_variedad_7":"C","worst_variedad_7":"A","caracteristica_8":"Overall_performance-(A/B/C)","best_variedad_8":"A","worst_variedad_8":"B","caracteristica_9":"Overall_performance_VS_Local-(Better/Worse)","variedad_a_9":"Better","variedad_b_9":"Worse","variedad_c_9":"Worse"},
{"observadores":"frijol_post_38","name_user":"","name_family":"","village":"","district":"","telephone":"","gender":"","age":"","location_altitude":"620","location_longitude":"","location_latitude":"","planting_date":"","harvest_date":"","codigo_paquetes":"package 38","caracteristica_1":"Vigor-(A/B/C)","best_variedad_1":"A","worst_variedad_1":"C","caracteristica_2":"Plant_architecture(height)-(A/B/C)","best_variedad_2":"A","worst_variedad_2":"C","caracteristica_3":"Pest_resistance-(A/B/C)","best_variedad_3":"","worst_variedad_3":"","caracteristica_4":"Disease_resistance-(A/B/C)","best_variedad_4":"","worst_variedad_4":"","caracteristica_5":"Yield-(A/B/C)","best_variedad_5":"A","worst_variedad_5":"C","caracteristica_6":"Value_in_the_market-(A/B/C)","best_variedad_6":"","worst_variedad_6":"","caracteristica_7":"Taste-(A/B/C)","best_variedad_7":"A","worst_variedad_7":"C","caracteristica_8":"Overall_performance-(A/B/C)","best_variedad_8":"A","worst_variedad_8":"C","caracteristica_9":"Overall_performance_VS_Local-(Better/Worse)","variedad_a_9":"Better","variedad_b_9":"Better","variedad_c_9":"Worse"},
{"observadores":"frijol_post_39","name_user":"","name_family":"","village":"","district":"","telephone":"","gender":"","age":"","location_altitude":"740","location_longitude":"","location_latitude":"","planting_date":"","harvest_date":"","codigo_paquetes":"package 39","caracteristica_1":"Vigor-(A/B/C)","best_variedad_1":"C","worst_variedad_1":"A","caracteristica_2":"Plant_architecture(height)-(A/B/C)","best_variedad_2":"A","worst_variedad_2":"B","caracteristica_3":"Pest_resistance-(A/B/C)","best_variedad_3":"C","worst_variedad_3":"A","caracteristica_4":"Disease_resistance-(A/B/C)","best_variedad_4":"C","worst_variedad_4":"B","caracteristica_5":"Yield-(A/B/C)","best_variedad_5":"C","worst_variedad_5":"A","caracteristica_6":"Value_in_the_market-(A/B/C)","best_variedad_6":"A","worst_variedad_6":"C","caracteristica_7":"Taste-(A/B/C)","best_variedad_7":"C","worst_variedad_7":"A","caracteristica_8":"Overall_performance-(A/B/C)","best_variedad_8":"C","worst_variedad_8":"B","caracteristica_9":"Overall_performance_VS_Local-(Better/Worse)","variedad_a_9":"Better","variedad_b_9":"Worse","variedad_c_9":"Worse"},
{"observadores":"frijol_post_4","name_user":"","name_family":"","village":"","district":"","telephone":"","gender":"","age":"","location_altitude":"750","location_longitude":"","location_latitude":"","planting_date":"","harvest_date":"","codigo_paquetes":"package 4","caracteristica_1":"Vigor-(A/B/C)","best_variedad_1":"C","worst_variedad_1":"B","caracteristica_2":"Plant_architecture(height)-(A/B/C)","best_variedad_2":"C","worst_variedad_2":"B","caracteristica_3":"Pest_resistance-(A/B/C)","best_variedad_3":"C","worst_variedad_3":"B","caracteristica_4":"Disease_resistance-(A/B/C)","best_variedad_4":"C","worst_variedad_4":"B","caracteristica_5":"Yield-(A/B/C)","best_variedad_5":"A","worst_variedad_5":"B","caracteristica_6":"Value_in_the_market-(A/B/C)","best_variedad_6":"C","worst_variedad_6":"A","caracteristica_7":"Taste-(A/B/C)","best_variedad_7":"C","worst_variedad_7":"A","caracteristica_8":"Overall_performance-(A/B/C)","best_variedad_8":"C","worst_variedad_8":"B","caracteristica_9":"Overall_performance_VS_Local-(Better/Worse)","variedad_a_9":"Better","variedad_b_9":"Better","variedad_c_9":"Better"},
{"observadores":"frijol_post_40","name_user":"","name_family":"","village":"","district":"","telephone":"","gender":"","age":"","location_altitude":"550","location_longitude":"","location_latitude":"","planting_date":"","harvest_date":"","codigo_paquetes":"package 40","caracteristica_1":"Vigor-(A/B/C)","best_variedad_1":"B","worst_variedad_1":"C","caracteristica_2":"Plant_architecture(height)-(A/B/C)","best_variedad_2":"","worst_variedad_2":"","caracteristica_3":"Pest_resistance-(A/B/C)","best_variedad_3":"C","worst_variedad_3":"B","caracteristica_4":"Disease_resistance-(A/B/C)","best_variedad_4":"","worst_variedad_4":"","caracteristica_5":"Yield-(A/B/C)","best_variedad_5":"","worst_variedad_5":"","caracteristica_6":"Value_in_the_market-(A/B/C)","best_variedad_6":"C","worst_variedad_6":"A","caracteristica_7":"Taste-(A/B/C)","best_variedad_7":"C","worst_variedad_7":"A","caracteristica_8":"Overall_performance-(A/B/C)","best_variedad_8":"B","worst_variedad_8":"C","caracteristica_9":"Overall_performance_VS_Local-(Better/Worse)","variedad_a_9":"Better","variedad_b_9":"Worse","variedad_c_9":"Worse"},
{"observadores":"frijol_post_41","name_user":"","name_family":"","village":"","district":"","telephone":"","gender":"","age":"","location_altitude":"440","location_longitude":"","location_latitude":"","planting_date":"","harvest_date":"","codigo_paquetes":"package 41","caracteristica_1":"Vigor-(A/B/C)","best_variedad_1":"B","worst_variedad_1":"C","caracteristica_2":"Plant_architecture(height)-(A/B/C)","best_variedad_2":"B","worst_variedad_2":"C","caracteristica_3":"Pest_resistance-(A/B/C)","best_variedad_3":"B","worst_variedad_3":"A","caracteristica_4":"Disease_resistance-(A/B/C)","best_variedad_4":"B","worst_variedad_4":"C","caracteristica_5":"Yield-(A/B/C)","best_variedad_5":"B","worst_variedad_5":"C","caracteristica_6":"Value_in_the_market-(A/B/C)","best_variedad_6":"B","worst_variedad_6":"C","caracteristica_7":"Taste-(A/B/C)","best_variedad_7":"A","worst_variedad_7":"C","caracteristica_8":"Overall_performance-(A/B/C)","best_variedad_8":"B","worst_variedad_8":"C","caracteristica_9":"Overall_performance_VS_Local-(Better/Worse)","variedad_a_9":"Better","variedad_b_9":"Better","variedad_c_9":"Worse"},
{"observadores":"frijol_post_5","name_user":"","name_family":"","village":"","district":"","telephone":"","gender":"","age":"","location_altitude":"800","location_longitude":"","location_latitude":"","planting_date":"","harvest_date":"","codigo_paquetes":"package 5","caracteristica_1":"Vigor-(A/B/C)","best_variedad_1":"B","worst_variedad_1":"C","caracteristica_2":"Plant_architecture(height)-(A/B/C)","best_variedad_2":"B","worst_variedad_2":"A","caracteristica_3":"Pest_resistance-(A/B/C)","best_variedad_3":"B","worst_variedad_3":"A","caracteristica_4":"Disease_resistance-(A/B/C)","best_variedad_4":"B","worst_variedad_4":"C","caracteristica_5":"Yield-(A/B/C)","best_variedad_5":"A","worst_variedad_5":"B","caracteristica_6":"Value_in_the_market-(A/B/C)","best_variedad_6":"A","worst_variedad_6":"B","caracteristica_7":"Taste-(A/B/C)","best_variedad_7":"A","worst_variedad_7":"B","caracteristica_8":"Overall_performance-(A/B/C)","best_variedad_8":"A","worst_variedad_8":"B","caracteristica_9":"Overall_performance_VS_Local-(Better/Worse)","variedad_a_9":"Better","variedad_b_9":"Better","variedad_c_9":"Better"},
{"observadores":"frijol_post_6","name_user":"","name_family":"","village":"","district":"","telephone":"","gender":"","age":"","location_altitude":"800","location_longitude":"","location_latitude":"","planting_date":"","harvest_date":"","codigo_paquetes":"package 6","caracteristica_1":"Vigor-(A/B/C)","best_variedad_1":"A","worst_variedad_1":"B","caracteristica_2":"Plant_architecture(height)-(A/B/C)","best_variedad_2":"A","worst_variedad_2":"C","caracteristica_3":"Pest_resistance-(A/B/C)","best_variedad_3":"A","worst_variedad_3":"C","caracteristica_4":"Disease_resistance-(A/B/C)","best_variedad_4":"A","worst_variedad_4":"C","caracteristica_5":"Yield-(A/B/C)","best_variedad_5":"A","worst_variedad_5":"C","caracteristica_6":"Value_in_the_market-(A/B/C)","best_variedad_6":"A","worst_variedad_6":"C","caracteristica_7":"Taste-(A/B/C)","best_variedad_7":"A","worst_variedad_7":"C","caracteristica_8":"Overall_performance-(A/B/C)","best_variedad_8":"A","worst_variedad_8":"C","caracteristica_9":"Overall_performance_VS_Local-(Better/Worse)","variedad_a_9":"Better","variedad_b_9":"Better","variedad_c_9":"Worse"},
{"observadores":"frijol_post_7","name_user":"","name_family":"","village":"","district":"","telephone":"","gender":"","age":"","location_altitude":"1400","location_longitude":"","location_latitude":"","planting_date":"","harvest_date":"","codigo_paquetes":"package 7","caracteristica_1":"Vigor-(A/B/C)","best_variedad_1":"C","worst_variedad_1":"B","caracteristica_2":"Plant_architecture(height)-(A/B/C)","best_variedad_2":"A","worst_variedad_2":"B","caracteristica_3":"Pest_resistance-(A/B/C)","best_variedad_3":"A","worst_variedad_3":"C","caracteristica_4":"Disease_resistance-(A/B/C)","best_variedad_4":"B","worst_variedad_4":"A","caracteristica_5":"Yield-(A/B/C)","best_variedad_5":"B","worst_variedad_5":"C","caracteristica_6":"Value_in_the_market-(A/B/C)","best_variedad_6":"A","worst_variedad_6":"B","caracteristica_7":"Taste-(A/B/C)","best_variedad_7":"A","worst_variedad_7":"C","caracteristica_8":"Overall_performance-(A/B/C)","best_variedad_8":"B","worst_variedad_8":"C","caracteristica_9":"Overall_performance_VS_Local-(Better/Worse)","variedad_a_9":"Worse","variedad_b_9":"Better","variedad_c_9":"Worse"},
{"observadores":"frijol_post_8","name_user":"","name_family":"","village":"","district":"","telephone":"","gender":"","age":"","location_altitude":"1000","location_longitude":"","location_latitude":"","planting_date":"","harvest_date":"","codigo_paquetes":"package 8","caracteristica_1":"Vigor-(A/B/C)","best_variedad_1":"A","worst_variedad_1":"C","caracteristica_2":"Plant_architecture(height)-(A/B/C)","best_variedad_2":"B","worst_variedad_2":"C","caracteristica_3":"Pest_resistance-(A/B/C)","best_variedad_3":"A","worst_variedad_3":"B","caracteristica_4":"Disease_resistance-(A/B/C)","best_variedad_4":"A","worst_variedad_4":"B","caracteristica_5":"Yield-(A/B/C)","best_variedad_5":"A","worst_variedad_5":"B","caracteristica_6":"Value_in_the_market-(A/B/C)","best_variedad_6":"A","worst_variedad_6":"C","caracteristica_7":"Taste-(A/B/C)","best_variedad_7":"A","worst_variedad_7":"B","caracteristica_8":"Overall_performance-(A/B/C)","best_variedad_8":"A","worst_variedad_8":"C","caracteristica_9":"Overall_performance_VS_Local-(Better/Worse)","variedad_a_9":"Better","variedad_b_9":"Better","variedad_c_9":"Worse"},
{"observadores":"frijol_post_9","name_user":"","name_family":"","village":"","district":"","telephone":"","gender":"","age":"","location_altitude":"800","location_longitude":"","location_latitude":"","planting_date":"","harvest_date":"","codigo_paquetes":"package 9","caracteristica_1":"Vigor-(A/B/C)","best_variedad_1":"A","worst_variedad_1":"C","caracteristica_2":"Plant_architecture(height)-(A/B/C)","best_variedad_2":"A","worst_variedad_2":"B","caracteristica_3":"Pest_resistance-(A/B/C)","best_variedad_3":"A","worst_variedad_3":"C","caracteristica_4":"Disease_resistance-(A/B/C)","best_variedad_4":"A","worst_variedad_4":"B","caracteristica_5":"Yield-(A/B/C)","best_variedad_5":"A","worst_variedad_5":"C","caracteristica_6":"Value_in_the_market-(A/B/C)","best_variedad_6":"A","worst_variedad_6":"C","caracteristica_7":"Taste-(A/B/C)","best_variedad_7":"A","worst_variedad_7":"C","caracteristica_8":"Overall_performance-(A/B/C)","best_variedad_8":"A","worst_variedad_8":"C","caracteristica_9":"Overall_performance_VS_Local-(Better/Worse)","variedad_a_9":"Better","variedad_b_9":"Worse","variedad_c_9":"Worse"}
]
