[
{"codigo_paquetes":"paquete_epmfrijolposv2017_01","variedad_a":"Chepe","variedad_b":"Don Rey","variedad_c":"Honduras Nutritivo"},
{"codigo_paquetes":"paquete_epmfrijolposv2017_02","variedad_a":"SJC-730-79","variedad_b":"Honduras Nutritivo","variedad_c":"Amilcar"},
{"codigo_paquetes":"paquete_epmfrijolposv2017_03","variedad_a":"Amilcar","variedad_b":"SJC-730-79","variedad_c":"Chepe"},
{"codigo_paquetes":"paquete_epmfrijolposv2017_04","variedad_a":"Don Rey","variedad_b":"Chepe","variedad_c":"SJC-730-79"},
{"codigo_paquetes":"paquete_epmfrijolposv2017_05","variedad_a":"Honduras Nutritivo","variedad_b":"Amilcar","variedad_c":"Don Rey"},
{"codigo_paquetes":"paquete_epmfrijolposv2017_06","variedad_a":"Chepe","variedad_b":"Amilcar","variedad_c":"Don Rey"},
{"codigo_paquetes":"paquete_epmfrijolposv2017_07","variedad_a":"SJC-730-79","variedad_b":"Honduras Nutritivo","variedad_c":"Amilcar"},
{"codigo_paquetes":"paquete_epmfrijolposv2017_08","variedad_a":"Honduras Nutritivo","variedad_b":"SJC-730-79","variedad_c":"Chepe"},
{"codigo_paquetes":"paquete_epmfrijolposv2017_09","variedad_a":"Amilcar","variedad_b":"Chepe","variedad_c":"Don Rey"},
{"codigo_paquetes":"paquete_epmfrijolposv2017_10","variedad_a":"SJC-730-79","variedad_b":"Don Rey","variedad_c":"Honduras Nutritivo"},
{"codigo_paquetes":"paquete_epmfrijolposv2017_11","variedad_a":"Don Rey","variedad_b":"Amilcar","variedad_c":"Honduras Nutritivo"},
{"codigo_paquetes":"paquete_epmfrijolposv2017_12","variedad_a":"Amilcar","variedad_b":"Chepe","variedad_c":"SJC-730-79"},
{"codigo_paquetes":"paquete_epmfrijolposv2017_13","variedad_a":"Don Rey","variedad_b":"Honduras Nutritivo","variedad_c":"Chepe"},
{"codigo_paquetes":"paquete_epmfrijolposv2017_14","variedad_a":"Honduras Nutritivo","variedad_b":"SJC-730-79","variedad_c":"Amilcar"},
{"codigo_paquetes":"paquete_epmfrijolposv2017_15","variedad_a":"Chepe","variedad_b":"Don Rey","variedad_c":"SJC-730-79"},
{"codigo_paquetes":"paquete_epmfrijolposv2017_16","variedad_a":"SJC-730-79","variedad_b":"Chepe","variedad_c":"Don Rey"},
{"codigo_paquetes":"paquete_epmfrijolposv2017_17","variedad_a":"Amilcar","variedad_b":"Don Rey","variedad_c":"Honduras Nutritivo"},
{"codigo_paquetes":"paquete_epmfrijolposv2017_18","variedad_a":"Chepe","variedad_b":"Honduras Nutritivo","variedad_c":"Amilcar"},
{"codigo_paquetes":"paquete_epmfrijolposv2017_19","variedad_a":"Honduras Nutritivo","variedad_b":"Amilcar","variedad_c":"SJC-730-79"},
{"codigo_paquetes":"paquete_epmfrijolposv2017_20","variedad_a":"Don Rey","variedad_b":"SJC-730-79","variedad_c":"Chepe"},
{"codigo_paquetes":"paquete_epmfrijolposv2017_21","variedad_a":"Chepe","variedad_b":"Don Rey","variedad_c":"Honduras Nutritivo"},
{"codigo_paquetes":"paquete_epmfrijolposv2017_22","variedad_a":"SJC-730-79","variedad_b":"Chepe","variedad_c":"Amilcar"},
{"codigo_paquetes":"paquete_epmfrijolposv2017_23","variedad_a":"Amilcar","variedad_b":"Honduras Nutritivo","variedad_c":"SJC-730-79"},
{"codigo_paquetes":"paquete_epmfrijolposv2017_24","variedad_a":"Honduras Nutritivo","variedad_b":"SJC-730-79","variedad_c":"Don Rey"},
{"codigo_paquetes":"paquete_epmfrijolposv2017_25","variedad_a":"Don Rey","variedad_b":"Amilcar","variedad_c":"Chepe"},
{"codigo_paquetes":"paquete_epmfrijolposv2017_26","variedad_a":"SJC-730-79","variedad_b":"Amilcar","variedad_c":"Don Rey"},
{"codigo_paquetes":"paquete_epmfrijolposv2017_27","variedad_a":"Chepe","variedad_b":"SJC-730-79","variedad_c":"Honduras Nutritivo"},
{"codigo_paquetes":"paquete_epmfrijolposv2017_28","variedad_a":"Don Rey","variedad_b":"Honduras Nutritivo","variedad_c":"Amilcar"},
{"codigo_paquetes":"paquete_epmfrijolposv2017_29","variedad_a":"Amilcar","variedad_b":"Chepe","variedad_c":"Honduras Nutritivo"},
{"codigo_paquetes":"paquete_epmfrijolposv2017_30","variedad_a":"SJC-730-79","variedad_b":"Don Rey","variedad_c":"Chepe"},
{"codigo_paquetes":"paquete_epmfrijolposv2017_31","variedad_a":"Amilcar","variedad_b":"Don Rey","variedad_c":"SJC-730-79"},
{"codigo_paquetes":"paquete_epmfrijolposv2017_32","variedad_a":"Honduras Nutritivo","variedad_b":"Chepe","variedad_c":"Don Rey"},
{"codigo_paquetes":"paquete_epmfrijolposv2017_33","variedad_a":"Chepe","variedad_b":"SJC-730-79","variedad_c":"Amilcar"},
{"codigo_paquetes":"paquete_epmfrijolposv2017_34","variedad_a":"Honduras Nutritivo","variedad_b":"Amilcar","variedad_c":"Chepe"},
{"codigo_paquetes":"paquete_epmfrijolposv2017_35","variedad_a":"Don Rey","variedad_b":"Honduras Nutritivo","variedad_c":"SJC-730-79"},
{"codigo_paquetes":"paquete_epmfrijolposv2017_36","variedad_a":"Chepe","variedad_b":"Amilcar","variedad_c":"Don Rey"},
{"codigo_paquetes":"paquete_epmfrijolposv2017_37","variedad_a":"SJC-730-79","variedad_b":"Don Rey","variedad_c":"Honduras Nutritivo"},
{"codigo_paquetes":"paquete_epmfrijolposv2017_38","variedad_a":"Honduras Nutritivo","variedad_b":"SJC-730-79","variedad_c":"Chepe"},
{"codigo_paquetes":"paquete_epmfrijolposv2017_39","variedad_a":"Don Rey","variedad_b":"Honduras Nutritivo","variedad_c":"Amilcar"},
{"codigo_paquetes":"paquete_epmfrijolposv2017_40","variedad_a":"Amilcar","variedad_b":"Chepe","variedad_c":"SJC-730-79"},
{"codigo_paquetes":"paquete_epmfrijolposv2017_41","variedad_a":"Chepe","variedad_b":"Don Rey","variedad_c":"Honduras Nutritivo"},
{"codigo_paquetes":"paquete_epmfrijolposv2017_42","variedad_a":"SJC-730-79","variedad_b":"Amilcar","variedad_c":"Don Rey"},
{"codigo_paquetes":"paquete_epmfrijolposv2017_43","variedad_a":"Amilcar","variedad_b":"Honduras Nutritivo","variedad_c":"Chepe"},
{"codigo_paquetes":"paquete_epmfrijolposv2017_44","variedad_a":"Don Rey","variedad_b":"SJC-730-79","variedad_c":"Amilcar"},
{"codigo_paquetes":"paquete_epmfrijolposv2017_45","variedad_a":"Honduras Nutritivo","variedad_b":"Chepe","variedad_c":"SJC-730-79"},
{"codigo_paquetes":"paquete_epmfrijolposv2017_46","variedad_a":"Chepe","variedad_b":"Amilcar","variedad_c":"Honduras Nutritivo"},
{"codigo_paquetes":"paquete_epmfrijolposv2017_47","variedad_a":"SJC-730-79","variedad_b":"Don Rey","variedad_c":"Amilcar"},
{"codigo_paquetes":"paquete_epmfrijolposv2017_48","variedad_a":"Don Rey","variedad_b":"Honduras Nutritivo","variedad_c":"SJC-730-79"},
{"codigo_paquetes":"paquete_epmfrijolposv2017_49","variedad_a":"Honduras Nutritivo","variedad_b":"SJC-730-79","variedad_c":"Chepe"},
{"codigo_paquetes":"paquete_epmfrijolposv2017_50","variedad_a":"Amilcar","variedad_b":"Chepe","variedad_c":"Don Rey"}
]
