[
{"codigo_paquetes":"paquete_epm_frijol_postrera2016_001","variedad_a":"Campechano","variedad_b":"Chepe","variedad_c":"Delicia"},
{"codigo_paquetes":"paquete_epm_frijol_postrera2016_002","variedad_a":"cod 02 - Amadeus 77","variedad_b":"Cedron","variedad_c":"don Rey"},
{"codigo_paquetes":"paquete_epm_frijol_postrera2016_003","variedad_a":"Honduras Nutriva","variedad_b":"Victoria","variedad_c":"SJC-730-79"},
{"codigo_paquetes":"paquete_epm_frijol_postrera2016_004","variedad_a":"Delicia","variedad_b":"Campechano","variedad_c":"Arbolito Negro"},
{"codigo_paquetes":"paquete_epm_frijol_postrera2016_005","variedad_a":"Arbolito Negro","variedad_b":"cod 02 - Amadeus 77","variedad_c":"Honduras Nutriva"},
{"codigo_paquetes":"paquete_epm_frijol_postrera2016_006","variedad_a":"don Rey","variedad_b":"SJC-730-79","variedad_c":"Victoria"},
{"codigo_paquetes":"paquete_epm_frijol_postrera2016_007","variedad_a":"Chepe","variedad_b":"cod 02 - Amadeus 77","variedad_c":"Cedron"},
{"codigo_paquetes":"paquete_epm_frijol_postrera2016_008","variedad_a":"Cedron","variedad_b":"Arbolito Negro","variedad_c":"Campechano"},
{"codigo_paquetes":"paquete_epm_frijol_postrera2016_009","variedad_a":"Victoria","variedad_b":"Delicia","variedad_c":"SJC-730-79"},
{"codigo_paquetes":"paquete_epm_frijol_postrera2016_010","variedad_a":"Honduras Nutriva","variedad_b":"don Rey","variedad_c":"Chepe"},
{"codigo_paquetes":"paquete_epm_frijol_postrera2016_011","variedad_a":"SJC-730-79","variedad_b":"Campechano","variedad_c":"Chepe"},
{"codigo_paquetes":"paquete_epm_frijol_postrera2016_012","variedad_a":"Cedron","variedad_b":"Arbolito Negro","variedad_c":"cod 02 - Amadeus 77"},
{"codigo_paquetes":"paquete_epm_frijol_postrera2016_013","variedad_a":"Victoria","variedad_b":"Honduras Nutriva","variedad_c":"don Rey"},
{"codigo_paquetes":"paquete_epm_frijol_postrera2016_014","variedad_a":"Delicia","variedad_b":"Honduras Nutriva","variedad_c":"Cedron"},
{"codigo_paquetes":"paquete_epm_frijol_postrera2016_015","variedad_a":"cod 02 - Amadeus 77","variedad_b":"SJC-730-79","variedad_c":"Victoria"},
{"codigo_paquetes":"paquete_epm_frijol_postrera2016_016","variedad_a":"Campechano","variedad_b":"Delicia","variedad_c":"Arbolito Negro"},
{"codigo_paquetes":"paquete_epm_frijol_postrera2016_017","variedad_a":"Chepe","variedad_b":"don Rey","variedad_c":"Delicia"},
{"codigo_paquetes":"paquete_epm_frijol_postrera2016_018","variedad_a":"SJC-730-79","variedad_b":"cod 02 - Amadeus 77","variedad_c":"Honduras Nutriva"},
{"codigo_paquetes":"paquete_epm_frijol_postrera2016_019","variedad_a":"Arbolito Negro","variedad_b":"Chepe","variedad_c":"Victoria"},
{"codigo_paquetes":"paquete_epm_frijol_postrera2016_020","variedad_a":"don Rey","variedad_b":"Cedron","variedad_c":"Campechano"},
{"codigo_paquetes":"paquete_epm_frijol_postrera2016_021","variedad_a":"Chepe","variedad_b":"Cedron","variedad_c":"Delicia"},
{"codigo_paquetes":"paquete_epm_frijol_postrera2016_022","variedad_a":"Campechano","variedad_b":"Victoria","variedad_c":"cod 02 - Amadeus 77"},
{"codigo_paquetes":"paquete_epm_frijol_postrera2016_023","variedad_a":"Honduras Nutriva","variedad_b":"don Rey","variedad_c":"SJC-730-79"},
{"codigo_paquetes":"paquete_epm_frijol_postrera2016_024","variedad_a":"Arbolito Negro","variedad_b":"Campechano","variedad_c":"Chepe"},
{"codigo_paquetes":"paquete_epm_frijol_postrera2016_025","variedad_a":"Cedron","variedad_b":"SJC-730-79","variedad_c":"don Rey"},
{"codigo_paquetes":"paquete_epm_frijol_postrera2016_026","variedad_a":"Victoria","variedad_b":"Delicia","variedad_c":"Honduras Nutriva"},
{"codigo_paquetes":"paquete_epm_frijol_postrera2016_027","variedad_a":"SJC-730-79","variedad_b":"Arbolito Negro","variedad_c":"cod 02 - Amadeus 77"},
{"codigo_paquetes":"paquete_epm_frijol_postrera2016_028","variedad_a":"Delicia","variedad_b":"don Rey","variedad_c":"Arbolito Negro"},
{"codigo_paquetes":"paquete_epm_frijol_postrera2016_029","variedad_a":"cod 02 - Amadeus 77","variedad_b":"Chepe","variedad_c":"Honduras Nutriva"},
{"codigo_paquetes":"paquete_epm_frijol_postrera2016_030","variedad_a":"Campechano","variedad_b":"Victoria","variedad_c":"Cedron"},
{"codigo_paquetes":"paquete_epm_frijol_postrera2016_031","variedad_a":"don Rey","variedad_b":"Chepe","variedad_c":"Victoria"},
{"codigo_paquetes":"paquete_epm_frijol_postrera2016_032","variedad_a":"cod 02 - Amadeus 77","variedad_b":"Cedron","variedad_c":"Delicia"},
{"codigo_paquetes":"paquete_epm_frijol_postrera2016_033","variedad_a":"SJC-730-79","variedad_b":"Honduras Nutriva","variedad_c":"Campechano"},
{"codigo_paquetes":"paquete_epm_frijol_postrera2016_034","variedad_a":"Honduras Nutriva","variedad_b":"Arbolito Negro","variedad_c":"Cedron"},
{"codigo_paquetes":"paquete_epm_frijol_postrera2016_035","variedad_a":"Chepe","variedad_b":"Campechano","variedad_c":"Arbolito Negro"},
{"codigo_paquetes":"paquete_epm_frijol_postrera2016_036","variedad_a":"Victoria","variedad_b":"SJC-730-79","variedad_c":"don Rey"},
{"codigo_paquetes":"paquete_epm_frijol_postrera2016_037","variedad_a":"Delicia","variedad_b":"Victoria","variedad_c":"cod 02 - Amadeus 77"},
{"codigo_paquetes":"paquete_epm_frijol_postrera2016_038","variedad_a":"Arbolito Negro","variedad_b":"cod 02 - Amadeus 77","variedad_c":"SJC-730-79"},
{"codigo_paquetes":"paquete_epm_frijol_postrera2016_039","variedad_a":"don Rey","variedad_b":"Honduras Nutriva","variedad_c":"Delicia"},
{"codigo_paquetes":"paquete_epm_frijol_postrera2016_040","variedad_a":"Cedron","variedad_b":"Campechano","variedad_c":"Chepe"},
{"codigo_paquetes":"paquete_epm_frijol_postrera2016_041","variedad_a":"cod 02 - Amadeus 77","variedad_b":"don Rey","variedad_c":"Campechano"},
{"codigo_paquetes":"paquete_epm_frijol_postrera2016_042","variedad_a":"Chepe","variedad_b":"Honduras Nutriva","variedad_c":"Victoria"},
{"codigo_paquetes":"paquete_epm_frijol_postrera2016_043","variedad_a":"Cedron","variedad_b":"Delicia","variedad_c":"SJC-730-79"},
{"codigo_paquetes":"paquete_epm_frijol_postrera2016_044","variedad_a":"Delicia","variedad_b":"Chepe","variedad_c":"Arbolito Negro"},
{"codigo_paquetes":"paquete_epm_frijol_postrera2016_045","variedad_a":"Honduras Nutriva","variedad_b":"cod 02 - Amadeus 77","variedad_c":"Cedron"},
{"codigo_paquetes":"paquete_epm_frijol_postrera2016_046","variedad_a":"Victoria","variedad_b":"Arbolito Negro","variedad_c":"Campechano"},
{"codigo_paquetes":"paquete_epm_frijol_postrera2016_047","variedad_a":"don Rey","variedad_b":"SJC-730-79","variedad_c":"Chepe"},
{"codigo_paquetes":"paquete_epm_frijol_postrera2016_048","variedad_a":"Victoria","variedad_b":"Cedron","variedad_c":"don Rey"},
{"codigo_paquetes":"paquete_epm_frijol_postrera2016_049","variedad_a":"Arbolito Negro","variedad_b":"SJC-730-79","variedad_c":"Honduras Nutriva"},
{"codigo_paquetes":"paquete_epm_frijol_postrera2016_050","variedad_a":"Campechano","variedad_b":"Delicia","variedad_c":"cod 02 - Amadeus 77"},
{"codigo_paquetes":"paquete_epm_frijol_postrera2016_051","variedad_a":"SJC-730-79","variedad_b":"Victoria","variedad_c":"cod 02 - Amadeus 77"},
{"codigo_paquetes":"paquete_epm_frijol_postrera2016_052","variedad_a":"Campechano","variedad_b":"Honduras Nutriva","variedad_c":"don Rey"},
{"codigo_paquetes":"paquete_epm_frijol_postrera2016_053","variedad_a":"Chepe","variedad_b":"Cedron","variedad_c":"Arbolito Negro"},
{"codigo_paquetes":"paquete_epm_frijol_postrera2016_054","variedad_a":"Delicia","variedad_b":"don Rey","variedad_c":"Victoria"},
{"codigo_paquetes":"paquete_epm_frijol_postrera2016_055","variedad_a":"Honduras Nutriva","variedad_b":"Chepe","variedad_c":"Delicia"},
{"codigo_paquetes":"paquete_epm_frijol_postrera2016_056","variedad_a":"cod 02 - Amadeus 77","variedad_b":"Campechano","variedad_c":"Cedron"},
{"codigo_paquetes":"paquete_epm_frijol_postrera2016_057","variedad_a":"SJC-730-79","variedad_b":"Arbolito Negro","variedad_c":"Campechano"},
{"codigo_paquetes":"paquete_epm_frijol_postrera2016_058","variedad_a":"Chepe","variedad_b":"Victoria","variedad_c":"SJC-730-79"},
{"codigo_paquetes":"paquete_epm_frijol_postrera2016_059","variedad_a":"Cedron","variedad_b":"don Rey","variedad_c":"Arbolito Negro"},
{"codigo_paquetes":"paquete_epm_frijol_postrera2016_060","variedad_a":"cod 02 - Amadeus 77","variedad_b":"Delicia","variedad_c":"Honduras Nutriva"},
{"codigo_paquetes":"paquete_epm_frijol_postrera2016_061","variedad_a":"Arbolito Negro","variedad_b":"Honduras Nutriva","variedad_c":"Victoria"},
{"codigo_paquetes":"paquete_epm_frijol_postrera2016_062","variedad_a":"don Rey","variedad_b":"cod 02 - Amadeus 77","variedad_c":"SJC-730-79"},
{"codigo_paquetes":"paquete_epm_frijol_postrera2016_063","variedad_a":"Campechano","variedad_b":"Delicia","variedad_c":"Chepe"},
{"codigo_paquetes":"paquete_epm_frijol_postrera2016_064","variedad_a":"Honduras Nutriva","variedad_b":"Chepe","variedad_c":"Cedron"},
{"codigo_paquetes":"paquete_epm_frijol_postrera2016_065","variedad_a":"Delicia","variedad_b":"Victoria","variedad_c":"don Rey"},
{"codigo_paquetes":"paquete_epm_frijol_postrera2016_066","variedad_a":"Arbolito Negro","variedad_b":"cod 02 - Amadeus 77","variedad_c":"Campechano"},
{"codigo_paquetes":"paquete_epm_frijol_postrera2016_067","variedad_a":"Cedron","variedad_b":"Campechano","variedad_c":"SJC-730-79"},
{"codigo_paquetes":"paquete_epm_frijol_postrera2016_068","variedad_a":"SJC-730-79","variedad_b":"Arbolito Negro","variedad_c":"Delicia"},
{"codigo_paquetes":"paquete_epm_frijol_postrera2016_069","variedad_a":"Victoria","variedad_b":"cod 02 - Amadeus 77","variedad_c":"Chepe"},
{"codigo_paquetes":"paquete_epm_frijol_postrera2016_070","variedad_a":"don Rey","variedad_b":"Cedron","variedad_c":"Honduras Nutriva"},
{"codigo_paquetes":"paquete_epm_frijol_postrera2016_071","variedad_a":"Cedron","variedad_b":"Delicia","variedad_c":"cod 02 - Amadeus 77"},
{"codigo_paquetes":"paquete_epm_frijol_postrera2016_072","variedad_a":"Honduras Nutriva","variedad_b":"Victoria","variedad_c":"Arbolito Negro"},
{"codigo_paquetes":"paquete_epm_frijol_postrera2016_073","variedad_a":"Campechano","variedad_b":"SJC-730-79","variedad_c":"don Rey"},
{"codigo_paquetes":"paquete_epm_frijol_postrera2016_074","variedad_a":"Chepe","variedad_b":"SJC-730-79","variedad_c":"Delicia"},
{"codigo_paquetes":"paquete_epm_frijol_postrera2016_075","variedad_a":"Campechano","variedad_b":"Chepe","variedad_c":"Honduras Nutriva"},
{"codigo_paquetes":"paquete_epm_frijol_postrera2016_076","variedad_a":"cod 02 - Amadeus 77","variedad_b":"don Rey","variedad_c":"Victoria"},
{"codigo_paquetes":"paquete_epm_frijol_postrera2016_077","variedad_a":"Victoria","variedad_b":"Arbolito Negro","variedad_c":"Cedron"},
{"codigo_paquetes":"paquete_epm_frijol_postrera2016_078","variedad_a":"Arbolito Negro","variedad_b":"Campechano","variedad_c":"cod 02 - Amadeus 77"},
{"codigo_paquetes":"paquete_epm_frijol_postrera2016_079","variedad_a":"Delicia","variedad_b":"Honduras Nutriva","variedad_c":"SJC-730-79"},
{"codigo_paquetes":"paquete_epm_frijol_postrera2016_080","variedad_a":"don Rey","variedad_b":"Cedron","variedad_c":"Chepe"},
{"codigo_paquetes":"paquete_epm_frijol_postrera2016_081","variedad_a":"Victoria","variedad_b":"Delicia","variedad_c":"Campechano"},
{"codigo_paquetes":"paquete_epm_frijol_postrera2016_082","variedad_a":"SJC-730-79","variedad_b":"cod 02 - Amadeus 77","variedad_c":"Cedron"},
{"codigo_paquetes":"paquete_epm_frijol_postrera2016_083","variedad_a":"Honduras Nutriva","variedad_b":"don Rey","variedad_c":"Arbolito Negro"},
{"codigo_paquetes":"paquete_epm_frijol_postrera2016_084","variedad_a":"Arbolito Negro","variedad_b":"SJC-730-79","variedad_c":"Chepe"},
{"codigo_paquetes":"paquete_epm_frijol_postrera2016_085","variedad_a":"cod 02 - Amadeus 77","variedad_b":"Chepe","variedad_c":"Delicia"},
{"codigo_paquetes":"paquete_epm_frijol_postrera2016_086","variedad_a":"Cedron","variedad_b":"Campechano","variedad_c":"Honduras Nutriva"},
{"codigo_paquetes":"paquete_epm_frijol_postrera2016_087","variedad_a":"Chepe","variedad_b":"Victoria","variedad_c":"don Rey"},
{"codigo_paquetes":"paquete_epm_frijol_postrera2016_088","variedad_a":"cod 02 - Amadeus 77","variedad_b":"Honduras Nutriva","variedad_c":"Victoria"},
{"codigo_paquetes":"paquete_epm_frijol_postrera2016_089","variedad_a":"don Rey","variedad_b":"Arbolito Negro","variedad_c":"Campechano"},
{"codigo_paquetes":"paquete_epm_frijol_postrera2016_090","variedad_a":"Delicia","variedad_b":"Honduras Nutriva","variedad_c":"SJC-730-79"},
{"codigo_paquetes":"paquete_epm_frijol_postrera2016_091","variedad_a":"Delicia","variedad_b":"Cedron","variedad_c":"don Rey"},
{"codigo_paquetes":"paquete_epm_frijol_postrera2016_092","variedad_a":"SJC-730-79","variedad_b":"Campechano","variedad_c":"Victoria"},
{"codigo_paquetes":"paquete_epm_frijol_postrera2016_093","variedad_a":"Chepe","variedad_b":"Cedron","variedad_c":"Arbolito Negro"},
{"codigo_paquetes":"paquete_epm_frijol_postrera2016_094","variedad_a":"don Rey","variedad_b":"Arbolito Negro","variedad_c":"cod 02 - Amadeus 77"},
{"codigo_paquetes":"paquete_epm_frijol_postrera2016_095","variedad_a":"Cedron","variedad_b":"SJC-730-79","variedad_c":"cod 02 - Amadeus 77"},
{"codigo_paquetes":"paquete_epm_frijol_postrera2016_096","variedad_a":"Honduras Nutriva","variedad_b":"Chepe","variedad_c":"Delicia"},
{"codigo_paquetes":"paquete_epm_frijol_postrera2016_097","variedad_a":"Victoria","variedad_b":"Delicia","variedad_c":"Campechano"},
{"codigo_paquetes":"paquete_epm_frijol_postrera2016_098","variedad_a":"Arbolito Negro","variedad_b":"Victoria","variedad_c":"Chepe"},
{"codigo_paquetes":"paquete_epm_frijol_postrera2016_099","variedad_a":"Campechano","variedad_b":"cod 02 - Amadeus 77","variedad_c":"Honduras Nutriva"},
{"codigo_paquetes":"paquete_epm_frijol_postrera2016_100","variedad_a":"SJC-730-79","variedad_b":"don Rey","variedad_c":"Cedron"},
{"codigo_paquetes":"paquete_epm_frijol_postrera2016_101","variedad_a":"Honduras Nutriva","variedad_b":"Victoria","variedad_c":"don Rey"},
{"codigo_paquetes":"paquete_epm_frijol_postrera2016_102","variedad_a":"Delicia","variedad_b":"Arbolito Negro","variedad_c":"SJC-730-79"},
{"codigo_paquetes":"paquete_epm_frijol_postrera2016_103","variedad_a":"Campechano","variedad_b":"Chepe","variedad_c":"Cedron"},
{"codigo_paquetes":"paquete_epm_frijol_postrera2016_104","variedad_a":"cod 02 - Amadeus 77","variedad_b":"Cedron","variedad_c":"Victoria"},
{"codigo_paquetes":"paquete_epm_frijol_postrera2016_105","variedad_a":"don Rey","variedad_b":"cod 02 - Amadeus 77","variedad_c":"Arbolito Negro"},
{"codigo_paquetes":"paquete_epm_frijol_postrera2016_106","variedad_a":"SJC-730-79","variedad_b":"Campechano","variedad_c":"Honduras Nutriva"},
{"codigo_paquetes":"paquete_epm_frijol_postrera2016_107","variedad_a":"Chepe","variedad_b":"don Rey","variedad_c":"Delicia"},
{"codigo_paquetes":"paquete_epm_frijol_postrera2016_108","variedad_a":"Cedron","variedad_b":"Honduras Nutriva","variedad_c":"Delicia"},
{"codigo_paquetes":"paquete_epm_frijol_postrera2016_109","variedad_a":"Arbolito Negro","variedad_b":"cod 02 - Amadeus 77","variedad_c":"Chepe"},
{"codigo_paquetes":"paquete_epm_frijol_postrera2016_110","variedad_a":"Victoria","variedad_b":"SJC-730-79","variedad_c":"Campechano"},
{"codigo_paquetes":"paquete_epm_frijol_postrera2016_111","variedad_a":"Campechano","variedad_b":"Honduras Nutriva","variedad_c":"Arbolito Negro"},
{"codigo_paquetes":"paquete_epm_frijol_postrera2016_112","variedad_a":"don Rey","variedad_b":"SJC-730-79","variedad_c":"cod 02 - Amadeus 77"},
{"codigo_paquetes":"paquete_epm_frijol_postrera2016_113","variedad_a":"Chepe","variedad_b":"Delicia","variedad_c":"Victoria"},
{"codigo_paquetes":"paquete_epm_frijol_postrera2016_114","variedad_a":"Cedron","variedad_b":"Chepe","variedad_c":"SJC-730-79"},
{"codigo_paquetes":"paquete_epm_frijol_postrera2016_115","variedad_a":"cod 02 - Amadeus 77","variedad_b":"Victoria","variedad_c":"Cedron"},
{"codigo_paquetes":"paquete_epm_frijol_postrera2016_116","variedad_a":"Arbolito Negro","variedad_b":"Campechano","variedad_c":"don Rey"},
{"codigo_paquetes":"paquete_epm_frijol_postrera2016_117","variedad_a":"Delicia","variedad_b":"don Rey","variedad_c":"Honduras Nutriva"},
{"codigo_paquetes":"paquete_epm_frijol_postrera2016_118","variedad_a":"Victoria","variedad_b":"Delicia","variedad_c":"Arbolito Negro"},
{"codigo_paquetes":"paquete_epm_frijol_postrera2016_119","variedad_a":"Honduras Nutriva","variedad_b":"Cedron","variedad_c":"cod 02 - Amadeus 77"},
{"codigo_paquetes":"paquete_epm_frijol_postrera2016_120","variedad_a":"SJC-730-79","variedad_b":"Campechano","variedad_c":"Chepe"},
{"codigo_paquetes":"paquete_epm_frijol_postrera2016_121","variedad_a":"Cedron","variedad_b":"Delicia","variedad_c":"Campechano"},
{"codigo_paquetes":"paquete_epm_frijol_postrera2016_122","variedad_a":"Chepe","variedad_b":"Arbolito Negro","variedad_c":"Honduras Nutriva"},
{"codigo_paquetes":"paquete_epm_frijol_postrera2016_123","variedad_a":"cod 02 - Amadeus 77","variedad_b":"Chepe","variedad_c":"don Rey"},
{"codigo_paquetes":"paquete_epm_frijol_postrera2016_124","variedad_a":"Victoria","variedad_b":"Arbolito Negro","variedad_c":"SJC-730-79"},
{"codigo_paquetes":"paquete_epm_frijol_postrera2016_125","variedad_a":"Delicia","variedad_b":"SJC-730-79","variedad_c":"cod 02 - Amadeus 77"},
{"codigo_paquetes":"paquete_epm_frijol_postrera2016_126","variedad_a":"Honduras Nutriva","variedad_b":"Victoria","variedad_c":"Cedron"},
{"codigo_paquetes":"paquete_epm_frijol_postrera2016_127","variedad_a":"Campechano","variedad_b":"don Rey","variedad_c":"Victoria"},
{"codigo_paquetes":"paquete_epm_frijol_postrera2016_128","variedad_a":"don Rey","variedad_b":"Cedron","variedad_c":"Arbolito Negro"},
{"codigo_paquetes":"paquete_epm_frijol_postrera2016_129","variedad_a":"Campechano","variedad_b":"Honduras Nutriva","variedad_c":"Delicia"},
{"codigo_paquetes":"paquete_epm_frijol_postrera2016_130","variedad_a":"SJC-730-79","variedad_b":"cod 02 - Amadeus 77","variedad_c":"Chepe"},
{"codigo_paquetes":"paquete_epm_frijol_postrera2016_131","variedad_a":"cod 02 - Amadeus 77","variedad_b":"Victoria","variedad_c":"Campechano"},
{"codigo_paquetes":"paquete_epm_frijol_postrera2016_132","variedad_a":"Chepe","variedad_b":"Cedron","variedad_c":"Delicia"},
{"codigo_paquetes":"paquete_epm_frijol_postrera2016_133","variedad_a":"Honduras Nutriva","variedad_b":"don Rey","variedad_c":"SJC-730-79"},
{"codigo_paquetes":"paquete_epm_frijol_postrera2016_134","variedad_a":"Arbolito Negro","variedad_b":"Chepe","variedad_c":"Honduras Nutriva"},
{"codigo_paquetes":"paquete_epm_frijol_postrera2016_135","variedad_a":"Arbolito Negro","variedad_b":"SJC-730-79","variedad_c":"Victoria"},
{"codigo_paquetes":"paquete_epm_frijol_postrera2016_136","variedad_a":"Delicia","variedad_b":"cod 02 - Amadeus 77","variedad_c":"don Rey"},
{"codigo_paquetes":"paquete_epm_frijol_postrera2016_137","variedad_a":"SJC-730-79","variedad_b":"Campechano","variedad_c":"Cedron"},
{"codigo_paquetes":"paquete_epm_frijol_postrera2016_138","variedad_a":"Victoria","variedad_b":"Honduras Nutriva","variedad_c":"Cedron"},
{"codigo_paquetes":"paquete_epm_frijol_postrera2016_139","variedad_a":"don Rey","variedad_b":"Arbolito Negro","variedad_c":"Chepe"},
{"codigo_paquetes":"paquete_epm_frijol_postrera2016_140","variedad_a":"Honduras Nutriva","variedad_b":"Delicia","variedad_c":"Campechano"},
{"codigo_paquetes":"paquete_epm_frijol_postrera2016_141","variedad_a":"Chepe","variedad_b":"Victoria","variedad_c":"cod 02 - Amadeus 77"},
{"codigo_paquetes":"paquete_epm_frijol_postrera2016_142","variedad_a":"cod 02 - Amadeus 77","variedad_b":"Campechano","variedad_c":"SJC-730-79"},
{"codigo_paquetes":"paquete_epm_frijol_postrera2016_143","variedad_a":"Cedron","variedad_b":"Delicia","variedad_c":"Arbolito Negro"},
{"codigo_paquetes":"paquete_epm_frijol_postrera2016_144","variedad_a":"Campechano","variedad_b":"don Rey","variedad_c":"Victoria"},
{"codigo_paquetes":"paquete_epm_frijol_postrera2016_145","variedad_a":"SJC-730-79","variedad_b":"Chepe","variedad_c":"Honduras Nutriva"},
{"codigo_paquetes":"paquete_epm_frijol_postrera2016_146","variedad_a":"Delicia","variedad_b":"Arbolito Negro","variedad_c":"cod 02 - Amadeus 77"},
{"codigo_paquetes":"paquete_epm_frijol_postrera2016_147","variedad_a":"Cedron","variedad_b":"cod 02 - Amadeus 77","variedad_c":"don Rey"},
{"codigo_paquetes":"paquete_epm_frijol_postrera2016_148","variedad_a":"don Rey","variedad_b":"SJC-730-79","variedad_c":"Delicia"},
{"codigo_paquetes":"paquete_epm_frijol_postrera2016_149","variedad_a":"Victoria","variedad_b":"Cedron","variedad_c":"Campechano"},
{"codigo_paquetes":"paquete_epm_frijol_postrera2016_150","variedad_a":"Arbolito Negro","variedad_b":"don Rey","variedad_c":"Chepe"},
{"codigo_paquetes":"paquete_epm_frijol_postrera2016_151","variedad_a":"Campechano","variedad_b":"Honduras Nutriva","variedad_c":"Arbolito Negro"},
{"codigo_paquetes":"paquete_epm_frijol_postrera2016_152","variedad_a":"Chepe","variedad_b":"Honduras Nutriva","variedad_c":"Victoria"},
{"codigo_paquetes":"paquete_epm_frijol_postrera2016_153","variedad_a":"cod 02 - Amadeus 77","variedad_b":"Delicia","variedad_c":"SJC-730-79"},
{"codigo_paquetes":"paquete_epm_frijol_postrera2016_154","variedad_a":"Victoria","variedad_b":"Cedron","variedad_c":"Delicia"},
{"codigo_paquetes":"paquete_epm_frijol_postrera2016_155","variedad_a":"cod 02 - Amadeus 77","variedad_b":"Campechano","variedad_c":"Chepe"},
{"codigo_paquetes":"paquete_epm_frijol_postrera2016_156","variedad_a":"Honduras Nutriva","variedad_b":"SJC-730-79","variedad_c":"Cedron"},
{"codigo_paquetes":"paquete_epm_frijol_postrera2016_157","variedad_a":"Arbolito Negro","variedad_b":"Victoria","variedad_c":"don Rey"},
{"codigo_paquetes":"paquete_epm_frijol_postrera2016_158","variedad_a":"Delicia","variedad_b":"Arbolito Negro","variedad_c":"cod 02 - Amadeus 77"},
{"codigo_paquetes":"paquete_epm_frijol_postrera2016_159","variedad_a":"don Rey","variedad_b":"SJC-730-79","variedad_c":"Campechano"},
{"codigo_paquetes":"paquete_epm_frijol_postrera2016_160","variedad_a":"Cedron","variedad_b":"Chepe","variedad_c":"don Rey"},
{"codigo_paquetes":"paquete_epm_frijol_postrera2016_161","variedad_a":"Victoria","variedad_b":"cod 02 - Amadeus 77","variedad_c":"Honduras Nutriva"},
{"codigo_paquetes":"paquete_epm_frijol_postrera2016_162","variedad_a":"Campechano","variedad_b":"Cedron","variedad_c":"Arbolito Negro"},
{"codigo_paquetes":"paquete_epm_frijol_postrera2016_163","variedad_a":"SJC-730-79","variedad_b":"Chepe","variedad_c":"Honduras Nutriva"},
{"codigo_paquetes":"paquete_epm_frijol_postrera2016_164","variedad_a":"Delicia","variedad_b":"Campechano","variedad_c":"SJC-730-79"},
{"codigo_paquetes":"paquete_epm_frijol_postrera2016_165","variedad_a":"Cedron","variedad_b":"Victoria","variedad_c":"Delicia"},
{"codigo_paquetes":"paquete_epm_frijol_postrera2016_166","variedad_a":"Chepe","variedad_b":"don Rey","variedad_c":"cod 02 - Amadeus 77"},
{"codigo_paquetes":"paquete_epm_frijol_postrera2016_167","variedad_a":"Honduras Nutriva","variedad_b":"Arbolito Negro","variedad_c":"Cedron"},
{"codigo_paquetes":"paquete_epm_frijol_postrera2016_168","variedad_a":"Campechano","variedad_b":"Chepe","variedad_c":"Victoria"},
{"codigo_paquetes":"paquete_epm_frijol_postrera2016_169","variedad_a":"don Rey","variedad_b":"cod 02 - Amadeus 77","variedad_c":"Delicia"},
{"codigo_paquetes":"paquete_epm_frijol_postrera2016_170","variedad_a":"Arbolito Negro","variedad_b":"don Rey","variedad_c":"SJC-730-79"},
{"codigo_paquetes":"paquete_epm_frijol_postrera2016_171","variedad_a":"cod 02 - Amadeus 77","variedad_b":"Honduras Nutriva","variedad_c":"Campechano"},
{"codigo_paquetes":"paquete_epm_frijol_postrera2016_172","variedad_a":"SJC-730-79","variedad_b":"Victoria","variedad_c":"Cedron"},
{"codigo_paquetes":"paquete_epm_frijol_postrera2016_173","variedad_a":"Honduras Nutriva","variedad_b":"Delicia","variedad_c":"Arbolito Negro"},
{"codigo_paquetes":"paquete_epm_frijol_postrera2016_174","variedad_a":"Arbolito Negro","variedad_b":"SJC-730-79","variedad_c":"Chepe"},
{"codigo_paquetes":"paquete_epm_frijol_postrera2016_175","variedad_a":"Cedron","variedad_b":"Delicia","variedad_c":"Campechano"},
{"codigo_paquetes":"paquete_epm_frijol_postrera2016_176","variedad_a":"Chepe","variedad_b":"cod 02 - Amadeus 77","variedad_c":"Honduras Nutriva"},
{"codigo_paquetes":"paquete_epm_frijol_postrera2016_177","variedad_a":"Victoria","variedad_b":"Arbolito Negro","variedad_c":"don Rey"},
{"codigo_paquetes":"paquete_epm_frijol_postrera2016_178","variedad_a":"SJC-730-79","variedad_b":"Honduras Nutriva","variedad_c":"Cedron"},
{"codigo_paquetes":"paquete_epm_frijol_postrera2016_179","variedad_a":"don Rey","variedad_b":"Campechano","variedad_c":"Chepe"},
{"codigo_paquetes":"paquete_epm_frijol_postrera2016_180","variedad_a":"cod 02 - Amadeus 77","variedad_b":"Arbolito Negro","variedad_c":"Victoria"},
{"codigo_paquetes":"paquete_epm_frijol_postrera2016_181","variedad_a":"Delicia","variedad_b":"Cedron","variedad_c":"don Rey"},
{"codigo_paquetes":"paquete_epm_frijol_postrera2016_182","variedad_a":"Campechano","variedad_b":"SJC-730-79","variedad_c":"cod 02 - Amadeus 77"},
{"codigo_paquetes":"paquete_epm_frijol_postrera2016_183","variedad_a":"Chepe","variedad_b":"Cedron","variedad_c":"Victoria"},
{"codigo_paquetes":"paquete_epm_frijol_postrera2016_184","variedad_a":"Victoria","variedad_b":"Delicia","variedad_c":"SJC-730-79"},
{"codigo_paquetes":"paquete_epm_frijol_postrera2016_185","variedad_a":"Honduras Nutriva","variedad_b":"cod 02 - Amadeus 77","variedad_c":"Arbolito Negro"},
{"codigo_paquetes":"paquete_epm_frijol_postrera2016_186","variedad_a":"Delicia","variedad_b":"don Rey","variedad_c":"Campechano"},
{"codigo_paquetes":"paquete_epm_frijol_postrera2016_187","variedad_a":"cod 02 - Amadeus 77","variedad_b":"Chepe","variedad_c":"Delicia"},
{"codigo_paquetes":"paquete_epm_frijol_postrera2016_188","variedad_a":"Campechano","variedad_b":"Victoria","variedad_c":"Honduras Nutriva"},
{"codigo_paquetes":"paquete_epm_frijol_postrera2016_189","variedad_a":"Cedron","variedad_b":"Arbolito Negro","variedad_c":"SJC-730-79"},
{"codigo_paquetes":"paquete_epm_frijol_postrera2016_190","variedad_a":"don Rey","variedad_b":"Honduras Nutriva","variedad_c":"cod 02 - Amadeus 77"},
{"codigo_paquetes":"paquete_epm_frijol_postrera2016_191","variedad_a":"SJC-730-79","variedad_b":"Cedron","variedad_c":"Chepe"},
{"codigo_paquetes":"paquete_epm_frijol_postrera2016_192","variedad_a":"Arbolito Negro","variedad_b":"Victoria","variedad_c":"Delicia"},
{"codigo_paquetes":"paquete_epm_frijol_postrera2016_193","variedad_a":"Honduras Nutriva","variedad_b":"Campechano","variedad_c":"don Rey"},
{"codigo_paquetes":"paquete_epm_frijol_postrera2016_194","variedad_a":"Victoria","variedad_b":"Chepe","variedad_c":"Cedron"},
{"codigo_paquetes":"paquete_epm_frijol_postrera2016_195","variedad_a":"don Rey","variedad_b":"SJC-730-79","variedad_c":"Arbolito Negro"},
{"codigo_paquetes":"paquete_epm_frijol_postrera2016_196","variedad_a":"Chepe","variedad_b":"cod 02 - Amadeus 77","variedad_c":"Campechano"},
{"codigo_paquetes":"paquete_epm_frijol_postrera2016_197","variedad_a":"Cedron","variedad_b":"Delicia","variedad_c":"Arbolito Negro"},
{"codigo_paquetes":"paquete_epm_frijol_postrera2016_198","variedad_a":"Campechano","variedad_b":"Honduras Nutriva","variedad_c":"Victoria"},
{"codigo_paquetes":"paquete_epm_frijol_postrera2016_199","variedad_a":"Delicia","variedad_b":"SJC-730-79","variedad_c":"Chepe"},
{"codigo_paquetes":"paquete_epm_frijol_postrera2016_200","variedad_a":"cod 02 - Amadeus 77","variedad_b":"don Rey","variedad_c":"Honduras Nutriva"}
]
