[
{"observadores":"asa_nus_mandla_kodo_2017_1","name_user":"Ram bai","name_family":"Man Singh","village":"Dungariya","district":"Mandla","telephone":"8817661775","gender":"F","age":"45","location_longitude_seed_delivery_point":"80.005833","location_latitude_seed_delivery_point":"22.011388","location_altitude":"448","location_longitude":"80.01111","location_latitude":"22.015","planting_date":"","harvest_date":"","irrigation":"No","fertilization":"No","slope":"Flat","soil_quality":"Good","soil_texture":"Sandy","soil_affected_by_salt":"No","how_much_did_it_rain_during_the_crop_season":"Average","how_was_the_rain":"Erratic","was_the_crop_season_warmer_or_colder_than_usual":"As usual","weight_of_all_yield_of_the_variety_a_in_kg":"0.161","weight_of_all_yield_of_the_variety_b_in_kg":"0.241","weight_of_all_yield_of_the_variety_c_in_kg":"0.165","from_the_3_varieties_which_one_would_you_like_to_grow_again":"B","codigo_paquetes":"package_asa_nus_mandla_kodo_2017_01","caracteristica_1":"Vigor-(A/B/C)","best_variedad_1":"B","worst_variedad_1":"A","caracteristica_2":"Plant_architecture(height)-(A/B/C)","best_variedad_2":"C","worst_variedad_2":"B","caracteristica_3":"Faster_maturity-(A/B/C)","best_variedad_3":"B","worst_variedad_3":"C","caracteristica_4":"Pest_resistance-(A/B/C)","best_variedad_4":"","worst_variedad_4":"","caracteristica_5":"Disease_resistance-(A/B/C)","best_variedad_5":"","worst_variedad_5":"","caracteristica_6":"Drought_resistance-(A/B/C)","best_variedad_6":"C","worst_variedad_6":"A","caracteristica_7":"Yield-(A/B/C)","best_variedad_7":"B","worst_variedad_7":"C","caracteristica_8":"Value_in_the_market-(A/B/C)","best_variedad_8":"C","worst_variedad_8":"A","caracteristica_9":"Taste-(A/B/C)","best_variedad_9":"C","worst_variedad_9":"A","caracteristica_10":"Fodder_yield_potential-(A/B/C)","better_variedad_10":"B","worse_variedad_10":"A","caracteristica_11":"Overall_performance-(A/B/C)","best_variedad_11":"B","worst_variedad_11":"A","evaluation":"1"},
{"observadores":"asa_nus_mandla_kodo_2017_10","name_user":"Damre bai","name_family":"Buddh Singh","village":"Piperpani","district":"Mandla","telephone":"7089254840","gender":"F","age":"45","location_longitude_seed_delivery_point":"80.005833","location_latitude_seed_delivery_point":"22.011388","location_altitude":"448","location_longitude":"80.00722","location_latitude":"22.013","planting_date":"","harvest_date":"","irrigation":"No","fertilization":"No","slope":"Average","soil_quality":"Good","soil_texture":"Loamy","soil_affected_by_salt":"No","how_much_did_it_rain_during_the_crop_season":"Average","how_was_the_rain":"Erratic","was_the_crop_season_warmer_or_colder_than_usual":"As usual","weight_of_all_yield_of_the_variety_a_in_kg":"0.241","weight_of_all_yield_of_the_variety_b_in_kg":"0.22","weight_of_all_yield_of_the_variety_c_in_kg":"0.173","from_the_3_varieties_which_one_would_you_like_to_grow_again":"A","codigo_paquetes":"package_asa_nus_mandla_kodo_2017_10","caracteristica_1":"Vigor-(A/B/C)","best_variedad_1":"A","worst_variedad_1":"C","caracteristica_2":"Plant_architecture(height)-(A/B/C)","best_variedad_2":"A","worst_variedad_2":"C","caracteristica_3":"Faster_maturity-(A/B/C)","best_variedad_3":"B","worst_variedad_3":"A","caracteristica_4":"Pest_resistance-(A/B/C)","best_variedad_4":"","worst_variedad_4":"","caracteristica_5":"Disease_resistance-(A/B/C)","best_variedad_5":"","worst_variedad_5":"","caracteristica_6":"Drought_resistance-(A/B/C)","best_variedad_6":"A","worst_variedad_6":"C","caracteristica_7":"Yield-(A/B/C)","best_variedad_7":"B","worst_variedad_7":"A","caracteristica_8":"Value_in_the_market-(A/B/C)","best_variedad_8":"A","worst_variedad_8":"C","caracteristica_9":"Taste-(A/B/C)","best_variedad_9":"A","worst_variedad_9":"C","caracteristica_10":"Fodder_yield_potential-(A/B/C)","better_variedad_10":"A","worse_variedad_10":"C","caracteristica_11":"Overall_performance-(A/B/C)","best_variedad_11":"A","worst_variedad_11":"C","evaluation":"1"},
{"observadores":"asa_nus_mandla_kodo_2017_11","name_user":"Asha bai","name_family":"Akal Singh","village":"Piperpani","district":"Mandla","telephone":"7089254840","gender":"F","age":"20","location_longitude_seed_delivery_point":"80.005833","location_latitude_seed_delivery_point":"22.011388","location_altitude":"448","location_longitude":"80.00722","location_latitude":"22.01305","planting_date":"","harvest_date":"","irrigation":"No","fertilization":"No","slope":"Average","soil_quality":"Good","soil_texture":"Loamy","soil_affected_by_salt":"No","how_much_did_it_rain_during_the_crop_season":"Average","how_was_the_rain":"Erratic","was_the_crop_season_warmer_or_colder_than_usual":"As usual","weight_of_all_yield_of_the_variety_a_in_kg":"0.165","weight_of_all_yield_of_the_variety_b_in_kg":"0.183","weight_of_all_yield_of_the_variety_c_in_kg":"0.161","from_the_3_varieties_which_one_would_you_like_to_grow_again":"B","codigo_paquetes":"package_asa_nus_mandla_kodo_2017_11","caracteristica_1":"Vigor-(A/B/C)","best_variedad_1":"B","worst_variedad_1":"C","caracteristica_2":"Plant_architecture(height)-(A/B/C)","best_variedad_2":"B","worst_variedad_2":"A","caracteristica_3":"Faster_maturity-(A/B/C)","best_variedad_3":"B","worst_variedad_3":"A","caracteristica_4":"Pest_resistance-(A/B/C)","best_variedad_4":"","worst_variedad_4":"","caracteristica_5":"Disease_resistance-(A/B/C)","best_variedad_5":"","worst_variedad_5":"","caracteristica_6":"Drought_resistance-(A/B/C)","best_variedad_6":"B","worst_variedad_6":"A","caracteristica_7":"Yield-(A/B/C)","best_variedad_7":"B","worst_variedad_7":"A","caracteristica_8":"Value_in_the_market-(A/B/C)","best_variedad_8":"C","worst_variedad_8":"A","caracteristica_9":"Taste-(A/B/C)","best_variedad_9":"C","worst_variedad_9":"B","caracteristica_10":"Fodder_yield_potential-(A/B/C)","better_variedad_10":"A","worse_variedad_10":"B","caracteristica_11":"Overall_performance-(A/B/C)","best_variedad_11":"B","worst_variedad_11":"C","evaluation":"1"},
{"observadores":"asa_nus_mandla_kodo_2017_12","name_user":"Amarwati Kulaste","name_family":"Vishan","village":"Umerdih","district":"Mandla","telephone":"9407493571","gender":"F","age":"27","location_longitude_seed_delivery_point":"80.005833","location_latitude_seed_delivery_point":"22.011388","location_altitude":"448","location_longitude":"80.01255","location_latitude":"22.01256","planting_date":"","harvest_date":"","irrigation":"No","fertilization":"No","slope":"Average","soil_quality":"Good","soil_texture":"Loamy","soil_affected_by_salt":"No","how_much_did_it_rain_during_the_crop_season":"Average","how_was_the_rain":"Erratic","was_the_crop_season_warmer_or_colder_than_usual":"As usual","weight_of_all_yield_of_the_variety_a_in_kg":"0.183","weight_of_all_yield_of_the_variety_b_in_kg":"0.173","weight_of_all_yield_of_the_variety_c_in_kg":"0.165","from_the_3_varieties_which_one_would_you_like_to_grow_again":"A","codigo_paquetes":"package_asa_nus_mandla_kodo_2017_12","caracteristica_1":"Vigor-(A/B/C)","best_variedad_1":"A","worst_variedad_1":"C","caracteristica_2":"Plant_architecture(height)-(A/B/C)","best_variedad_2":"C","worst_variedad_2":"A","caracteristica_3":"Faster_maturity-(A/B/C)","best_variedad_3":"A","worst_variedad_3":"B","caracteristica_4":"Pest_resistance-(A/B/C)","best_variedad_4":"","worst_variedad_4":"","caracteristica_5":"Disease_resistance-(A/B/C)","best_variedad_5":"","worst_variedad_5":"","caracteristica_6":"Drought_resistance-(A/B/C)","best_variedad_6":"A","worst_variedad_6":"C","caracteristica_7":"Yield-(A/B/C)","best_variedad_7":"A","worst_variedad_7":"B","caracteristica_8":"Value_in_the_market-(A/B/C)","best_variedad_8":"A","worst_variedad_8":"B","caracteristica_9":"Taste-(A/B/C)","best_variedad_9":"A","worst_variedad_9":"C","caracteristica_10":"Fodder_yield_potential-(A/B/C)","better_variedad_10":"C","worse_variedad_10":"B","caracteristica_11":"Overall_performance-(A/B/C)","best_variedad_11":"A","worst_variedad_11":"C","evaluation":"1"},
{"observadores":"asa_nus_mandla_kodo_2017_13","name_user":"Santo","name_family":"Heeralal","village":"Jhalpani","district":"Mandla","telephone":"7697212359","gender":"F","age":"45","location_longitude_seed_delivery_point":"80.005833","location_latitude_seed_delivery_point":"22.011388","location_altitude":"448","location_longitude":"80.00778","location_latitude":"22.01194","planting_date":"","harvest_date":"","irrigation":"No","fertilization":"No","slope":"Flat","soil_quality":"Good","soil_texture":"Loamy","soil_affected_by_salt":"No","how_much_did_it_rain_during_the_crop_season":"Average","how_was_the_rain":"Erratic","was_the_crop_season_warmer_or_colder_than_usual":"As usual","weight_of_all_yield_of_the_variety_a_in_kg":"0.161","weight_of_all_yield_of_the_variety_b_in_kg":"0.165","weight_of_all_yield_of_the_variety_c_in_kg":"0.22","from_the_3_varieties_which_one_would_you_like_to_grow_again":"C","codigo_paquetes":"package_asa_nus_mandla_kodo_2017_13","caracteristica_1":"Vigor-(A/B/C)","best_variedad_1":"C","worst_variedad_1":"A","caracteristica_2":"Plant_architecture(height)-(A/B/C)","best_variedad_2":"B","worst_variedad_2":"A","caracteristica_3":"Faster_maturity-(A/B/C)","best_variedad_3":"B","worst_variedad_3":"A","caracteristica_4":"Pest_resistance-(A/B/C)","best_variedad_4":"","worst_variedad_4":"","caracteristica_5":"Disease_resistance-(A/B/C)","best_variedad_5":"","worst_variedad_5":"","caracteristica_6":"Drought_resistance-(A/B/C)","best_variedad_6":"C","worst_variedad_6":"A","caracteristica_7":"Yield-(A/B/C)","best_variedad_7":"B","worst_variedad_7":"A","caracteristica_8":"Value_in_the_market-(A/B/C)","best_variedad_8":"C","worst_variedad_8":"B","caracteristica_9":"Taste-(A/B/C)","best_variedad_9":"B","worst_variedad_9":"A","caracteristica_10":"Fodder_yield_potential-(A/B/C)","better_variedad_10":"B","worse_variedad_10":"A","caracteristica_11":"Overall_performance-(A/B/C)","best_variedad_11":"C","worst_variedad_11":"A","evaluation":"1"},
{"observadores":"asa_nus_mandla_kodo_2017_14","name_user":"Samwati","name_family":"Kamal Singh","village":"Patparsingarpur","district":"Mandla","telephone":"8989699114","gender":"F","age":"35","location_longitude_seed_delivery_point":"80.005833","location_latitude_seed_delivery_point":"22.011388","location_altitude":"448","location_longitude":"80.00638","location_latitude":"22.01166","planting_date":"","harvest_date":"","irrigation":"No","fertilization":"No","slope":"Flat","soil_quality":"Good","soil_texture":"Loamy","soil_affected_by_salt":"No","how_much_did_it_rain_during_the_crop_season":"Average","how_was_the_rain":"Erratic","was_the_crop_season_warmer_or_colder_than_usual":"As usual","weight_of_all_yield_of_the_variety_a_in_kg":"0.173","weight_of_all_yield_of_the_variety_b_in_kg":"0.183","weight_of_all_yield_of_the_variety_c_in_kg":"0.241","from_the_3_varieties_which_one_would_you_like_to_grow_again":"C","codigo_paquetes":"package_asa_nus_mandla_kodo_2017_14","caracteristica_1":"Vigor-(A/B/C)","best_variedad_1":"C","worst_variedad_1":"A","caracteristica_2":"Plant_architecture(height)-(A/B/C)","best_variedad_2":"B","worst_variedad_2":"A","caracteristica_3":"Faster_maturity-(A/B/C)","best_variedad_3":"C","worst_variedad_3":"A","caracteristica_4":"Pest_resistance-(A/B/C)","best_variedad_4":"","worst_variedad_4":"","caracteristica_5":"Disease_resistance-(A/B/C)","best_variedad_5":"","worst_variedad_5":"","caracteristica_6":"Drought_resistance-(A/B/C)","best_variedad_6":"C","worst_variedad_6":"A","caracteristica_7":"Yield-(A/B/C)","best_variedad_7":"C","worst_variedad_7":"A","caracteristica_8":"Value_in_the_market-(A/B/C)","best_variedad_8":"C","worst_variedad_8":"B","caracteristica_9":"Taste-(A/B/C)","best_variedad_9":"C","worst_variedad_9":"A","caracteristica_10":"Fodder_yield_potential-(A/B/C)","better_variedad_10":"C","worse_variedad_10":"A","caracteristica_11":"Overall_performance-(A/B/C)","best_variedad_11":"C","worst_variedad_11":"A","evaluation":"1"},
{"observadores":"asa_nus_mandla_kodo_2017_15","name_user":"Ramwati Yadav","name_family":"Pahal Singh","village":"Patparsingarpur","district":"Mandla","telephone":"8989699114","gender":"F","age":"38","location_longitude_seed_delivery_point":"80.005833","location_latitude_seed_delivery_point":"22.011388","location_altitude":"448","location_longitude":"80.01255","location_latitude":"22.01255","planting_date":"","harvest_date":"","irrigation":"No","fertilization":"No","slope":"Flat","soil_quality":"Good","soil_texture":"Sandy","soil_affected_by_salt":"No","how_much_did_it_rain_during_the_crop_season":"Average","how_was_the_rain":"Erratic","was_the_crop_season_warmer_or_colder_than_usual":"As usual","weight_of_all_yield_of_the_variety_a_in_kg":"0.22","weight_of_all_yield_of_the_variety_b_in_kg":"0.173","weight_of_all_yield_of_the_variety_c_in_kg":"0.183","from_the_3_varieties_which_one_would_you_like_to_grow_again":"A","codigo_paquetes":"package_asa_nus_mandla_kodo_2017_15","caracteristica_1":"Vigor-(A/B/C)","best_variedad_1":"A","worst_variedad_1":"C","caracteristica_2":"Plant_architecture(height)-(A/B/C)","best_variedad_2":"C","worst_variedad_2":"B","caracteristica_3":"Faster_maturity-(A/B/C)","best_variedad_3":"C","worst_variedad_3":"B","caracteristica_4":"Pest_resistance-(A/B/C)","best_variedad_4":"","worst_variedad_4":"","caracteristica_5":"Disease_resistance-(A/B/C)","best_variedad_5":"","worst_variedad_5":"","caracteristica_6":"Drought_resistance-(A/B/C)","best_variedad_6":"C","worst_variedad_6":"B","caracteristica_7":"Yield-(A/B/C)","best_variedad_7":"C","worst_variedad_7":"B","caracteristica_8":"Value_in_the_market-(A/B/C)","best_variedad_8":"C","worst_variedad_8":"B","caracteristica_9":"Taste-(A/B/C)","best_variedad_9":"B","worst_variedad_9":"C","caracteristica_10":"Fodder_yield_potential-(A/B/C)","better_variedad_10":"C","worse_variedad_10":"A","caracteristica_11":"Overall_performance-(A/B/C)","best_variedad_11":"A","worst_variedad_11":"C","evaluation":"1"},
{"observadores":"asa_nus_mandla_kodo_2017_16","name_user":"Yasoda","name_family":"Pawan Singh","village":"Khari","district":"Mandla","telephone":"7089254840","gender":"F","age":"29","location_longitude_seed_delivery_point":"80.005833","location_latitude_seed_delivery_point":"22.011388","location_altitude":"448","location_longitude":"80.01255","location_latitude":"22.01559","planting_date":"","harvest_date":"","irrigation":"No","fertilization":"No","slope":"Flat","soil_quality":"Good","soil_texture":"Loamy","soil_affected_by_salt":"No","how_much_did_it_rain_during_the_crop_season":"Average","how_was_the_rain":"Erratic","was_the_crop_season_warmer_or_colder_than_usual":"As usual","weight_of_all_yield_of_the_variety_a_in_kg":"0.173","weight_of_all_yield_of_the_variety_b_in_kg":"0.22","weight_of_all_yield_of_the_variety_c_in_kg":"0.241","from_the_3_varieties_which_one_would_you_like_to_grow_again":"C","codigo_paquetes":"package_asa_nus_mandla_kodo_2017_16","caracteristica_1":"Vigor-(A/B/C)","best_variedad_1":"C","worst_variedad_1":"A","caracteristica_2":"Plant_architecture(height)-(A/B/C)","best_variedad_2":"B","worst_variedad_2":"C","caracteristica_3":"Faster_maturity-(A/B/C)","best_variedad_3":"C","worst_variedad_3":"B","caracteristica_4":"Pest_resistance-(A/B/C)","best_variedad_4":"","worst_variedad_4":"","caracteristica_5":"Disease_resistance-(A/B/C)","best_variedad_5":"","worst_variedad_5":"","caracteristica_6":"Drought_resistance-(A/B/C)","best_variedad_6":"C","worst_variedad_6":"B","caracteristica_7":"Yield-(A/B/C)","best_variedad_7":"C","worst_variedad_7":"A","caracteristica_8":"Value_in_the_market-(A/B/C)","best_variedad_8":"C","worst_variedad_8":"A","caracteristica_9":"Taste-(A/B/C)","best_variedad_9":"B","worst_variedad_9":"A","caracteristica_10":"Fodder_yield_potential-(A/B/C)","better_variedad_10":"C","worse_variedad_10":"A","caracteristica_11":"Overall_performance-(A/B/C)","best_variedad_11":"C","worst_variedad_11":"A","evaluation":"1"},
{"observadores":"asa_nus_mandla_kodo_2017_17","name_user":"Premwati Warkade","name_family":"Amar Singh","village":"Silpuri","district":"Mandla","telephone":"9407493571","gender":"F","age":"24","location_longitude_seed_delivery_point":"80.005833","location_latitude_seed_delivery_point":"22.011388","location_altitude":"448","location_longitude":"80.00777","location_latitude":"22.01472","planting_date":"","harvest_date":"","irrigation":"No","fertilization":"No","slope":"Flat","soil_quality":"Good","soil_texture":"Loamy","soil_affected_by_salt":"No","how_much_did_it_rain_during_the_crop_season":"Average","how_was_the_rain":"Erratic","was_the_crop_season_warmer_or_colder_than_usual":"As usual","weight_of_all_yield_of_the_variety_a_in_kg":"0.161","weight_of_all_yield_of_the_variety_b_in_kg":"0.183","weight_of_all_yield_of_the_variety_c_in_kg":"0.165","from_the_3_varieties_which_one_would_you_like_to_grow_again":"B","codigo_paquetes":"package_asa_nus_mandla_kodo_2017_17","caracteristica_1":"Vigor-(A/B/C)","best_variedad_1":"B","worst_variedad_1":"A","caracteristica_2":"Plant_architecture(height)-(A/B/C)","best_variedad_2":"B","worst_variedad_2":"C","caracteristica_3":"Faster_maturity-(A/B/C)","best_variedad_3":"C","worst_variedad_3":"A","caracteristica_4":"Pest_resistance-(A/B/C)","best_variedad_4":"","worst_variedad_4":"","caracteristica_5":"Disease_resistance-(A/B/C)","best_variedad_5":"","worst_variedad_5":"","caracteristica_6":"Drought_resistance-(A/B/C)","best_variedad_6":"B","worst_variedad_6":"C","caracteristica_7":"Yield-(A/B/C)","best_variedad_7":"B","worst_variedad_7":"A","caracteristica_8":"Value_in_the_market-(A/B/C)","best_variedad_8":"A","worst_variedad_8":"B","caracteristica_9":"Taste-(A/B/C)","best_variedad_9":"B","worst_variedad_9":"A","caracteristica_10":"Fodder_yield_potential-(A/B/C)","better_variedad_10":"C","worse_variedad_10":"A","caracteristica_11":"Overall_performance-(A/B/C)","best_variedad_11":"B","worst_variedad_11":"A","evaluation":"1"},
{"observadores":"asa_nus_mandla_kodo_2017_18","name_user":"Budhiya bai","name_family":"Jawahar","village":"Silpuri","district":"Mandla","telephone":"9407493571","gender":"F","age":"26","location_longitude_seed_delivery_point":"80.005833","location_latitude_seed_delivery_point":"22.011388","location_altitude":"448","location_longitude":"80.00694","location_latitude":"22.01194","planting_date":"","harvest_date":"","irrigation":"No","fertilization":"No","slope":"Flat","soil_quality":"Good","soil_texture":"Loamy","soil_affected_by_salt":"No","how_much_did_it_rain_during_the_crop_season":"Average","how_was_the_rain":"Erratic","was_the_crop_season_warmer_or_colder_than_usual":"As usual","weight_of_all_yield_of_the_variety_a_in_kg":"0.241","weight_of_all_yield_of_the_variety_b_in_kg":"0.183","weight_of_all_yield_of_the_variety_c_in_kg":"0.22","from_the_3_varieties_which_one_would_you_like_to_grow_again":"A","codigo_paquetes":"package_asa_nus_mandla_kodo_2017_18","caracteristica_1":"Vigor-(A/B/C)","best_variedad_1":"A","worst_variedad_1":"B","caracteristica_2":"Plant_architecture(height)-(A/B/C)","best_variedad_2":"A","worst_variedad_2":"B","caracteristica_3":"Faster_maturity-(A/B/C)","best_variedad_3":"A","worst_variedad_3":"B","caracteristica_4":"Pest_resistance-(A/B/C)","best_variedad_4":"","worst_variedad_4":"","caracteristica_5":"Disease_resistance-(A/B/C)","best_variedad_5":"","worst_variedad_5":"","caracteristica_6":"Drought_resistance-(A/B/C)","best_variedad_6":"C","worst_variedad_6":"B","caracteristica_7":"Yield-(A/B/C)","best_variedad_7":"A","worst_variedad_7":"B","caracteristica_8":"Value_in_the_market-(A/B/C)","best_variedad_8":"A","worst_variedad_8":"B","caracteristica_9":"Taste-(A/B/C)","best_variedad_9":"C","worst_variedad_9":"A","caracteristica_10":"Fodder_yield_potential-(A/B/C)","better_variedad_10":"A","worse_variedad_10":"B","caracteristica_11":"Overall_performance-(A/B/C)","best_variedad_11":"A","worst_variedad_11":"B","evaluation":"1"},
{"observadores":"asa_nus_mandla_kodo_2017_19","name_user":"Sumatiya bai","name_family":"Bichelal","village":"Saliya","district":"Mandla","telephone":"7694065625","gender":"F","age":"35","location_longitude_seed_delivery_point":"80.005833","location_latitude_seed_delivery_point":"22.011388","location_altitude":"448","location_longitude":"80.00755","location_latitude":"22.01255","planting_date":"","harvest_date":"","irrigation":"No","fertilization":"No","slope":"Flat","soil_quality":"Good","soil_texture":"Loamy","soil_affected_by_salt":"No","how_much_did_it_rain_during_the_crop_season":"Average","how_was_the_rain":"Erratic","was_the_crop_season_warmer_or_colder_than_usual":"As usual","weight_of_all_yield_of_the_variety_a_in_kg":"0.165","weight_of_all_yield_of_the_variety_b_in_kg":"0.173","weight_of_all_yield_of_the_variety_c_in_kg":"0.161","from_the_3_varieties_which_one_would_you_like_to_grow_again":"B","codigo_paquetes":"package_asa_nus_mandla_kodo_2017_19","caracteristica_1":"Vigor-(A/B/C)","best_variedad_1":"B","worst_variedad_1":"A","caracteristica_2":"Plant_architecture(height)-(A/B/C)","best_variedad_2":"A","worst_variedad_2":"B","caracteristica_3":"Faster_maturity-(A/B/C)","best_variedad_3":"A","worst_variedad_3":"B","caracteristica_4":"Pest_resistance-(A/B/C)","best_variedad_4":"","worst_variedad_4":"","caracteristica_5":"Disease_resistance-(A/B/C)","best_variedad_5":"","worst_variedad_5":"","caracteristica_6":"Drought_resistance-(A/B/C)","best_variedad_6":"A","worst_variedad_6":"B","caracteristica_7":"Yield-(A/B/C)","best_variedad_7":"A","worst_variedad_7":"B","caracteristica_8":"Value_in_the_market-(A/B/C)","best_variedad_8":"A","worst_variedad_8":"C","caracteristica_9":"Taste-(A/B/C)","best_variedad_9":"A","worst_variedad_9":"C","caracteristica_10":"Fodder_yield_potential-(A/B/C)","better_variedad_10":"C","worse_variedad_10":"A","caracteristica_11":"Overall_performance-(A/B/C)","best_variedad_11":"B","worst_variedad_11":"A","evaluation":"1"},
{"observadores":"asa_nus_mandla_kodo_2017_2","name_user":"Somti bai","name_family":"Dhannalal","village":"Dungariya","district":"Mandla","telephone":"9691879323","gender":"F","age":"42","location_longitude_seed_delivery_point":"80.005833","location_latitude_seed_delivery_point":"22.011388","location_altitude":"448","location_longitude":"80.00611","location_latitude":"22.01166","planting_date":"","harvest_date":"","irrigation":"No","fertilization":"No","slope":"Flat","soil_quality":"Good","soil_texture":"Sandy","soil_affected_by_salt":"No","how_much_did_it_rain_during_the_crop_season":"Average","how_was_the_rain":"Erratic","was_the_crop_season_warmer_or_colder_than_usual":"As usual","weight_of_all_yield_of_the_variety_a_in_kg":"0.161","weight_of_all_yield_of_the_variety_b_in_kg":"0.173","weight_of_all_yield_of_the_variety_c_in_kg":"0.183","from_the_3_varieties_which_one_would_you_like_to_grow_again":"C","codigo_paquetes":"package_asa_nus_mandla_kodo_2017_02","caracteristica_1":"Vigor-(A/B/C)","best_variedad_1":"C","worst_variedad_1":"B","caracteristica_2":"Plant_architecture(height)-(A/B/C)","best_variedad_2":"A","worst_variedad_2":"B","caracteristica_3":"Faster_maturity-(A/B/C)","best_variedad_3":"A","worst_variedad_3":"C","caracteristica_4":"Pest_resistance-(A/B/C)","best_variedad_4":"","worst_variedad_4":"","caracteristica_5":"Disease_resistance-(A/B/C)","best_variedad_5":"","worst_variedad_5":"","caracteristica_6":"Drought_resistance-(A/B/C)","best_variedad_6":"A","worst_variedad_6":"B","caracteristica_7":"Yield-(A/B/C)","best_variedad_7":"A","worst_variedad_7":"C","caracteristica_8":"Value_in_the_market-(A/B/C)","best_variedad_8":"A","worst_variedad_8":"B","caracteristica_9":"Taste-(A/B/C)","best_variedad_9":"A","worst_variedad_9":"B","caracteristica_10":"Fodder_yield_potential-(A/B/C)","better_variedad_10":"A","worse_variedad_10":"B","caracteristica_11":"Overall_performance-(A/B/C)","best_variedad_11":"C","worst_variedad_11":"B","evaluation":"1"},
{"observadores":"asa_nus_mandla_kodo_2017_20","name_user":"Memwati Kunjam","name_family":"Ramkumar","village":"Saliya","district":"Mandla","telephone":"7694065625","gender":"F","age":"22","location_longitude_seed_delivery_point":"80.005833","location_latitude_seed_delivery_point":"22.011388","location_altitude":"448","location_longitude":"80.00755","location_latitude":"22.01255","planting_date":"","harvest_date":"","irrigation":"No","fertilization":"No","slope":"Flat","soil_quality":"Good","soil_texture":"Loamy","soil_affected_by_salt":"No","how_much_did_it_rain_during_the_crop_season":"Average","how_was_the_rain":"Erratic","was_the_crop_season_warmer_or_colder_than_usual":"As usual","weight_of_all_yield_of_the_variety_a_in_kg":"0.173","weight_of_all_yield_of_the_variety_b_in_kg":"0.22","weight_of_all_yield_of_the_variety_c_in_kg":"0.183","from_the_3_varieties_which_one_would_you_like_to_grow_again":"B","codigo_paquetes":"package_asa_nus_mandla_kodo_2017_20","caracteristica_1":"Vigor-(A/B/C)","best_variedad_1":"B","worst_variedad_1":"A","caracteristica_2":"Plant_architecture(height)-(A/B/C)","best_variedad_2":"A","worst_variedad_2":"C","caracteristica_3":"Faster_maturity-(A/B/C)","best_variedad_3":"C","worst_variedad_3":"B","caracteristica_4":"Pest_resistance-(A/B/C)","best_variedad_4":"","worst_variedad_4":"","caracteristica_5":"Disease_resistance-(A/B/C)","best_variedad_5":"","worst_variedad_5":"","caracteristica_6":"Drought_resistance-(A/B/C)","best_variedad_6":"B","worst_variedad_6":"C","caracteristica_7":"Yield-(A/B/C)","best_variedad_7":"C","worst_variedad_7":"A","caracteristica_8":"Value_in_the_market-(A/B/C)","best_variedad_8":"C","worst_variedad_8":"A","caracteristica_9":"Taste-(A/B/C)","best_variedad_9":"B","worst_variedad_9":"A","caracteristica_10":"Fodder_yield_potential-(A/B/C)","better_variedad_10":"C","worse_variedad_10":"B","caracteristica_11":"Overall_performance-(A/B/C)","best_variedad_11":"B","worst_variedad_11":"A","evaluation":"1"},
{"observadores":"asa_nus_mandla_kodo_2017_21","name_user":"Pachli","name_family":"Gopal","village":"Singarpur","district":"Mandla","telephone":"7694065625","gender":"F","age":"47","location_longitude_seed_delivery_point":"80.005833","location_latitude_seed_delivery_point":"22.011388","location_altitude":"448","location_longitude":"80.01277","location_latitude":"22.02083","planting_date":"","harvest_date":"","irrigation":"No","fertilization":"No","slope":"Flat","soil_quality":"Good","soil_texture":"Sandy","soil_affected_by_salt":"No","how_much_did_it_rain_during_the_crop_season":"Average","how_was_the_rain":"Erratic","was_the_crop_season_warmer_or_colder_than_usual":"As usual","weight_of_all_yield_of_the_variety_a_in_kg":"0.241","weight_of_all_yield_of_the_variety_b_in_kg":"0.165","weight_of_all_yield_of_the_variety_c_in_kg":"0.161","from_the_3_varieties_which_one_would_you_like_to_grow_again":"A","codigo_paquetes":"package_asa_nus_mandla_kodo_2017_21","caracteristica_1":"Vigor-(A/B/C)","best_variedad_1":"A","worst_variedad_1":"C","caracteristica_2":"Plant_architecture(height)-(A/B/C)","best_variedad_2":"C","worst_variedad_2":"B","caracteristica_3":"Faster_maturity-(A/B/C)","best_variedad_3":"A","worst_variedad_3":"C","caracteristica_4":"Pest_resistance-(A/B/C)","best_variedad_4":"","worst_variedad_4":"","caracteristica_5":"Disease_resistance-(A/B/C)","best_variedad_5":"","worst_variedad_5":"","caracteristica_6":"Drought_resistance-(A/B/C)","best_variedad_6":"C","worst_variedad_6":"B","caracteristica_7":"Yield-(A/B/C)","best_variedad_7":"A","worst_variedad_7":"B","caracteristica_8":"Value_in_the_market-(A/B/C)","best_variedad_8":"C","worst_variedad_8":"B","caracteristica_9":"Taste-(A/B/C)","best_variedad_9":"A","worst_variedad_9":"B","caracteristica_10":"Fodder_yield_potential-(A/B/C)","better_variedad_10":"A","worse_variedad_10":"B","caracteristica_11":"Overall_performance-(A/B/C)","best_variedad_11":"A","worst_variedad_11":"C","evaluation":"1"},
{"observadores":"asa_nus_mandla_kodo_2017_22","name_user":"Semwati warkade","name_family":"Ram Singh Warkade","village":"Singarpur","district":"Mandla","telephone":"7694065625","gender":"F","age":"24","location_longitude_seed_delivery_point":"80.005833","location_latitude_seed_delivery_point":"22.011388","location_altitude":"448","location_longitude":"80.01277","location_latitude":"22.02083","planting_date":"","harvest_date":"","irrigation":"No","fertilization":"No","slope":"Flat","soil_quality":"Good","soil_texture":"Sandy","soil_affected_by_salt":"No","how_much_did_it_rain_during_the_crop_season":"Average","how_was_the_rain":"Erratic","was_the_crop_season_warmer_or_colder_than_usual":"As usual","weight_of_all_yield_of_the_variety_a_in_kg":"0.165","weight_of_all_yield_of_the_variety_b_in_kg":"0.161","weight_of_all_yield_of_the_variety_c_in_kg":"0.22","from_the_3_varieties_which_one_would_you_like_to_grow_again":"B","codigo_paquetes":"package_asa_nus_mandla_kodo_2017_22","caracteristica_1":"Vigor-(A/B/C)","best_variedad_1":"B","worst_variedad_1":"C","caracteristica_2":"Plant_architecture(height)-(A/B/C)","best_variedad_2":"B","worst_variedad_2":"A","caracteristica_3":"Faster_maturity-(A/B/C)","best_variedad_3":"C","worst_variedad_3":"A","caracteristica_4":"Pest_resistance-(A/B/C)","best_variedad_4":"","worst_variedad_4":"","caracteristica_5":"Disease_resistance-(A/B/C)","best_variedad_5":"","worst_variedad_5":"","caracteristica_6":"Drought_resistance-(A/B/C)","best_variedad_6":"B","worst_variedad_6":"A","caracteristica_7":"Yield-(A/B/C)","best_variedad_7":"B","worst_variedad_7":"A","caracteristica_8":"Value_in_the_market-(A/B/C)","best_variedad_8":"B","worst_variedad_8":"A","caracteristica_9":"Taste-(A/B/C)","best_variedad_9":"C","worst_variedad_9":"B","caracteristica_10":"Fodder_yield_potential-(A/B/C)","better_variedad_10":"B","worse_variedad_10":"A","caracteristica_11":"Overall_performance-(A/B/C)","best_variedad_11":"B","worst_variedad_11":"C","evaluation":"1"},
{"observadores":"asa_nus_mandla_kodo_2017_23","name_user":"Mangal bai","name_family":"Mana Vyam","village":"Kharimal","district":"Mandla","telephone":"7694065625","gender":"F","age":"39","location_longitude_seed_delivery_point":"80.005833","location_latitude_seed_delivery_point":"22.011388","location_altitude":"448","location_longitude":"80.00809","location_latitude":"22.01222","planting_date":"","harvest_date":"","irrigation":"No","fertilization":"No","slope":"Flat","soil_quality":"Good","soil_texture":"Sandy","soil_affected_by_salt":"No","how_much_did_it_rain_during_the_crop_season":"Average","how_was_the_rain":"Erratic","was_the_crop_season_warmer_or_colder_than_usual":"As usual","weight_of_all_yield_of_the_variety_a_in_kg":"0.183","weight_of_all_yield_of_the_variety_b_in_kg":"0.173","weight_of_all_yield_of_the_variety_c_in_kg":"0.241","from_the_3_varieties_which_one_would_you_like_to_grow_again":"A","codigo_paquetes":"package_asa_nus_mandla_kodo_2017_23","caracteristica_1":"Vigor-(A/B/C)","best_variedad_1":"A","worst_variedad_1":"C","caracteristica_2":"Plant_architecture(height)-(A/B/C)","best_variedad_2":"A","worst_variedad_2":"C","caracteristica_3":"Faster_maturity-(A/B/C)","best_variedad_3":"C","worst_variedad_3":"B","caracteristica_4":"Pest_resistance-(A/B/C)","best_variedad_4":"","worst_variedad_4":"","caracteristica_5":"Disease_resistance-(A/B/C)","best_variedad_5":"","worst_variedad_5":"","caracteristica_6":"Drought_resistance-(A/B/C)","best_variedad_6":"A","worst_variedad_6":"C","caracteristica_7":"Yield-(A/B/C)","best_variedad_7":"C","worst_variedad_7":"B","caracteristica_8":"Value_in_the_market-(A/B/C)","best_variedad_8":"A","worst_variedad_8":"C","caracteristica_9":"Taste-(A/B/C)","best_variedad_9":"C","worst_variedad_9":"B","caracteristica_10":"Fodder_yield_potential-(A/B/C)","better_variedad_10":"B","worse_variedad_10":"C","caracteristica_11":"Overall_performance-(A/B/C)","best_variedad_11":"A","worst_variedad_11":"C","evaluation":"1"},
{"observadores":"asa_nus_mandla_kodo_2017_24","name_user":"Lalita Maravi","name_family":"Sunnu Maravi","village":"Kharimal","district":"Mandla","telephone":"7694065625","gender":"F","age":"27","location_longitude_seed_delivery_point":"80.005833","location_latitude_seed_delivery_point":"22.011388","location_altitude":"448","location_longitude":"80.00705","location_latitude":"22.01522","planting_date":"","harvest_date":"","irrigation":"No","fertilization":"No","slope":"Flat","soil_quality":"Good","soil_texture":"Loamy","soil_affected_by_salt":"No","how_much_did_it_rain_during_the_crop_season":"Average","how_was_the_rain":"Erratic","was_the_crop_season_warmer_or_colder_than_usual":"As usual","weight_of_all_yield_of_the_variety_a_in_kg":"0.183","weight_of_all_yield_of_the_variety_b_in_kg":"0.165","weight_of_all_yield_of_the_variety_c_in_kg":"0.161","from_the_3_varieties_which_one_would_you_like_to_grow_again":"A","codigo_paquetes":"package_asa_nus_mandla_kodo_2017_24","caracteristica_1":"Vigor-(A/B/C)","best_variedad_1":"A","worst_variedad_1":"C","caracteristica_2":"Plant_architecture(height)-(A/B/C)","best_variedad_2":"B","worst_variedad_2":"C","caracteristica_3":"Faster_maturity-(A/B/C)","best_variedad_3":"C","worst_variedad_3":"B","caracteristica_4":"Pest_resistance-(A/B/C)","best_variedad_4":"","worst_variedad_4":"","caracteristica_5":"Disease_resistance-(A/B/C)","best_variedad_5":"","worst_variedad_5":"","caracteristica_6":"Drought_resistance-(A/B/C)","best_variedad_6":"B","worst_variedad_6":"A","caracteristica_7":"Yield-(A/B/C)","best_variedad_7":"B","worst_variedad_7":"A","caracteristica_8":"Value_in_the_market-(A/B/C)","best_variedad_8":"B","worst_variedad_8":"C","caracteristica_9":"Taste-(A/B/C)","best_variedad_9":"B","worst_variedad_9":"A","caracteristica_10":"Fodder_yield_potential-(A/B/C)","better_variedad_10":"C","worse_variedad_10":"A","caracteristica_11":"Overall_performance-(A/B/C)","best_variedad_11":"A","worst_variedad_11":"C","evaluation":"1"},
{"observadores":"asa_nus_mandla_kodo_2017_25","name_user":"Devki bai","name_family":"Dayaram","village":"Hardua","district":"Mandla","telephone":"7697212359","gender":"F","age":"24","location_longitude_seed_delivery_point":"80.005833","location_latitude_seed_delivery_point":"22.011388","location_altitude":"448","location_longitude":"80.00777","location_latitude":"22.01166","planting_date":"","harvest_date":"","irrigation":"No","fertilization":"No","slope":"Flat","soil_quality":"Good","soil_texture":"Loamy","soil_affected_by_salt":"No","how_much_did_it_rain_during_the_crop_season":"Average","how_was_the_rain":"Erratic","was_the_crop_season_warmer_or_colder_than_usual":"As usual","weight_of_all_yield_of_the_variety_a_in_kg":"0.241","weight_of_all_yield_of_the_variety_b_in_kg":"0.22","weight_of_all_yield_of_the_variety_c_in_kg":"0.173","from_the_3_varieties_which_one_would_you_like_to_grow_again":"A","codigo_paquetes":"package_asa_nus_mandla_kodo_2017_25","caracteristica_1":"Vigor-(A/B/C)","best_variedad_1":"A","worst_variedad_1":"C","caracteristica_2":"Plant_architecture(height)-(A/B/C)","best_variedad_2":"A","worst_variedad_2":"","caracteristica_3":"Faster_maturity-(A/B/C)","best_variedad_3":"B","worst_variedad_3":"C","caracteristica_4":"Pest_resistance-(A/B/C)","best_variedad_4":"","worst_variedad_4":"","caracteristica_5":"Disease_resistance-(A/B/C)","best_variedad_5":"","worst_variedad_5":"","caracteristica_6":"Drought_resistance-(A/B/C)","best_variedad_6":"A","worst_variedad_6":"C","caracteristica_7":"Yield-(A/B/C)","best_variedad_7":"A","worst_variedad_7":"C","caracteristica_8":"Value_in_the_market-(A/B/C)","best_variedad_8":"A","worst_variedad_8":"C","caracteristica_9":"Taste-(A/B/C)","best_variedad_9":"A","worst_variedad_9":"C","caracteristica_10":"Fodder_yield_potential-(A/B/C)","better_variedad_10":"A","worse_variedad_10":"C","caracteristica_11":"Overall_performance-(A/B/C)","best_variedad_11":"A","worst_variedad_11":"C","evaluation":"1"},
{"observadores":"asa_nus_mandla_kodo_2017_26","name_user":null,"name_family":null,"village":null,"district":null,"telephone":null,"gender":null,"age":null,"location_longitude_seed_delivery_point":null,"location_latitude_seed_delivery_point":null,"location_altitude":null,"location_longitude":null,"location_latitude":null,"planting_date":null,"harvest_date":null,"irrigation":null,"fertilization":null,"slope":null,"soil_quality":null,"soil_texture":null,"soil_affected_by_salt":null,"how_much_did_it_rain_during_the_crop_season":null,"how_was_the_rain":null,"was_the_crop_season_warmer_or_colder_than_usual":null,"weight_of_all_yield_of_the_variety_a_in_kg":null,"weight_of_all_yield_of_the_variety_b_in_kg":null,"weight_of_all_yield_of_the_variety_c_in_kg":null,"from_the_3_varieties_which_one_would_you_like_to_grow_again":null,"codigo_paquetes":null,"caracteristica_1":"Vigor-(A/B/C)","best_variedad_1":null,"worst_variedad_1":null,"caracteristica_2":"Plant_architecture(height)-(A/B/C)","best_variedad_2":null,"worst_variedad_2":null,"caracteristica_3":"Faster_maturity-(A/B/C)","best_variedad_3":null,"worst_variedad_3":null,"caracteristica_4":"Pest_resistance-(A/B/C)","best_variedad_4":null,"worst_variedad_4":null,"caracteristica_5":"Disease_resistance-(A/B/C)","best_variedad_5":null,"worst_variedad_5":null,"caracteristica_6":"Drought_resistance-(A/B/C)","best_variedad_6":null,"worst_variedad_6":null,"caracteristica_7":"Yield-(A/B/C)","best_variedad_7":null,"worst_variedad_7":null,"caracteristica_8":"Value_in_the_market-(A/B/C)","best_variedad_8":null,"worst_variedad_8":null,"caracteristica_9":"Taste-(A/B/C)","best_variedad_9":null,"worst_variedad_9":null,"caracteristica_10":"Fodder_yield_potential-(A/B/C)","better_variedad_10":null,"worse_variedad_10":null,"caracteristica_11":"Overall_performance-(A/B/C)","best_variedad_11":null,"worst_variedad_11":null,"evaluation":null},
{"observadores":"asa_nus_mandla_kodo_2017_27","name_user":null,"name_family":null,"village":null,"district":null,"telephone":null,"gender":null,"age":null,"location_longitude_seed_delivery_point":null,"location_latitude_seed_delivery_point":null,"location_altitude":null,"location_longitude":null,"location_latitude":null,"planting_date":null,"harvest_date":null,"irrigation":null,"fertilization":null,"slope":null,"soil_quality":null,"soil_texture":null,"soil_affected_by_salt":null,"how_much_did_it_rain_during_the_crop_season":null,"how_was_the_rain":null,"was_the_crop_season_warmer_or_colder_than_usual":null,"weight_of_all_yield_of_the_variety_a_in_kg":null,"weight_of_all_yield_of_the_variety_b_in_kg":null,"weight_of_all_yield_of_the_variety_c_in_kg":null,"from_the_3_varieties_which_one_would_you_like_to_grow_again":null,"codigo_paquetes":null,"caracteristica_1":"Vigor-(A/B/C)","best_variedad_1":null,"worst_variedad_1":null,"caracteristica_2":"Plant_architecture(height)-(A/B/C)","best_variedad_2":null,"worst_variedad_2":null,"caracteristica_3":"Faster_maturity-(A/B/C)","best_variedad_3":null,"worst_variedad_3":null,"caracteristica_4":"Pest_resistance-(A/B/C)","best_variedad_4":null,"worst_variedad_4":null,"caracteristica_5":"Disease_resistance-(A/B/C)","best_variedad_5":null,"worst_variedad_5":null,"caracteristica_6":"Drought_resistance-(A/B/C)","best_variedad_6":null,"worst_variedad_6":null,"caracteristica_7":"Yield-(A/B/C)","best_variedad_7":null,"worst_variedad_7":null,"caracteristica_8":"Value_in_the_market-(A/B/C)","best_variedad_8":null,"worst_variedad_8":null,"caracteristica_9":"Taste-(A/B/C)","best_variedad_9":null,"worst_variedad_9":null,"caracteristica_10":"Fodder_yield_potential-(A/B/C)","better_variedad_10":null,"worse_variedad_10":null,"caracteristica_11":"Overall_performance-(A/B/C)","best_variedad_11":null,"worst_variedad_11":null,"evaluation":null},
{"observadores":"asa_nus_mandla_kodo_2017_28","name_user":null,"name_family":null,"village":null,"district":null,"telephone":null,"gender":null,"age":null,"location_longitude_seed_delivery_point":null,"location_latitude_seed_delivery_point":null,"location_altitude":null,"location_longitude":null,"location_latitude":null,"planting_date":null,"harvest_date":null,"irrigation":null,"fertilization":null,"slope":null,"soil_quality":null,"soil_texture":null,"soil_affected_by_salt":null,"how_much_did_it_rain_during_the_crop_season":null,"how_was_the_rain":null,"was_the_crop_season_warmer_or_colder_than_usual":null,"weight_of_all_yield_of_the_variety_a_in_kg":null,"weight_of_all_yield_of_the_variety_b_in_kg":null,"weight_of_all_yield_of_the_variety_c_in_kg":null,"from_the_3_varieties_which_one_would_you_like_to_grow_again":null,"codigo_paquetes":null,"caracteristica_1":"Vigor-(A/B/C)","best_variedad_1":null,"worst_variedad_1":null,"caracteristica_2":"Plant_architecture(height)-(A/B/C)","best_variedad_2":null,"worst_variedad_2":null,"caracteristica_3":"Faster_maturity-(A/B/C)","best_variedad_3":null,"worst_variedad_3":null,"caracteristica_4":"Pest_resistance-(A/B/C)","best_variedad_4":null,"worst_variedad_4":null,"caracteristica_5":"Disease_resistance-(A/B/C)","best_variedad_5":null,"worst_variedad_5":null,"caracteristica_6":"Drought_resistance-(A/B/C)","best_variedad_6":null,"worst_variedad_6":null,"caracteristica_7":"Yield-(A/B/C)","best_variedad_7":null,"worst_variedad_7":null,"caracteristica_8":"Value_in_the_market-(A/B/C)","best_variedad_8":null,"worst_variedad_8":null,"caracteristica_9":"Taste-(A/B/C)","best_variedad_9":null,"worst_variedad_9":null,"caracteristica_10":"Fodder_yield_potential-(A/B/C)","better_variedad_10":null,"worse_variedad_10":null,"caracteristica_11":"Overall_performance-(A/B/C)","best_variedad_11":null,"worst_variedad_11":null,"evaluation":null},
{"observadores":"asa_nus_mandla_kodo_2017_29","name_user":null,"name_family":null,"village":null,"district":null,"telephone":null,"gender":null,"age":null,"location_longitude_seed_delivery_point":null,"location_latitude_seed_delivery_point":null,"location_altitude":null,"location_longitude":null,"location_latitude":null,"planting_date":null,"harvest_date":null,"irrigation":null,"fertilization":null,"slope":null,"soil_quality":null,"soil_texture":null,"soil_affected_by_salt":null,"how_much_did_it_rain_during_the_crop_season":null,"how_was_the_rain":null,"was_the_crop_season_warmer_or_colder_than_usual":null,"weight_of_all_yield_of_the_variety_a_in_kg":null,"weight_of_all_yield_of_the_variety_b_in_kg":null,"weight_of_all_yield_of_the_variety_c_in_kg":null,"from_the_3_varieties_which_one_would_you_like_to_grow_again":null,"codigo_paquetes":null,"caracteristica_1":"Vigor-(A/B/C)","best_variedad_1":null,"worst_variedad_1":null,"caracteristica_2":"Plant_architecture(height)-(A/B/C)","best_variedad_2":null,"worst_variedad_2":null,"caracteristica_3":"Faster_maturity-(A/B/C)","best_variedad_3":null,"worst_variedad_3":null,"caracteristica_4":"Pest_resistance-(A/B/C)","best_variedad_4":null,"worst_variedad_4":null,"caracteristica_5":"Disease_resistance-(A/B/C)","best_variedad_5":null,"worst_variedad_5":null,"caracteristica_6":"Drought_resistance-(A/B/C)","best_variedad_6":null,"worst_variedad_6":null,"caracteristica_7":"Yield-(A/B/C)","best_variedad_7":null,"worst_variedad_7":null,"caracteristica_8":"Value_in_the_market-(A/B/C)","best_variedad_8":null,"worst_variedad_8":null,"caracteristica_9":"Taste-(A/B/C)","best_variedad_9":null,"worst_variedad_9":null,"caracteristica_10":"Fodder_yield_potential-(A/B/C)","better_variedad_10":null,"worse_variedad_10":null,"caracteristica_11":"Overall_performance-(A/B/C)","best_variedad_11":null,"worst_variedad_11":null,"evaluation":null},
{"observadores":"asa_nus_mandla_kodo_2017_3","name_user":"Rajni bai","name_family":"Man Singh","village":"Mudadih","district":"Mandla","telephone":"9827748326","gender":"F","age":"45","location_longitude_seed_delivery_point":"80.005833","location_latitude_seed_delivery_point":"22.011388","location_altitude":"448","location_longitude":"80.00666","location_latitude":"22.01138","planting_date":"","harvest_date":"","irrigation":"No","fertilization":"No","slope":"Flat","soil_quality":"Good","soil_texture":"Sandy","soil_affected_by_salt":"No","how_much_did_it_rain_during_the_crop_season":"Average","how_was_the_rain":"Erratic","was_the_crop_season_warmer_or_colder_than_usual":"As usual","weight_of_all_yield_of_the_variety_a_in_kg":"0.161","weight_of_all_yield_of_the_variety_b_in_kg":"0.241","weight_of_all_yield_of_the_variety_c_in_kg":"0.22","from_the_3_varieties_which_one_would_you_like_to_grow_again":"B","codigo_paquetes":"package_asa_nus_mandla_kodo_2017_03","caracteristica_1":"Vigor-(A/B/C)","best_variedad_1":"B","worst_variedad_1":"A","caracteristica_2":"Plant_architecture(height)-(A/B/C)","best_variedad_2":"C","worst_variedad_2":"A","caracteristica_3":"Faster_maturity-(A/B/C)","best_variedad_3":"C","worst_variedad_3":"A","caracteristica_4":"Pest_resistance-(A/B/C)","best_variedad_4":"","worst_variedad_4":"","caracteristica_5":"Disease_resistance-(A/B/C)","best_variedad_5":"","worst_variedad_5":"","caracteristica_6":"Drought_resistance-(A/B/C)","best_variedad_6":"C","worst_variedad_6":"B","caracteristica_7":"Yield-(A/B/C)","best_variedad_7":"C","worst_variedad_7":"A","caracteristica_8":"Value_in_the_market-(A/B/C)","best_variedad_8":"C","worst_variedad_8":"B","caracteristica_9":"Taste-(A/B/C)","best_variedad_9":"B","worst_variedad_9":"C","caracteristica_10":"Fodder_yield_potential-(A/B/C)","better_variedad_10":"B","worse_variedad_10":"C","caracteristica_11":"Overall_performance-(A/B/C)","best_variedad_11":"B","worst_variedad_11":"A","evaluation":"1"},
{"observadores":"asa_nus_mandla_kodo_2017_30","name_user":null,"name_family":null,"village":null,"district":null,"telephone":null,"gender":null,"age":null,"location_longitude_seed_delivery_point":null,"location_latitude_seed_delivery_point":null,"location_altitude":null,"location_longitude":null,"location_latitude":null,"planting_date":null,"harvest_date":null,"irrigation":null,"fertilization":null,"slope":null,"soil_quality":null,"soil_texture":null,"soil_affected_by_salt":null,"how_much_did_it_rain_during_the_crop_season":null,"how_was_the_rain":null,"was_the_crop_season_warmer_or_colder_than_usual":null,"weight_of_all_yield_of_the_variety_a_in_kg":null,"weight_of_all_yield_of_the_variety_b_in_kg":null,"weight_of_all_yield_of_the_variety_c_in_kg":null,"from_the_3_varieties_which_one_would_you_like_to_grow_again":null,"codigo_paquetes":null,"caracteristica_1":"Vigor-(A/B/C)","best_variedad_1":null,"worst_variedad_1":null,"caracteristica_2":"Plant_architecture(height)-(A/B/C)","best_variedad_2":null,"worst_variedad_2":null,"caracteristica_3":"Faster_maturity-(A/B/C)","best_variedad_3":null,"worst_variedad_3":null,"caracteristica_4":"Pest_resistance-(A/B/C)","best_variedad_4":null,"worst_variedad_4":null,"caracteristica_5":"Disease_resistance-(A/B/C)","best_variedad_5":null,"worst_variedad_5":null,"caracteristica_6":"Drought_resistance-(A/B/C)","best_variedad_6":null,"worst_variedad_6":null,"caracteristica_7":"Yield-(A/B/C)","best_variedad_7":null,"worst_variedad_7":null,"caracteristica_8":"Value_in_the_market-(A/B/C)","best_variedad_8":null,"worst_variedad_8":null,"caracteristica_9":"Taste-(A/B/C)","best_variedad_9":null,"worst_variedad_9":null,"caracteristica_10":"Fodder_yield_potential-(A/B/C)","better_variedad_10":null,"worse_variedad_10":null,"caracteristica_11":"Overall_performance-(A/B/C)","best_variedad_11":null,"worst_variedad_11":null,"evaluation":null},
{"observadores":"asa_nus_mandla_kodo_2017_31","name_user":null,"name_family":null,"village":null,"district":null,"telephone":null,"gender":null,"age":null,"location_longitude_seed_delivery_point":null,"location_latitude_seed_delivery_point":null,"location_altitude":null,"location_longitude":null,"location_latitude":null,"planting_date":null,"harvest_date":null,"irrigation":null,"fertilization":null,"slope":null,"soil_quality":null,"soil_texture":null,"soil_affected_by_salt":null,"how_much_did_it_rain_during_the_crop_season":null,"how_was_the_rain":null,"was_the_crop_season_warmer_or_colder_than_usual":null,"weight_of_all_yield_of_the_variety_a_in_kg":null,"weight_of_all_yield_of_the_variety_b_in_kg":null,"weight_of_all_yield_of_the_variety_c_in_kg":null,"from_the_3_varieties_which_one_would_you_like_to_grow_again":null,"codigo_paquetes":null,"caracteristica_1":"Vigor-(A/B/C)","best_variedad_1":null,"worst_variedad_1":null,"caracteristica_2":"Plant_architecture(height)-(A/B/C)","best_variedad_2":null,"worst_variedad_2":null,"caracteristica_3":"Faster_maturity-(A/B/C)","best_variedad_3":null,"worst_variedad_3":null,"caracteristica_4":"Pest_resistance-(A/B/C)","best_variedad_4":null,"worst_variedad_4":null,"caracteristica_5":"Disease_resistance-(A/B/C)","best_variedad_5":null,"worst_variedad_5":null,"caracteristica_6":"Drought_resistance-(A/B/C)","best_variedad_6":null,"worst_variedad_6":null,"caracteristica_7":"Yield-(A/B/C)","best_variedad_7":null,"worst_variedad_7":null,"caracteristica_8":"Value_in_the_market-(A/B/C)","best_variedad_8":null,"worst_variedad_8":null,"caracteristica_9":"Taste-(A/B/C)","best_variedad_9":null,"worst_variedad_9":null,"caracteristica_10":"Fodder_yield_potential-(A/B/C)","better_variedad_10":null,"worse_variedad_10":null,"caracteristica_11":"Overall_performance-(A/B/C)","best_variedad_11":null,"worst_variedad_11":null,"evaluation":null},
{"observadores":"asa_nus_mandla_kodo_2017_32","name_user":null,"name_family":null,"village":null,"district":null,"telephone":null,"gender":null,"age":null,"location_longitude_seed_delivery_point":null,"location_latitude_seed_delivery_point":null,"location_altitude":null,"location_longitude":null,"location_latitude":null,"planting_date":null,"harvest_date":null,"irrigation":null,"fertilization":null,"slope":null,"soil_quality":null,"soil_texture":null,"soil_affected_by_salt":null,"how_much_did_it_rain_during_the_crop_season":null,"how_was_the_rain":null,"was_the_crop_season_warmer_or_colder_than_usual":null,"weight_of_all_yield_of_the_variety_a_in_kg":null,"weight_of_all_yield_of_the_variety_b_in_kg":null,"weight_of_all_yield_of_the_variety_c_in_kg":null,"from_the_3_varieties_which_one_would_you_like_to_grow_again":null,"codigo_paquetes":null,"caracteristica_1":"Vigor-(A/B/C)","best_variedad_1":null,"worst_variedad_1":null,"caracteristica_2":"Plant_architecture(height)-(A/B/C)","best_variedad_2":null,"worst_variedad_2":null,"caracteristica_3":"Faster_maturity-(A/B/C)","best_variedad_3":null,"worst_variedad_3":null,"caracteristica_4":"Pest_resistance-(A/B/C)","best_variedad_4":null,"worst_variedad_4":null,"caracteristica_5":"Disease_resistance-(A/B/C)","best_variedad_5":null,"worst_variedad_5":null,"caracteristica_6":"Drought_resistance-(A/B/C)","best_variedad_6":null,"worst_variedad_6":null,"caracteristica_7":"Yield-(A/B/C)","best_variedad_7":null,"worst_variedad_7":null,"caracteristica_8":"Value_in_the_market-(A/B/C)","best_variedad_8":null,"worst_variedad_8":null,"caracteristica_9":"Taste-(A/B/C)","best_variedad_9":null,"worst_variedad_9":null,"caracteristica_10":"Fodder_yield_potential-(A/B/C)","better_variedad_10":null,"worse_variedad_10":null,"caracteristica_11":"Overall_performance-(A/B/C)","best_variedad_11":null,"worst_variedad_11":null,"evaluation":null},
{"observadores":"asa_nus_mandla_kodo_2017_33","name_user":null,"name_family":null,"village":null,"district":null,"telephone":null,"gender":null,"age":null,"location_longitude_seed_delivery_point":null,"location_latitude_seed_delivery_point":null,"location_altitude":null,"location_longitude":null,"location_latitude":null,"planting_date":null,"harvest_date":null,"irrigation":null,"fertilization":null,"slope":null,"soil_quality":null,"soil_texture":null,"soil_affected_by_salt":null,"how_much_did_it_rain_during_the_crop_season":null,"how_was_the_rain":null,"was_the_crop_season_warmer_or_colder_than_usual":null,"weight_of_all_yield_of_the_variety_a_in_kg":null,"weight_of_all_yield_of_the_variety_b_in_kg":null,"weight_of_all_yield_of_the_variety_c_in_kg":null,"from_the_3_varieties_which_one_would_you_like_to_grow_again":null,"codigo_paquetes":null,"caracteristica_1":"Vigor-(A/B/C)","best_variedad_1":null,"worst_variedad_1":null,"caracteristica_2":"Plant_architecture(height)-(A/B/C)","best_variedad_2":null,"worst_variedad_2":null,"caracteristica_3":"Faster_maturity-(A/B/C)","best_variedad_3":null,"worst_variedad_3":null,"caracteristica_4":"Pest_resistance-(A/B/C)","best_variedad_4":null,"worst_variedad_4":null,"caracteristica_5":"Disease_resistance-(A/B/C)","best_variedad_5":null,"worst_variedad_5":null,"caracteristica_6":"Drought_resistance-(A/B/C)","best_variedad_6":null,"worst_variedad_6":null,"caracteristica_7":"Yield-(A/B/C)","best_variedad_7":null,"worst_variedad_7":null,"caracteristica_8":"Value_in_the_market-(A/B/C)","best_variedad_8":null,"worst_variedad_8":null,"caracteristica_9":"Taste-(A/B/C)","best_variedad_9":null,"worst_variedad_9":null,"caracteristica_10":"Fodder_yield_potential-(A/B/C)","better_variedad_10":null,"worse_variedad_10":null,"caracteristica_11":"Overall_performance-(A/B/C)","best_variedad_11":null,"worst_variedad_11":null,"evaluation":null},
{"observadores":"asa_nus_mandla_kodo_2017_34","name_user":null,"name_family":null,"village":null,"district":null,"telephone":null,"gender":null,"age":null,"location_longitude_seed_delivery_point":null,"location_latitude_seed_delivery_point":null,"location_altitude":null,"location_longitude":null,"location_latitude":null,"planting_date":null,"harvest_date":null,"irrigation":null,"fertilization":null,"slope":null,"soil_quality":null,"soil_texture":null,"soil_affected_by_salt":null,"how_much_did_it_rain_during_the_crop_season":null,"how_was_the_rain":null,"was_the_crop_season_warmer_or_colder_than_usual":null,"weight_of_all_yield_of_the_variety_a_in_kg":null,"weight_of_all_yield_of_the_variety_b_in_kg":null,"weight_of_all_yield_of_the_variety_c_in_kg":null,"from_the_3_varieties_which_one_would_you_like_to_grow_again":null,"codigo_paquetes":null,"caracteristica_1":"Vigor-(A/B/C)","best_variedad_1":null,"worst_variedad_1":null,"caracteristica_2":"Plant_architecture(height)-(A/B/C)","best_variedad_2":null,"worst_variedad_2":null,"caracteristica_3":"Faster_maturity-(A/B/C)","best_variedad_3":null,"worst_variedad_3":null,"caracteristica_4":"Pest_resistance-(A/B/C)","best_variedad_4":null,"worst_variedad_4":null,"caracteristica_5":"Disease_resistance-(A/B/C)","best_variedad_5":null,"worst_variedad_5":null,"caracteristica_6":"Drought_resistance-(A/B/C)","best_variedad_6":null,"worst_variedad_6":null,"caracteristica_7":"Yield-(A/B/C)","best_variedad_7":null,"worst_variedad_7":null,"caracteristica_8":"Value_in_the_market-(A/B/C)","best_variedad_8":null,"worst_variedad_8":null,"caracteristica_9":"Taste-(A/B/C)","best_variedad_9":null,"worst_variedad_9":null,"caracteristica_10":"Fodder_yield_potential-(A/B/C)","better_variedad_10":null,"worse_variedad_10":null,"caracteristica_11":"Overall_performance-(A/B/C)","best_variedad_11":null,"worst_variedad_11":null,"evaluation":null},
{"observadores":"asa_nus_mandla_kodo_2017_35","name_user":null,"name_family":null,"village":null,"district":null,"telephone":null,"gender":null,"age":null,"location_longitude_seed_delivery_point":null,"location_latitude_seed_delivery_point":null,"location_altitude":null,"location_longitude":null,"location_latitude":null,"planting_date":null,"harvest_date":null,"irrigation":null,"fertilization":null,"slope":null,"soil_quality":null,"soil_texture":null,"soil_affected_by_salt":null,"how_much_did_it_rain_during_the_crop_season":null,"how_was_the_rain":null,"was_the_crop_season_warmer_or_colder_than_usual":null,"weight_of_all_yield_of_the_variety_a_in_kg":null,"weight_of_all_yield_of_the_variety_b_in_kg":null,"weight_of_all_yield_of_the_variety_c_in_kg":null,"from_the_3_varieties_which_one_would_you_like_to_grow_again":null,"codigo_paquetes":null,"caracteristica_1":"Vigor-(A/B/C)","best_variedad_1":null,"worst_variedad_1":null,"caracteristica_2":"Plant_architecture(height)-(A/B/C)","best_variedad_2":null,"worst_variedad_2":null,"caracteristica_3":"Faster_maturity-(A/B/C)","best_variedad_3":null,"worst_variedad_3":null,"caracteristica_4":"Pest_resistance-(A/B/C)","best_variedad_4":null,"worst_variedad_4":null,"caracteristica_5":"Disease_resistance-(A/B/C)","best_variedad_5":null,"worst_variedad_5":null,"caracteristica_6":"Drought_resistance-(A/B/C)","best_variedad_6":null,"worst_variedad_6":null,"caracteristica_7":"Yield-(A/B/C)","best_variedad_7":null,"worst_variedad_7":null,"caracteristica_8":"Value_in_the_market-(A/B/C)","best_variedad_8":null,"worst_variedad_8":null,"caracteristica_9":"Taste-(A/B/C)","best_variedad_9":null,"worst_variedad_9":null,"caracteristica_10":"Fodder_yield_potential-(A/B/C)","better_variedad_10":null,"worse_variedad_10":null,"caracteristica_11":"Overall_performance-(A/B/C)","best_variedad_11":null,"worst_variedad_11":null,"evaluation":null},
{"observadores":"asa_nus_mandla_kodo_2017_36","name_user":null,"name_family":null,"village":null,"district":null,"telephone":null,"gender":null,"age":null,"location_longitude_seed_delivery_point":null,"location_latitude_seed_delivery_point":null,"location_altitude":null,"location_longitude":null,"location_latitude":null,"planting_date":null,"harvest_date":null,"irrigation":null,"fertilization":null,"slope":null,"soil_quality":null,"soil_texture":null,"soil_affected_by_salt":null,"how_much_did_it_rain_during_the_crop_season":null,"how_was_the_rain":null,"was_the_crop_season_warmer_or_colder_than_usual":null,"weight_of_all_yield_of_the_variety_a_in_kg":null,"weight_of_all_yield_of_the_variety_b_in_kg":null,"weight_of_all_yield_of_the_variety_c_in_kg":null,"from_the_3_varieties_which_one_would_you_like_to_grow_again":null,"codigo_paquetes":null,"caracteristica_1":"Vigor-(A/B/C)","best_variedad_1":null,"worst_variedad_1":null,"caracteristica_2":"Plant_architecture(height)-(A/B/C)","best_variedad_2":null,"worst_variedad_2":null,"caracteristica_3":"Faster_maturity-(A/B/C)","best_variedad_3":null,"worst_variedad_3":null,"caracteristica_4":"Pest_resistance-(A/B/C)","best_variedad_4":null,"worst_variedad_4":null,"caracteristica_5":"Disease_resistance-(A/B/C)","best_variedad_5":null,"worst_variedad_5":null,"caracteristica_6":"Drought_resistance-(A/B/C)","best_variedad_6":null,"worst_variedad_6":null,"caracteristica_7":"Yield-(A/B/C)","best_variedad_7":null,"worst_variedad_7":null,"caracteristica_8":"Value_in_the_market-(A/B/C)","best_variedad_8":null,"worst_variedad_8":null,"caracteristica_9":"Taste-(A/B/C)","best_variedad_9":null,"worst_variedad_9":null,"caracteristica_10":"Fodder_yield_potential-(A/B/C)","better_variedad_10":null,"worse_variedad_10":null,"caracteristica_11":"Overall_performance-(A/B/C)","best_variedad_11":null,"worst_variedad_11":null,"evaluation":null},
{"observadores":"asa_nus_mandla_kodo_2017_37","name_user":null,"name_family":null,"village":null,"district":null,"telephone":null,"gender":null,"age":null,"location_longitude_seed_delivery_point":null,"location_latitude_seed_delivery_point":null,"location_altitude":null,"location_longitude":null,"location_latitude":null,"planting_date":null,"harvest_date":null,"irrigation":null,"fertilization":null,"slope":null,"soil_quality":null,"soil_texture":null,"soil_affected_by_salt":null,"how_much_did_it_rain_during_the_crop_season":null,"how_was_the_rain":null,"was_the_crop_season_warmer_or_colder_than_usual":null,"weight_of_all_yield_of_the_variety_a_in_kg":null,"weight_of_all_yield_of_the_variety_b_in_kg":null,"weight_of_all_yield_of_the_variety_c_in_kg":null,"from_the_3_varieties_which_one_would_you_like_to_grow_again":null,"codigo_paquetes":null,"caracteristica_1":"Vigor-(A/B/C)","best_variedad_1":null,"worst_variedad_1":null,"caracteristica_2":"Plant_architecture(height)-(A/B/C)","best_variedad_2":null,"worst_variedad_2":null,"caracteristica_3":"Faster_maturity-(A/B/C)","best_variedad_3":null,"worst_variedad_3":null,"caracteristica_4":"Pest_resistance-(A/B/C)","best_variedad_4":null,"worst_variedad_4":null,"caracteristica_5":"Disease_resistance-(A/B/C)","best_variedad_5":null,"worst_variedad_5":null,"caracteristica_6":"Drought_resistance-(A/B/C)","best_variedad_6":null,"worst_variedad_6":null,"caracteristica_7":"Yield-(A/B/C)","best_variedad_7":null,"worst_variedad_7":null,"caracteristica_8":"Value_in_the_market-(A/B/C)","best_variedad_8":null,"worst_variedad_8":null,"caracteristica_9":"Taste-(A/B/C)","best_variedad_9":null,"worst_variedad_9":null,"caracteristica_10":"Fodder_yield_potential-(A/B/C)","better_variedad_10":null,"worse_variedad_10":null,"caracteristica_11":"Overall_performance-(A/B/C)","best_variedad_11":null,"worst_variedad_11":null,"evaluation":null},
{"observadores":"asa_nus_mandla_kodo_2017_38","name_user":null,"name_family":null,"village":null,"district":null,"telephone":null,"gender":null,"age":null,"location_longitude_seed_delivery_point":null,"location_latitude_seed_delivery_point":null,"location_altitude":null,"location_longitude":null,"location_latitude":null,"planting_date":null,"harvest_date":null,"irrigation":null,"fertilization":null,"slope":null,"soil_quality":null,"soil_texture":null,"soil_affected_by_salt":null,"how_much_did_it_rain_during_the_crop_season":null,"how_was_the_rain":null,"was_the_crop_season_warmer_or_colder_than_usual":null,"weight_of_all_yield_of_the_variety_a_in_kg":null,"weight_of_all_yield_of_the_variety_b_in_kg":null,"weight_of_all_yield_of_the_variety_c_in_kg":null,"from_the_3_varieties_which_one_would_you_like_to_grow_again":null,"codigo_paquetes":null,"caracteristica_1":"Vigor-(A/B/C)","best_variedad_1":null,"worst_variedad_1":null,"caracteristica_2":"Plant_architecture(height)-(A/B/C)","best_variedad_2":null,"worst_variedad_2":null,"caracteristica_3":"Faster_maturity-(A/B/C)","best_variedad_3":null,"worst_variedad_3":null,"caracteristica_4":"Pest_resistance-(A/B/C)","best_variedad_4":null,"worst_variedad_4":null,"caracteristica_5":"Disease_resistance-(A/B/C)","best_variedad_5":null,"worst_variedad_5":null,"caracteristica_6":"Drought_resistance-(A/B/C)","best_variedad_6":null,"worst_variedad_6":null,"caracteristica_7":"Yield-(A/B/C)","best_variedad_7":null,"worst_variedad_7":null,"caracteristica_8":"Value_in_the_market-(A/B/C)","best_variedad_8":null,"worst_variedad_8":null,"caracteristica_9":"Taste-(A/B/C)","best_variedad_9":null,"worst_variedad_9":null,"caracteristica_10":"Fodder_yield_potential-(A/B/C)","better_variedad_10":null,"worse_variedad_10":null,"caracteristica_11":"Overall_performance-(A/B/C)","best_variedad_11":null,"worst_variedad_11":null,"evaluation":null},
{"observadores":"asa_nus_mandla_kodo_2017_39","name_user":null,"name_family":null,"village":null,"district":null,"telephone":null,"gender":null,"age":null,"location_longitude_seed_delivery_point":null,"location_latitude_seed_delivery_point":null,"location_altitude":null,"location_longitude":null,"location_latitude":null,"planting_date":null,"harvest_date":null,"irrigation":null,"fertilization":null,"slope":null,"soil_quality":null,"soil_texture":null,"soil_affected_by_salt":null,"how_much_did_it_rain_during_the_crop_season":null,"how_was_the_rain":null,"was_the_crop_season_warmer_or_colder_than_usual":null,"weight_of_all_yield_of_the_variety_a_in_kg":null,"weight_of_all_yield_of_the_variety_b_in_kg":null,"weight_of_all_yield_of_the_variety_c_in_kg":null,"from_the_3_varieties_which_one_would_you_like_to_grow_again":null,"codigo_paquetes":null,"caracteristica_1":"Vigor-(A/B/C)","best_variedad_1":null,"worst_variedad_1":null,"caracteristica_2":"Plant_architecture(height)-(A/B/C)","best_variedad_2":null,"worst_variedad_2":null,"caracteristica_3":"Faster_maturity-(A/B/C)","best_variedad_3":null,"worst_variedad_3":null,"caracteristica_4":"Pest_resistance-(A/B/C)","best_variedad_4":null,"worst_variedad_4":null,"caracteristica_5":"Disease_resistance-(A/B/C)","best_variedad_5":null,"worst_variedad_5":null,"caracteristica_6":"Drought_resistance-(A/B/C)","best_variedad_6":null,"worst_variedad_6":null,"caracteristica_7":"Yield-(A/B/C)","best_variedad_7":null,"worst_variedad_7":null,"caracteristica_8":"Value_in_the_market-(A/B/C)","best_variedad_8":null,"worst_variedad_8":null,"caracteristica_9":"Taste-(A/B/C)","best_variedad_9":null,"worst_variedad_9":null,"caracteristica_10":"Fodder_yield_potential-(A/B/C)","better_variedad_10":null,"worse_variedad_10":null,"caracteristica_11":"Overall_performance-(A/B/C)","best_variedad_11":null,"worst_variedad_11":null,"evaluation":null},
{"observadores":"asa_nus_mandla_kodo_2017_4","name_user":"Munni bai","name_family":"Rakesh","village":"Mudadih","district":"Mandla","telephone":"9827748326","gender":"F","age":"38","location_longitude_seed_delivery_point":"80.005833","location_latitude_seed_delivery_point":"22.011388","location_altitude":"448","location_longitude":"80.00676","location_latitude":"22.01166","planting_date":"","harvest_date":"","irrigation":"No","fertilization":"No","slope":"Flat","soil_quality":"Good","soil_texture":"Loamy","soil_affected_by_salt":"No","how_much_did_it_rain_during_the_crop_season":"Average","how_was_the_rain":"Erratic","was_the_crop_season_warmer_or_colder_than_usual":"As usual","weight_of_all_yield_of_the_variety_a_in_kg":"0.183","weight_of_all_yield_of_the_variety_b_in_kg":"0.165","weight_of_all_yield_of_the_variety_c_in_kg":"0.173","from_the_3_varieties_which_one_would_you_like_to_grow_again":"A","codigo_paquetes":"package_asa_nus_mandla_kodo_2017_04","caracteristica_1":"Vigor-(A/B/C)","best_variedad_1":"A","worst_variedad_1":"B","caracteristica_2":"Plant_architecture(height)-(A/B/C)","best_variedad_2":"C","worst_variedad_2":"A","caracteristica_3":"Faster_maturity-(A/B/C)","best_variedad_3":"A","worst_variedad_3":"C","caracteristica_4":"Pest_resistance-(A/B/C)","best_variedad_4":"","worst_variedad_4":"","caracteristica_5":"Disease_resistance-(A/B/C)","best_variedad_5":"","worst_variedad_5":"","caracteristica_6":"Drought_resistance-(A/B/C)","best_variedad_6":"A","worst_variedad_6":"C","caracteristica_7":"Yield-(A/B/C)","best_variedad_7":"A","worst_variedad_7":"C","caracteristica_8":"Value_in_the_market-(A/B/C)","best_variedad_8":"A","worst_variedad_8":"C","caracteristica_9":"Taste-(A/B/C)","best_variedad_9":"B","worst_variedad_9":"A","caracteristica_10":"Fodder_yield_potential-(A/B/C)","better_variedad_10":"A","worse_variedad_10":"B","caracteristica_11":"Overall_performance-(A/B/C)","best_variedad_11":"A","worst_variedad_11":"B","evaluation":"1"},
{"observadores":"asa_nus_mandla_kodo_2017_40","name_user":null,"name_family":null,"village":null,"district":null,"telephone":null,"gender":null,"age":null,"location_longitude_seed_delivery_point":null,"location_latitude_seed_delivery_point":null,"location_altitude":null,"location_longitude":null,"location_latitude":null,"planting_date":null,"harvest_date":null,"irrigation":null,"fertilization":null,"slope":null,"soil_quality":null,"soil_texture":null,"soil_affected_by_salt":null,"how_much_did_it_rain_during_the_crop_season":null,"how_was_the_rain":null,"was_the_crop_season_warmer_or_colder_than_usual":null,"weight_of_all_yield_of_the_variety_a_in_kg":null,"weight_of_all_yield_of_the_variety_b_in_kg":null,"weight_of_all_yield_of_the_variety_c_in_kg":null,"from_the_3_varieties_which_one_would_you_like_to_grow_again":null,"codigo_paquetes":null,"caracteristica_1":"Vigor-(A/B/C)","best_variedad_1":null,"worst_variedad_1":null,"caracteristica_2":"Plant_architecture(height)-(A/B/C)","best_variedad_2":null,"worst_variedad_2":null,"caracteristica_3":"Faster_maturity-(A/B/C)","best_variedad_3":null,"worst_variedad_3":null,"caracteristica_4":"Pest_resistance-(A/B/C)","best_variedad_4":null,"worst_variedad_4":null,"caracteristica_5":"Disease_resistance-(A/B/C)","best_variedad_5":null,"worst_variedad_5":null,"caracteristica_6":"Drought_resistance-(A/B/C)","best_variedad_6":null,"worst_variedad_6":null,"caracteristica_7":"Yield-(A/B/C)","best_variedad_7":null,"worst_variedad_7":null,"caracteristica_8":"Value_in_the_market-(A/B/C)","best_variedad_8":null,"worst_variedad_8":null,"caracteristica_9":"Taste-(A/B/C)","best_variedad_9":null,"worst_variedad_9":null,"caracteristica_10":"Fodder_yield_potential-(A/B/C)","better_variedad_10":null,"worse_variedad_10":null,"caracteristica_11":"Overall_performance-(A/B/C)","best_variedad_11":null,"worst_variedad_11":null,"evaluation":null},
{"observadores":"asa_nus_mandla_kodo_2017_41","name_user":null,"name_family":null,"village":null,"district":null,"telephone":null,"gender":null,"age":null,"location_longitude_seed_delivery_point":null,"location_latitude_seed_delivery_point":null,"location_altitude":null,"location_longitude":null,"location_latitude":null,"planting_date":null,"harvest_date":null,"irrigation":null,"fertilization":null,"slope":null,"soil_quality":null,"soil_texture":null,"soil_affected_by_salt":null,"how_much_did_it_rain_during_the_crop_season":null,"how_was_the_rain":null,"was_the_crop_season_warmer_or_colder_than_usual":null,"weight_of_all_yield_of_the_variety_a_in_kg":null,"weight_of_all_yield_of_the_variety_b_in_kg":null,"weight_of_all_yield_of_the_variety_c_in_kg":null,"from_the_3_varieties_which_one_would_you_like_to_grow_again":null,"codigo_paquetes":null,"caracteristica_1":"Vigor-(A/B/C)","best_variedad_1":null,"worst_variedad_1":null,"caracteristica_2":"Plant_architecture(height)-(A/B/C)","best_variedad_2":null,"worst_variedad_2":null,"caracteristica_3":"Faster_maturity-(A/B/C)","best_variedad_3":null,"worst_variedad_3":null,"caracteristica_4":"Pest_resistance-(A/B/C)","best_variedad_4":null,"worst_variedad_4":null,"caracteristica_5":"Disease_resistance-(A/B/C)","best_variedad_5":null,"worst_variedad_5":null,"caracteristica_6":"Drought_resistance-(A/B/C)","best_variedad_6":null,"worst_variedad_6":null,"caracteristica_7":"Yield-(A/B/C)","best_variedad_7":null,"worst_variedad_7":null,"caracteristica_8":"Value_in_the_market-(A/B/C)","best_variedad_8":null,"worst_variedad_8":null,"caracteristica_9":"Taste-(A/B/C)","best_variedad_9":null,"worst_variedad_9":null,"caracteristica_10":"Fodder_yield_potential-(A/B/C)","better_variedad_10":null,"worse_variedad_10":null,"caracteristica_11":"Overall_performance-(A/B/C)","best_variedad_11":null,"worst_variedad_11":null,"evaluation":null},
{"observadores":"asa_nus_mandla_kodo_2017_42","name_user":null,"name_family":null,"village":null,"district":null,"telephone":null,"gender":null,"age":null,"location_longitude_seed_delivery_point":null,"location_latitude_seed_delivery_point":null,"location_altitude":null,"location_longitude":null,"location_latitude":null,"planting_date":null,"harvest_date":null,"irrigation":null,"fertilization":null,"slope":null,"soil_quality":null,"soil_texture":null,"soil_affected_by_salt":null,"how_much_did_it_rain_during_the_crop_season":null,"how_was_the_rain":null,"was_the_crop_season_warmer_or_colder_than_usual":null,"weight_of_all_yield_of_the_variety_a_in_kg":null,"weight_of_all_yield_of_the_variety_b_in_kg":null,"weight_of_all_yield_of_the_variety_c_in_kg":null,"from_the_3_varieties_which_one_would_you_like_to_grow_again":null,"codigo_paquetes":null,"caracteristica_1":"Vigor-(A/B/C)","best_variedad_1":null,"worst_variedad_1":null,"caracteristica_2":"Plant_architecture(height)-(A/B/C)","best_variedad_2":null,"worst_variedad_2":null,"caracteristica_3":"Faster_maturity-(A/B/C)","best_variedad_3":null,"worst_variedad_3":null,"caracteristica_4":"Pest_resistance-(A/B/C)","best_variedad_4":null,"worst_variedad_4":null,"caracteristica_5":"Disease_resistance-(A/B/C)","best_variedad_5":null,"worst_variedad_5":null,"caracteristica_6":"Drought_resistance-(A/B/C)","best_variedad_6":null,"worst_variedad_6":null,"caracteristica_7":"Yield-(A/B/C)","best_variedad_7":null,"worst_variedad_7":null,"caracteristica_8":"Value_in_the_market-(A/B/C)","best_variedad_8":null,"worst_variedad_8":null,"caracteristica_9":"Taste-(A/B/C)","best_variedad_9":null,"worst_variedad_9":null,"caracteristica_10":"Fodder_yield_potential-(A/B/C)","better_variedad_10":null,"worse_variedad_10":null,"caracteristica_11":"Overall_performance-(A/B/C)","best_variedad_11":null,"worst_variedad_11":null,"evaluation":null},
{"observadores":"asa_nus_mandla_kodo_2017_43","name_user":null,"name_family":null,"village":null,"district":null,"telephone":null,"gender":null,"age":null,"location_longitude_seed_delivery_point":null,"location_latitude_seed_delivery_point":null,"location_altitude":null,"location_longitude":null,"location_latitude":null,"planting_date":null,"harvest_date":null,"irrigation":null,"fertilization":null,"slope":null,"soil_quality":null,"soil_texture":null,"soil_affected_by_salt":null,"how_much_did_it_rain_during_the_crop_season":null,"how_was_the_rain":null,"was_the_crop_season_warmer_or_colder_than_usual":null,"weight_of_all_yield_of_the_variety_a_in_kg":null,"weight_of_all_yield_of_the_variety_b_in_kg":null,"weight_of_all_yield_of_the_variety_c_in_kg":null,"from_the_3_varieties_which_one_would_you_like_to_grow_again":null,"codigo_paquetes":null,"caracteristica_1":"Vigor-(A/B/C)","best_variedad_1":null,"worst_variedad_1":null,"caracteristica_2":"Plant_architecture(height)-(A/B/C)","best_variedad_2":null,"worst_variedad_2":null,"caracteristica_3":"Faster_maturity-(A/B/C)","best_variedad_3":null,"worst_variedad_3":null,"caracteristica_4":"Pest_resistance-(A/B/C)","best_variedad_4":null,"worst_variedad_4":null,"caracteristica_5":"Disease_resistance-(A/B/C)","best_variedad_5":null,"worst_variedad_5":null,"caracteristica_6":"Drought_resistance-(A/B/C)","best_variedad_6":null,"worst_variedad_6":null,"caracteristica_7":"Yield-(A/B/C)","best_variedad_7":null,"worst_variedad_7":null,"caracteristica_8":"Value_in_the_market-(A/B/C)","best_variedad_8":null,"worst_variedad_8":null,"caracteristica_9":"Taste-(A/B/C)","best_variedad_9":null,"worst_variedad_9":null,"caracteristica_10":"Fodder_yield_potential-(A/B/C)","better_variedad_10":null,"worse_variedad_10":null,"caracteristica_11":"Overall_performance-(A/B/C)","best_variedad_11":null,"worst_variedad_11":null,"evaluation":null},
{"observadores":"asa_nus_mandla_kodo_2017_44","name_user":null,"name_family":null,"village":null,"district":null,"telephone":null,"gender":null,"age":null,"location_longitude_seed_delivery_point":null,"location_latitude_seed_delivery_point":null,"location_altitude":null,"location_longitude":null,"location_latitude":null,"planting_date":null,"harvest_date":null,"irrigation":null,"fertilization":null,"slope":null,"soil_quality":null,"soil_texture":null,"soil_affected_by_salt":null,"how_much_did_it_rain_during_the_crop_season":null,"how_was_the_rain":null,"was_the_crop_season_warmer_or_colder_than_usual":null,"weight_of_all_yield_of_the_variety_a_in_kg":null,"weight_of_all_yield_of_the_variety_b_in_kg":null,"weight_of_all_yield_of_the_variety_c_in_kg":null,"from_the_3_varieties_which_one_would_you_like_to_grow_again":null,"codigo_paquetes":null,"caracteristica_1":"Vigor-(A/B/C)","best_variedad_1":null,"worst_variedad_1":null,"caracteristica_2":"Plant_architecture(height)-(A/B/C)","best_variedad_2":null,"worst_variedad_2":null,"caracteristica_3":"Faster_maturity-(A/B/C)","best_variedad_3":null,"worst_variedad_3":null,"caracteristica_4":"Pest_resistance-(A/B/C)","best_variedad_4":null,"worst_variedad_4":null,"caracteristica_5":"Disease_resistance-(A/B/C)","best_variedad_5":null,"worst_variedad_5":null,"caracteristica_6":"Drought_resistance-(A/B/C)","best_variedad_6":null,"worst_variedad_6":null,"caracteristica_7":"Yield-(A/B/C)","best_variedad_7":null,"worst_variedad_7":null,"caracteristica_8":"Value_in_the_market-(A/B/C)","best_variedad_8":null,"worst_variedad_8":null,"caracteristica_9":"Taste-(A/B/C)","best_variedad_9":null,"worst_variedad_9":null,"caracteristica_10":"Fodder_yield_potential-(A/B/C)","better_variedad_10":null,"worse_variedad_10":null,"caracteristica_11":"Overall_performance-(A/B/C)","best_variedad_11":null,"worst_variedad_11":null,"evaluation":null},
{"observadores":"asa_nus_mandla_kodo_2017_45","name_user":null,"name_family":null,"village":null,"district":null,"telephone":null,"gender":null,"age":null,"location_longitude_seed_delivery_point":null,"location_latitude_seed_delivery_point":null,"location_altitude":null,"location_longitude":null,"location_latitude":null,"planting_date":null,"harvest_date":null,"irrigation":null,"fertilization":null,"slope":null,"soil_quality":null,"soil_texture":null,"soil_affected_by_salt":null,"how_much_did_it_rain_during_the_crop_season":null,"how_was_the_rain":null,"was_the_crop_season_warmer_or_colder_than_usual":null,"weight_of_all_yield_of_the_variety_a_in_kg":null,"weight_of_all_yield_of_the_variety_b_in_kg":null,"weight_of_all_yield_of_the_variety_c_in_kg":null,"from_the_3_varieties_which_one_would_you_like_to_grow_again":null,"codigo_paquetes":null,"caracteristica_1":"Vigor-(A/B/C)","best_variedad_1":null,"worst_variedad_1":null,"caracteristica_2":"Plant_architecture(height)-(A/B/C)","best_variedad_2":null,"worst_variedad_2":null,"caracteristica_3":"Faster_maturity-(A/B/C)","best_variedad_3":null,"worst_variedad_3":null,"caracteristica_4":"Pest_resistance-(A/B/C)","best_variedad_4":null,"worst_variedad_4":null,"caracteristica_5":"Disease_resistance-(A/B/C)","best_variedad_5":null,"worst_variedad_5":null,"caracteristica_6":"Drought_resistance-(A/B/C)","best_variedad_6":null,"worst_variedad_6":null,"caracteristica_7":"Yield-(A/B/C)","best_variedad_7":null,"worst_variedad_7":null,"caracteristica_8":"Value_in_the_market-(A/B/C)","best_variedad_8":null,"worst_variedad_8":null,"caracteristica_9":"Taste-(A/B/C)","best_variedad_9":null,"worst_variedad_9":null,"caracteristica_10":"Fodder_yield_potential-(A/B/C)","better_variedad_10":null,"worse_variedad_10":null,"caracteristica_11":"Overall_performance-(A/B/C)","best_variedad_11":null,"worst_variedad_11":null,"evaluation":null},
{"observadores":"asa_nus_mandla_kodo_2017_46","name_user":null,"name_family":null,"village":null,"district":null,"telephone":null,"gender":null,"age":null,"location_longitude_seed_delivery_point":null,"location_latitude_seed_delivery_point":null,"location_altitude":null,"location_longitude":null,"location_latitude":null,"planting_date":null,"harvest_date":null,"irrigation":null,"fertilization":null,"slope":null,"soil_quality":null,"soil_texture":null,"soil_affected_by_salt":null,"how_much_did_it_rain_during_the_crop_season":null,"how_was_the_rain":null,"was_the_crop_season_warmer_or_colder_than_usual":null,"weight_of_all_yield_of_the_variety_a_in_kg":null,"weight_of_all_yield_of_the_variety_b_in_kg":null,"weight_of_all_yield_of_the_variety_c_in_kg":null,"from_the_3_varieties_which_one_would_you_like_to_grow_again":null,"codigo_paquetes":null,"caracteristica_1":"Vigor-(A/B/C)","best_variedad_1":null,"worst_variedad_1":null,"caracteristica_2":"Plant_architecture(height)-(A/B/C)","best_variedad_2":null,"worst_variedad_2":null,"caracteristica_3":"Faster_maturity-(A/B/C)","best_variedad_3":null,"worst_variedad_3":null,"caracteristica_4":"Pest_resistance-(A/B/C)","best_variedad_4":null,"worst_variedad_4":null,"caracteristica_5":"Disease_resistance-(A/B/C)","best_variedad_5":null,"worst_variedad_5":null,"caracteristica_6":"Drought_resistance-(A/B/C)","best_variedad_6":null,"worst_variedad_6":null,"caracteristica_7":"Yield-(A/B/C)","best_variedad_7":null,"worst_variedad_7":null,"caracteristica_8":"Value_in_the_market-(A/B/C)","best_variedad_8":null,"worst_variedad_8":null,"caracteristica_9":"Taste-(A/B/C)","best_variedad_9":null,"worst_variedad_9":null,"caracteristica_10":"Fodder_yield_potential-(A/B/C)","better_variedad_10":null,"worse_variedad_10":null,"caracteristica_11":"Overall_performance-(A/B/C)","best_variedad_11":null,"worst_variedad_11":null,"evaluation":null},
{"observadores":"asa_nus_mandla_kodo_2017_47","name_user":null,"name_family":null,"village":null,"district":null,"telephone":null,"gender":null,"age":null,"location_longitude_seed_delivery_point":null,"location_latitude_seed_delivery_point":null,"location_altitude":null,"location_longitude":null,"location_latitude":null,"planting_date":null,"harvest_date":null,"irrigation":null,"fertilization":null,"slope":null,"soil_quality":null,"soil_texture":null,"soil_affected_by_salt":null,"how_much_did_it_rain_during_the_crop_season":null,"how_was_the_rain":null,"was_the_crop_season_warmer_or_colder_than_usual":null,"weight_of_all_yield_of_the_variety_a_in_kg":null,"weight_of_all_yield_of_the_variety_b_in_kg":null,"weight_of_all_yield_of_the_variety_c_in_kg":null,"from_the_3_varieties_which_one_would_you_like_to_grow_again":null,"codigo_paquetes":null,"caracteristica_1":"Vigor-(A/B/C)","best_variedad_1":null,"worst_variedad_1":null,"caracteristica_2":"Plant_architecture(height)-(A/B/C)","best_variedad_2":null,"worst_variedad_2":null,"caracteristica_3":"Faster_maturity-(A/B/C)","best_variedad_3":null,"worst_variedad_3":null,"caracteristica_4":"Pest_resistance-(A/B/C)","best_variedad_4":null,"worst_variedad_4":null,"caracteristica_5":"Disease_resistance-(A/B/C)","best_variedad_5":null,"worst_variedad_5":null,"caracteristica_6":"Drought_resistance-(A/B/C)","best_variedad_6":null,"worst_variedad_6":null,"caracteristica_7":"Yield-(A/B/C)","best_variedad_7":null,"worst_variedad_7":null,"caracteristica_8":"Value_in_the_market-(A/B/C)","best_variedad_8":null,"worst_variedad_8":null,"caracteristica_9":"Taste-(A/B/C)","best_variedad_9":null,"worst_variedad_9":null,"caracteristica_10":"Fodder_yield_potential-(A/B/C)","better_variedad_10":null,"worse_variedad_10":null,"caracteristica_11":"Overall_performance-(A/B/C)","best_variedad_11":null,"worst_variedad_11":null,"evaluation":null},
{"observadores":"asa_nus_mandla_kodo_2017_48","name_user":null,"name_family":null,"village":null,"district":null,"telephone":null,"gender":null,"age":null,"location_longitude_seed_delivery_point":null,"location_latitude_seed_delivery_point":null,"location_altitude":null,"location_longitude":null,"location_latitude":null,"planting_date":null,"harvest_date":null,"irrigation":null,"fertilization":null,"slope":null,"soil_quality":null,"soil_texture":null,"soil_affected_by_salt":null,"how_much_did_it_rain_during_the_crop_season":null,"how_was_the_rain":null,"was_the_crop_season_warmer_or_colder_than_usual":null,"weight_of_all_yield_of_the_variety_a_in_kg":null,"weight_of_all_yield_of_the_variety_b_in_kg":null,"weight_of_all_yield_of_the_variety_c_in_kg":null,"from_the_3_varieties_which_one_would_you_like_to_grow_again":null,"codigo_paquetes":null,"caracteristica_1":"Vigor-(A/B/C)","best_variedad_1":null,"worst_variedad_1":null,"caracteristica_2":"Plant_architecture(height)-(A/B/C)","best_variedad_2":null,"worst_variedad_2":null,"caracteristica_3":"Faster_maturity-(A/B/C)","best_variedad_3":null,"worst_variedad_3":null,"caracteristica_4":"Pest_resistance-(A/B/C)","best_variedad_4":null,"worst_variedad_4":null,"caracteristica_5":"Disease_resistance-(A/B/C)","best_variedad_5":null,"worst_variedad_5":null,"caracteristica_6":"Drought_resistance-(A/B/C)","best_variedad_6":null,"worst_variedad_6":null,"caracteristica_7":"Yield-(A/B/C)","best_variedad_7":null,"worst_variedad_7":null,"caracteristica_8":"Value_in_the_market-(A/B/C)","best_variedad_8":null,"worst_variedad_8":null,"caracteristica_9":"Taste-(A/B/C)","best_variedad_9":null,"worst_variedad_9":null,"caracteristica_10":"Fodder_yield_potential-(A/B/C)","better_variedad_10":null,"worse_variedad_10":null,"caracteristica_11":"Overall_performance-(A/B/C)","best_variedad_11":null,"worst_variedad_11":null,"evaluation":null},
{"observadores":"asa_nus_mandla_kodo_2017_49","name_user":null,"name_family":null,"village":null,"district":null,"telephone":null,"gender":null,"age":null,"location_longitude_seed_delivery_point":null,"location_latitude_seed_delivery_point":null,"location_altitude":null,"location_longitude":null,"location_latitude":null,"planting_date":null,"harvest_date":null,"irrigation":null,"fertilization":null,"slope":null,"soil_quality":null,"soil_texture":null,"soil_affected_by_salt":null,"how_much_did_it_rain_during_the_crop_season":null,"how_was_the_rain":null,"was_the_crop_season_warmer_or_colder_than_usual":null,"weight_of_all_yield_of_the_variety_a_in_kg":null,"weight_of_all_yield_of_the_variety_b_in_kg":null,"weight_of_all_yield_of_the_variety_c_in_kg":null,"from_the_3_varieties_which_one_would_you_like_to_grow_again":null,"codigo_paquetes":null,"caracteristica_1":"Vigor-(A/B/C)","best_variedad_1":null,"worst_variedad_1":null,"caracteristica_2":"Plant_architecture(height)-(A/B/C)","best_variedad_2":null,"worst_variedad_2":null,"caracteristica_3":"Faster_maturity-(A/B/C)","best_variedad_3":null,"worst_variedad_3":null,"caracteristica_4":"Pest_resistance-(A/B/C)","best_variedad_4":null,"worst_variedad_4":null,"caracteristica_5":"Disease_resistance-(A/B/C)","best_variedad_5":null,"worst_variedad_5":null,"caracteristica_6":"Drought_resistance-(A/B/C)","best_variedad_6":null,"worst_variedad_6":null,"caracteristica_7":"Yield-(A/B/C)","best_variedad_7":null,"worst_variedad_7":null,"caracteristica_8":"Value_in_the_market-(A/B/C)","best_variedad_8":null,"worst_variedad_8":null,"caracteristica_9":"Taste-(A/B/C)","best_variedad_9":null,"worst_variedad_9":null,"caracteristica_10":"Fodder_yield_potential-(A/B/C)","better_variedad_10":null,"worse_variedad_10":null,"caracteristica_11":"Overall_performance-(A/B/C)","best_variedad_11":null,"worst_variedad_11":null,"evaluation":null},
{"observadores":"asa_nus_mandla_kodo_2017_5","name_user":"Nima bai","name_family":"Kuwarlal","village":"Mudadih","district":"Mandla","telephone":"7879729535","gender":"F","age":"39","location_longitude_seed_delivery_point":"80.005833","location_latitude_seed_delivery_point":"22.011388","location_altitude":"448","location_longitude":"80.00685","location_latitude":"22.01168","planting_date":"","harvest_date":"","irrigation":"No","fertilization":"No","slope":"Flat","soil_quality":"Good","soil_texture":"Loamy","soil_affected_by_salt":"No","how_much_did_it_rain_during_the_crop_season":"Average","how_was_the_rain":"Erratic","was_the_crop_season_warmer_or_colder_than_usual":"As usual","weight_of_all_yield_of_the_variety_a_in_kg":"0.173","weight_of_all_yield_of_the_variety_b_in_kg":"0.161","weight_of_all_yield_of_the_variety_c_in_kg":"0.22","from_the_3_varieties_which_one_would_you_like_to_grow_again":"C","codigo_paquetes":"package_asa_nus_mandla_kodo_2017_05","caracteristica_1":"Vigor-(A/B/C)","best_variedad_1":"C","worst_variedad_1":"B","caracteristica_2":"Plant_architecture(height)-(A/B/C)","best_variedad_2":"B","worst_variedad_2":"A","caracteristica_3":"Faster_maturity-(A/B/C)","best_variedad_3":"B","worst_variedad_3":"A","caracteristica_4":"Pest_resistance-(A/B/C)","best_variedad_4":"","worst_variedad_4":"","caracteristica_5":"Disease_resistance-(A/B/C)","best_variedad_5":"","worst_variedad_5":"","caracteristica_6":"Drought_resistance-(A/B/C)","best_variedad_6":"B","worst_variedad_6":"A","caracteristica_7":"Yield-(A/B/C)","best_variedad_7":"B","worst_variedad_7":"A","caracteristica_8":"Value_in_the_market-(A/B/C)","best_variedad_8":"B","worst_variedad_8":"A","caracteristica_9":"Taste-(A/B/C)","best_variedad_9":"B","worst_variedad_9":"A","caracteristica_10":"Fodder_yield_potential-(A/B/C)","better_variedad_10":"C","worse_variedad_10":"A","caracteristica_11":"Overall_performance-(A/B/C)","best_variedad_11":"C","worst_variedad_11":"B","evaluation":"1"},
{"observadores":"asa_nus_mandla_kodo_2017_50","name_user":null,"name_family":null,"village":null,"district":null,"telephone":null,"gender":null,"age":null,"location_longitude_seed_delivery_point":null,"location_latitude_seed_delivery_point":null,"location_altitude":null,"location_longitude":null,"location_latitude":null,"planting_date":null,"harvest_date":null,"irrigation":null,"fertilization":null,"slope":null,"soil_quality":null,"soil_texture":null,"soil_affected_by_salt":null,"how_much_did_it_rain_during_the_crop_season":null,"how_was_the_rain":null,"was_the_crop_season_warmer_or_colder_than_usual":null,"weight_of_all_yield_of_the_variety_a_in_kg":null,"weight_of_all_yield_of_the_variety_b_in_kg":null,"weight_of_all_yield_of_the_variety_c_in_kg":null,"from_the_3_varieties_which_one_would_you_like_to_grow_again":null,"codigo_paquetes":null,"caracteristica_1":"Vigor-(A/B/C)","best_variedad_1":null,"worst_variedad_1":null,"caracteristica_2":"Plant_architecture(height)-(A/B/C)","best_variedad_2":null,"worst_variedad_2":null,"caracteristica_3":"Faster_maturity-(A/B/C)","best_variedad_3":null,"worst_variedad_3":null,"caracteristica_4":"Pest_resistance-(A/B/C)","best_variedad_4":null,"worst_variedad_4":null,"caracteristica_5":"Disease_resistance-(A/B/C)","best_variedad_5":null,"worst_variedad_5":null,"caracteristica_6":"Drought_resistance-(A/B/C)","best_variedad_6":null,"worst_variedad_6":null,"caracteristica_7":"Yield-(A/B/C)","best_variedad_7":null,"worst_variedad_7":null,"caracteristica_8":"Value_in_the_market-(A/B/C)","best_variedad_8":null,"worst_variedad_8":null,"caracteristica_9":"Taste-(A/B/C)","best_variedad_9":null,"worst_variedad_9":null,"caracteristica_10":"Fodder_yield_potential-(A/B/C)","better_variedad_10":null,"worse_variedad_10":null,"caracteristica_11":"Overall_performance-(A/B/C)","best_variedad_11":null,"worst_variedad_11":null,"evaluation":null},
{"observadores":"asa_nus_mandla_kodo_2017_6","name_user":"Sumantri bai","name_family":"Kaliram","village":"Khuksar","district":"Mandla","telephone":"7879729535","gender":"F","age":"25","location_longitude_seed_delivery_point":"80.005833","location_latitude_seed_delivery_point":"22.011388","location_altitude":"448","location_longitude":"80.00695","location_latitude":"22.01972","planting_date":"","harvest_date":"","irrigation":"No","fertilization":"No","slope":"Flat","soil_quality":"Good","soil_texture":"Loamy","soil_affected_by_salt":"No","how_much_did_it_rain_during_the_crop_season":"Average","how_was_the_rain":"Erratic","was_the_crop_season_warmer_or_colder_than_usual":"As usual","weight_of_all_yield_of_the_variety_a_in_kg":"0.241","weight_of_all_yield_of_the_variety_b_in_kg":"0.183","weight_of_all_yield_of_the_variety_c_in_kg":"0.165","from_the_3_varieties_which_one_would_you_like_to_grow_again":"A","codigo_paquetes":"package_asa_nus_mandla_kodo_2017_06","caracteristica_1":"Vigor-(A/B/C)","best_variedad_1":"A","worst_variedad_1":"C","caracteristica_2":"Plant_architecture(height)-(A/B/C)","best_variedad_2":"C","worst_variedad_2":"B","caracteristica_3":"Faster_maturity-(A/B/C)","best_variedad_3":"A","worst_variedad_3":"C","caracteristica_4":"Pest_resistance-(A/B/C)","best_variedad_4":"","worst_variedad_4":"","caracteristica_5":"Disease_resistance-(A/B/C)","best_variedad_5":"","worst_variedad_5":"","caracteristica_6":"Drought_resistance-(A/B/C)","best_variedad_6":"C","worst_variedad_6":"B","caracteristica_7":"Yield-(A/B/C)","best_variedad_7":"A","worst_variedad_7":"C","caracteristica_8":"Value_in_the_market-(A/B/C)","best_variedad_8":"A","worst_variedad_8":"B","caracteristica_9":"Taste-(A/B/C)","best_variedad_9":"A","worst_variedad_9":"B","caracteristica_10":"Fodder_yield_potential-(A/B/C)","better_variedad_10":"A","worse_variedad_10":"B","caracteristica_11":"Overall_performance-(A/B/C)","best_variedad_11":"A","worst_variedad_11":"C","evaluation":"1"},
{"observadores":"asa_nus_mandla_kodo_2017_7","name_user":"Jhuniya bai","name_family":"Trilok Singh","village":"Kudopani","district":"Mandla","telephone":"9174325406","gender":"F","age":"24","location_longitude_seed_delivery_point":"80.005833","location_latitude_seed_delivery_point":"22.011388","location_altitude":"448","location_longitude":"80.00722","location_latitude":"22.01277","planting_date":"","harvest_date":"","irrigation":"No","fertilization":"No","slope":"Flat","soil_quality":"Good","soil_texture":"Loamy","soil_affected_by_salt":"No","how_much_did_it_rain_during_the_crop_season":"Average","how_was_the_rain":"Erratic","was_the_crop_season_warmer_or_colder_than_usual":"As usual","weight_of_all_yield_of_the_variety_a_in_kg":"0.165","weight_of_all_yield_of_the_variety_b_in_kg":"0.173","weight_of_all_yield_of_the_variety_c_in_kg":"0.241","from_the_3_varieties_which_one_would_you_like_to_grow_again":"C","codigo_paquetes":"package_asa_nus_mandla_kodo_2017_07","caracteristica_1":"Vigor-(A/B/C)","best_variedad_1":"C","worst_variedad_1":"A","caracteristica_2":"Plant_architecture(height)-(A/B/C)","best_variedad_2":"C","worst_variedad_2":"B","caracteristica_3":"Faster_maturity-(A/B/C)","best_variedad_3":"C","worst_variedad_3":"A","caracteristica_4":"Pest_resistance-(A/B/C)","best_variedad_4":"","worst_variedad_4":"","caracteristica_5":"Disease_resistance-(A/B/C)","best_variedad_5":"","worst_variedad_5":"","caracteristica_6":"Drought_resistance-(A/B/C)","best_variedad_6":"C","worst_variedad_6":"B","caracteristica_7":"Yield-(A/B/C)","best_variedad_7":"C","worst_variedad_7":"A","caracteristica_8":"Value_in_the_market-(A/B/C)","best_variedad_8":"C","worst_variedad_8":"B","caracteristica_9":"Taste-(A/B/C)","best_variedad_9":"C","worst_variedad_9":"B","caracteristica_10":"Fodder_yield_potential-(A/B/C)","better_variedad_10":"A","worse_variedad_10":"C","caracteristica_11":"Overall_performance-(A/B/C)","best_variedad_11":"C","worst_variedad_11":"A","evaluation":"1"},
{"observadores":"asa_nus_mandla_kodo_2017_8","name_user":"Bisso bai","name_family":"Devlal","village":"Tikraberpani","district":"Mandla","telephone":"7909990348","gender":"F","age":"31","location_longitude_seed_delivery_point":"80.005833","location_latitude_seed_delivery_point":"22.011388","location_altitude":"448","location_longitude":"80.00694","location_latitude":"22.01255","planting_date":"","harvest_date":"","irrigation":"No","fertilization":"No","slope":"Average","soil_quality":"Good","soil_texture":"Loamy","soil_affected_by_salt":"No","how_much_did_it_rain_during_the_crop_season":"Average","how_was_the_rain":"Erratic","was_the_crop_season_warmer_or_colder_than_usual":"As usual","weight_of_all_yield_of_the_variety_a_in_kg":"0.165","weight_of_all_yield_of_the_variety_b_in_kg":"0.173","weight_of_all_yield_of_the_variety_c_in_kg":"0.241","from_the_3_varieties_which_one_would_you_like_to_grow_again":"B","codigo_paquetes":"package_asa_nus_mandla_kodo_2017_08","caracteristica_1":"Vigor-(A/B/C)","best_variedad_1":"B","worst_variedad_1":"A","caracteristica_2":"Plant_architecture(height)-(A/B/C)","best_variedad_2":"C","worst_variedad_2":"B","caracteristica_3":"Faster_maturity-(A/B/C)","best_variedad_3":"B","worst_variedad_3":"A","caracteristica_4":"Pest_resistance-(A/B/C)","best_variedad_4":"","worst_variedad_4":"","caracteristica_5":"Disease_resistance-(A/B/C)","best_variedad_5":"","worst_variedad_5":"","caracteristica_6":"Drought_resistance-(A/B/C)","best_variedad_6":"B","worst_variedad_6":"C","caracteristica_7":"Yield-(A/B/C)","best_variedad_7":"B","worst_variedad_7":"A","caracteristica_8":"Value_in_the_market-(A/B/C)","best_variedad_8":"C","worst_variedad_8":"A","caracteristica_9":"Taste-(A/B/C)","best_variedad_9":"C","worst_variedad_9":"A","caracteristica_10":"Fodder_yield_potential-(A/B/C)","better_variedad_10":"C","worse_variedad_10":"A","caracteristica_11":"Overall_performance-(A/B/C)","best_variedad_11":"B","worst_variedad_11":"A","evaluation":"1"},
{"observadores":"asa_nus_mandla_kodo_2017_9","name_user":"Budhiya","name_family":"Murari","village":"Tikraberpani","district":"Mandla","telephone":"7909990348","gender":"F","age":"25","location_longitude_seed_delivery_point":"80.005833","location_latitude_seed_delivery_point":"22.011388","location_altitude":"448","location_longitude":"80.00694","location_latitude":"22.01525","planting_date":"","harvest_date":"","irrigation":"No","fertilization":"No","slope":"Average","soil_quality":"Good","soil_texture":"Loamy","soil_affected_by_salt":"No","how_much_did_it_rain_during_the_crop_season":"Average","how_was_the_rain":"Erratic","was_the_crop_season_warmer_or_colder_than_usual":"As usual","weight_of_all_yield_of_the_variety_a_in_kg":"0.183","weight_of_all_yield_of_the_variety_b_in_kg":"0.241","weight_of_all_yield_of_the_variety_c_in_kg":"0.22","from_the_3_varieties_which_one_would_you_like_to_grow_again":"B","codigo_paquetes":"package_asa_nus_mandla_kodo_2017_09","caracteristica_1":"Vigor-(A/B/C)","best_variedad_1":"B","worst_variedad_1":"A","caracteristica_2":"Plant_architecture(height)-(A/B/C)","best_variedad_2":"C","worst_variedad_2":"B","caracteristica_3":"Faster_maturity-(A/B/C)","best_variedad_3":"B","worst_variedad_3":"A","caracteristica_4":"Pest_resistance-(A/B/C)","best_variedad_4":"","worst_variedad_4":"","caracteristica_5":"Disease_resistance-(A/B/C)","best_variedad_5":"","worst_variedad_5":"","caracteristica_6":"Drought_resistance-(A/B/C)","best_variedad_6":"B","worst_variedad_6":"A","caracteristica_7":"Yield-(A/B/C)","best_variedad_7":"B","worst_variedad_7":"A","caracteristica_8":"Value_in_the_market-(A/B/C)","best_variedad_8":"B","worst_variedad_8":"C","caracteristica_9":"Taste-(A/B/C)","best_variedad_9":"C","worst_variedad_9":"A","caracteristica_10":"Fodder_yield_potential-(A/B/C)","better_variedad_10":"B","worse_variedad_10":"A","caracteristica_11":"Overall_performance-(A/B/C)","best_variedad_11":"B","worst_variedad_11":"A","evaluation":"1"}
]
