[
{"id_acumulado":1,"facilitador":"spsinghigkv@gmail.com","observadores":"gef_19_amb_bg_1","columna_cambio":"weight_of_all_yield_of_the_variety_a_in_kg","valor_cambio":"2.310"},
{"id_acumulado":2,"facilitador":"spsinghigkv@gmail.com","observadores":"gef_19_amb_bg_1","columna_cambio":"weight_of_all_yield_of_the_variety_b_in_kg","valor_cambio":"2.460"},
{"id_acumulado":3,"facilitador":"spsinghigkv@gmail.com","observadores":"gef_19_amb_bg_1","columna_cambio":"weight_of_all_yield_of_the_variety_c_in_kg","valor_cambio":"2.180"}
]
