[
{"codigo_paquetes":"package_gef_arid_au_pearl_millet_01","variedad_a":"DR-2","variedad_b":"Sundaram Local","variedad_c":"MBC-2"},
{"codigo_paquetes":"package_gef_arid_au_pearl_millet_02","variedad_a":"Mooch Wali Bajri","variedad_b":"CZP-9802","variedad_c":"Pili Bajri"},
{"codigo_paquetes":"package_gef_arid_au_pearl_millet_03","variedad_a":"Chanana Bajri","variedad_b":"Sulkhaniya Bajri","variedad_c":"Chadi Bajri"},
{"codigo_paquetes":"package_gef_arid_au_pearl_millet_04","variedad_a":"CZP-IC-923","variedad_b":"Chanana Bajri","variedad_c":"Jakhrana Local"},
{"codigo_paquetes":"package_gef_arid_au_pearl_millet_05","variedad_a":"CZP-9802","variedad_b":"MBC-2","variedad_c":"Sulkhaniya Bajri"},
{"codigo_paquetes":"package_gef_arid_au_pearl_millet_06","variedad_a":"Jakhrana Local","variedad_b":"Chadi Bajri","variedad_c":"Sundaram Local"},
{"codigo_paquetes":"package_gef_arid_au_pearl_millet_07","variedad_a":"Pili Bajri","variedad_b":"CZP-IC-923","variedad_c":"DR-2"},
{"codigo_paquetes":"package_gef_arid_au_pearl_millet_08","variedad_a":"Mooch Wali Bajri","variedad_b":"DR-2","variedad_c":"CZP-IC-923"},
{"codigo_paquetes":"package_gef_arid_au_pearl_millet_09","variedad_a":"Sulkhaniya Bajri","variedad_b":"Mooch Wali Bajri","variedad_c":"Chanana Bajri"},
{"codigo_paquetes":"package_gef_arid_au_pearl_millet_10","variedad_a":"Chadi Bajri","variedad_b":"Jakhrana Local","variedad_c":"Pili Bajri"},
{"codigo_paquetes":"package_gef_arid_au_pearl_millet_11","variedad_a":"Sundaram Local","variedad_b":"MBC-2","variedad_c":"CZP-9802"},
{"codigo_paquetes":"package_gef_arid_au_pearl_millet_12","variedad_a":"CZP-IC-923","variedad_b":"Jakhrana Local","variedad_c":"Mooch Wali Bajri"},
{"codigo_paquetes":"package_gef_arid_au_pearl_millet_13","variedad_a":"CZP-9802","variedad_b":"DR-2","variedad_c":"Sundaram Local"},
{"codigo_paquetes":"package_gef_arid_au_pearl_millet_14","variedad_a":"Chanana Bajri","variedad_b":"Pili Bajri","variedad_c":"Chadi Bajri"},
{"codigo_paquetes":"package_gef_arid_au_pearl_millet_15","variedad_a":"MBC-2","variedad_b":"Sulkhaniya Bajri","variedad_c":"DR-2"},
{"codigo_paquetes":"package_gef_arid_au_pearl_millet_16","variedad_a":"Mooch Wali Bajri","variedad_b":"CZP-9802","variedad_c":"CZP-IC-923"},
{"codigo_paquetes":"package_gef_arid_au_pearl_millet_17","variedad_a":"Jakhrana Local","variedad_b":"Chanana Bajri","variedad_c":"MBC-2"},
{"codigo_paquetes":"package_gef_arid_au_pearl_millet_18","variedad_a":"Sundaram Local","variedad_b":"Pili Bajri","variedad_c":"Chadi Bajri"},
{"codigo_paquetes":"package_gef_arid_au_pearl_millet_19","variedad_a":"Sulkhaniya Bajri","variedad_b":"CZP-9802","variedad_c":"Chanana Bajri"},
{"codigo_paquetes":"package_gef_arid_au_pearl_millet_20","variedad_a":"MBC-2","variedad_b":"Chadi Bajri","variedad_c":"Sulkhaniya Bajri"},
{"codigo_paquetes":"package_gef_arid_au_pearl_millet_21","variedad_a":"CZP-IC-923","variedad_b":"Sundaram Local","variedad_c":"Jakhrana Local"},
{"codigo_paquetes":"package_gef_arid_au_pearl_millet_22","variedad_a":"DR-2","variedad_b":"Chadi Bajri","variedad_c":"Mooch Wali Bajri"},
{"codigo_paquetes":"package_gef_arid_au_pearl_millet_23","variedad_a":"Pili Bajri","variedad_b":"DR-2","variedad_c":"CZP-9802"},
{"codigo_paquetes":"package_gef_arid_au_pearl_millet_24","variedad_a":"Sundaram Local","variedad_b":"Chanana Bajri","variedad_c":"MBC-2"},
{"codigo_paquetes":"package_gef_arid_au_pearl_millet_25","variedad_a":"Jakhrana Local","variedad_b":"CZP-IC-923","variedad_c":"Sulkhaniya Bajri"},
{"codigo_paquetes":"package_gef_arid_au_pearl_millet_26","variedad_a":"MBC-2","variedad_b":"Mooch Wali Bajri","variedad_c":"Pili Bajri"},
{"codigo_paquetes":"package_gef_arid_au_pearl_millet_27","variedad_a":"DR-2","variedad_b":"CZP-IC-923","variedad_c":"Chanana Bajri"},
{"codigo_paquetes":"package_gef_arid_au_pearl_millet_28","variedad_a":"Chadi Bajri","variedad_b":"Jakhrana Local","variedad_c":"CZP-9802"},
{"codigo_paquetes":"package_gef_arid_au_pearl_millet_29","variedad_a":"Sulkhaniya Bajri","variedad_b":"Mooch Wali Bajri","variedad_c":"Sundaram Local"},
{"codigo_paquetes":"package_gef_arid_au_pearl_millet_30","variedad_a":"CZP-9802","variedad_b":"Pili Bajri","variedad_c":"Chanana Bajri"},
{"codigo_paquetes":"package_gef_arid_au_pearl_millet_31","variedad_a":"Chadi Bajri","variedad_b":"MBC-2","variedad_c":"CZP-IC-923"},
{"codigo_paquetes":"package_gef_arid_au_pearl_millet_32","variedad_a":"Pili Bajri","variedad_b":"Sundaram Local","variedad_c":"Jakhrana Local"},
{"codigo_paquetes":"package_gef_arid_au_pearl_millet_33","variedad_a":"Mooch Wali Bajri","variedad_b":"Sulkhaniya Bajri","variedad_c":"DR-2"},
{"codigo_paquetes":"package_gef_arid_au_pearl_millet_34","variedad_a":"CZP-9802","variedad_b":"DR-2","variedad_c":"Chadi Bajri"},
{"codigo_paquetes":"package_gef_arid_au_pearl_millet_35","variedad_a":"Chanana Bajri","variedad_b":"CZP-IC-923","variedad_c":"Sundaram Local"},
{"codigo_paquetes":"package_gef_arid_au_pearl_millet_36","variedad_a":"Jakhrana Local","variedad_b":"MBC-2","variedad_c":"Sulkhaniya Bajri"},
{"codigo_paquetes":"package_gef_arid_au_pearl_millet_37","variedad_a":"CZP-IC-923","variedad_b":"Pili Bajri","variedad_c":"Mooch Wali Bajri"},
{"codigo_paquetes":"package_gef_arid_au_pearl_millet_38","variedad_a":"DR-2","variedad_b":"Chanana Bajri","variedad_c":"MBC-2"},
{"codigo_paquetes":"package_gef_arid_au_pearl_millet_39","variedad_a":"Sulkhaniya Bajri","variedad_b":"CZP-9802","variedad_c":"Jakhrana Local"},
{"codigo_paquetes":"package_gef_arid_au_pearl_millet_40","variedad_a":"Sundaram Local","variedad_b":"Chadi Bajri","variedad_c":"Mooch Wali Bajri"},
{"codigo_paquetes":"package_gef_arid_au_pearl_millet_41","variedad_a":"Pili Bajri","variedad_b":"CZP-9802","variedad_c":"CZP-IC-923"},
{"codigo_paquetes":"package_gef_arid_au_pearl_millet_42","variedad_a":"MBC-2","variedad_b":"Chadi Bajri","variedad_c":"Pili Bajri"},
{"codigo_paquetes":"package_gef_arid_au_pearl_millet_43","variedad_a":"Sundaram Local","variedad_b":"Jakhrana Local","variedad_c":"DR-2"},
{"codigo_paquetes":"package_gef_arid_au_pearl_millet_44","variedad_a":"Chanana Bajri","variedad_b":"Sulkhaniya Bajri","variedad_c":"CZP-IC-923"},
{"codigo_paquetes":"package_gef_arid_au_pearl_millet_45","variedad_a":"DR-2","variedad_b":"Mooch Wali Bajri","variedad_c":"Jakhrana Local"},
{"codigo_paquetes":"package_gef_arid_au_pearl_millet_46","variedad_a":"Chadi Bajri","variedad_b":"Chanana Bajri","variedad_c":"CZP-9802"},
{"codigo_paquetes":"package_gef_arid_au_pearl_millet_47","variedad_a":"Sulkhaniya Bajri","variedad_b":"Sundaram Local","variedad_c":"Pili Bajri"},
{"codigo_paquetes":"package_gef_arid_au_pearl_millet_48","variedad_a":"Mooch Wali Bajri","variedad_b":"CZP-IC-923","variedad_c":"MBC-2"},
{"codigo_paquetes":"package_gef_arid_au_pearl_millet_49","variedad_a":"Chanana Bajri","variedad_b":"Pili Bajri","variedad_c":"DR-2"},
{"codigo_paquetes":"package_gef_arid_au_pearl_millet_50","variedad_a":"Jakhrana Local","variedad_b":"MBC-2","variedad_c":"Chadi Bajri"},
{"codigo_paquetes":"package_gef_arid_au_pearl_millet_51","variedad_a":"CZP-9802","variedad_b":"Mooch Wali Bajri","variedad_c":"Sundaram Local"},
{"codigo_paquetes":"package_gef_arid_au_pearl_millet_52","variedad_a":"CZP-IC-923","variedad_b":"Sulkhaniya Bajri","variedad_c":"CZP-9802"},
{"codigo_paquetes":"package_gef_arid_au_pearl_millet_53","variedad_a":"MBC-2","variedad_b":"Jakhrana Local","variedad_c":"Pili Bajri"},
{"codigo_paquetes":"package_gef_arid_au_pearl_millet_54","variedad_a":"Chadi Bajri","variedad_b":"DR-2","variedad_c":"Sulkhaniya Bajri"},
{"codigo_paquetes":"package_gef_arid_au_pearl_millet_55","variedad_a":"Mooch Wali Bajri","variedad_b":"Sundaram Local","variedad_c":"Chanana Bajri"},
{"codigo_paquetes":"package_gef_arid_au_pearl_millet_56","variedad_a":"CZP-9802","variedad_b":"DR-2","variedad_c":"Jakhrana Local"},
{"codigo_paquetes":"package_gef_arid_au_pearl_millet_57","variedad_a":"CZP-IC-923","variedad_b":"Sundaram Local","variedad_c":"Chadi Bajri"},
{"codigo_paquetes":"package_gef_arid_au_pearl_millet_58","variedad_a":"Pili Bajri","variedad_b":"Sulkhaniya Bajri","variedad_c":"Mooch Wali Bajri"},
{"codigo_paquetes":"package_gef_arid_au_pearl_millet_59","variedad_a":"Chanana Bajri","variedad_b":"Mooch Wali Bajri","variedad_c":"MBC-2"},
{"codigo_paquetes":"package_gef_arid_au_pearl_millet_60","variedad_a":"DR-2","variedad_b":"Jakhrana Local","variedad_c":"Chanana Bajri"},
{"codigo_paquetes":"package_gef_arid_au_pearl_millet_61","variedad_a":"Pili Bajri","variedad_b":"Chadi Bajri","variedad_c":"CZP-IC-923"},
{"codigo_paquetes":"package_gef_arid_au_pearl_millet_62","variedad_a":"Sundaram Local","variedad_b":"CZP-9802","variedad_c":"Sulkhaniya Bajri"},
{"codigo_paquetes":"package_gef_arid_au_pearl_millet_63","variedad_a":"MBC-2","variedad_b":"CZP-IC-923","variedad_c":"CZP-9802"},
{"codigo_paquetes":"package_gef_arid_au_pearl_millet_64","variedad_a":"MBC-2","variedad_b":"Pili Bajri","variedad_c":"DR-2"},
{"codigo_paquetes":"package_gef_arid_au_pearl_millet_65","variedad_a":"Sulkhaniya Bajri","variedad_b":"Chadi Bajri","variedad_c":"Mooch Wali Bajri"},
{"codigo_paquetes":"package_gef_arid_au_pearl_millet_66","variedad_a":"Jakhrana Local","variedad_b":"Mooch Wali Bajri","variedad_c":"Sundaram Local"},
{"codigo_paquetes":"package_gef_arid_au_pearl_millet_67","variedad_a":"CZP-9802","variedad_b":"Chanana Bajri","variedad_c":"DR-2"},
{"codigo_paquetes":"package_gef_arid_au_pearl_millet_68","variedad_a":"CZP-IC-923","variedad_b":"MBC-2","variedad_c":"Sundaram Local"},
{"codigo_paquetes":"package_gef_arid_au_pearl_millet_69","variedad_a":"Jakhrana Local","variedad_b":"Sulkhaniya Bajri","variedad_c":"Pili Bajri"},
{"codigo_paquetes":"package_gef_arid_au_pearl_millet_70","variedad_a":"Chadi Bajri","variedad_b":"Chanana Bajri","variedad_c":"Mooch Wali Bajri"},
{"codigo_paquetes":"package_gef_arid_au_pearl_millet_71","variedad_a":"DR-2","variedad_b":"Jakhrana Local","variedad_c":"Chadi Bajri"},
{"codigo_paquetes":"package_gef_arid_au_pearl_millet_72","variedad_a":"Chanana Bajri","variedad_b":"Pili Bajri","variedad_c":"MBC-2"},
{"codigo_paquetes":"package_gef_arid_au_pearl_millet_73","variedad_a":"Chadi Bajri","variedad_b":"CZP-9802","variedad_c":"CZP-IC-923"},
{"codigo_paquetes":"package_gef_arid_au_pearl_millet_74","variedad_a":"Sundaram Local","variedad_b":"DR-2","variedad_c":"Sulkhaniya Bajri"},
{"codigo_paquetes":"package_gef_arid_au_pearl_millet_75","variedad_a":"Mooch Wali Bajri","variedad_b":"MBC-2","variedad_c":"CZP-9802"},
{"codigo_paquetes":"package_gef_arid_au_pearl_millet_76","variedad_a":"Sulkhaniya Bajri","variedad_b":"CZP-IC-923","variedad_c":"Pili Bajri"},
{"codigo_paquetes":"package_gef_arid_au_pearl_millet_77","variedad_a":"Pili Bajri","variedad_b":"Sundaram Local","variedad_c":"Chanana Bajri"},
{"codigo_paquetes":"package_gef_arid_au_pearl_millet_78","variedad_a":"CZP-9802","variedad_b":"Chanana Bajri","variedad_c":"Jakhrana Local"},
{"codigo_paquetes":"package_gef_arid_au_pearl_millet_79","variedad_a":"Mooch Wali Bajri","variedad_b":"Jakhrana Local","variedad_c":"MBC-2"},
{"codigo_paquetes":"package_gef_arid_au_pearl_millet_80","variedad_a":"CZP-IC-923","variedad_b":"DR-2","variedad_c":"Chadi Bajri"}
]
