[
{"codigo_paquetes":"package_gef_19_amb_milt_01","variedad_a":"Kodo ckt","variedad_b":"Bada Kodo ASA","variedad_c":"CG Kodo-2"},
{"codigo_paquetes":"package_gef_19_amb_milt_02","variedad_a":"Kali kutaki ASA","variedad_b":"Safed Kutaki ASA","variedad_c":"Jhabua Kodo"},
{"codigo_paquetes":"package_gef_19_amb_milt_03","variedad_a":"Jhabua Kutaki","variedad_b":"CG Kodo-2","variedad_c":"CG Kutaki-1"},
{"codigo_paquetes":"package_gef_19_amb_milt_04","variedad_a":"Chota Kodo ASA","variedad_b":"Kodo ckt","variedad_c":"Bada Kodo"},
{"codigo_paquetes":"package_gef_19_amb_milt_05","variedad_a":"CG Kodo-2","variedad_b":"CG Kutaki-2","variedad_c":"CG Kodo-1"},
{"codigo_paquetes":"package_gef_19_amb_milt_06","variedad_a":"Bada Kodo ASA","variedad_b":"CG Kutaki-1","variedad_c":"Jhabua Kutaki"},
{"codigo_paquetes":"package_gef_19_amb_milt_07","variedad_a":"Bada Kodo","variedad_b":"Jhabua Kodo","variedad_c":"Kali kutaki ASA"},
{"codigo_paquetes":"package_gef_19_amb_milt_08","variedad_a":"CG Kodo-1","variedad_b":"Chota Kodo ASA","variedad_c":"Kodo ckt"},
{"codigo_paquetes":"package_gef_19_amb_milt_09","variedad_a":"Safed Kutaki ASA","variedad_b":"Bada Kodo ASA","variedad_c":"CG Kutaki-2"},
{"codigo_paquetes":"package_gef_19_amb_milt_10","variedad_a":"Jhabua Kodo","variedad_b":"Jhabua Kutaki","variedad_c":"CG Kutaki-2"}
]
