[
{"codigo_paquetes":"package_cs_moth_bean_2020_auj_01","variedad_a":"IC-8851","variedad_b":"IC-33741","variedad_c":"IC-16218"},
{"codigo_paquetes":"package_cs_moth_bean_2020_auj_02","variedad_a":"Jhumka Moth","variedad_b":"IC-415143","variedad_c":"IC-8949"},
{"codigo_paquetes":"package_cs_moth_bean_2020_auj_03","variedad_a":"IC-8920","variedad_b":"IC-8975","variedad_c":"IC-11448"},
{"codigo_paquetes":"package_cs_moth_bean_2020_auj_04","variedad_a":"IC-35846","variedad_b":"IC-370476","variedad_c":"IC-22482"},
{"codigo_paquetes":"package_cs_moth_bean_2020_auj_05","variedad_a":"IC-9103","variedad_b":"IC-370533","variedad_c":"IC-10144"},
{"codigo_paquetes":"package_cs_moth_bean_2020_auj_06","variedad_a":"IC-11358","variedad_b":"IC-8858","variedad_c":"IC-10153"},
{"codigo_paquetes":"package_cs_moth_bean_2020_auj_07","variedad_a":"IC-34253","variedad_b":"IC-415149","variedad_c":"IC-8975"},
{"codigo_paquetes":"package_cs_moth_bean_2020_auj_08","variedad_a":"IC-3587","variedad_b":"IC-10144","variedad_c":"IC-33702"},
{"codigo_paquetes":"package_cs_moth_bean_2020_auj_09","variedad_a":"IC-983","variedad_b":"IC-35846","variedad_c":"IC-14149"},
{"codigo_paquetes":"package_cs_moth_bean_2020_auj_10","variedad_a":"IC-34249","variedad_b":"IC-8851","variedad_c":"IC-415143"},
{"codigo_paquetes":"package_cs_moth_bean_2020_auj_11","variedad_a":"IC-11448","variedad_b":"IC-22482","variedad_c":"IC-33741"},
{"codigo_paquetes":"package_cs_moth_bean_2020_auj_12","variedad_a":"IC-370533","variedad_b":"IC-16218","variedad_c":"IC-370476"},
{"codigo_paquetes":"package_cs_moth_bean_2020_auj_13","variedad_a":"IC-11358","variedad_b":"IC-34253","variedad_c":"IC-9103"},
{"codigo_paquetes":"package_cs_moth_bean_2020_auj_14","variedad_a":"IC-8858","variedad_b":"IC-14149","variedad_c":"IC-8920"},
{"codigo_paquetes":"package_cs_moth_bean_2020_auj_15","variedad_a":"IC-10153","variedad_b":"IC-8949","variedad_c":"IC-3587"},
{"codigo_paquetes":"package_cs_moth_bean_2020_auj_16","variedad_a":"Jhumka Moth","variedad_b":"IC-983","variedad_c":"IC-8851"},
{"codigo_paquetes":"package_cs_moth_bean_2020_auj_17","variedad_a":"IC-370476","variedad_b":"IC-34249","variedad_c":"IC-415149"},
{"codigo_paquetes":"package_cs_moth_bean_2020_auj_18","variedad_a":"IC-22482","variedad_b":"IC-33702","variedad_c":"IC-34253"},
{"codigo_paquetes":"package_cs_moth_bean_2020_auj_19","variedad_a":"IC-8949","variedad_b":"IC-16218","variedad_c":"IC-35846"},
{"codigo_paquetes":"package_cs_moth_bean_2020_auj_20","variedad_a":"IC-983","variedad_b":"IC-11448","variedad_c":"IC-11358"},
{"codigo_paquetes":"package_cs_moth_bean_2020_auj_21","variedad_a":"IC-33741","variedad_b":"IC-8975","variedad_c":"IC-10144"},
{"codigo_paquetes":"package_cs_moth_bean_2020_auj_22","variedad_a":"IC-33702","variedad_b":"IC-9103","variedad_c":"Jhumka Moth"},
{"codigo_paquetes":"package_cs_moth_bean_2020_auj_23","variedad_a":"IC-415143","variedad_b":"IC-14149","variedad_c":"IC-370533"},
{"codigo_paquetes":"package_cs_moth_bean_2020_auj_24","variedad_a":"IC-35846","variedad_b":"IC-8920","variedad_c":"IC-3587"},
{"codigo_paquetes":"package_cs_moth_bean_2020_auj_25","variedad_a":"IC-33741","variedad_b":"IC-10153","variedad_c":"IC-34249"},
{"codigo_paquetes":"package_cs_moth_bean_2020_auj_26","variedad_a":"IC-415149","variedad_b":"IC-3587","variedad_c":"IC-8851"},
{"codigo_paquetes":"package_cs_moth_bean_2020_auj_27","variedad_a":"IC-8975","variedad_b":"IC-8949","variedad_c":"IC-8858"},
{"codigo_paquetes":"package_cs_moth_bean_2020_auj_28","variedad_a":"IC-10153","variedad_b":"IC-370533","variedad_c":"IC-983"},
{"codigo_paquetes":"package_cs_moth_bean_2020_auj_29","variedad_a":"IC-10144","variedad_b":"IC-415143","variedad_c":"IC-22482"},
{"codigo_paquetes":"package_cs_moth_bean_2020_auj_30","variedad_a":"IC-16218","variedad_b":"Jhumka Moth","variedad_c":"IC-8920"},
{"codigo_paquetes":"package_cs_moth_bean_2020_auj_31","variedad_a":"IC-8858","variedad_b":"IC-33702","variedad_c":"IC-370476"},
{"codigo_paquetes":"package_cs_moth_bean_2020_auj_32","variedad_a":"IC-34249","variedad_b":"IC-34253","variedad_c":"IC-8949"},
{"codigo_paquetes":"package_cs_moth_bean_2020_auj_33","variedad_a":"IC-370533","variedad_b":"IC-415149","variedad_c":"IC-11448"},
{"codigo_paquetes":"package_cs_moth_bean_2020_auj_34","variedad_a":"IC-8920","variedad_b":"IC-34249","variedad_c":"IC-9103"},
{"codigo_paquetes":"package_cs_moth_bean_2020_auj_35","variedad_a":"IC-10144","variedad_b":"IC-11358","variedad_c":"IC-16218"},
{"codigo_paquetes":"package_cs_moth_bean_2020_auj_36","variedad_a":"IC-14149","variedad_b":"IC-22482","variedad_c":"IC-34253"},
{"codigo_paquetes":"package_cs_moth_bean_2020_auj_37","variedad_a":"IC-8975","variedad_b":"IC-11448","variedad_c":"Jhumka Moth"},
{"codigo_paquetes":"package_cs_moth_bean_2020_auj_38","variedad_a":"IC-33702","variedad_b":"IC-8851","variedad_c":"IC-14149"},
{"codigo_paquetes":"package_cs_moth_bean_2020_auj_39","variedad_a":"IC-415143","variedad_b":"IC-11358","variedad_c":"IC-35846"},
{"codigo_paquetes":"package_cs_moth_bean_2020_auj_40","variedad_a":"IC-370476","variedad_b":"IC-33741","variedad_c":"IC-415149"}
]
