[
{"codigo_paquetes":"package_final_mvda_madua_kharif_2019_1","variedad_a":"AMS 97","variedad_b":"AMS 125","variedad_c":"AMS 173"},
{"codigo_paquetes":"package_final_mvda_madua_kharif_2019_2","variedad_a":"AMS 46","variedad_b":"AMS 180","variedad_c":"VL 347"},
{"codigo_paquetes":"package_final_mvda_madua_kharif_2019_3","variedad_a":"AMS 89","variedad_b":"AMS 150","variedad_c":"VL 348"},
{"codigo_paquetes":"package_final_mvda_madua_kharif_2019_4","variedad_a":"AMS 92","variedad_b":"AMS 136","variedad_c":"Local"},
{"codigo_paquetes":"package_final_mvda_madua_kharif_2019_5","variedad_a":"AMS 67","variedad_b":"VL 352","variedad_c":"VL 376"}
]
