[
{"codigo_paquetes":"package_final_mvda_cholai_kharif_2019_01","variedad_a":"IC-326898","variedad_b":"KBGA-12","variedad_c":"ANNAPURNA"},
{"codigo_paquetes":"package_final_mvda_cholai_kharif_2019_02","variedad_a":"IC-313273","variedad_b":"KBGA-14","variedad_c":"DURGA"},
{"codigo_paquetes":"package_final_mvda_cholai_kharif_2019_03","variedad_a":"IC-341505","variedad_b":"KBGA-6","variedad_c":"VL-44"},
{"codigo_paquetes":"package_final_mvda_cholai_kharif_2019_04","variedad_a":"IC-361853","variedad_b":"KBGA-7","variedad_c":"PRA-2"},
{"codigo_paquetes":"package_final_mvda_cholai_kharif_2019_05","variedad_a":"KBGA-13","variedad_b":"ANNAPURNA","variedad_c":"PRA-3"},
{"codigo_paquetes":"package_final_mvda_cholai_kharif_2019_06","variedad_a":"KBGA-6","variedad_b":"DURGA","variedad_c":"IC-362199"},
{"codigo_paquetes":"package_final_mvda_cholai_kharif_2019_07","variedad_a":"KBGA-14","variedad_b":"PRA-2","variedad_c":"KBGA-13"},
{"codigo_paquetes":"package_final_mvda_cholai_kharif_2019_08","variedad_a":"KBGA-7","variedad_b":"IC-361853","variedad_c":"IC-313273"},
{"codigo_paquetes":"package_final_mvda_cholai_kharif_2019_09","variedad_a":"KBGA-12","variedad_b":"IC-362199","variedad_c":"IC-326898"},
{"codigo_paquetes":"package_final_mvda_cholai_kharif_2019_10","variedad_a":"PRA-3","variedad_b":"VL-44","variedad_c":"IC-341505"}
]
