[
{"codigo_paquetes":"package_gef_arid_auj_gram_01","variedad_a":"IC-83554","variedad_b":"IC-83603","variedad_c":"IC-83531"},
{"codigo_paquetes":"package_gef_arid_auj_gram_02","variedad_a":"IC-83614","variedad_b":"IC-116307","variedad_c":"IC-116345"},
{"codigo_paquetes":"package_gef_arid_auj_gram_03","variedad_a":"IC-83559","variedad_b":"IC-83734","variedad_c":"IC-116363"},
{"codigo_paquetes":"package_gef_arid_auj_gram_04","variedad_a":"IC-83494","variedad_b":"IC-83527","variedad_c":"IC-116341"},
{"codigo_paquetes":"package_gef_arid_auj_gram_05","variedad_a":"IC-83531","variedad_b":"IC-116345","variedad_c":"IC-83614"},
{"codigo_paquetes":"package_gef_arid_auj_gram_06","variedad_a":"IC-116307","variedad_b":"IC-83494","variedad_c":"IC-83559"},
{"codigo_paquetes":"package_gef_arid_auj_gram_07","variedad_a":"IC-83603","variedad_b":"IC-116341","variedad_c":"IC-83554"},
{"codigo_paquetes":"package_gef_arid_auj_gram_08","variedad_a":"IC-83527","variedad_b":"IC-116363","variedad_c":"IC-83734"},
{"codigo_paquetes":"package_gef_arid_auj_gram_09","variedad_a":"IC-116345","variedad_b":"IC-83614","variedad_c":"IC-116341"},
{"codigo_paquetes":"package_gef_arid_auj_gram_10","variedad_a":"IC-83734","variedad_b":"IC-83554","variedad_c":"IC-83531"},
{"codigo_paquetes":"package_gef_arid_auj_gram_11","variedad_a":"IC-83527","variedad_b":"IC-83559","variedad_c":"IC-116307"},
{"codigo_paquetes":"package_gef_arid_auj_gram_12","variedad_a":"IC-116363","variedad_b":"IC-83494","variedad_c":"IC-83603"},
{"codigo_paquetes":"package_gef_arid_auj_gram_13","variedad_a":"IC-116341","variedad_b":"IC-83734","variedad_c":"IC-116363"},
{"codigo_paquetes":"package_gef_arid_auj_gram_14","variedad_a":"IC-83554","variedad_b":"IC-83531","variedad_c":"IC-116345"},
{"codigo_paquetes":"package_gef_arid_auj_gram_15","variedad_a":"IC-83494","variedad_b":"IC-83559","variedad_c":"IC-83527"}
]
