[
{"codigo_paquetes":"package_prem_ifad_asa_kutki_2017_001","variedad_a":"A","variedad_b":"C","variedad_c":"D"},
{"codigo_paquetes":"package_prem_ifad_asa_kutki_2017_002","variedad_a":"B","variedad_b":"D","variedad_c":"A"},
{"codigo_paquetes":"package_prem_ifad_asa_kutki_2017_003","variedad_a":"C","variedad_b":"A","variedad_c":"B"},
{"codigo_paquetes":"package_prem_ifad_asa_kutki_2017_004","variedad_a":"D","variedad_b":"B","variedad_c":"C"},
{"codigo_paquetes":"package_prem_ifad_asa_kutki_2017_005","variedad_a":"A","variedad_b":"B","variedad_c":"D"},
{"codigo_paquetes":"package_prem_ifad_asa_kutki_2017_006","variedad_a":"B","variedad_b":"A","variedad_c":"C"},
{"codigo_paquetes":"package_prem_ifad_asa_kutki_2017_007","variedad_a":"C","variedad_b":"D","variedad_c":"A"},
{"codigo_paquetes":"package_prem_ifad_asa_kutki_2017_008","variedad_a":"D","variedad_b":"C","variedad_c":"B"},
{"codigo_paquetes":"package_prem_ifad_asa_kutki_2017_009","variedad_a":"A","variedad_b":"C","variedad_c":"D"},
{"codigo_paquetes":"package_prem_ifad_asa_kutki_2017_010","variedad_a":"B","variedad_b":"D","variedad_c":"A"},
{"codigo_paquetes":"package_prem_ifad_asa_kutki_2017_011","variedad_a":"D","variedad_b":"B","variedad_c":"C"},
{"codigo_paquetes":"package_prem_ifad_asa_kutki_2017_012","variedad_a":"C","variedad_b":"A","variedad_c":"B"},
{"codigo_paquetes":"package_prem_ifad_asa_kutki_2017_013","variedad_a":"B","variedad_b":"C","variedad_c":"D"},
{"codigo_paquetes":"package_prem_ifad_asa_kutki_2017_014","variedad_a":"A","variedad_b":"B","variedad_c":"C"},
{"codigo_paquetes":"package_prem_ifad_asa_kutki_2017_015","variedad_a":"D","variedad_b":"A","variedad_c":"B"},
{"codigo_paquetes":"package_prem_ifad_asa_kutki_2017_016","variedad_a":"C","variedad_b":"D","variedad_c":"A"},
{"codigo_paquetes":"package_prem_ifad_asa_kutki_2017_017","variedad_a":"A","variedad_b":"B","variedad_c":"C"},
{"codigo_paquetes":"package_prem_ifad_asa_kutki_2017_018","variedad_a":"B","variedad_b":"A","variedad_c":"D"},
{"codigo_paquetes":"package_prem_ifad_asa_kutki_2017_019","variedad_a":"C","variedad_b":"D","variedad_c":"A"},
{"codigo_paquetes":"package_prem_ifad_asa_kutki_2017_020","variedad_a":"D","variedad_b":"C","variedad_c":"B"},
{"codigo_paquetes":"package_prem_ifad_asa_kutki_2017_021","variedad_a":"A","variedad_b":"C","variedad_c":"D"},
{"codigo_paquetes":"package_prem_ifad_asa_kutki_2017_022","variedad_a":"B","variedad_b":"A","variedad_c":"C"},
{"codigo_paquetes":"package_prem_ifad_asa_kutki_2017_023","variedad_a":"D","variedad_b":"B","variedad_c":"A"},
{"codigo_paquetes":"package_prem_ifad_asa_kutki_2017_024","variedad_a":"C","variedad_b":"D","variedad_c":"B"},
{"codigo_paquetes":"package_prem_ifad_asa_kutki_2017_025","variedad_a":"A","variedad_b":"B","variedad_c":"D"},
{"codigo_paquetes":"package_prem_ifad_asa_kutki_2017_026","variedad_a":"B","variedad_b":"D","variedad_c":"C"},
{"codigo_paquetes":"package_prem_ifad_asa_kutki_2017_027","variedad_a":"D","variedad_b":"C","variedad_c":"A"},
{"codigo_paquetes":"package_prem_ifad_asa_kutki_2017_028","variedad_a":"C","variedad_b":"A","variedad_c":"B"},
{"codigo_paquetes":"package_prem_ifad_asa_kutki_2017_029","variedad_a":"A","variedad_b":"B","variedad_c":"C"},
{"codigo_paquetes":"package_prem_ifad_asa_kutki_2017_030","variedad_a":"C","variedad_b":"A","variedad_c":"D"},
{"codigo_paquetes":"package_prem_ifad_asa_kutki_2017_031","variedad_a":"D","variedad_b":"C","variedad_c":"B"},
{"codigo_paquetes":"package_prem_ifad_asa_kutki_2017_032","variedad_a":"B","variedad_b":"D","variedad_c":"A"},
{"codigo_paquetes":"package_prem_ifad_asa_kutki_2017_033","variedad_a":"A","variedad_b":"C","variedad_c":"D"},
{"codigo_paquetes":"package_prem_ifad_asa_kutki_2017_034","variedad_a":"B","variedad_b":"A","variedad_c":"C"},
{"codigo_paquetes":"package_prem_ifad_asa_kutki_2017_035","variedad_a":"C","variedad_b":"D","variedad_c":"B"},
{"codigo_paquetes":"package_prem_ifad_asa_kutki_2017_036","variedad_a":"D","variedad_b":"B","variedad_c":"A"},
{"codigo_paquetes":"package_prem_ifad_asa_kutki_2017_037","variedad_a":"B","variedad_b":"C","variedad_c":"D"},
{"codigo_paquetes":"package_prem_ifad_asa_kutki_2017_038","variedad_a":"A","variedad_b":"D","variedad_c":"C"},
{"codigo_paquetes":"package_prem_ifad_asa_kutki_2017_039","variedad_a":"C","variedad_b":"A","variedad_c":"B"},
{"codigo_paquetes":"package_prem_ifad_asa_kutki_2017_040","variedad_a":"D","variedad_b":"B","variedad_c":"A"},
{"codigo_paquetes":"package_prem_ifad_asa_kutki_2017_041","variedad_a":"A","variedad_b":"C","variedad_c":"D"},
{"codigo_paquetes":"package_prem_ifad_asa_kutki_2017_042","variedad_a":"B","variedad_b":"D","variedad_c":"C"},
{"codigo_paquetes":"package_prem_ifad_asa_kutki_2017_043","variedad_a":"C","variedad_b":"A","variedad_c":"B"},
{"codigo_paquetes":"package_prem_ifad_asa_kutki_2017_044","variedad_a":"D","variedad_b":"B","variedad_c":"A"},
{"codigo_paquetes":"package_prem_ifad_asa_kutki_2017_045","variedad_a":"A","variedad_b":"C","variedad_c":"D"},
{"codigo_paquetes":"package_prem_ifad_asa_kutki_2017_046","variedad_a":"B","variedad_b":"D","variedad_c":"C"},
{"codigo_paquetes":"package_prem_ifad_asa_kutki_2017_047","variedad_a":"C","variedad_b":"A","variedad_c":"B"},
{"codigo_paquetes":"package_prem_ifad_asa_kutki_2017_048","variedad_a":"D","variedad_b":"B","variedad_c":"A"},
{"codigo_paquetes":"package_prem_ifad_asa_kutki_2017_049","variedad_a":"A","variedad_b":"C","variedad_c":"D"},
{"codigo_paquetes":"package_prem_ifad_asa_kutki_2017_050","variedad_a":"B","variedad_b":"A","variedad_c":"C"},
{"codigo_paquetes":"package_prem_ifad_asa_kutki_2017_051","variedad_a":"C","variedad_b":"D","variedad_c":"B"},
{"codigo_paquetes":"package_prem_ifad_asa_kutki_2017_052","variedad_a":"D","variedad_b":"B","variedad_c":"A"},
{"codigo_paquetes":"package_prem_ifad_asa_kutki_2017_053","variedad_a":"A","variedad_b":"C","variedad_c":"D"},
{"codigo_paquetes":"package_prem_ifad_asa_kutki_2017_054","variedad_a":"B","variedad_b":"D","variedad_c":"C"},
{"codigo_paquetes":"package_prem_ifad_asa_kutki_2017_055","variedad_a":"C","variedad_b":"A","variedad_c":"B"},
{"codigo_paquetes":"package_prem_ifad_asa_kutki_2017_056","variedad_a":"D","variedad_b":"B","variedad_c":"A"},
{"codigo_paquetes":"package_prem_ifad_asa_kutki_2017_057","variedad_a":"A","variedad_b":"C","variedad_c":"D"},
{"codigo_paquetes":"package_prem_ifad_asa_kutki_2017_058","variedad_a":"B","variedad_b":"D","variedad_c":"C"},
{"codigo_paquetes":"package_prem_ifad_asa_kutki_2017_059","variedad_a":"C","variedad_b":"A","variedad_c":"B"},
{"codigo_paquetes":"package_prem_ifad_asa_kutki_2017_060","variedad_a":"D","variedad_b":"B","variedad_c":"A"},
{"codigo_paquetes":"package_prem_ifad_asa_kutki_2017_061","variedad_a":"A","variedad_b":"C","variedad_c":"D"},
{"codigo_paquetes":"package_prem_ifad_asa_kutki_2017_062","variedad_a":"B","variedad_b":"D","variedad_c":"C"},
{"codigo_paquetes":"package_prem_ifad_asa_kutki_2017_063","variedad_a":"C","variedad_b":"A","variedad_c":"B"},
{"codigo_paquetes":"package_prem_ifad_asa_kutki_2017_064","variedad_a":"D","variedad_b":"B","variedad_c":"A"},
{"codigo_paquetes":"package_prem_ifad_asa_kutki_2017_065","variedad_a":"A","variedad_b":"C","variedad_c":"D"},
{"codigo_paquetes":"package_prem_ifad_asa_kutki_2017_066","variedad_a":"B","variedad_b":"D","variedad_c":"C"},
{"codigo_paquetes":"package_prem_ifad_asa_kutki_2017_067","variedad_a":"C","variedad_b":"A","variedad_c":"B"},
{"codigo_paquetes":"package_prem_ifad_asa_kutki_2017_068","variedad_a":"D","variedad_b":"B","variedad_c":"A"},
{"codigo_paquetes":"package_prem_ifad_asa_kutki_2017_069","variedad_a":"A","variedad_b":"C","variedad_c":"D"},
{"codigo_paquetes":"package_prem_ifad_asa_kutki_2017_070","variedad_a":"B","variedad_b":"D","variedad_c":"C"},
{"codigo_paquetes":"package_prem_ifad_asa_kutki_2017_071","variedad_a":"C","variedad_b":"A","variedad_c":"B"},
{"codigo_paquetes":"package_prem_ifad_asa_kutki_2017_072","variedad_a":"D","variedad_b":"B","variedad_c":"A"},
{"codigo_paquetes":"package_prem_ifad_asa_kutki_2017_073","variedad_a":"A","variedad_b":"C","variedad_c":"D"},
{"codigo_paquetes":"package_prem_ifad_asa_kutki_2017_074","variedad_a":"B","variedad_b":"A","variedad_c":"C"},
{"codigo_paquetes":"package_prem_ifad_asa_kutki_2017_075","variedad_a":"C","variedad_b":"D","variedad_c":"B"},
{"codigo_paquetes":"package_prem_ifad_asa_kutki_2017_076","variedad_a":"D","variedad_b":"B","variedad_c":"A"},
{"codigo_paquetes":"package_prem_ifad_asa_kutki_2017_077","variedad_a":"A","variedad_b":"C","variedad_c":"D"},
{"codigo_paquetes":"package_prem_ifad_asa_kutki_2017_078","variedad_a":"B","variedad_b":"D","variedad_c":"C"},
{"codigo_paquetes":"package_prem_ifad_asa_kutki_2017_079","variedad_a":"C","variedad_b":"A","variedad_c":"B"},
{"codigo_paquetes":"package_prem_ifad_asa_kutki_2017_080","variedad_a":"D","variedad_b":"B","variedad_c":"A"},
{"codigo_paquetes":"package_prem_ifad_asa_kutki_2017_081","variedad_a":"A","variedad_b":"C","variedad_c":"D"},
{"codigo_paquetes":"package_prem_ifad_asa_kutki_2017_082","variedad_a":"B","variedad_b":"A","variedad_c":"C"},
{"codigo_paquetes":"package_prem_ifad_asa_kutki_2017_083","variedad_a":"C","variedad_b":"D","variedad_c":"B"},
{"codigo_paquetes":"package_prem_ifad_asa_kutki_2017_084","variedad_a":"D","variedad_b":"B","variedad_c":"A"},
{"codigo_paquetes":"package_prem_ifad_asa_kutki_2017_085","variedad_a":"A","variedad_b":"C","variedad_c":"D"},
{"codigo_paquetes":"package_prem_ifad_asa_kutki_2017_086","variedad_a":"B","variedad_b":"A","variedad_c":"C"},
{"codigo_paquetes":"package_prem_ifad_asa_kutki_2017_087","variedad_a":"C","variedad_b":"D","variedad_c":"B"},
{"codigo_paquetes":"package_prem_ifad_asa_kutki_2017_088","variedad_a":"D","variedad_b":"B","variedad_c":"A"},
{"codigo_paquetes":"package_prem_ifad_asa_kutki_2017_089","variedad_a":"A","variedad_b":"C","variedad_c":"D"},
{"codigo_paquetes":"package_prem_ifad_asa_kutki_2017_090","variedad_a":"B","variedad_b":"A","variedad_c":"C"},
{"codigo_paquetes":"package_prem_ifad_asa_kutki_2017_091","variedad_a":"C","variedad_b":"D","variedad_c":"B"},
{"codigo_paquetes":"package_prem_ifad_asa_kutki_2017_092","variedad_a":"D","variedad_b":"B","variedad_c":"A"},
{"codigo_paquetes":"package_prem_ifad_asa_kutki_2017_093","variedad_a":"A","variedad_b":"C","variedad_c":"D"},
{"codigo_paquetes":"package_prem_ifad_asa_kutki_2017_094","variedad_a":"B","variedad_b":"D","variedad_c":"C"},
{"codigo_paquetes":"package_prem_ifad_asa_kutki_2017_095","variedad_a":"C","variedad_b":"A","variedad_c":"B"},
{"codigo_paquetes":"package_prem_ifad_asa_kutki_2017_096","variedad_a":"D","variedad_b":"B","variedad_c":"A"},
{"codigo_paquetes":"package_prem_ifad_asa_kutki_2017_097","variedad_a":"A","variedad_b":"C","variedad_c":"D"},
{"codigo_paquetes":"package_prem_ifad_asa_kutki_2017_098","variedad_a":"B","variedad_b":"D","variedad_c":"C"},
{"codigo_paquetes":"package_prem_ifad_asa_kutki_2017_099","variedad_a":"C","variedad_b":"A","variedad_c":"B"},
{"codigo_paquetes":"package_prem_ifad_asa_kutki_2017_100","variedad_a":"D","variedad_b":"B","variedad_c":"A"}
]
