[
{"codigo_paquetes":"package_kh20son_pp_01","variedad_a":"2. Deshi Arhar-77","variedad_b":"7. Deshi Arhar-35","variedad_c":"16. Deshi Lal Arhar CKT"},
{"codigo_paquetes":"package_kh20son_pp_02","variedad_a":"3. Beej Arhar-2","variedad_b":"11. Rajive Lochan","variedad_c":"14. Jhabua Chota Arhar"},
{"codigo_paquetes":"package_kh20son_pp_03","variedad_a":"4. Vananchal Krishak Samuh Arhar-1","variedad_b":"8. Nikhil Arhar-24","variedad_c":"9. Makadi Arhar"},
{"codigo_paquetes":"package_kh20son_pp_04","variedad_a":"1. Lafra Arhar","variedad_b":"10. CG Arhar-1","variedad_c":"15. Deshi Balaodha Arhar"},
{"codigo_paquetes":"package_kh20son_pp_05","variedad_a":"5. Dal Arhar","variedad_b":"4. Vananchal Krishak Samuh Arhar-1","variedad_c":"12. Chaitahi Arhar"},
{"codigo_paquetes":"package_kh20son_pp_06","variedad_a":"9. Makadi Arhar","variedad_b":"14. Jhabua Chota Arhar","variedad_c":"13. Jhabua Bada Arhar"},
{"codigo_paquetes":"package_kh20son_pp_07","variedad_a":"6. Beej Arhar-7 Safed","variedad_b":"12. Chaitahi Arhar","variedad_c":"10. CG Arhar-1"},
{"codigo_paquetes":"package_kh20son_pp_08","variedad_a":"13. Jhabua Bada Arhar","variedad_b":"16. Deshi Lal Arhar CKT","variedad_c":"8. Nikhil Arhar-24"},
{"codigo_paquetes":"package_kh20son_pp_09","variedad_a":"15. Deshi Balaodha Arhar","variedad_b":"3. Beej Arhar-2","variedad_c":"6. Beej Arhar-7 Safed"},
{"codigo_paquetes":"package_kh20son_pp_10","variedad_a":"7. Deshi Arhar-35","variedad_b":"1. Lafra Arhar","variedad_c":"2. Deshi Arhar-77"},
{"codigo_paquetes":"package_kh20son_pp_11","variedad_a":"10. CG Arhar-1","variedad_b":"15. Deshi Balaodha Arhar","variedad_c":"11. Rajive Lochan"},
{"codigo_paquetes":"package_kh20son_pp_12","variedad_a":"12. Chaitahi Arhar","variedad_b":"5. Dal Arhar","variedad_c":"1. Lafra Arhar"},
{"codigo_paquetes":"package_kh20son_pp_13","variedad_a":"11. Rajive Lochan","variedad_b":"2. Deshi Arhar-77","variedad_c":"16. Deshi Lal Arhar CKT"},
{"codigo_paquetes":"package_kh20son_pp_14","variedad_a":"8. Nikhil Arhar-24","variedad_b":"3. Beej Arhar-2","variedad_c":"4. Vananchal Krishak Samuh Arhar-1"},
{"codigo_paquetes":"package_kh20son_pp_15","variedad_a":"14. Jhabua Chota Arhar","variedad_b":"10. CG Arhar-1","variedad_c":"5. Dal Arhar"},
{"codigo_paquetes":"package_kh20son_pp_16","variedad_a":"5. Dal Arhar","variedad_b":"6. Beej Arhar-7 Safed","variedad_c":"3. Beej Arhar-2"},
{"codigo_paquetes":"package_kh20son_pp_17","variedad_a":"14. Jhabua Chota Arhar","variedad_b":"15. Deshi Balaodha Arhar","variedad_c":"7. Deshi Arhar-35"},
{"codigo_paquetes":"package_kh20son_pp_18","variedad_a":"1. Lafra Arhar","variedad_b":"9. Makadi Arhar","variedad_c":"5. Dal Arhar"},
{"codigo_paquetes":"package_kh20son_pp_19","variedad_a":"3. Beej Arhar-2","variedad_b":"13. Jhabua Bada Arhar","variedad_c":"11. Rajive Lochan"},
{"codigo_paquetes":"package_kh20son_pp_20","variedad_a":"16. Deshi Lal Arhar CKT","variedad_b":"2. Deshi Arhar-77","variedad_c":"8. Nikhil Arhar-24"},
{"codigo_paquetes":"package_kh20son_pp_21","variedad_a":"4. Vananchal Krishak Samuh Arhar-1","variedad_b":"16. Deshi Lal Arhar CKT","variedad_c":"6. Beej Arhar-7 Safed"},
{"codigo_paquetes":"package_kh20son_pp_22","variedad_a":"7. Deshi Arhar-35","variedad_b":"1. Lafra Arhar","variedad_c":"12. Chaitahi Arhar"},
{"codigo_paquetes":"package_kh20son_pp_23","variedad_a":"2. Deshi Arhar-77","variedad_b":"9. Makadi Arhar","variedad_c":"15. Deshi Balaodha Arhar"},
{"codigo_paquetes":"package_kh20son_pp_24","variedad_a":"12. Chaitahi Arhar","variedad_b":"13. Jhabua Bada Arhar","variedad_c":"14. Jhabua Chota Arhar"},
{"codigo_paquetes":"package_kh20son_pp_25","variedad_a":"8. Nikhil Arhar-24","variedad_b":"11. Rajive Lochan","variedad_c":"10. CG Arhar-1"}
]
