[
{"codigo_paquetes":"package_kidney_bean_bush_unepgef_mandi_01","variedad_a":"Ropa Local Rajmah","variedad_b":"Kalpa Local","variedad_c":"Leo Local"},
{"codigo_paquetes":"package_kidney_bean_bush_unepgef_mandi_02","variedad_a":"Leo Local","variedad_b":"Gebung Lal Rajmash","variedad_c":"Ribba Local"},
{"codigo_paquetes":"package_kidney_bean_bush_unepgef_mandi_03","variedad_a":"Kalpa Local","variedad_b":"Ribba Local","variedad_c":"Ropa Local Rajmah"},
{"codigo_paquetes":"package_kidney_bean_bush_unepgef_mandi_04","variedad_a":"Gebung Lal Rajmash","variedad_b":"Ropa Local Rajmah","variedad_c":"Kalpa Local"},
{"codigo_paquetes":"package_kidney_bean_bush_unepgef_mandi_05","variedad_a":"Ribba Local","variedad_b":"Leo Local","variedad_c":"Gebung Lal Rajmash"},
{"codigo_paquetes":"package_kidney_bean_bush_unepgef_mandi_06","variedad_a":"Kalpa Local","variedad_b":"Gebung Lal Rajmash","variedad_c":"Ribba Local"},
{"codigo_paquetes":"package_kidney_bean_bush_unepgef_mandi_07","variedad_a":"Ropa Local Rajmah","variedad_b":"Kalpa Local","variedad_c":"Leo Local"},
{"codigo_paquetes":"package_kidney_bean_bush_unepgef_mandi_08","variedad_a":"Gebung Lal Rajmash","variedad_b":"Ribba Local","variedad_c":"Ropa Local Rajmah"},
{"codigo_paquetes":"package_kidney_bean_bush_unepgef_mandi_09","variedad_a":"Kalpa Local","variedad_b":"Leo Local","variedad_c":"Gebung Lal Rajmash"},
{"codigo_paquetes":"package_kidney_bean_bush_unepgef_mandi_10","variedad_a":"Leo Local","variedad_b":"Ropa Local Rajmah","variedad_c":"Ribba Local"},
{"codigo_paquetes":"package_kidney_bean_bush_unepgef_mandi_11","variedad_a":"Ribba Local","variedad_b":"Ropa Local Rajmah","variedad_c":"Gebung Lal Rajmash"},
{"codigo_paquetes":"package_kidney_bean_bush_unepgef_mandi_12","variedad_a":"Leo Local","variedad_b":"Gebung Lal Rajmash","variedad_c":"Kalpa Local"},
{"codigo_paquetes":"package_kidney_bean_bush_unepgef_mandi_13","variedad_a":"Ribba Local","variedad_b":"Kalpa Local","variedad_c":"Leo Local"},
{"codigo_paquetes":"package_kidney_bean_bush_unepgef_mandi_14","variedad_a":"Ropa Local Rajmah","variedad_b":"Leo Local","variedad_c":"Ribba Local"},
{"codigo_paquetes":"package_kidney_bean_bush_unepgef_mandi_15","variedad_a":"Gebung Lal Rajmash","variedad_b":"Ropa Local Rajmah","variedad_c":"Kalpa Local"},
{"codigo_paquetes":"package_kidney_bean_bush_unepgef_mandi_16","variedad_a":"Kalpa Local","variedad_b":"Ribba Local","variedad_c":"Leo Local"},
{"codigo_paquetes":"package_kidney_bean_bush_unepgef_mandi_17","variedad_a":"Leo Local","variedad_b":"Gebung Lal Rajmash","variedad_c":"Ropa Local Rajmah"},
{"codigo_paquetes":"package_kidney_bean_bush_unepgef_mandi_18","variedad_a":"Gebung Lal Rajmash","variedad_b":"Ribba Local","variedad_c":"Kalpa Local"},
{"codigo_paquetes":"package_kidney_bean_bush_unepgef_mandi_19","variedad_a":"Ropa Local Rajmah","variedad_b":"Leo Local","variedad_c":"Gebung Lal Rajmash"},
{"codigo_paquetes":"package_kidney_bean_bush_unepgef_mandi_20","variedad_a":"Ribba Local","variedad_b":"Kalpa Local","variedad_c":"Ropa Local Rajmah"}
]
