[
{"observadores":"kg_2_2019_1","name_user":"","name_family":"","village":"","district":"","telephone":"","gender":"","age":"","location_longitude_seed_delivery_point":"","location_latitude_seed_delivery_point":"","location_altitude":"","location_longitude":"","location_latitude":"","planting_date":"","harvest_date":"","from_the_3_varieties_which_one_would_you_like_to_grow_again":"","codigo_paquetes":"","caracteristica_1":"Pest_resistance-(A/B/C)","best_variedad_1":"","worst_variedad_1":"","caracteristica_2":"Disease_resistance-(A/B/C)","best_variedad_2":"","worst_variedad_2":"","caracteristica_3":"Taste-(A/B/C)","best_variedad_3":"","worst_variedad_3":"","caracteristica_4":"Water_needs-(A/B/C)","better_variedad_4":"","worse_variedad_4":"","caracteristica_5":"Labor_needs-(A/B/C)","better_variedad_5":"","worse_variedad_5":"","caracteristica_6":"Harvest_frequency-(A/B/C)","better_variedad_6":"","worse_variedad_6":"","caracteristica_7":"Income_generation-(A/B/C)","better_variedad_7":"","worse_variedad_7":"","caracteristica_8":"Money_saving-(A/B/C)","better_variedad_8":"","worse_variedad_8":"","caracteristica_9":"Overall_performance-(A/B/C)","best_variedad_9":"","worst_variedad_9":"","evaluation":""},
{"observadores":"kg_2_2019_10","name_user":"","name_family":"","village":"","district":"","telephone":"","gender":"","age":"","location_longitude_seed_delivery_point":"","location_latitude_seed_delivery_point":"","location_altitude":"","location_longitude":"","location_latitude":"","planting_date":"","harvest_date":"","from_the_3_varieties_which_one_would_you_like_to_grow_again":"","codigo_paquetes":"","caracteristica_1":"Pest_resistance-(A/B/C)","best_variedad_1":"","worst_variedad_1":"","caracteristica_2":"Disease_resistance-(A/B/C)","best_variedad_2":"","worst_variedad_2":"","caracteristica_3":"Taste-(A/B/C)","best_variedad_3":"","worst_variedad_3":"","caracteristica_4":"Water_needs-(A/B/C)","better_variedad_4":"","worse_variedad_4":"","caracteristica_5":"Labor_needs-(A/B/C)","better_variedad_5":"","worse_variedad_5":"","caracteristica_6":"Harvest_frequency-(A/B/C)","better_variedad_6":"","worse_variedad_6":"","caracteristica_7":"Income_generation-(A/B/C)","better_variedad_7":"","worse_variedad_7":"","caracteristica_8":"Money_saving-(A/B/C)","better_variedad_8":"","worse_variedad_8":"","caracteristica_9":"Overall_performance-(A/B/C)","best_variedad_9":"","worst_variedad_9":"","evaluation":""},
{"observadores":"kg_2_2019_11","name_user":"","name_family":"","village":"","district":"","telephone":"","gender":"","age":"","location_longitude_seed_delivery_point":"","location_latitude_seed_delivery_point":"","location_altitude":"","location_longitude":"","location_latitude":"","planting_date":"","harvest_date":"","from_the_3_varieties_which_one_would_you_like_to_grow_again":"","codigo_paquetes":"","caracteristica_1":"Pest_resistance-(A/B/C)","best_variedad_1":"","worst_variedad_1":"","caracteristica_2":"Disease_resistance-(A/B/C)","best_variedad_2":"","worst_variedad_2":"","caracteristica_3":"Taste-(A/B/C)","best_variedad_3":"","worst_variedad_3":"","caracteristica_4":"Water_needs-(A/B/C)","better_variedad_4":"","worse_variedad_4":"","caracteristica_5":"Labor_needs-(A/B/C)","better_variedad_5":"","worse_variedad_5":"","caracteristica_6":"Harvest_frequency-(A/B/C)","better_variedad_6":"","worse_variedad_6":"","caracteristica_7":"Income_generation-(A/B/C)","better_variedad_7":"","worse_variedad_7":"","caracteristica_8":"Money_saving-(A/B/C)","better_variedad_8":"","worse_variedad_8":"","caracteristica_9":"Overall_performance-(A/B/C)","best_variedad_9":"","worst_variedad_9":"","evaluation":""},
{"observadores":"kg_2_2019_12","name_user":"","name_family":"","village":"","district":"","telephone":"","gender":"","age":"","location_longitude_seed_delivery_point":"","location_latitude_seed_delivery_point":"","location_altitude":"","location_longitude":"","location_latitude":"","planting_date":"","harvest_date":"","from_the_3_varieties_which_one_would_you_like_to_grow_again":"","codigo_paquetes":"","caracteristica_1":"Pest_resistance-(A/B/C)","best_variedad_1":"","worst_variedad_1":"","caracteristica_2":"Disease_resistance-(A/B/C)","best_variedad_2":"","worst_variedad_2":"","caracteristica_3":"Taste-(A/B/C)","best_variedad_3":"","worst_variedad_3":"","caracteristica_4":"Water_needs-(A/B/C)","better_variedad_4":"","worse_variedad_4":"","caracteristica_5":"Labor_needs-(A/B/C)","better_variedad_5":"","worse_variedad_5":"","caracteristica_6":"Harvest_frequency-(A/B/C)","better_variedad_6":"","worse_variedad_6":"","caracteristica_7":"Income_generation-(A/B/C)","better_variedad_7":"","worse_variedad_7":"","caracteristica_8":"Money_saving-(A/B/C)","better_variedad_8":"","worse_variedad_8":"","caracteristica_9":"Overall_performance-(A/B/C)","best_variedad_9":"","worst_variedad_9":"","evaluation":""},
{"observadores":"kg_2_2019_13","name_user":"","name_family":"","village":"","district":"","telephone":"","gender":"","age":"","location_longitude_seed_delivery_point":"","location_latitude_seed_delivery_point":"","location_altitude":"","location_longitude":"","location_latitude":"","planting_date":"","harvest_date":"","from_the_3_varieties_which_one_would_you_like_to_grow_again":"","codigo_paquetes":"","caracteristica_1":"Pest_resistance-(A/B/C)","best_variedad_1":"","worst_variedad_1":"","caracteristica_2":"Disease_resistance-(A/B/C)","best_variedad_2":"","worst_variedad_2":"","caracteristica_3":"Taste-(A/B/C)","best_variedad_3":"","worst_variedad_3":"","caracteristica_4":"Water_needs-(A/B/C)","better_variedad_4":"","worse_variedad_4":"","caracteristica_5":"Labor_needs-(A/B/C)","better_variedad_5":"","worse_variedad_5":"","caracteristica_6":"Harvest_frequency-(A/B/C)","better_variedad_6":"","worse_variedad_6":"","caracteristica_7":"Income_generation-(A/B/C)","better_variedad_7":"","worse_variedad_7":"","caracteristica_8":"Money_saving-(A/B/C)","better_variedad_8":"","worse_variedad_8":"","caracteristica_9":"Overall_performance-(A/B/C)","best_variedad_9":"","worst_variedad_9":"","evaluation":""},
{"observadores":"kg_2_2019_14","name_user":"","name_family":"","village":"","district":"","telephone":"","gender":"","age":"","location_longitude_seed_delivery_point":"","location_latitude_seed_delivery_point":"","location_altitude":"","location_longitude":"","location_latitude":"","planting_date":"","harvest_date":"","from_the_3_varieties_which_one_would_you_like_to_grow_again":"","codigo_paquetes":"","caracteristica_1":"Pest_resistance-(A/B/C)","best_variedad_1":"","worst_variedad_1":"","caracteristica_2":"Disease_resistance-(A/B/C)","best_variedad_2":"","worst_variedad_2":"","caracteristica_3":"Taste-(A/B/C)","best_variedad_3":"","worst_variedad_3":"","caracteristica_4":"Water_needs-(A/B/C)","better_variedad_4":"","worse_variedad_4":"","caracteristica_5":"Labor_needs-(A/B/C)","better_variedad_5":"","worse_variedad_5":"","caracteristica_6":"Harvest_frequency-(A/B/C)","better_variedad_6":"","worse_variedad_6":"","caracteristica_7":"Income_generation-(A/B/C)","better_variedad_7":"","worse_variedad_7":"","caracteristica_8":"Money_saving-(A/B/C)","better_variedad_8":"","worse_variedad_8":"","caracteristica_9":"Overall_performance-(A/B/C)","best_variedad_9":"","worst_variedad_9":"","evaluation":""},
{"observadores":"kg_2_2019_15","name_user":"","name_family":"","village":"","district":"","telephone":"","gender":"","age":"","location_longitude_seed_delivery_point":"","location_latitude_seed_delivery_point":"","location_altitude":"","location_longitude":"","location_latitude":"","planting_date":"","harvest_date":"","from_the_3_varieties_which_one_would_you_like_to_grow_again":"","codigo_paquetes":"","caracteristica_1":"Pest_resistance-(A/B/C)","best_variedad_1":"","worst_variedad_1":"","caracteristica_2":"Disease_resistance-(A/B/C)","best_variedad_2":"","worst_variedad_2":"","caracteristica_3":"Taste-(A/B/C)","best_variedad_3":"","worst_variedad_3":"","caracteristica_4":"Water_needs-(A/B/C)","better_variedad_4":"","worse_variedad_4":"","caracteristica_5":"Labor_needs-(A/B/C)","better_variedad_5":"","worse_variedad_5":"","caracteristica_6":"Harvest_frequency-(A/B/C)","better_variedad_6":"","worse_variedad_6":"","caracteristica_7":"Income_generation-(A/B/C)","better_variedad_7":"","worse_variedad_7":"","caracteristica_8":"Money_saving-(A/B/C)","better_variedad_8":"","worse_variedad_8":"","caracteristica_9":"Overall_performance-(A/B/C)","best_variedad_9":"","worst_variedad_9":"","evaluation":""},
{"observadores":"kg_2_2019_16","name_user":"","name_family":"","village":"","district":"","telephone":"","gender":"","age":"","location_longitude_seed_delivery_point":"","location_latitude_seed_delivery_point":"","location_altitude":"","location_longitude":"","location_latitude":"","planting_date":"","harvest_date":"","from_the_3_varieties_which_one_would_you_like_to_grow_again":"","codigo_paquetes":"","caracteristica_1":"Pest_resistance-(A/B/C)","best_variedad_1":"","worst_variedad_1":"","caracteristica_2":"Disease_resistance-(A/B/C)","best_variedad_2":"","worst_variedad_2":"","caracteristica_3":"Taste-(A/B/C)","best_variedad_3":"","worst_variedad_3":"","caracteristica_4":"Water_needs-(A/B/C)","better_variedad_4":"","worse_variedad_4":"","caracteristica_5":"Labor_needs-(A/B/C)","better_variedad_5":"","worse_variedad_5":"","caracteristica_6":"Harvest_frequency-(A/B/C)","better_variedad_6":"","worse_variedad_6":"","caracteristica_7":"Income_generation-(A/B/C)","better_variedad_7":"","worse_variedad_7":"","caracteristica_8":"Money_saving-(A/B/C)","better_variedad_8":"","worse_variedad_8":"","caracteristica_9":"Overall_performance-(A/B/C)","best_variedad_9":"","worst_variedad_9":"","evaluation":""},
{"observadores":"kg_2_2019_17","name_user":"","name_family":"","village":"","district":"","telephone":"","gender":"","age":"","location_longitude_seed_delivery_point":"","location_latitude_seed_delivery_point":"","location_altitude":"","location_longitude":"","location_latitude":"","planting_date":"","harvest_date":"","from_the_3_varieties_which_one_would_you_like_to_grow_again":"","codigo_paquetes":"","caracteristica_1":"Pest_resistance-(A/B/C)","best_variedad_1":"","worst_variedad_1":"","caracteristica_2":"Disease_resistance-(A/B/C)","best_variedad_2":"","worst_variedad_2":"","caracteristica_3":"Taste-(A/B/C)","best_variedad_3":"","worst_variedad_3":"","caracteristica_4":"Water_needs-(A/B/C)","better_variedad_4":"","worse_variedad_4":"","caracteristica_5":"Labor_needs-(A/B/C)","better_variedad_5":"","worse_variedad_5":"","caracteristica_6":"Harvest_frequency-(A/B/C)","better_variedad_6":"","worse_variedad_6":"","caracteristica_7":"Income_generation-(A/B/C)","better_variedad_7":"","worse_variedad_7":"","caracteristica_8":"Money_saving-(A/B/C)","better_variedad_8":"","worse_variedad_8":"","caracteristica_9":"Overall_performance-(A/B/C)","best_variedad_9":"","worst_variedad_9":"","evaluation":""},
{"observadores":"kg_2_2019_18","name_user":"","name_family":"","village":"","district":"","telephone":"","gender":"","age":"","location_longitude_seed_delivery_point":"","location_latitude_seed_delivery_point":"","location_altitude":"","location_longitude":"","location_latitude":"","planting_date":"","harvest_date":"","from_the_3_varieties_which_one_would_you_like_to_grow_again":"","codigo_paquetes":"","caracteristica_1":"Pest_resistance-(A/B/C)","best_variedad_1":"","worst_variedad_1":"","caracteristica_2":"Disease_resistance-(A/B/C)","best_variedad_2":"","worst_variedad_2":"","caracteristica_3":"Taste-(A/B/C)","best_variedad_3":"","worst_variedad_3":"","caracteristica_4":"Water_needs-(A/B/C)","better_variedad_4":"","worse_variedad_4":"","caracteristica_5":"Labor_needs-(A/B/C)","better_variedad_5":"","worse_variedad_5":"","caracteristica_6":"Harvest_frequency-(A/B/C)","better_variedad_6":"","worse_variedad_6":"","caracteristica_7":"Income_generation-(A/B/C)","better_variedad_7":"","worse_variedad_7":"","caracteristica_8":"Money_saving-(A/B/C)","better_variedad_8":"","worse_variedad_8":"","caracteristica_9":"Overall_performance-(A/B/C)","best_variedad_9":"","worst_variedad_9":"","evaluation":""},
{"observadores":"kg_2_2019_19","name_user":"","name_family":"","village":"","district":"","telephone":"","gender":"","age":"","location_longitude_seed_delivery_point":"","location_latitude_seed_delivery_point":"","location_altitude":"","location_longitude":"","location_latitude":"","planting_date":"","harvest_date":"","from_the_3_varieties_which_one_would_you_like_to_grow_again":"","codigo_paquetes":"","caracteristica_1":"Pest_resistance-(A/B/C)","best_variedad_1":"","worst_variedad_1":"","caracteristica_2":"Disease_resistance-(A/B/C)","best_variedad_2":"","worst_variedad_2":"","caracteristica_3":"Taste-(A/B/C)","best_variedad_3":"","worst_variedad_3":"","caracteristica_4":"Water_needs-(A/B/C)","better_variedad_4":"","worse_variedad_4":"","caracteristica_5":"Labor_needs-(A/B/C)","better_variedad_5":"","worse_variedad_5":"","caracteristica_6":"Harvest_frequency-(A/B/C)","better_variedad_6":"","worse_variedad_6":"","caracteristica_7":"Income_generation-(A/B/C)","better_variedad_7":"","worse_variedad_7":"","caracteristica_8":"Money_saving-(A/B/C)","better_variedad_8":"","worse_variedad_8":"","caracteristica_9":"Overall_performance-(A/B/C)","best_variedad_9":"","worst_variedad_9":"","evaluation":""},
{"observadores":"kg_2_2019_2","name_user":"","name_family":"","village":"","district":"","telephone":"","gender":"","age":"","location_longitude_seed_delivery_point":"","location_latitude_seed_delivery_point":"","location_altitude":"","location_longitude":"","location_latitude":"","planting_date":"","harvest_date":"","from_the_3_varieties_which_one_would_you_like_to_grow_again":"","codigo_paquetes":"","caracteristica_1":"Pest_resistance-(A/B/C)","best_variedad_1":"","worst_variedad_1":"","caracteristica_2":"Disease_resistance-(A/B/C)","best_variedad_2":"","worst_variedad_2":"","caracteristica_3":"Taste-(A/B/C)","best_variedad_3":"","worst_variedad_3":"","caracteristica_4":"Water_needs-(A/B/C)","better_variedad_4":"","worse_variedad_4":"","caracteristica_5":"Labor_needs-(A/B/C)","better_variedad_5":"","worse_variedad_5":"","caracteristica_6":"Harvest_frequency-(A/B/C)","better_variedad_6":"","worse_variedad_6":"","caracteristica_7":"Income_generation-(A/B/C)","better_variedad_7":"","worse_variedad_7":"","caracteristica_8":"Money_saving-(A/B/C)","better_variedad_8":"","worse_variedad_8":"","caracteristica_9":"Overall_performance-(A/B/C)","best_variedad_9":"","worst_variedad_9":"","evaluation":""},
{"observadores":"kg_2_2019_20","name_user":"","name_family":"","village":"","district":"","telephone":"","gender":"","age":"","location_longitude_seed_delivery_point":"","location_latitude_seed_delivery_point":"","location_altitude":"","location_longitude":"","location_latitude":"","planting_date":"","harvest_date":"","from_the_3_varieties_which_one_would_you_like_to_grow_again":"","codigo_paquetes":"","caracteristica_1":"Pest_resistance-(A/B/C)","best_variedad_1":"","worst_variedad_1":"","caracteristica_2":"Disease_resistance-(A/B/C)","best_variedad_2":"","worst_variedad_2":"","caracteristica_3":"Taste-(A/B/C)","best_variedad_3":"","worst_variedad_3":"","caracteristica_4":"Water_needs-(A/B/C)","better_variedad_4":"","worse_variedad_4":"","caracteristica_5":"Labor_needs-(A/B/C)","better_variedad_5":"","worse_variedad_5":"","caracteristica_6":"Harvest_frequency-(A/B/C)","better_variedad_6":"","worse_variedad_6":"","caracteristica_7":"Income_generation-(A/B/C)","better_variedad_7":"","worse_variedad_7":"","caracteristica_8":"Money_saving-(A/B/C)","better_variedad_8":"","worse_variedad_8":"","caracteristica_9":"Overall_performance-(A/B/C)","best_variedad_9":"","worst_variedad_9":"","evaluation":""},
{"observadores":"kg_2_2019_21","name_user":"","name_family":"","village":"","district":"","telephone":"","gender":"","age":"","location_longitude_seed_delivery_point":"","location_latitude_seed_delivery_point":"","location_altitude":"","location_longitude":"","location_latitude":"","planting_date":"","harvest_date":"","from_the_3_varieties_which_one_would_you_like_to_grow_again":"","codigo_paquetes":"","caracteristica_1":"Pest_resistance-(A/B/C)","best_variedad_1":"","worst_variedad_1":"","caracteristica_2":"Disease_resistance-(A/B/C)","best_variedad_2":"","worst_variedad_2":"","caracteristica_3":"Taste-(A/B/C)","best_variedad_3":"","worst_variedad_3":"","caracteristica_4":"Water_needs-(A/B/C)","better_variedad_4":"","worse_variedad_4":"","caracteristica_5":"Labor_needs-(A/B/C)","better_variedad_5":"","worse_variedad_5":"","caracteristica_6":"Harvest_frequency-(A/B/C)","better_variedad_6":"","worse_variedad_6":"","caracteristica_7":"Income_generation-(A/B/C)","better_variedad_7":"","worse_variedad_7":"","caracteristica_8":"Money_saving-(A/B/C)","better_variedad_8":"","worse_variedad_8":"","caracteristica_9":"Overall_performance-(A/B/C)","best_variedad_9":"","worst_variedad_9":"","evaluation":""},
{"observadores":"kg_2_2019_22","name_user":"","name_family":"","village":"","district":"","telephone":"","gender":"","age":"","location_longitude_seed_delivery_point":"","location_latitude_seed_delivery_point":"","location_altitude":"","location_longitude":"","location_latitude":"","planting_date":"","harvest_date":"","from_the_3_varieties_which_one_would_you_like_to_grow_again":"","codigo_paquetes":"","caracteristica_1":"Pest_resistance-(A/B/C)","best_variedad_1":"","worst_variedad_1":"","caracteristica_2":"Disease_resistance-(A/B/C)","best_variedad_2":"","worst_variedad_2":"","caracteristica_3":"Taste-(A/B/C)","best_variedad_3":"","worst_variedad_3":"","caracteristica_4":"Water_needs-(A/B/C)","better_variedad_4":"","worse_variedad_4":"","caracteristica_5":"Labor_needs-(A/B/C)","better_variedad_5":"","worse_variedad_5":"","caracteristica_6":"Harvest_frequency-(A/B/C)","better_variedad_6":"","worse_variedad_6":"","caracteristica_7":"Income_generation-(A/B/C)","better_variedad_7":"","worse_variedad_7":"","caracteristica_8":"Money_saving-(A/B/C)","better_variedad_8":"","worse_variedad_8":"","caracteristica_9":"Overall_performance-(A/B/C)","best_variedad_9":"","worst_variedad_9":"","evaluation":""},
{"observadores":"kg_2_2019_23","name_user":"","name_family":"","village":"","district":"","telephone":"","gender":"","age":"","location_longitude_seed_delivery_point":"","location_latitude_seed_delivery_point":"","location_altitude":"","location_longitude":"","location_latitude":"","planting_date":"","harvest_date":"","from_the_3_varieties_which_one_would_you_like_to_grow_again":"","codigo_paquetes":"","caracteristica_1":"Pest_resistance-(A/B/C)","best_variedad_1":"","worst_variedad_1":"","caracteristica_2":"Disease_resistance-(A/B/C)","best_variedad_2":"","worst_variedad_2":"","caracteristica_3":"Taste-(A/B/C)","best_variedad_3":"","worst_variedad_3":"","caracteristica_4":"Water_needs-(A/B/C)","better_variedad_4":"","worse_variedad_4":"","caracteristica_5":"Labor_needs-(A/B/C)","better_variedad_5":"","worse_variedad_5":"","caracteristica_6":"Harvest_frequency-(A/B/C)","better_variedad_6":"","worse_variedad_6":"","caracteristica_7":"Income_generation-(A/B/C)","better_variedad_7":"","worse_variedad_7":"","caracteristica_8":"Money_saving-(A/B/C)","better_variedad_8":"","worse_variedad_8":"","caracteristica_9":"Overall_performance-(A/B/C)","best_variedad_9":"","worst_variedad_9":"","evaluation":""},
{"observadores":"kg_2_2019_24","name_user":"","name_family":"","village":"","district":"","telephone":"","gender":"","age":"","location_longitude_seed_delivery_point":"","location_latitude_seed_delivery_point":"","location_altitude":"","location_longitude":"","location_latitude":"","planting_date":"","harvest_date":"","from_the_3_varieties_which_one_would_you_like_to_grow_again":"","codigo_paquetes":"","caracteristica_1":"Pest_resistance-(A/B/C)","best_variedad_1":"","worst_variedad_1":"","caracteristica_2":"Disease_resistance-(A/B/C)","best_variedad_2":"","worst_variedad_2":"","caracteristica_3":"Taste-(A/B/C)","best_variedad_3":"","worst_variedad_3":"","caracteristica_4":"Water_needs-(A/B/C)","better_variedad_4":"","worse_variedad_4":"","caracteristica_5":"Labor_needs-(A/B/C)","better_variedad_5":"","worse_variedad_5":"","caracteristica_6":"Harvest_frequency-(A/B/C)","better_variedad_6":"","worse_variedad_6":"","caracteristica_7":"Income_generation-(A/B/C)","better_variedad_7":"","worse_variedad_7":"","caracteristica_8":"Money_saving-(A/B/C)","better_variedad_8":"","worse_variedad_8":"","caracteristica_9":"Overall_performance-(A/B/C)","best_variedad_9":"","worst_variedad_9":"","evaluation":""},
{"observadores":"kg_2_2019_25","name_user":"","name_family":"","village":"","district":"","telephone":"","gender":"","age":"","location_longitude_seed_delivery_point":"","location_latitude_seed_delivery_point":"","location_altitude":"","location_longitude":"","location_latitude":"","planting_date":"","harvest_date":"","from_the_3_varieties_which_one_would_you_like_to_grow_again":"","codigo_paquetes":"","caracteristica_1":"Pest_resistance-(A/B/C)","best_variedad_1":"","worst_variedad_1":"","caracteristica_2":"Disease_resistance-(A/B/C)","best_variedad_2":"","worst_variedad_2":"","caracteristica_3":"Taste-(A/B/C)","best_variedad_3":"","worst_variedad_3":"","caracteristica_4":"Water_needs-(A/B/C)","better_variedad_4":"","worse_variedad_4":"","caracteristica_5":"Labor_needs-(A/B/C)","better_variedad_5":"","worse_variedad_5":"","caracteristica_6":"Harvest_frequency-(A/B/C)","better_variedad_6":"","worse_variedad_6":"","caracteristica_7":"Income_generation-(A/B/C)","better_variedad_7":"","worse_variedad_7":"","caracteristica_8":"Money_saving-(A/B/C)","better_variedad_8":"","worse_variedad_8":"","caracteristica_9":"Overall_performance-(A/B/C)","best_variedad_9":"","worst_variedad_9":"","evaluation":""},
{"observadores":"kg_2_2019_26","name_user":"","name_family":"","village":"","district":"","telephone":"","gender":"","age":"","location_longitude_seed_delivery_point":"","location_latitude_seed_delivery_point":"","location_altitude":"","location_longitude":"","location_latitude":"","planting_date":"","harvest_date":"","from_the_3_varieties_which_one_would_you_like_to_grow_again":"","codigo_paquetes":"","caracteristica_1":"Pest_resistance-(A/B/C)","best_variedad_1":"","worst_variedad_1":"","caracteristica_2":"Disease_resistance-(A/B/C)","best_variedad_2":"","worst_variedad_2":"","caracteristica_3":"Taste-(A/B/C)","best_variedad_3":"","worst_variedad_3":"","caracteristica_4":"Water_needs-(A/B/C)","better_variedad_4":"","worse_variedad_4":"","caracteristica_5":"Labor_needs-(A/B/C)","better_variedad_5":"","worse_variedad_5":"","caracteristica_6":"Harvest_frequency-(A/B/C)","better_variedad_6":"","worse_variedad_6":"","caracteristica_7":"Income_generation-(A/B/C)","better_variedad_7":"","worse_variedad_7":"","caracteristica_8":"Money_saving-(A/B/C)","better_variedad_8":"","worse_variedad_8":"","caracteristica_9":"Overall_performance-(A/B/C)","best_variedad_9":"","worst_variedad_9":"","evaluation":""},
{"observadores":"kg_2_2019_27","name_user":"","name_family":"","village":"","district":"","telephone":"","gender":"","age":"","location_longitude_seed_delivery_point":"","location_latitude_seed_delivery_point":"","location_altitude":"","location_longitude":"","location_latitude":"","planting_date":"","harvest_date":"","from_the_3_varieties_which_one_would_you_like_to_grow_again":"","codigo_paquetes":"","caracteristica_1":"Pest_resistance-(A/B/C)","best_variedad_1":"","worst_variedad_1":"","caracteristica_2":"Disease_resistance-(A/B/C)","best_variedad_2":"","worst_variedad_2":"","caracteristica_3":"Taste-(A/B/C)","best_variedad_3":"","worst_variedad_3":"","caracteristica_4":"Water_needs-(A/B/C)","better_variedad_4":"","worse_variedad_4":"","caracteristica_5":"Labor_needs-(A/B/C)","better_variedad_5":"","worse_variedad_5":"","caracteristica_6":"Harvest_frequency-(A/B/C)","better_variedad_6":"","worse_variedad_6":"","caracteristica_7":"Income_generation-(A/B/C)","better_variedad_7":"","worse_variedad_7":"","caracteristica_8":"Money_saving-(A/B/C)","better_variedad_8":"","worse_variedad_8":"","caracteristica_9":"Overall_performance-(A/B/C)","best_variedad_9":"","worst_variedad_9":"","evaluation":""},
{"observadores":"kg_2_2019_28","name_user":"","name_family":"","village":"","district":"","telephone":"","gender":"","age":"","location_longitude_seed_delivery_point":"","location_latitude_seed_delivery_point":"","location_altitude":"","location_longitude":"","location_latitude":"","planting_date":"","harvest_date":"","from_the_3_varieties_which_one_would_you_like_to_grow_again":"","codigo_paquetes":"","caracteristica_1":"Pest_resistance-(A/B/C)","best_variedad_1":"","worst_variedad_1":"","caracteristica_2":"Disease_resistance-(A/B/C)","best_variedad_2":"","worst_variedad_2":"","caracteristica_3":"Taste-(A/B/C)","best_variedad_3":"","worst_variedad_3":"","caracteristica_4":"Water_needs-(A/B/C)","better_variedad_4":"","worse_variedad_4":"","caracteristica_5":"Labor_needs-(A/B/C)","better_variedad_5":"","worse_variedad_5":"","caracteristica_6":"Harvest_frequency-(A/B/C)","better_variedad_6":"","worse_variedad_6":"","caracteristica_7":"Income_generation-(A/B/C)","better_variedad_7":"","worse_variedad_7":"","caracteristica_8":"Money_saving-(A/B/C)","better_variedad_8":"","worse_variedad_8":"","caracteristica_9":"Overall_performance-(A/B/C)","best_variedad_9":"","worst_variedad_9":"","evaluation":""},
{"observadores":"kg_2_2019_29","name_user":"","name_family":"","village":"","district":"","telephone":"","gender":"","age":"","location_longitude_seed_delivery_point":"","location_latitude_seed_delivery_point":"","location_altitude":"","location_longitude":"","location_latitude":"","planting_date":"","harvest_date":"","from_the_3_varieties_which_one_would_you_like_to_grow_again":"","codigo_paquetes":"","caracteristica_1":"Pest_resistance-(A/B/C)","best_variedad_1":"","worst_variedad_1":"","caracteristica_2":"Disease_resistance-(A/B/C)","best_variedad_2":"","worst_variedad_2":"","caracteristica_3":"Taste-(A/B/C)","best_variedad_3":"","worst_variedad_3":"","caracteristica_4":"Water_needs-(A/B/C)","better_variedad_4":"","worse_variedad_4":"","caracteristica_5":"Labor_needs-(A/B/C)","better_variedad_5":"","worse_variedad_5":"","caracteristica_6":"Harvest_frequency-(A/B/C)","better_variedad_6":"","worse_variedad_6":"","caracteristica_7":"Income_generation-(A/B/C)","better_variedad_7":"","worse_variedad_7":"","caracteristica_8":"Money_saving-(A/B/C)","better_variedad_8":"","worse_variedad_8":"","caracteristica_9":"Overall_performance-(A/B/C)","best_variedad_9":"","worst_variedad_9":"","evaluation":""},
{"observadores":"kg_2_2019_3","name_user":"","name_family":"","village":"","district":"","telephone":"","gender":"","age":"","location_longitude_seed_delivery_point":"","location_latitude_seed_delivery_point":"","location_altitude":"","location_longitude":"","location_latitude":"","planting_date":"","harvest_date":"","from_the_3_varieties_which_one_would_you_like_to_grow_again":"","codigo_paquetes":"","caracteristica_1":"Pest_resistance-(A/B/C)","best_variedad_1":"","worst_variedad_1":"","caracteristica_2":"Disease_resistance-(A/B/C)","best_variedad_2":"","worst_variedad_2":"","caracteristica_3":"Taste-(A/B/C)","best_variedad_3":"","worst_variedad_3":"","caracteristica_4":"Water_needs-(A/B/C)","better_variedad_4":"","worse_variedad_4":"","caracteristica_5":"Labor_needs-(A/B/C)","better_variedad_5":"","worse_variedad_5":"","caracteristica_6":"Harvest_frequency-(A/B/C)","better_variedad_6":"","worse_variedad_6":"","caracteristica_7":"Income_generation-(A/B/C)","better_variedad_7":"","worse_variedad_7":"","caracteristica_8":"Money_saving-(A/B/C)","better_variedad_8":"","worse_variedad_8":"","caracteristica_9":"Overall_performance-(A/B/C)","best_variedad_9":"","worst_variedad_9":"","evaluation":""},
{"observadores":"kg_2_2019_30","name_user":"","name_family":"","village":"","district":"","telephone":"","gender":"","age":"","location_longitude_seed_delivery_point":"","location_latitude_seed_delivery_point":"","location_altitude":"","location_longitude":"","location_latitude":"","planting_date":"","harvest_date":"","from_the_3_varieties_which_one_would_you_like_to_grow_again":"","codigo_paquetes":"","caracteristica_1":"Pest_resistance-(A/B/C)","best_variedad_1":"","worst_variedad_1":"","caracteristica_2":"Disease_resistance-(A/B/C)","best_variedad_2":"","worst_variedad_2":"","caracteristica_3":"Taste-(A/B/C)","best_variedad_3":"","worst_variedad_3":"","caracteristica_4":"Water_needs-(A/B/C)","better_variedad_4":"","worse_variedad_4":"","caracteristica_5":"Labor_needs-(A/B/C)","better_variedad_5":"","worse_variedad_5":"","caracteristica_6":"Harvest_frequency-(A/B/C)","better_variedad_6":"","worse_variedad_6":"","caracteristica_7":"Income_generation-(A/B/C)","better_variedad_7":"","worse_variedad_7":"","caracteristica_8":"Money_saving-(A/B/C)","better_variedad_8":"","worse_variedad_8":"","caracteristica_9":"Overall_performance-(A/B/C)","best_variedad_9":"","worst_variedad_9":"","evaluation":""},
{"observadores":"kg_2_2019_31","name_user":"","name_family":"","village":"","district":"","telephone":"","gender":"","age":"","location_longitude_seed_delivery_point":"","location_latitude_seed_delivery_point":"","location_altitude":"","location_longitude":"","location_latitude":"","planting_date":"","harvest_date":"","from_the_3_varieties_which_one_would_you_like_to_grow_again":"","codigo_paquetes":"","caracteristica_1":"Pest_resistance-(A/B/C)","best_variedad_1":"","worst_variedad_1":"","caracteristica_2":"Disease_resistance-(A/B/C)","best_variedad_2":"","worst_variedad_2":"","caracteristica_3":"Taste-(A/B/C)","best_variedad_3":"","worst_variedad_3":"","caracteristica_4":"Water_needs-(A/B/C)","better_variedad_4":"","worse_variedad_4":"","caracteristica_5":"Labor_needs-(A/B/C)","better_variedad_5":"","worse_variedad_5":"","caracteristica_6":"Harvest_frequency-(A/B/C)","better_variedad_6":"","worse_variedad_6":"","caracteristica_7":"Income_generation-(A/B/C)","better_variedad_7":"","worse_variedad_7":"","caracteristica_8":"Money_saving-(A/B/C)","better_variedad_8":"","worse_variedad_8":"","caracteristica_9":"Overall_performance-(A/B/C)","best_variedad_9":"","worst_variedad_9":"","evaluation":""},
{"observadores":"kg_2_2019_32","name_user":"","name_family":"","village":"","district":"","telephone":"","gender":"","age":"","location_longitude_seed_delivery_point":"","location_latitude_seed_delivery_point":"","location_altitude":"","location_longitude":"","location_latitude":"","planting_date":"","harvest_date":"","from_the_3_varieties_which_one_would_you_like_to_grow_again":"","codigo_paquetes":"","caracteristica_1":"Pest_resistance-(A/B/C)","best_variedad_1":"","worst_variedad_1":"","caracteristica_2":"Disease_resistance-(A/B/C)","best_variedad_2":"","worst_variedad_2":"","caracteristica_3":"Taste-(A/B/C)","best_variedad_3":"","worst_variedad_3":"","caracteristica_4":"Water_needs-(A/B/C)","better_variedad_4":"","worse_variedad_4":"","caracteristica_5":"Labor_needs-(A/B/C)","better_variedad_5":"","worse_variedad_5":"","caracteristica_6":"Harvest_frequency-(A/B/C)","better_variedad_6":"","worse_variedad_6":"","caracteristica_7":"Income_generation-(A/B/C)","better_variedad_7":"","worse_variedad_7":"","caracteristica_8":"Money_saving-(A/B/C)","better_variedad_8":"","worse_variedad_8":"","caracteristica_9":"Overall_performance-(A/B/C)","best_variedad_9":"","worst_variedad_9":"","evaluation":""},
{"observadores":"kg_2_2019_33","name_user":"","name_family":"","village":"","district":"","telephone":"","gender":"","age":"","location_longitude_seed_delivery_point":"","location_latitude_seed_delivery_point":"","location_altitude":"","location_longitude":"","location_latitude":"","planting_date":"","harvest_date":"","from_the_3_varieties_which_one_would_you_like_to_grow_again":"","codigo_paquetes":"","caracteristica_1":"Pest_resistance-(A/B/C)","best_variedad_1":"","worst_variedad_1":"","caracteristica_2":"Disease_resistance-(A/B/C)","best_variedad_2":"","worst_variedad_2":"","caracteristica_3":"Taste-(A/B/C)","best_variedad_3":"","worst_variedad_3":"","caracteristica_4":"Water_needs-(A/B/C)","better_variedad_4":"","worse_variedad_4":"","caracteristica_5":"Labor_needs-(A/B/C)","better_variedad_5":"","worse_variedad_5":"","caracteristica_6":"Harvest_frequency-(A/B/C)","better_variedad_6":"","worse_variedad_6":"","caracteristica_7":"Income_generation-(A/B/C)","better_variedad_7":"","worse_variedad_7":"","caracteristica_8":"Money_saving-(A/B/C)","better_variedad_8":"","worse_variedad_8":"","caracteristica_9":"Overall_performance-(A/B/C)","best_variedad_9":"","worst_variedad_9":"","evaluation":""},
{"observadores":"kg_2_2019_34","name_user":"","name_family":"","village":"","district":"","telephone":"","gender":"","age":"","location_longitude_seed_delivery_point":"","location_latitude_seed_delivery_point":"","location_altitude":"","location_longitude":"","location_latitude":"","planting_date":"","harvest_date":"","from_the_3_varieties_which_one_would_you_like_to_grow_again":"","codigo_paquetes":"","caracteristica_1":"Pest_resistance-(A/B/C)","best_variedad_1":"","worst_variedad_1":"","caracteristica_2":"Disease_resistance-(A/B/C)","best_variedad_2":"","worst_variedad_2":"","caracteristica_3":"Taste-(A/B/C)","best_variedad_3":"","worst_variedad_3":"","caracteristica_4":"Water_needs-(A/B/C)","better_variedad_4":"","worse_variedad_4":"","caracteristica_5":"Labor_needs-(A/B/C)","better_variedad_5":"","worse_variedad_5":"","caracteristica_6":"Harvest_frequency-(A/B/C)","better_variedad_6":"","worse_variedad_6":"","caracteristica_7":"Income_generation-(A/B/C)","better_variedad_7":"","worse_variedad_7":"","caracteristica_8":"Money_saving-(A/B/C)","better_variedad_8":"","worse_variedad_8":"","caracteristica_9":"Overall_performance-(A/B/C)","best_variedad_9":"","worst_variedad_9":"","evaluation":""},
{"observadores":"kg_2_2019_35","name_user":"","name_family":"","village":"","district":"","telephone":"","gender":"","age":"","location_longitude_seed_delivery_point":"","location_latitude_seed_delivery_point":"","location_altitude":"","location_longitude":"","location_latitude":"","planting_date":"","harvest_date":"","from_the_3_varieties_which_one_would_you_like_to_grow_again":"","codigo_paquetes":"","caracteristica_1":"Pest_resistance-(A/B/C)","best_variedad_1":"","worst_variedad_1":"","caracteristica_2":"Disease_resistance-(A/B/C)","best_variedad_2":"","worst_variedad_2":"","caracteristica_3":"Taste-(A/B/C)","best_variedad_3":"","worst_variedad_3":"","caracteristica_4":"Water_needs-(A/B/C)","better_variedad_4":"","worse_variedad_4":"","caracteristica_5":"Labor_needs-(A/B/C)","better_variedad_5":"","worse_variedad_5":"","caracteristica_6":"Harvest_frequency-(A/B/C)","better_variedad_6":"","worse_variedad_6":"","caracteristica_7":"Income_generation-(A/B/C)","better_variedad_7":"","worse_variedad_7":"","caracteristica_8":"Money_saving-(A/B/C)","better_variedad_8":"","worse_variedad_8":"","caracteristica_9":"Overall_performance-(A/B/C)","best_variedad_9":"","worst_variedad_9":"","evaluation":""},
{"observadores":"kg_2_2019_36","name_user":"","name_family":"","village":"","district":"","telephone":"","gender":"","age":"","location_longitude_seed_delivery_point":"","location_latitude_seed_delivery_point":"","location_altitude":"","location_longitude":"","location_latitude":"","planting_date":"","harvest_date":"","from_the_3_varieties_which_one_would_you_like_to_grow_again":"","codigo_paquetes":"","caracteristica_1":"Pest_resistance-(A/B/C)","best_variedad_1":"","worst_variedad_1":"","caracteristica_2":"Disease_resistance-(A/B/C)","best_variedad_2":"","worst_variedad_2":"","caracteristica_3":"Taste-(A/B/C)","best_variedad_3":"","worst_variedad_3":"","caracteristica_4":"Water_needs-(A/B/C)","better_variedad_4":"","worse_variedad_4":"","caracteristica_5":"Labor_needs-(A/B/C)","better_variedad_5":"","worse_variedad_5":"","caracteristica_6":"Harvest_frequency-(A/B/C)","better_variedad_6":"","worse_variedad_6":"","caracteristica_7":"Income_generation-(A/B/C)","better_variedad_7":"","worse_variedad_7":"","caracteristica_8":"Money_saving-(A/B/C)","better_variedad_8":"","worse_variedad_8":"","caracteristica_9":"Overall_performance-(A/B/C)","best_variedad_9":"","worst_variedad_9":"","evaluation":""},
{"observadores":"kg_2_2019_37","name_user":"","name_family":"","village":"","district":"","telephone":"","gender":"","age":"","location_longitude_seed_delivery_point":"","location_latitude_seed_delivery_point":"","location_altitude":"","location_longitude":"","location_latitude":"","planting_date":"","harvest_date":"","from_the_3_varieties_which_one_would_you_like_to_grow_again":"","codigo_paquetes":"","caracteristica_1":"Pest_resistance-(A/B/C)","best_variedad_1":"","worst_variedad_1":"","caracteristica_2":"Disease_resistance-(A/B/C)","best_variedad_2":"","worst_variedad_2":"","caracteristica_3":"Taste-(A/B/C)","best_variedad_3":"","worst_variedad_3":"","caracteristica_4":"Water_needs-(A/B/C)","better_variedad_4":"","worse_variedad_4":"","caracteristica_5":"Labor_needs-(A/B/C)","better_variedad_5":"","worse_variedad_5":"","caracteristica_6":"Harvest_frequency-(A/B/C)","better_variedad_6":"","worse_variedad_6":"","caracteristica_7":"Income_generation-(A/B/C)","better_variedad_7":"","worse_variedad_7":"","caracteristica_8":"Money_saving-(A/B/C)","better_variedad_8":"","worse_variedad_8":"","caracteristica_9":"Overall_performance-(A/B/C)","best_variedad_9":"","worst_variedad_9":"","evaluation":""},
{"observadores":"kg_2_2019_38","name_user":"","name_family":"","village":"","district":"","telephone":"","gender":"","age":"","location_longitude_seed_delivery_point":"","location_latitude_seed_delivery_point":"","location_altitude":"","location_longitude":"","location_latitude":"","planting_date":"","harvest_date":"","from_the_3_varieties_which_one_would_you_like_to_grow_again":"","codigo_paquetes":"","caracteristica_1":"Pest_resistance-(A/B/C)","best_variedad_1":"","worst_variedad_1":"","caracteristica_2":"Disease_resistance-(A/B/C)","best_variedad_2":"","worst_variedad_2":"","caracteristica_3":"Taste-(A/B/C)","best_variedad_3":"","worst_variedad_3":"","caracteristica_4":"Water_needs-(A/B/C)","better_variedad_4":"","worse_variedad_4":"","caracteristica_5":"Labor_needs-(A/B/C)","better_variedad_5":"","worse_variedad_5":"","caracteristica_6":"Harvest_frequency-(A/B/C)","better_variedad_6":"","worse_variedad_6":"","caracteristica_7":"Income_generation-(A/B/C)","better_variedad_7":"","worse_variedad_7":"","caracteristica_8":"Money_saving-(A/B/C)","better_variedad_8":"","worse_variedad_8":"","caracteristica_9":"Overall_performance-(A/B/C)","best_variedad_9":"","worst_variedad_9":"","evaluation":""},
{"observadores":"kg_2_2019_39","name_user":"","name_family":"","village":"","district":"","telephone":"","gender":"","age":"","location_longitude_seed_delivery_point":"","location_latitude_seed_delivery_point":"","location_altitude":"","location_longitude":"","location_latitude":"","planting_date":"","harvest_date":"","from_the_3_varieties_which_one_would_you_like_to_grow_again":"","codigo_paquetes":"","caracteristica_1":"Pest_resistance-(A/B/C)","best_variedad_1":"","worst_variedad_1":"","caracteristica_2":"Disease_resistance-(A/B/C)","best_variedad_2":"","worst_variedad_2":"","caracteristica_3":"Taste-(A/B/C)","best_variedad_3":"","worst_variedad_3":"","caracteristica_4":"Water_needs-(A/B/C)","better_variedad_4":"","worse_variedad_4":"","caracteristica_5":"Labor_needs-(A/B/C)","better_variedad_5":"","worse_variedad_5":"","caracteristica_6":"Harvest_frequency-(A/B/C)","better_variedad_6":"","worse_variedad_6":"","caracteristica_7":"Income_generation-(A/B/C)","better_variedad_7":"","worse_variedad_7":"","caracteristica_8":"Money_saving-(A/B/C)","better_variedad_8":"","worse_variedad_8":"","caracteristica_9":"Overall_performance-(A/B/C)","best_variedad_9":"","worst_variedad_9":"","evaluation":""},
{"observadores":"kg_2_2019_4","name_user":"","name_family":"","village":"","district":"","telephone":"","gender":"","age":"","location_longitude_seed_delivery_point":"","location_latitude_seed_delivery_point":"","location_altitude":"","location_longitude":"","location_latitude":"","planting_date":"","harvest_date":"","from_the_3_varieties_which_one_would_you_like_to_grow_again":"","codigo_paquetes":"","caracteristica_1":"Pest_resistance-(A/B/C)","best_variedad_1":"","worst_variedad_1":"","caracteristica_2":"Disease_resistance-(A/B/C)","best_variedad_2":"","worst_variedad_2":"","caracteristica_3":"Taste-(A/B/C)","best_variedad_3":"","worst_variedad_3":"","caracteristica_4":"Water_needs-(A/B/C)","better_variedad_4":"","worse_variedad_4":"","caracteristica_5":"Labor_needs-(A/B/C)","better_variedad_5":"","worse_variedad_5":"","caracteristica_6":"Harvest_frequency-(A/B/C)","better_variedad_6":"","worse_variedad_6":"","caracteristica_7":"Income_generation-(A/B/C)","better_variedad_7":"","worse_variedad_7":"","caracteristica_8":"Money_saving-(A/B/C)","better_variedad_8":"","worse_variedad_8":"","caracteristica_9":"Overall_performance-(A/B/C)","best_variedad_9":"","worst_variedad_9":"","evaluation":""},
{"observadores":"kg_2_2019_40","name_user":"","name_family":"","village":"","district":"","telephone":"","gender":"","age":"","location_longitude_seed_delivery_point":"","location_latitude_seed_delivery_point":"","location_altitude":"","location_longitude":"","location_latitude":"","planting_date":"","harvest_date":"","from_the_3_varieties_which_one_would_you_like_to_grow_again":"","codigo_paquetes":"","caracteristica_1":"Pest_resistance-(A/B/C)","best_variedad_1":"","worst_variedad_1":"","caracteristica_2":"Disease_resistance-(A/B/C)","best_variedad_2":"","worst_variedad_2":"","caracteristica_3":"Taste-(A/B/C)","best_variedad_3":"","worst_variedad_3":"","caracteristica_4":"Water_needs-(A/B/C)","better_variedad_4":"","worse_variedad_4":"","caracteristica_5":"Labor_needs-(A/B/C)","better_variedad_5":"","worse_variedad_5":"","caracteristica_6":"Harvest_frequency-(A/B/C)","better_variedad_6":"","worse_variedad_6":"","caracteristica_7":"Income_generation-(A/B/C)","better_variedad_7":"","worse_variedad_7":"","caracteristica_8":"Money_saving-(A/B/C)","better_variedad_8":"","worse_variedad_8":"","caracteristica_9":"Overall_performance-(A/B/C)","best_variedad_9":"","worst_variedad_9":"","evaluation":""},
{"observadores":"kg_2_2019_41","name_user":"","name_family":"","village":"","district":"","telephone":"","gender":"","age":"","location_longitude_seed_delivery_point":"","location_latitude_seed_delivery_point":"","location_altitude":"","location_longitude":"","location_latitude":"","planting_date":"","harvest_date":"","from_the_3_varieties_which_one_would_you_like_to_grow_again":"","codigo_paquetes":"","caracteristica_1":"Pest_resistance-(A/B/C)","best_variedad_1":"","worst_variedad_1":"","caracteristica_2":"Disease_resistance-(A/B/C)","best_variedad_2":"","worst_variedad_2":"","caracteristica_3":"Taste-(A/B/C)","best_variedad_3":"","worst_variedad_3":"","caracteristica_4":"Water_needs-(A/B/C)","better_variedad_4":"","worse_variedad_4":"","caracteristica_5":"Labor_needs-(A/B/C)","better_variedad_5":"","worse_variedad_5":"","caracteristica_6":"Harvest_frequency-(A/B/C)","better_variedad_6":"","worse_variedad_6":"","caracteristica_7":"Income_generation-(A/B/C)","better_variedad_7":"","worse_variedad_7":"","caracteristica_8":"Money_saving-(A/B/C)","better_variedad_8":"","worse_variedad_8":"","caracteristica_9":"Overall_performance-(A/B/C)","best_variedad_9":"","worst_variedad_9":"","evaluation":""},
{"observadores":"kg_2_2019_42","name_user":"","name_family":"","village":"","district":"","telephone":"","gender":"","age":"","location_longitude_seed_delivery_point":"","location_latitude_seed_delivery_point":"","location_altitude":"","location_longitude":"","location_latitude":"","planting_date":"","harvest_date":"","from_the_3_varieties_which_one_would_you_like_to_grow_again":"","codigo_paquetes":"","caracteristica_1":"Pest_resistance-(A/B/C)","best_variedad_1":"","worst_variedad_1":"","caracteristica_2":"Disease_resistance-(A/B/C)","best_variedad_2":"","worst_variedad_2":"","caracteristica_3":"Taste-(A/B/C)","best_variedad_3":"","worst_variedad_3":"","caracteristica_4":"Water_needs-(A/B/C)","better_variedad_4":"","worse_variedad_4":"","caracteristica_5":"Labor_needs-(A/B/C)","better_variedad_5":"","worse_variedad_5":"","caracteristica_6":"Harvest_frequency-(A/B/C)","better_variedad_6":"","worse_variedad_6":"","caracteristica_7":"Income_generation-(A/B/C)","better_variedad_7":"","worse_variedad_7":"","caracteristica_8":"Money_saving-(A/B/C)","better_variedad_8":"","worse_variedad_8":"","caracteristica_9":"Overall_performance-(A/B/C)","best_variedad_9":"","worst_variedad_9":"","evaluation":""},
{"observadores":"kg_2_2019_43","name_user":"","name_family":"","village":"","district":"","telephone":"","gender":"","age":"","location_longitude_seed_delivery_point":"","location_latitude_seed_delivery_point":"","location_altitude":"","location_longitude":"","location_latitude":"","planting_date":"","harvest_date":"","from_the_3_varieties_which_one_would_you_like_to_grow_again":"","codigo_paquetes":"","caracteristica_1":"Pest_resistance-(A/B/C)","best_variedad_1":"","worst_variedad_1":"","caracteristica_2":"Disease_resistance-(A/B/C)","best_variedad_2":"","worst_variedad_2":"","caracteristica_3":"Taste-(A/B/C)","best_variedad_3":"","worst_variedad_3":"","caracteristica_4":"Water_needs-(A/B/C)","better_variedad_4":"","worse_variedad_4":"","caracteristica_5":"Labor_needs-(A/B/C)","better_variedad_5":"","worse_variedad_5":"","caracteristica_6":"Harvest_frequency-(A/B/C)","better_variedad_6":"","worse_variedad_6":"","caracteristica_7":"Income_generation-(A/B/C)","better_variedad_7":"","worse_variedad_7":"","caracteristica_8":"Money_saving-(A/B/C)","better_variedad_8":"","worse_variedad_8":"","caracteristica_9":"Overall_performance-(A/B/C)","best_variedad_9":"","worst_variedad_9":"","evaluation":""},
{"observadores":"kg_2_2019_44","name_user":"","name_family":"","village":"","district":"","telephone":"","gender":"","age":"","location_longitude_seed_delivery_point":"","location_latitude_seed_delivery_point":"","location_altitude":"","location_longitude":"","location_latitude":"","planting_date":"","harvest_date":"","from_the_3_varieties_which_one_would_you_like_to_grow_again":"","codigo_paquetes":"","caracteristica_1":"Pest_resistance-(A/B/C)","best_variedad_1":"","worst_variedad_1":"","caracteristica_2":"Disease_resistance-(A/B/C)","best_variedad_2":"","worst_variedad_2":"","caracteristica_3":"Taste-(A/B/C)","best_variedad_3":"","worst_variedad_3":"","caracteristica_4":"Water_needs-(A/B/C)","better_variedad_4":"","worse_variedad_4":"","caracteristica_5":"Labor_needs-(A/B/C)","better_variedad_5":"","worse_variedad_5":"","caracteristica_6":"Harvest_frequency-(A/B/C)","better_variedad_6":"","worse_variedad_6":"","caracteristica_7":"Income_generation-(A/B/C)","better_variedad_7":"","worse_variedad_7":"","caracteristica_8":"Money_saving-(A/B/C)","better_variedad_8":"","worse_variedad_8":"","caracteristica_9":"Overall_performance-(A/B/C)","best_variedad_9":"","worst_variedad_9":"","evaluation":""},
{"observadores":"kg_2_2019_45","name_user":"","name_family":"","village":"","district":"","telephone":"","gender":"","age":"","location_longitude_seed_delivery_point":"","location_latitude_seed_delivery_point":"","location_altitude":"","location_longitude":"","location_latitude":"","planting_date":"","harvest_date":"","from_the_3_varieties_which_one_would_you_like_to_grow_again":"","codigo_paquetes":"","caracteristica_1":"Pest_resistance-(A/B/C)","best_variedad_1":"","worst_variedad_1":"","caracteristica_2":"Disease_resistance-(A/B/C)","best_variedad_2":"","worst_variedad_2":"","caracteristica_3":"Taste-(A/B/C)","best_variedad_3":"","worst_variedad_3":"","caracteristica_4":"Water_needs-(A/B/C)","better_variedad_4":"","worse_variedad_4":"","caracteristica_5":"Labor_needs-(A/B/C)","better_variedad_5":"","worse_variedad_5":"","caracteristica_6":"Harvest_frequency-(A/B/C)","better_variedad_6":"","worse_variedad_6":"","caracteristica_7":"Income_generation-(A/B/C)","better_variedad_7":"","worse_variedad_7":"","caracteristica_8":"Money_saving-(A/B/C)","better_variedad_8":"","worse_variedad_8":"","caracteristica_9":"Overall_performance-(A/B/C)","best_variedad_9":"","worst_variedad_9":"","evaluation":""},
{"observadores":"kg_2_2019_46","name_user":"","name_family":"","village":"","district":"","telephone":"","gender":"","age":"","location_longitude_seed_delivery_point":"","location_latitude_seed_delivery_point":"","location_altitude":"","location_longitude":"","location_latitude":"","planting_date":"","harvest_date":"","from_the_3_varieties_which_one_would_you_like_to_grow_again":"","codigo_paquetes":"","caracteristica_1":"Pest_resistance-(A/B/C)","best_variedad_1":"","worst_variedad_1":"","caracteristica_2":"Disease_resistance-(A/B/C)","best_variedad_2":"","worst_variedad_2":"","caracteristica_3":"Taste-(A/B/C)","best_variedad_3":"","worst_variedad_3":"","caracteristica_4":"Water_needs-(A/B/C)","better_variedad_4":"","worse_variedad_4":"","caracteristica_5":"Labor_needs-(A/B/C)","better_variedad_5":"","worse_variedad_5":"","caracteristica_6":"Harvest_frequency-(A/B/C)","better_variedad_6":"","worse_variedad_6":"","caracteristica_7":"Income_generation-(A/B/C)","better_variedad_7":"","worse_variedad_7":"","caracteristica_8":"Money_saving-(A/B/C)","better_variedad_8":"","worse_variedad_8":"","caracteristica_9":"Overall_performance-(A/B/C)","best_variedad_9":"","worst_variedad_9":"","evaluation":""},
{"observadores":"kg_2_2019_47","name_user":"","name_family":"","village":"","district":"","telephone":"","gender":"","age":"","location_longitude_seed_delivery_point":"","location_latitude_seed_delivery_point":"","location_altitude":"","location_longitude":"","location_latitude":"","planting_date":"","harvest_date":"","from_the_3_varieties_which_one_would_you_like_to_grow_again":"","codigo_paquetes":"","caracteristica_1":"Pest_resistance-(A/B/C)","best_variedad_1":"","worst_variedad_1":"","caracteristica_2":"Disease_resistance-(A/B/C)","best_variedad_2":"","worst_variedad_2":"","caracteristica_3":"Taste-(A/B/C)","best_variedad_3":"","worst_variedad_3":"","caracteristica_4":"Water_needs-(A/B/C)","better_variedad_4":"","worse_variedad_4":"","caracteristica_5":"Labor_needs-(A/B/C)","better_variedad_5":"","worse_variedad_5":"","caracteristica_6":"Harvest_frequency-(A/B/C)","better_variedad_6":"","worse_variedad_6":"","caracteristica_7":"Income_generation-(A/B/C)","better_variedad_7":"","worse_variedad_7":"","caracteristica_8":"Money_saving-(A/B/C)","better_variedad_8":"","worse_variedad_8":"","caracteristica_9":"Overall_performance-(A/B/C)","best_variedad_9":"","worst_variedad_9":"","evaluation":""},
{"observadores":"kg_2_2019_48","name_user":"","name_family":"","village":"","district":"","telephone":"","gender":"","age":"","location_longitude_seed_delivery_point":"","location_latitude_seed_delivery_point":"","location_altitude":"","location_longitude":"","location_latitude":"","planting_date":"","harvest_date":"","from_the_3_varieties_which_one_would_you_like_to_grow_again":"","codigo_paquetes":"","caracteristica_1":"Pest_resistance-(A/B/C)","best_variedad_1":"","worst_variedad_1":"","caracteristica_2":"Disease_resistance-(A/B/C)","best_variedad_2":"","worst_variedad_2":"","caracteristica_3":"Taste-(A/B/C)","best_variedad_3":"","worst_variedad_3":"","caracteristica_4":"Water_needs-(A/B/C)","better_variedad_4":"","worse_variedad_4":"","caracteristica_5":"Labor_needs-(A/B/C)","better_variedad_5":"","worse_variedad_5":"","caracteristica_6":"Harvest_frequency-(A/B/C)","better_variedad_6":"","worse_variedad_6":"","caracteristica_7":"Income_generation-(A/B/C)","better_variedad_7":"","worse_variedad_7":"","caracteristica_8":"Money_saving-(A/B/C)","better_variedad_8":"","worse_variedad_8":"","caracteristica_9":"Overall_performance-(A/B/C)","best_variedad_9":"","worst_variedad_9":"","evaluation":""},
{"observadores":"kg_2_2019_49","name_user":"","name_family":"","village":"","district":"","telephone":"","gender":"","age":"","location_longitude_seed_delivery_point":"","location_latitude_seed_delivery_point":"","location_altitude":"","location_longitude":"","location_latitude":"","planting_date":"","harvest_date":"","from_the_3_varieties_which_one_would_you_like_to_grow_again":"","codigo_paquetes":"","caracteristica_1":"Pest_resistance-(A/B/C)","best_variedad_1":"","worst_variedad_1":"","caracteristica_2":"Disease_resistance-(A/B/C)","best_variedad_2":"","worst_variedad_2":"","caracteristica_3":"Taste-(A/B/C)","best_variedad_3":"","worst_variedad_3":"","caracteristica_4":"Water_needs-(A/B/C)","better_variedad_4":"","worse_variedad_4":"","caracteristica_5":"Labor_needs-(A/B/C)","better_variedad_5":"","worse_variedad_5":"","caracteristica_6":"Harvest_frequency-(A/B/C)","better_variedad_6":"","worse_variedad_6":"","caracteristica_7":"Income_generation-(A/B/C)","better_variedad_7":"","worse_variedad_7":"","caracteristica_8":"Money_saving-(A/B/C)","better_variedad_8":"","worse_variedad_8":"","caracteristica_9":"Overall_performance-(A/B/C)","best_variedad_9":"","worst_variedad_9":"","evaluation":""},
{"observadores":"kg_2_2019_5","name_user":"","name_family":"","village":"","district":"","telephone":"","gender":"","age":"","location_longitude_seed_delivery_point":"","location_latitude_seed_delivery_point":"","location_altitude":"","location_longitude":"","location_latitude":"","planting_date":"","harvest_date":"","from_the_3_varieties_which_one_would_you_like_to_grow_again":"","codigo_paquetes":"","caracteristica_1":"Pest_resistance-(A/B/C)","best_variedad_1":"","worst_variedad_1":"","caracteristica_2":"Disease_resistance-(A/B/C)","best_variedad_2":"","worst_variedad_2":"","caracteristica_3":"Taste-(A/B/C)","best_variedad_3":"","worst_variedad_3":"","caracteristica_4":"Water_needs-(A/B/C)","better_variedad_4":"","worse_variedad_4":"","caracteristica_5":"Labor_needs-(A/B/C)","better_variedad_5":"","worse_variedad_5":"","caracteristica_6":"Harvest_frequency-(A/B/C)","better_variedad_6":"","worse_variedad_6":"","caracteristica_7":"Income_generation-(A/B/C)","better_variedad_7":"","worse_variedad_7":"","caracteristica_8":"Money_saving-(A/B/C)","better_variedad_8":"","worse_variedad_8":"","caracteristica_9":"Overall_performance-(A/B/C)","best_variedad_9":"","worst_variedad_9":"","evaluation":""},
{"observadores":"kg_2_2019_50","name_user":"","name_family":"","village":"","district":"","telephone":"","gender":"","age":"","location_longitude_seed_delivery_point":"","location_latitude_seed_delivery_point":"","location_altitude":"","location_longitude":"","location_latitude":"","planting_date":"","harvest_date":"","from_the_3_varieties_which_one_would_you_like_to_grow_again":"","codigo_paquetes":"","caracteristica_1":"Pest_resistance-(A/B/C)","best_variedad_1":"","worst_variedad_1":"","caracteristica_2":"Disease_resistance-(A/B/C)","best_variedad_2":"","worst_variedad_2":"","caracteristica_3":"Taste-(A/B/C)","best_variedad_3":"","worst_variedad_3":"","caracteristica_4":"Water_needs-(A/B/C)","better_variedad_4":"","worse_variedad_4":"","caracteristica_5":"Labor_needs-(A/B/C)","better_variedad_5":"","worse_variedad_5":"","caracteristica_6":"Harvest_frequency-(A/B/C)","better_variedad_6":"","worse_variedad_6":"","caracteristica_7":"Income_generation-(A/B/C)","better_variedad_7":"","worse_variedad_7":"","caracteristica_8":"Money_saving-(A/B/C)","better_variedad_8":"","worse_variedad_8":"","caracteristica_9":"Overall_performance-(A/B/C)","best_variedad_9":"","worst_variedad_9":"","evaluation":""},
{"observadores":"kg_2_2019_6","name_user":"","name_family":"","village":"","district":"","telephone":"","gender":"","age":"","location_longitude_seed_delivery_point":"","location_latitude_seed_delivery_point":"","location_altitude":"","location_longitude":"","location_latitude":"","planting_date":"","harvest_date":"","from_the_3_varieties_which_one_would_you_like_to_grow_again":"","codigo_paquetes":"","caracteristica_1":"Pest_resistance-(A/B/C)","best_variedad_1":"","worst_variedad_1":"","caracteristica_2":"Disease_resistance-(A/B/C)","best_variedad_2":"","worst_variedad_2":"","caracteristica_3":"Taste-(A/B/C)","best_variedad_3":"","worst_variedad_3":"","caracteristica_4":"Water_needs-(A/B/C)","better_variedad_4":"","worse_variedad_4":"","caracteristica_5":"Labor_needs-(A/B/C)","better_variedad_5":"","worse_variedad_5":"","caracteristica_6":"Harvest_frequency-(A/B/C)","better_variedad_6":"","worse_variedad_6":"","caracteristica_7":"Income_generation-(A/B/C)","better_variedad_7":"","worse_variedad_7":"","caracteristica_8":"Money_saving-(A/B/C)","better_variedad_8":"","worse_variedad_8":"","caracteristica_9":"Overall_performance-(A/B/C)","best_variedad_9":"","worst_variedad_9":"","evaluation":""},
{"observadores":"kg_2_2019_7","name_user":"","name_family":"","village":"","district":"","telephone":"","gender":"","age":"","location_longitude_seed_delivery_point":"","location_latitude_seed_delivery_point":"","location_altitude":"","location_longitude":"","location_latitude":"","planting_date":"","harvest_date":"","from_the_3_varieties_which_one_would_you_like_to_grow_again":"","codigo_paquetes":"","caracteristica_1":"Pest_resistance-(A/B/C)","best_variedad_1":"","worst_variedad_1":"","caracteristica_2":"Disease_resistance-(A/B/C)","best_variedad_2":"","worst_variedad_2":"","caracteristica_3":"Taste-(A/B/C)","best_variedad_3":"","worst_variedad_3":"","caracteristica_4":"Water_needs-(A/B/C)","better_variedad_4":"","worse_variedad_4":"","caracteristica_5":"Labor_needs-(A/B/C)","better_variedad_5":"","worse_variedad_5":"","caracteristica_6":"Harvest_frequency-(A/B/C)","better_variedad_6":"","worse_variedad_6":"","caracteristica_7":"Income_generation-(A/B/C)","better_variedad_7":"","worse_variedad_7":"","caracteristica_8":"Money_saving-(A/B/C)","better_variedad_8":"","worse_variedad_8":"","caracteristica_9":"Overall_performance-(A/B/C)","best_variedad_9":"","worst_variedad_9":"","evaluation":""},
{"observadores":"kg_2_2019_8","name_user":"","name_family":"","village":"","district":"","telephone":"","gender":"","age":"","location_longitude_seed_delivery_point":"","location_latitude_seed_delivery_point":"","location_altitude":"","location_longitude":"","location_latitude":"","planting_date":"","harvest_date":"","from_the_3_varieties_which_one_would_you_like_to_grow_again":"","codigo_paquetes":"","caracteristica_1":"Pest_resistance-(A/B/C)","best_variedad_1":"","worst_variedad_1":"","caracteristica_2":"Disease_resistance-(A/B/C)","best_variedad_2":"","worst_variedad_2":"","caracteristica_3":"Taste-(A/B/C)","best_variedad_3":"","worst_variedad_3":"","caracteristica_4":"Water_needs-(A/B/C)","better_variedad_4":"","worse_variedad_4":"","caracteristica_5":"Labor_needs-(A/B/C)","better_variedad_5":"","worse_variedad_5":"","caracteristica_6":"Harvest_frequency-(A/B/C)","better_variedad_6":"","worse_variedad_6":"","caracteristica_7":"Income_generation-(A/B/C)","better_variedad_7":"","worse_variedad_7":"","caracteristica_8":"Money_saving-(A/B/C)","better_variedad_8":"","worse_variedad_8":"","caracteristica_9":"Overall_performance-(A/B/C)","best_variedad_9":"","worst_variedad_9":"","evaluation":""},
{"observadores":"kg_2_2019_9","name_user":"","name_family":"","village":"","district":"","telephone":"","gender":"","age":"","location_longitude_seed_delivery_point":"","location_latitude_seed_delivery_point":"","location_altitude":"","location_longitude":"","location_latitude":"","planting_date":"","harvest_date":"","from_the_3_varieties_which_one_would_you_like_to_grow_again":"","codigo_paquetes":"","caracteristica_1":"Pest_resistance-(A/B/C)","best_variedad_1":"","worst_variedad_1":"","caracteristica_2":"Disease_resistance-(A/B/C)","best_variedad_2":"","worst_variedad_2":"","caracteristica_3":"Taste-(A/B/C)","best_variedad_3":"","worst_variedad_3":"","caracteristica_4":"Water_needs-(A/B/C)","better_variedad_4":"","worse_variedad_4":"","caracteristica_5":"Labor_needs-(A/B/C)","better_variedad_5":"","worse_variedad_5":"","caracteristica_6":"Harvest_frequency-(A/B/C)","better_variedad_6":"","worse_variedad_6":"","caracteristica_7":"Income_generation-(A/B/C)","better_variedad_7":"","worse_variedad_7":"","caracteristica_8":"Money_saving-(A/B/C)","better_variedad_8":"","worse_variedad_8":"","caracteristica_9":"Overall_performance-(A/B/C)","best_variedad_9":"","worst_variedad_9":"","evaluation":""}
]
