[
{"codigo_paquetes":"package_sorghum_homabay_2020_001","variedad_a":"T30B","variedad_b":"E117B","variedad_c":"MUK 27"},
{"codigo_paquetes":"package_sorghum_homabay_2020_002","variedad_a":"C26","variedad_b":"1S 3098","variedad_c":"NYADUNDO 2"},
{"codigo_paquetes":"package_sorghum_homabay_2020_003","variedad_a":"N4","variedad_b":"MUK 154","variedad_c":"NYADUNDO 1"},
{"codigo_paquetes":"package_sorghum_homabay_2020_004","variedad_a":"T53B","variedad_b":"N68","variedad_c":"MUK 60"},
{"codigo_paquetes":"package_sorghum_homabay_2020_005","variedad_a":"NYADUNDO 1","variedad_b":"N4","variedad_c":"T53B"},
{"codigo_paquetes":"package_sorghum_homabay_2020_006","variedad_a":"MUK 154","variedad_b":"T30B","variedad_c":"1S 3098"},
{"codigo_paquetes":"package_sorghum_homabay_2020_007","variedad_a":"MUK 60","variedad_b":"NYADUNDO 2","variedad_c":"E117B"},
{"codigo_paquetes":"package_sorghum_homabay_2020_008","variedad_a":"MUK 27","variedad_b":"T53B","variedad_c":"C26"},
{"codigo_paquetes":"package_sorghum_homabay_2020_009","variedad_a":"N68","variedad_b":"C26","variedad_c":"T30B"},
{"codigo_paquetes":"package_sorghum_homabay_2020_010","variedad_a":"1S 3098","variedad_b":"NYADUNDO 1","variedad_c":"N68"},
{"codigo_paquetes":"package_sorghum_homabay_2020_011","variedad_a":"NYADUNDO 2","variedad_b":"MUK 27","variedad_c":"N4"},
{"codigo_paquetes":"package_sorghum_homabay_2020_012","variedad_a":"E117B","variedad_b":"1S 3098","variedad_c":"MUK 154"},
{"codigo_paquetes":"package_sorghum_homabay_2020_013","variedad_a":"C26","variedad_b":"MUK 60","variedad_c":"MUK 154"},
{"codigo_paquetes":"package_sorghum_homabay_2020_014","variedad_a":"MUK 60","variedad_b":"NYADUNDO 2","variedad_c":"MUK 27"},
{"codigo_paquetes":"package_sorghum_homabay_2020_015","variedad_a":"T53B","variedad_b":"N68","variedad_c":"NYADUNDO 1"},
{"codigo_paquetes":"package_sorghum_homabay_2020_016","variedad_a":"T30B","variedad_b":"T53B","variedad_c":"E117B"},
{"codigo_paquetes":"package_sorghum_homabay_2020_017","variedad_a":"N4","variedad_b":"E117B","variedad_c":"MUK 60"},
{"codigo_paquetes":"package_sorghum_homabay_2020_018","variedad_a":"MUK 154","variedad_b":"N4","variedad_c":"N68"},
{"codigo_paquetes":"package_sorghum_homabay_2020_019","variedad_a":"NYADUNDO 1","variedad_b":"MUK 27","variedad_c":"T30B"},
{"codigo_paquetes":"package_sorghum_homabay_2020_020","variedad_a":"E117B","variedad_b":"C26","variedad_c":"1S 3098"},
{"codigo_paquetes":"package_sorghum_homabay_2020_021","variedad_a":"MUK 154","variedad_b":"T30B","variedad_c":"NYADUNDO 2"},
{"codigo_paquetes":"package_sorghum_homabay_2020_022","variedad_a":"NYADUNDO 2","variedad_b":"MUK 60","variedad_c":"C26"},
{"codigo_paquetes":"package_sorghum_homabay_2020_023","variedad_a":"1S 3098","variedad_b":"NYADUNDO 1","variedad_c":"T53B"},
{"codigo_paquetes":"package_sorghum_homabay_2020_024","variedad_a":"MUK 27","variedad_b":"E117B","variedad_c":"N4"},
{"codigo_paquetes":"package_sorghum_homabay_2020_025","variedad_a":"N68","variedad_b":"NYADUNDO 2","variedad_c":"MUK 27"},
{"codigo_paquetes":"package_sorghum_homabay_2020_026","variedad_a":"C26","variedad_b":"N68","variedad_c":"NYADUNDO 1"},
{"codigo_paquetes":"package_sorghum_homabay_2020_027","variedad_a":"N4","variedad_b":"T53B","variedad_c":"MUK 60"},
{"codigo_paquetes":"package_sorghum_homabay_2020_028","variedad_a":"T53B","variedad_b":"1S 3098","variedad_c":"T30B"},
{"codigo_paquetes":"package_sorghum_homabay_2020_029","variedad_a":"N68","variedad_b":"MUK 154","variedad_c":"E117B"},
{"codigo_paquetes":"package_sorghum_homabay_2020_030","variedad_a":"NYADUNDO 1","variedad_b":"T30B","variedad_c":"N4"},
{"codigo_paquetes":"package_sorghum_homabay_2020_031","variedad_a":"1S 3098","variedad_b":"MUK 27","variedad_c":"MUK 154"},
{"codigo_paquetes":"package_sorghum_homabay_2020_032","variedad_a":"T30B","variedad_b":"MUK 60","variedad_c":"C26"},
{"codigo_paquetes":"package_sorghum_homabay_2020_033","variedad_a":"C26","variedad_b":"MUK 154","variedad_c":"NYADUNDO 2"},
{"codigo_paquetes":"package_sorghum_homabay_2020_034","variedad_a":"NYADUNDO 2","variedad_b":"E117B","variedad_c":"T53B"},
{"codigo_paquetes":"package_sorghum_homabay_2020_035","variedad_a":"MUK 60","variedad_b":"NYADUNDO 1","variedad_c":"MUK 27"},
{"codigo_paquetes":"package_sorghum_homabay_2020_036","variedad_a":"NYADUNDO 2","variedad_b":"N4","variedad_c":"N68"},
{"codigo_paquetes":"package_sorghum_homabay_2020_037","variedad_a":"N68","variedad_b":"C26","variedad_c":"1S 3098"},
{"codigo_paquetes":"package_sorghum_homabay_2020_038","variedad_a":"E117B","variedad_b":"MUK 27","variedad_c":"NYADUNDO 1"},
{"codigo_paquetes":"package_sorghum_homabay_2020_039","variedad_a":"N4","variedad_b":"T53B","variedad_c":"1S 3098"},
{"codigo_paquetes":"package_sorghum_homabay_2020_040","variedad_a":"MUK 154","variedad_b":"MUK 60","variedad_c":"T30B"},
{"codigo_paquetes":"package_sorghum_homabay_2020_041","variedad_a":"T53B","variedad_b":"T30B","variedad_c":"N68"},
{"codigo_paquetes":"package_sorghum_homabay_2020_042","variedad_a":"1S 3098","variedad_b":"NYADUNDO 1","variedad_c":"N4"},
{"codigo_paquetes":"package_sorghum_homabay_2020_043","variedad_a":"MUK 27","variedad_b":"C26","variedad_c":"MUK 60"},
{"codigo_paquetes":"package_sorghum_homabay_2020_044","variedad_a":"NYADUNDO 1","variedad_b":"MUK 154","variedad_c":"NYADUNDO 2"},
{"codigo_paquetes":"package_sorghum_homabay_2020_045","variedad_a":"E117B","variedad_b":"MUK 154","variedad_c":"T53B"},
{"codigo_paquetes":"package_sorghum_homabay_2020_046","variedad_a":"T30B","variedad_b":"NYADUNDO 2","variedad_c":"E117B"},
{"codigo_paquetes":"package_sorghum_homabay_2020_047","variedad_a":"MUK 60","variedad_b":"N4","variedad_c":"C26"},
{"codigo_paquetes":"package_sorghum_homabay_2020_048","variedad_a":"MUK 27","variedad_b":"N68","variedad_c":"1S 3098"},
{"codigo_paquetes":"package_sorghum_homabay_2020_049","variedad_a":"C26","variedad_b":"NYADUNDO 1","variedad_c":"E117B"},
{"codigo_paquetes":"package_sorghum_homabay_2020_050","variedad_a":"N4","variedad_b":"T53B","variedad_c":"MUK 27"},
{"codigo_paquetes":"package_sorghum_homabay_2020_051","variedad_a":"N68","variedad_b":"MUK 60","variedad_c":"MUK 154"},
{"codigo_paquetes":"package_sorghum_homabay_2020_052","variedad_a":"T30B","variedad_b":"1S 3098","variedad_c":"NYADUNDO 2"},
{"codigo_paquetes":"package_sorghum_homabay_2020_053","variedad_a":"N4","variedad_b":"N68","variedad_c":"T30B"},
{"codigo_paquetes":"package_sorghum_homabay_2020_054","variedad_a":"MUK 60","variedad_b":"1S 3098","variedad_c":"NYADUNDO 1"},
{"codigo_paquetes":"package_sorghum_homabay_2020_055","variedad_a":"T53B","variedad_b":"NYADUNDO 2","variedad_c":"C26"},
{"codigo_paquetes":"package_sorghum_homabay_2020_056","variedad_a":"NYADUNDO 1","variedad_b":"MUK 27","variedad_c":"MUK 154"},
{"codigo_paquetes":"package_sorghum_homabay_2020_057","variedad_a":"NYADUNDO 2","variedad_b":"E117B","variedad_c":"N68"},
{"codigo_paquetes":"package_sorghum_homabay_2020_058","variedad_a":"E117B","variedad_b":"T53B","variedad_c":"MUK 60"},
{"codigo_paquetes":"package_sorghum_homabay_2020_059","variedad_a":"MUK 27","variedad_b":"C26","variedad_c":"T30B"},
{"codigo_paquetes":"package_sorghum_homabay_2020_060","variedad_a":"MUK 154","variedad_b":"N4","variedad_c":"1S 3098"},
{"codigo_paquetes":"package_sorghum_homabay_2020_061","variedad_a":"NYADUNDO 1","variedad_b":"E117B","variedad_c":"N4"},
{"codigo_paquetes":"package_sorghum_homabay_2020_062","variedad_a":"MUK 154","variedad_b":"N68","variedad_c":"T53B"},
{"codigo_paquetes":"package_sorghum_homabay_2020_063","variedad_a":"1S 3098","variedad_b":"NYADUNDO 2","variedad_c":"MUK 27"},
{"codigo_paquetes":"package_sorghum_homabay_2020_064","variedad_a":"MUK 60","variedad_b":"T30B","variedad_c":"N4"},
{"codigo_paquetes":"package_sorghum_homabay_2020_065","variedad_a":"C26","variedad_b":"1S 3098","variedad_c":"NYADUNDO 1"},
{"codigo_paquetes":"package_sorghum_homabay_2020_066","variedad_a":"T53B","variedad_b":"T30B","variedad_c":"C26"},
{"codigo_paquetes":"package_sorghum_homabay_2020_067","variedad_a":"MUK 27","variedad_b":"MUK 154","variedad_c":"MUK 60"},
{"codigo_paquetes":"package_sorghum_homabay_2020_068","variedad_a":"N68","variedad_b":"1S 3098","variedad_c":"NYADUNDO 2"},
{"codigo_paquetes":"package_sorghum_homabay_2020_069","variedad_a":"E117B","variedad_b":"N4","variedad_c":"N68"},
{"codigo_paquetes":"package_sorghum_homabay_2020_070","variedad_a":"C26","variedad_b":"MUK 27","variedad_c":"E117B"},
{"codigo_paquetes":"package_sorghum_homabay_2020_071","variedad_a":"T30B","variedad_b":"NYADUNDO 1","variedad_c":"NYADUNDO 2"},
{"codigo_paquetes":"package_sorghum_homabay_2020_072","variedad_a":"NYADUNDO 1","variedad_b":"MUK 60","variedad_c":"MUK 154"},
{"codigo_paquetes":"package_sorghum_homabay_2020_073","variedad_a":"NYADUNDO 2","variedad_b":"MUK 154","variedad_c":"T53B"},
{"codigo_paquetes":"package_sorghum_homabay_2020_074","variedad_a":"T53B","variedad_b":"N68","variedad_c":"MUK 27"},
{"codigo_paquetes":"package_sorghum_homabay_2020_075","variedad_a":"N4","variedad_b":"C26","variedad_c":"T30B"},
{"codigo_paquetes":"package_sorghum_homabay_2020_076","variedad_a":"1S 3098","variedad_b":"MUK 60","variedad_c":"E117B"},
{"codigo_paquetes":"package_sorghum_homabay_2020_077","variedad_a":"C26","variedad_b":"T53B","variedad_c":"NYADUNDO 1"},
{"codigo_paquetes":"package_sorghum_homabay_2020_078","variedad_a":"1S 3098","variedad_b":"MUK 27","variedad_c":"N4"},
{"codigo_paquetes":"package_sorghum_homabay_2020_079","variedad_a":"N68","variedad_b":"T30B","variedad_c":"MUK 60"},
{"codigo_paquetes":"package_sorghum_homabay_2020_080","variedad_a":"NYADUNDO 2","variedad_b":"N4","variedad_c":"E117B"},
{"codigo_paquetes":"package_sorghum_homabay_2020_081","variedad_a":"MUK 154","variedad_b":"E117B","variedad_c":"C26"},
{"codigo_paquetes":"package_sorghum_homabay_2020_082","variedad_a":"MUK 27","variedad_b":"NYADUNDO 1","variedad_c":"NYADUNDO 2"},
{"codigo_paquetes":"package_sorghum_homabay_2020_083","variedad_a":"MUK 60","variedad_b":"N68","variedad_c":"1S 3098"},
{"codigo_paquetes":"package_sorghum_homabay_2020_084","variedad_a":"T30B","variedad_b":"NYADUNDO 1","variedad_c":"MUK 154"},
{"codigo_paquetes":"package_sorghum_homabay_2020_085","variedad_a":"MUK 60","variedad_b":"NYADUNDO 2","variedad_c":"T53B"},
{"codigo_paquetes":"package_sorghum_homabay_2020_086","variedad_a":"N4","variedad_b":"C26","variedad_c":"N68"},
{"codigo_paquetes":"package_sorghum_homabay_2020_087","variedad_a":"E117B","variedad_b":"1S 3098","variedad_c":"T30B"},
{"codigo_paquetes":"package_sorghum_homabay_2020_088","variedad_a":"MUK 154","variedad_b":"T53B","variedad_c":"MUK 27"},
{"codigo_paquetes":"package_sorghum_homabay_2020_089","variedad_a":"1S 3098","variedad_b":"MUK 27","variedad_c":"MUK 60"},
{"codigo_paquetes":"package_sorghum_homabay_2020_090","variedad_a":"T53B","variedad_b":"C26","variedad_c":"MUK 154"},
{"codigo_paquetes":"package_sorghum_homabay_2020_091","variedad_a":"T30B","variedad_b":"E117B","variedad_c":"NYADUNDO 1"},
{"codigo_paquetes":"package_sorghum_homabay_2020_092","variedad_a":"NYADUNDO 2","variedad_b":"MUK 154","variedad_c":"N4"},
{"codigo_paquetes":"package_sorghum_homabay_2020_093","variedad_a":"MUK 27","variedad_b":"T30B","variedad_c":"N68"},
{"codigo_paquetes":"package_sorghum_homabay_2020_094","variedad_a":"N68","variedad_b":"MUK 60","variedad_c":"NYADUNDO 1"},
{"codigo_paquetes":"package_sorghum_homabay_2020_095","variedad_a":"E117B","variedad_b":"T53B","variedad_c":"1S 3098"},
{"codigo_paquetes":"package_sorghum_homabay_2020_096","variedad_a":"N4","variedad_b":"NYADUNDO 2","variedad_c":"C26"},
{"codigo_paquetes":"package_sorghum_homabay_2020_097","variedad_a":"NYADUNDO 1","variedad_b":"MUK 60","variedad_c":"NYADUNDO 2"},
{"codigo_paquetes":"package_sorghum_homabay_2020_098","variedad_a":"C26","variedad_b":"N4","variedad_c":"1S 3098"},
{"codigo_paquetes":"package_sorghum_homabay_2020_099","variedad_a":"T30B","variedad_b":"MUK 27","variedad_c":"T53B"},
{"codigo_paquetes":"package_sorghum_homabay_2020_100","variedad_a":"MUK 154","variedad_b":"C26","variedad_c":"N68"}
]
