[
{"codigo_paquetes":"package_p_efficient_bean_moz1_001","variedad_a":"cod 05 -","variedad_b":"cod 11 -","variedad_c":"cod 15 -"},
{"codigo_paquetes":"package_p_efficient_bean_moz1_002","variedad_a":"cod 04 -","variedad_b":"cod 07 -","variedad_c":"cod 10 -"},
{"codigo_paquetes":"package_p_efficient_bean_moz1_003","variedad_a":"cod 09 -","variedad_b":"cod 13 -","variedad_c":"cod 14 -"},
{"codigo_paquetes":"package_p_efficient_bean_moz1_004","variedad_a":"cod 02 -","variedad_b":"cod 08 -","variedad_c":"cod 16 -"},
{"codigo_paquetes":"package_p_efficient_bean_moz1_005","variedad_a":"cod 01 -","variedad_b":"cod 03 -","variedad_c":"cod 06 -"},
{"codigo_paquetes":"package_p_efficient_bean_moz1_006","variedad_a":"cod 03 -","variedad_b":"cod 14 -","variedad_c":"cod 12 -"},
{"codigo_paquetes":"package_p_efficient_bean_moz1_007","variedad_a":"cod 06 -","variedad_b":"cod 04 -","variedad_c":"cod 08 -"},
{"codigo_paquetes":"package_p_efficient_bean_moz1_008","variedad_a":"cod 07 -","variedad_b":"cod 01 -","variedad_c":"cod 11 -"},
{"codigo_paquetes":"package_p_efficient_bean_moz1_009","variedad_a":"cod 12 -","variedad_b":"cod 15 -","variedad_c":"cod 05 -"},
{"codigo_paquetes":"package_p_efficient_bean_moz1_010","variedad_a":"cod 10 -","variedad_b":"cod 02 -","variedad_c":"cod 09 -"},
{"codigo_paquetes":"package_p_efficient_bean_moz1_011","variedad_a":"cod 13 -","variedad_b":"cod 16 -","variedad_c":"cod 04 -"},
{"codigo_paquetes":"package_p_efficient_bean_moz1_012","variedad_a":"cod 14 -","variedad_b":"cod 05 -","variedad_c":"cod 10 -"},
{"codigo_paquetes":"package_p_efficient_bean_moz1_013","variedad_a":"cod 15 -","variedad_b":"cod 02 -","variedad_c":"cod 13 -"},
{"codigo_paquetes":"package_p_efficient_bean_moz1_014","variedad_a":"cod 08 -","variedad_b":"cod 12 -","variedad_c":"cod 01 -"},
{"codigo_paquetes":"package_p_efficient_bean_moz1_015","variedad_a":"cod 06 -","variedad_b":"cod 09 -","variedad_c":"cod 03 -"},
{"codigo_paquetes":"package_p_efficient_bean_moz1_016","variedad_a":"cod 16 -","variedad_b":"cod 14 -","variedad_c":"cod 07 -"},
{"codigo_paquetes":"package_p_efficient_bean_moz1_017","variedad_a":"cod 11 -","variedad_b":"cod 10 -","variedad_c":"cod 06 -"},
{"codigo_paquetes":"package_p_efficient_bean_moz1_018","variedad_a":"cod 01 -","variedad_b":"cod 08 -","variedad_c":"cod 15 -"},
{"codigo_paquetes":"package_p_efficient_bean_moz1_019","variedad_a":"cod 07 -","variedad_b":"cod 09 -","variedad_c":"cod 11 -"},
{"codigo_paquetes":"package_p_efficient_bean_moz1_020","variedad_a":"cod 04 -","variedad_b":"cod 05 -","variedad_c":"cod 13 -"},
{"codigo_paquetes":"package_p_efficient_bean_moz1_021","variedad_a":"cod 12 -","variedad_b":"cod 16 -","variedad_c":"cod 02 -"},
{"codigo_paquetes":"package_p_efficient_bean_moz1_022","variedad_a":"cod 03 -","variedad_b":"cod 13 -","variedad_c":"cod 01 -"},
{"codigo_paquetes":"package_p_efficient_bean_moz1_023","variedad_a":"cod 08 -","variedad_b":"cod 15 -","variedad_c":"cod 16 -"},
{"codigo_paquetes":"package_p_efficient_bean_moz1_024","variedad_a":"cod 05 -","variedad_b":"cod 10 -","variedad_c":"cod 12 -"},
{"codigo_paquetes":"package_p_efficient_bean_moz1_025","variedad_a":"cod 09 -","variedad_b":"cod 06 -","variedad_c":"cod 04 -"},
{"codigo_paquetes":"package_p_efficient_bean_moz1_026","variedad_a":"cod 11 -","variedad_b":"cod 03 -","variedad_c":"cod 14 -"},
{"codigo_paquetes":"package_p_efficient_bean_moz1_027","variedad_a":"cod 13 -","variedad_b":"cod 07 -","variedad_c":"cod 02 -"},
{"codigo_paquetes":"package_p_efficient_bean_moz1_028","variedad_a":"cod 14 -","variedad_b":"cod 06 -","variedad_c":"cod 15 -"},
{"codigo_paquetes":"package_p_efficient_bean_moz1_029","variedad_a":"cod 10 -","variedad_b":"cod 08 -","variedad_c":"cod 09 -"},
{"codigo_paquetes":"package_p_efficient_bean_moz1_030","variedad_a":"cod 01 -","variedad_b":"cod 11 -","variedad_c":"cod 12 -"},
{"codigo_paquetes":"package_p_efficient_bean_moz1_031","variedad_a":"cod 03 -","variedad_b":"cod 04 -","variedad_c":"cod 05 -"},
{"codigo_paquetes":"package_p_efficient_bean_moz1_032","variedad_a":"cod 02 -","variedad_b":"cod 05 -","variedad_c":"cod 16 -"},
{"codigo_paquetes":"package_p_efficient_bean_moz1_033","variedad_a":"cod 15 -","variedad_b":"cod 01 -","variedad_c":"cod 07 -"},
{"codigo_paquetes":"package_p_efficient_bean_moz1_034","variedad_a":"cod 13 -","variedad_b":"cod 14 -","variedad_c":"cod 08 -"},
{"codigo_paquetes":"package_p_efficient_bean_moz1_035","variedad_a":"cod 16 -","variedad_b":"cod 12 -","variedad_c":"cod 09 -"},
{"codigo_paquetes":"package_p_efficient_bean_moz1_036","variedad_a":"cod 04 -","variedad_b":"cod 10 -","variedad_c":"cod 11 -"},
{"codigo_paquetes":"package_p_efficient_bean_moz1_037","variedad_a":"cod 06 -","variedad_b":"cod 07 -","variedad_c":"cod 03 -"},
{"codigo_paquetes":"package_p_efficient_bean_moz1_038","variedad_a":"cod 02 -","variedad_b":"cod 01 -","variedad_c":"cod 13 -"},
{"codigo_paquetes":"package_p_efficient_bean_moz1_039","variedad_a":"cod 09 -","variedad_b":"cod 06 -","variedad_c":"cod 14 -"},
{"codigo_paquetes":"package_p_efficient_bean_moz1_040","variedad_a":"cod 08 -","variedad_b":"cod 15 -","variedad_c":"cod 10 -"},
{"codigo_paquetes":"package_p_efficient_bean_moz1_041","variedad_a":"cod 11 -","variedad_b":"cod 12 -","variedad_c":"cod 03 -"},
{"codigo_paquetes":"package_p_efficient_bean_moz1_042","variedad_a":"cod 05 -","variedad_b":"cod 16 -","variedad_c":"cod 04 -"},
{"codigo_paquetes":"package_p_efficient_bean_moz1_043","variedad_a":"cod 07 -","variedad_b":"cod 04 -","variedad_c":"cod 02 -"},
{"codigo_paquetes":"package_p_efficient_bean_moz1_044","variedad_a":"cod 15 -","variedad_b":"cod 01 -","variedad_c":"cod 05 -"},
{"codigo_paquetes":"package_p_efficient_bean_moz1_045","variedad_a":"cod 09 -","variedad_b":"cod 13 -","variedad_c":"cod 08 -"},
{"codigo_paquetes":"package_p_efficient_bean_moz1_046","variedad_a":"cod 12 -","variedad_b":"cod 16 -","variedad_c":"cod 07 -"},
{"codigo_paquetes":"package_p_efficient_bean_moz1_047","variedad_a":"cod 10 -","variedad_b":"cod 03 -","variedad_c":"cod 14 -"},
{"codigo_paquetes":"package_p_efficient_bean_moz1_048","variedad_a":"cod 04 -","variedad_b":"cod 11 -","variedad_c":"cod 06 -"},
{"codigo_paquetes":"package_p_efficient_bean_moz1_049","variedad_a":"cod 03 -","variedad_b":"cod 02 -","variedad_c":"cod 13 -"},
{"codigo_paquetes":"package_p_efficient_bean_moz1_050","variedad_a":"cod 06 -","variedad_b":"cod 09 -","variedad_c":"cod 01 -"},
{"codigo_paquetes":"package_p_efficient_bean_moz1_051","variedad_a":"cod 14 -","variedad_b":"cod 07 -","variedad_c":"cod 15 -"},
{"codigo_paquetes":"package_p_efficient_bean_moz1_052","variedad_a":"cod 08 -","variedad_b":"cod 11 -","variedad_c":"cod 12 -"},
{"codigo_paquetes":"package_p_efficient_bean_moz1_053","variedad_a":"cod 16 -","variedad_b":"cod 10 -","variedad_c":"cod 01 -"},
{"codigo_paquetes":"package_p_efficient_bean_moz1_054","variedad_a":"cod 02 -","variedad_b":"cod 05 -","variedad_c":"cod 11 -"},
{"codigo_paquetes":"package_p_efficient_bean_moz1_055","variedad_a":"cod 05 -","variedad_b":"cod 15 -","variedad_c":"cod 04 -"},
{"codigo_paquetes":"package_p_efficient_bean_moz1_056","variedad_a":"cod 07 -","variedad_b":"cod 13 -","variedad_c":"cod 09 -"},
{"codigo_paquetes":"package_p_efficient_bean_moz1_057","variedad_a":"cod 14 -","variedad_b":"cod 08 -","variedad_c":"cod 16 -"},
{"codigo_paquetes":"package_p_efficient_bean_moz1_058","variedad_a":"cod 10 -","variedad_b":"cod 12 -","variedad_c":"cod 03 -"},
{"codigo_paquetes":"package_p_efficient_bean_moz1_059","variedad_a":"cod 02 -","variedad_b":"cod 06 -","variedad_c":"cod 05 -"},
{"codigo_paquetes":"package_p_efficient_bean_moz1_060","variedad_a":"cod 12 -","variedad_b":"cod 04 -","variedad_c":"cod 13 -"},
{"codigo_paquetes":"package_p_efficient_bean_moz1_061","variedad_a":"cod 01 -","variedad_b":"cod 15 -","variedad_c":"cod 06 -"},
{"codigo_paquetes":"package_p_efficient_bean_moz1_062","variedad_a":"cod 09 -","variedad_b":"cod 14 -","variedad_c":"cod 02 -"},
{"codigo_paquetes":"package_p_efficient_bean_moz1_063","variedad_a":"cod 07 -","variedad_b":"cod 03 -","variedad_c":"cod 08 -"},
{"codigo_paquetes":"package_p_efficient_bean_moz1_064","variedad_a":"cod 11 -","variedad_b":"cod 16 -","variedad_c":"cod 10 -"},
{"codigo_paquetes":"package_p_efficient_bean_moz1_065","variedad_a":"cod 01 -","variedad_b":"cod 03 -","variedad_c":"cod 11 -"},
{"codigo_paquetes":"package_p_efficient_bean_moz1_066","variedad_a":"cod 13 -","variedad_b":"cod 05 -","variedad_c":"cod 15 -"},
{"codigo_paquetes":"package_p_efficient_bean_moz1_067","variedad_a":"cod 04 -","variedad_b":"cod 06 -","variedad_c":"cod 07 -"},
{"codigo_paquetes":"package_p_efficient_bean_moz1_068","variedad_a":"cod 16 -","variedad_b":"cod 09 -","variedad_c":"cod 08 -"},
{"codigo_paquetes":"package_p_efficient_bean_moz1_069","variedad_a":"cod 10 -","variedad_b":"cod 02 -","variedad_c":"cod 14 -"},
{"codigo_paquetes":"package_p_efficient_bean_moz1_070","variedad_a":"cod 05 -","variedad_b":"cod 02 -","variedad_c":"cod 12 -"},
{"codigo_paquetes":"package_p_efficient_bean_moz1_071","variedad_a":"cod 03 -","variedad_b":"cod 12 -","variedad_c":"cod 04 -"},
{"codigo_paquetes":"package_p_efficient_bean_moz1_072","variedad_a":"cod 06 -","variedad_b":"cod 13 -","variedad_c":"cod 01 -"},
{"codigo_paquetes":"package_p_efficient_bean_moz1_073","variedad_a":"cod 15 -","variedad_b":"cod 14 -","variedad_c":"cod 16 -"},
{"codigo_paquetes":"package_p_efficient_bean_moz1_074","variedad_a":"cod 08 -","variedad_b":"cod 07 -","variedad_c":"cod 10 -"},
{"codigo_paquetes":"package_p_efficient_bean_moz1_075","variedad_a":"cod 11 -","variedad_b":"cod 09 -","variedad_c":"cod 05 -"},
{"codigo_paquetes":"package_p_efficient_bean_moz1_076","variedad_a":"cod 14 -","variedad_b":"cod 01 -","variedad_c":"cod 03 -"},
{"codigo_paquetes":"package_p_efficient_bean_moz1_077","variedad_a":"cod 13 -","variedad_b":"cod 11 -","variedad_c":"cod 15 -"},
{"codigo_paquetes":"package_p_efficient_bean_moz1_078","variedad_a":"cod 12 -","variedad_b":"cod 06 -","variedad_c":"cod 07 -"},
{"codigo_paquetes":"package_p_efficient_bean_moz1_079","variedad_a":"cod 16 -","variedad_b":"cod 04 -","variedad_c":"cod 08 -"},
{"codigo_paquetes":"package_p_efficient_bean_moz1_080","variedad_a":"cod 13 -","variedad_b":"cod 10 -","variedad_c":"cod 09 -"},
{"codigo_paquetes":"package_p_efficient_bean_moz1_081","variedad_a":"cod 04 -","variedad_b":"cod 11 -","variedad_c":"cod 02 -"},
{"codigo_paquetes":"package_p_efficient_bean_moz1_082","variedad_a":"cod 03 -","variedad_b":"cod 05 -","variedad_c":"cod 07 -"},
{"codigo_paquetes":"package_p_efficient_bean_moz1_083","variedad_a":"cod 01 -","variedad_b":"cod 02 -","variedad_c":"cod 06 -"},
{"codigo_paquetes":"package_p_efficient_bean_moz1_084","variedad_a":"cod 15 -","variedad_b":"cod 12 -","variedad_c":"cod 14 -"},
{"codigo_paquetes":"package_p_efficient_bean_moz1_085","variedad_a":"cod 10 -","variedad_b":"cod 03 -","variedad_c":"cod 16 -"},
{"codigo_paquetes":"package_p_efficient_bean_moz1_086","variedad_a":"cod 06 -","variedad_b":"cod 08 -","variedad_c":"cod 09 -"},
{"codigo_paquetes":"package_p_efficient_bean_moz1_087","variedad_a":"cod 05 -","variedad_b":"cod 14 -","variedad_c":"cod 01 -"},
{"codigo_paquetes":"package_p_efficient_bean_moz1_088","variedad_a":"cod 11 -","variedad_b":"cod 15 -","variedad_c":"cod 10 -"},
{"codigo_paquetes":"package_p_efficient_bean_moz1_089","variedad_a":"cod 07 -","variedad_b":"cod 09 -","variedad_c":"cod 12 -"},
{"codigo_paquetes":"package_p_efficient_bean_moz1_090","variedad_a":"cod 02 -","variedad_b":"cod 04 -","variedad_c":"cod 13 -"},
{"codigo_paquetes":"package_p_efficient_bean_moz1_091","variedad_a":"cod 08 -","variedad_b":"cod 16 -","variedad_c":"cod 12 -"},
{"codigo_paquetes":"package_p_efficient_bean_moz1_092","variedad_a":"cod 09 -","variedad_b":"cod 04 -","variedad_c":"cod 11 -"},
{"codigo_paquetes":"package_p_efficient_bean_moz1_093","variedad_a":"cod 03 -","variedad_b":"cod 13 -","variedad_c":"cod 05 -"},
{"codigo_paquetes":"package_p_efficient_bean_moz1_094","variedad_a":"cod 14 -","variedad_b":"cod 02 -","variedad_c":"cod 06 -"},
{"codigo_paquetes":"package_p_efficient_bean_moz1_095","variedad_a":"cod 01 -","variedad_b":"cod 07 -","variedad_c":"cod 10 -"},
{"codigo_paquetes":"package_p_efficient_bean_moz1_096","variedad_a":"cod 15 -","variedad_b":"cod 05 -","variedad_c":"cod 16 -"},
{"codigo_paquetes":"package_p_efficient_bean_moz1_097","variedad_a":"cod 06 -","variedad_b":"cod 08 -","variedad_c":"cod 03 -"},
{"codigo_paquetes":"package_p_efficient_bean_moz1_098","variedad_a":"cod 08 -","variedad_b":"cod 01 -","variedad_c":"cod 14 -"},
{"codigo_paquetes":"package_p_efficient_bean_moz1_099","variedad_a":"cod 13 -","variedad_b":"cod 10 -","variedad_c":"cod 15 -"},
{"codigo_paquetes":"package_p_efficient_bean_moz1_100","variedad_a":"cod 16 -","variedad_b":"cod 07 -","variedad_c":"cod 09 -"},
{"codigo_paquetes":"package_p_efficient_bean_moz1_101","variedad_a":"cod 11 -","variedad_b":"cod 15 -","variedad_c":"cod 02 -"},
{"codigo_paquetes":"package_p_efficient_bean_moz1_102","variedad_a":"cod 12 -","variedad_b":"cod 06 -","variedad_c":"cod 04 -"},
{"codigo_paquetes":"package_p_efficient_bean_moz1_103","variedad_a":"cod 09 -","variedad_b":"cod 12 -","variedad_c":"cod 05 -"},
{"codigo_paquetes":"package_p_efficient_bean_moz1_104","variedad_a":"cod 16 -","variedad_b":"cod 03 -","variedad_c":"cod 13 -"},
{"codigo_paquetes":"package_p_efficient_bean_moz1_105","variedad_a":"cod 04 -","variedad_b":"cod 08 -","variedad_c":"cod 11 -"},
{"codigo_paquetes":"package_p_efficient_bean_moz1_106","variedad_a":"cod 02 -","variedad_b":"cod 10 -","variedad_c":"cod 01 -"},
{"codigo_paquetes":"package_p_efficient_bean_moz1_107","variedad_a":"cod 14 -","variedad_b":"cod 11 -","variedad_c":"cod 07 -"},
{"codigo_paquetes":"package_p_efficient_bean_moz1_108","variedad_a":"cod 05 -","variedad_b":"cod 10 -","variedad_c":"cod 06 -"},
{"codigo_paquetes":"package_p_efficient_bean_moz1_109","variedad_a":"cod 03 -","variedad_b":"cod 01 -","variedad_c":"cod 08 -"},
{"codigo_paquetes":"package_p_efficient_bean_moz1_110","variedad_a":"cod 12 -","variedad_b":"cod 13 -","variedad_c":"cod 15 -"},
{"codigo_paquetes":"package_p_efficient_bean_moz1_111","variedad_a":"cod 14 -","variedad_b":"cod 16 -","variedad_c":"cod 04 -"},
{"codigo_paquetes":"package_p_efficient_bean_moz1_112","variedad_a":"cod 07 -","variedad_b":"cod 12 -","variedad_c":"cod 02 -"},
{"codigo_paquetes":"package_p_efficient_bean_moz1_113","variedad_a":"cod 15 -","variedad_b":"cod 09 -","variedad_c":"cod 04 -"},
{"codigo_paquetes":"package_p_efficient_bean_moz1_114","variedad_a":"cod 05 -","variedad_b":"cod 14 -","variedad_c":"cod 09 -"},
{"codigo_paquetes":"package_p_efficient_bean_moz1_115","variedad_a":"cod 06 -","variedad_b":"cod 13 -","variedad_c":"cod 16 -"},
{"codigo_paquetes":"package_p_efficient_bean_moz1_116","variedad_a":"cod 07 -","variedad_b":"cod 08 -","variedad_c":"cod 11 -"},
{"codigo_paquetes":"package_p_efficient_bean_moz1_117","variedad_a":"cod 10 -","variedad_b":"cod 15 -","variedad_c":"cod 03 -"},
{"codigo_paquetes":"package_p_efficient_bean_moz1_118","variedad_a":"cod 01 -","variedad_b":"cod 02 -","variedad_c":"cod 14 -"},
{"codigo_paquetes":"package_p_efficient_bean_moz1_119","variedad_a":"cod 11 -","variedad_b":"cod 05 -","variedad_c":"cod 06 -"},
{"codigo_paquetes":"package_p_efficient_bean_moz1_120","variedad_a":"cod 02 -","variedad_b":"cod 08 -","variedad_c":"cod 10 -"},
{"codigo_paquetes":"package_p_efficient_bean_moz1_121","variedad_a":"cod 16 -","variedad_b":"cod 03 -","variedad_c":"cod 07 -"},
{"codigo_paquetes":"package_p_efficient_bean_moz1_122","variedad_a":"cod 04 -","variedad_b":"cod 01 -","variedad_c":"cod 13 -"},
{"codigo_paquetes":"package_p_efficient_bean_moz1_123","variedad_a":"cod 10 -","variedad_b":"cod 09 -","variedad_c":"cod 12 -"},
{"codigo_paquetes":"package_p_efficient_bean_moz1_124","variedad_a":"cod 12 -","variedad_b":"cod 04 -","variedad_c":"cod 15 -"},
{"codigo_paquetes":"package_p_efficient_bean_moz1_125","variedad_a":"cod 09 -","variedad_b":"cod 02 -","variedad_c":"cod 05 -"},
{"codigo_paquetes":"package_p_efficient_bean_moz1_126","variedad_a":"cod 13 -","variedad_b":"cod 11 -","variedad_c":"cod 16 -"},
{"codigo_paquetes":"package_p_efficient_bean_moz1_127","variedad_a":"cod 06 -","variedad_b":"cod 07 -","variedad_c":"cod 14 -"},
{"codigo_paquetes":"package_p_efficient_bean_moz1_128","variedad_a":"cod 08 -","variedad_b":"cod 12 -","variedad_c":"cod 03 -"},
{"codigo_paquetes":"package_p_efficient_bean_moz1_129","variedad_a":"cod 10 -","variedad_b":"cod 06 -","variedad_c":"cod 01 -"},
{"codigo_paquetes":"package_p_efficient_bean_moz1_130","variedad_a":"cod 05 -","variedad_b":"cod 14 -","variedad_c":"cod 11 -"},
{"codigo_paquetes":"package_p_efficient_bean_moz1_131","variedad_a":"cod 15 -","variedad_b":"cod 03 -","variedad_c":"cod 02 -"},
{"codigo_paquetes":"package_p_efficient_bean_moz1_132","variedad_a":"cod 07 -","variedad_b":"cod 13 -","variedad_c":"cod 08 -"},
{"codigo_paquetes":"package_p_efficient_bean_moz1_133","variedad_a":"cod 01 -","variedad_b":"cod 16 -","variedad_c":"cod 09 -"},
{"codigo_paquetes":"package_p_efficient_bean_moz1_134","variedad_a":"cod 04 -","variedad_b":"cod 14 -","variedad_c":"cod 10 -"},
{"codigo_paquetes":"package_p_efficient_bean_moz1_135","variedad_a":"cod 12 -","variedad_b":"cod 01 -","variedad_c":"cod 04 -"},
{"codigo_paquetes":"package_p_efficient_bean_moz1_136","variedad_a":"cod 11 -","variedad_b":"cod 15 -","variedad_c":"cod 06 -"},
{"codigo_paquetes":"package_p_efficient_bean_moz1_137","variedad_a":"cod 02 -","variedad_b":"cod 09 -","variedad_c":"cod 08 -"},
{"codigo_paquetes":"package_p_efficient_bean_moz1_138","variedad_a":"cod 13 -","variedad_b":"cod 05 -","variedad_c":"cod 07 -"},
{"codigo_paquetes":"package_p_efficient_bean_moz1_139","variedad_a":"cod 16 -","variedad_b":"cod 06 -","variedad_c":"cod 03 -"},
{"codigo_paquetes":"package_p_efficient_bean_moz1_140","variedad_a":"cod 03 -","variedad_b":"cod 07 -","variedad_c":"cod 12 -"},
{"codigo_paquetes":"package_p_efficient_bean_moz1_141","variedad_a":"cod 14 -","variedad_b":"cod 11 -","variedad_c":"cod 13 -"},
{"codigo_paquetes":"package_p_efficient_bean_moz1_142","variedad_a":"cod 15 -","variedad_b":"cod 04 -","variedad_c":"cod 02 -"},
{"codigo_paquetes":"package_p_efficient_bean_moz1_143","variedad_a":"cod 08 -","variedad_b":"cod 01 -","variedad_c":"cod 05 -"},
{"codigo_paquetes":"package_p_efficient_bean_moz1_144","variedad_a":"cod 09 -","variedad_b":"cod 16 -","variedad_c":"cod 15 -"},
{"codigo_paquetes":"package_p_efficient_bean_moz1_145","variedad_a":"cod 08 -","variedad_b":"cod 10 -","variedad_c":"cod 14 -"},
{"codigo_paquetes":"package_p_efficient_bean_moz1_146","variedad_a":"cod 04 -","variedad_b":"cod 07 -","variedad_c":"cod 01 -"},
{"codigo_paquetes":"package_p_efficient_bean_moz1_147","variedad_a":"cod 06 -","variedad_b":"cod 11 -","variedad_c":"cod 12 -"},
{"codigo_paquetes":"package_p_efficient_bean_moz1_148","variedad_a":"cod 02 -","variedad_b":"cod 10 -","variedad_c":"cod 13 -"},
{"codigo_paquetes":"package_p_efficient_bean_moz1_149","variedad_a":"cod 05 -","variedad_b":"cod 09 -","variedad_c":"cod 07 -"},
{"codigo_paquetes":"package_p_efficient_bean_moz1_150","variedad_a":"cod 03 -","variedad_b":"cod 02 -","variedad_c":"cod 16 -"},
{"codigo_paquetes":"package_p_efficient_bean_moz1_151","variedad_a":"cod 12 -","variedad_b":"cod 16 -","variedad_c":"cod 05 -"},
{"codigo_paquetes":"package_p_efficient_bean_moz1_152","variedad_a":"cod 13 -","variedad_b":"cod 04 -","variedad_c":"cod 06 -"},
{"codigo_paquetes":"package_p_efficient_bean_moz1_153","variedad_a":"cod 11 -","variedad_b":"cod 15 -","variedad_c":"cod 03 -"},
{"codigo_paquetes":"package_p_efficient_bean_moz1_154","variedad_a":"cod 14 -","variedad_b":"cod 12 -","variedad_c":"cod 01 -"},
{"codigo_paquetes":"package_p_efficient_bean_moz1_155","variedad_a":"cod 09 -","variedad_b":"cod 10 -","variedad_c":"cod 11 -"},
{"codigo_paquetes":"package_p_efficient_bean_moz1_156","variedad_a":"cod 02 -","variedad_b":"cod 14 -","variedad_c":"cod 08 -"},
{"codigo_paquetes":"package_p_efficient_bean_moz1_157","variedad_a":"cod 07 -","variedad_b":"cod 15 -","variedad_c":"cod 04 -"},
{"codigo_paquetes":"package_p_efficient_bean_moz1_158","variedad_a":"cod 05 -","variedad_b":"cod 06 -","variedad_c":"cod 08 -"},
{"codigo_paquetes":"package_p_efficient_bean_moz1_159","variedad_a":"cod 01 -","variedad_b":"cod 13 -","variedad_c":"cod 10 -"},
{"codigo_paquetes":"package_p_efficient_bean_moz1_160","variedad_a":"cod 07 -","variedad_b":"cod 03 -","variedad_c":"cod 09 -"},
{"codigo_paquetes":"package_p_efficient_bean_moz1_161","variedad_a":"cod 16 -","variedad_b":"cod 05 -","variedad_c":"cod 11 -"},
{"codigo_paquetes":"package_p_efficient_bean_moz1_162","variedad_a":"cod 15 -","variedad_b":"cod 12 -","variedad_c":"cod 02 -"},
{"codigo_paquetes":"package_p_efficient_bean_moz1_163","variedad_a":"cod 06 -","variedad_b":"cod 09 -","variedad_c":"cod 13 -"},
{"codigo_paquetes":"package_p_efficient_bean_moz1_164","variedad_a":"cod 10 -","variedad_b":"cod 04 -","variedad_c":"cod 16 -"},
{"codigo_paquetes":"package_p_efficient_bean_moz1_165","variedad_a":"cod 01 -","variedad_b":"cod 14 -","variedad_c":"cod 04 -"},
{"codigo_paquetes":"package_p_efficient_bean_moz1_166","variedad_a":"cod 03 -","variedad_b":"cod 08 -","variedad_c":"cod 05 -"},
{"codigo_paquetes":"package_p_efficient_bean_moz1_167","variedad_a":"cod 11 -","variedad_b":"cod 02 -","variedad_c":"cod 14 -"},
{"codigo_paquetes":"package_p_efficient_bean_moz1_168","variedad_a":"cod 10 -","variedad_b":"cod 07 -","variedad_c":"cod 15 -"},
{"codigo_paquetes":"package_p_efficient_bean_moz1_169","variedad_a":"cod 12 -","variedad_b":"cod 13 -","variedad_c":"cod 06 -"},
{"codigo_paquetes":"package_p_efficient_bean_moz1_170","variedad_a":"cod 09 -","variedad_b":"cod 11 -","variedad_c":"cod 01 -"},
{"codigo_paquetes":"package_p_efficient_bean_moz1_171","variedad_a":"cod 08 -","variedad_b":"cod 03 -","variedad_c":"cod 02 -"},
{"codigo_paquetes":"package_p_efficient_bean_moz1_172","variedad_a":"cod 16 -","variedad_b":"cod 01 -","variedad_c":"cod 05 -"},
{"codigo_paquetes":"package_p_efficient_bean_moz1_173","variedad_a":"cod 15 -","variedad_b":"cod 06 -","variedad_c":"cod 03 -"},
{"codigo_paquetes":"package_p_efficient_bean_moz1_174","variedad_a":"cod 14 -","variedad_b":"cod 07 -","variedad_c":"cod 12 -"},
{"codigo_paquetes":"package_p_efficient_bean_moz1_175","variedad_a":"cod 04 -","variedad_b":"cod 08 -","variedad_c":"cod 10 -"},
{"codigo_paquetes":"package_p_efficient_bean_moz1_176","variedad_a":"cod 13 -","variedad_b":"cod 16 -","variedad_c":"cod 14 -"},
{"codigo_paquetes":"package_p_efficient_bean_moz1_177","variedad_a":"cod 04 -","variedad_b":"cod 05 -","variedad_c":"cod 09 -"},
{"codigo_paquetes":"package_p_efficient_bean_moz1_178","variedad_a":"cod 02 -","variedad_b":"cod 11 -","variedad_c":"cod 07 -"},
{"codigo_paquetes":"package_p_efficient_bean_moz1_179","variedad_a":"cod 06 -","variedad_b":"cod 10 -","variedad_c":"cod 16 -"},
{"codigo_paquetes":"package_p_efficient_bean_moz1_180","variedad_a":"cod 01 -","variedad_b":"cod 09 -","variedad_c":"cod 15 -"},
{"codigo_paquetes":"package_p_efficient_bean_moz1_181","variedad_a":"cod 10 -","variedad_b":"cod 12 -","variedad_c":"cod 13 -"},
{"codigo_paquetes":"package_p_efficient_bean_moz1_182","variedad_a":"cod 03 -","variedad_b":"cod 02 -","variedad_c":"cod 04 -"},
{"codigo_paquetes":"package_p_efficient_bean_moz1_183","variedad_a":"cod 05 -","variedad_b":"cod 08 -","variedad_c":"cod 07 -"},
{"codigo_paquetes":"package_p_efficient_bean_moz1_184","variedad_a":"cod 11 -","variedad_b":"cod 16 -","variedad_c":"cod 01 -"},
{"codigo_paquetes":"package_p_efficient_bean_moz1_185","variedad_a":"cod 09 -","variedad_b":"cod 14 -","variedad_c":"cod 12 -"},
{"codigo_paquetes":"package_p_efficient_bean_moz1_186","variedad_a":"cod 08 -","variedad_b":"cod 15 -","variedad_c":"cod 06 -"},
{"codigo_paquetes":"package_p_efficient_bean_moz1_187","variedad_a":"cod 13 -","variedad_b":"cod 03 -","variedad_c":"cod 10 -"},
{"codigo_paquetes":"package_p_efficient_bean_moz1_188","variedad_a":"cod 14 -","variedad_b":"cod 04 -","variedad_c":"cod 08 -"},
{"codigo_paquetes":"package_p_efficient_bean_moz1_189","variedad_a":"cod 07 -","variedad_b":"cod 01 -","variedad_c":"cod 13 -"},
{"codigo_paquetes":"package_p_efficient_bean_moz1_190","variedad_a":"cod 16 -","variedad_b":"cod 06 -","variedad_c":"cod 02 -"},
{"codigo_paquetes":"package_p_efficient_bean_moz1_191","variedad_a":"cod 03 -","variedad_b":"cod 09 -","variedad_c":"cod 11 -"},
{"codigo_paquetes":"package_p_efficient_bean_moz1_192","variedad_a":"cod 12 -","variedad_b":"cod 06 -","variedad_c":"cod 10 -"},
{"codigo_paquetes":"package_p_efficient_bean_moz1_193","variedad_a":"cod 15 -","variedad_b":"cod 02 -","variedad_c":"cod 09 -"},
{"codigo_paquetes":"package_p_efficient_bean_moz1_194","variedad_a":"cod 05 -","variedad_b":"cod 13 -","variedad_c":"cod 08 -"},
{"codigo_paquetes":"package_p_efficient_bean_moz1_195","variedad_a":"cod 07 -","variedad_b":"cod 15 -","variedad_c":"cod 16 -"},
{"codigo_paquetes":"package_p_efficient_bean_moz1_196","variedad_a":"cod 14 -","variedad_b":"cod 05 -","variedad_c":"cod 03 -"},
{"codigo_paquetes":"package_p_efficient_bean_moz1_197","variedad_a":"cod 04 -","variedad_b":"cod 16 -","variedad_c":"cod 11 -"},
{"codigo_paquetes":"package_p_efficient_bean_moz1_198","variedad_a":"cod 01 -","variedad_b":"cod 12 -","variedad_c":"cod 09 -"},
{"codigo_paquetes":"package_p_efficient_bean_moz1_199","variedad_a":"cod 10 -","variedad_b":"cod 05 -","variedad_c":"cod 07 -"},
{"codigo_paquetes":"package_p_efficient_bean_moz1_200","variedad_a":"cod 13 -","variedad_b":"cod 14 -","variedad_c":"cod 15 -"},
{"codigo_paquetes":"package_p_efficient_bean_moz1_201","variedad_a":"cod 08 -","variedad_b":"cod 11 -","variedad_c":"cod 06 -"},
{"codigo_paquetes":"package_p_efficient_bean_moz1_202","variedad_a":"cod 09 -","variedad_b":"cod 03 -","variedad_c":"cod 04 -"},
{"codigo_paquetes":"package_p_efficient_bean_moz1_203","variedad_a":"cod 02 -","variedad_b":"cod 06 -","variedad_c":"cod 12 -"},
{"codigo_paquetes":"package_p_efficient_bean_moz1_204","variedad_a":"cod 16 -","variedad_b":"cod 01 -","variedad_c":"cod 02 -"},
{"codigo_paquetes":"package_p_efficient_bean_moz1_205","variedad_a":"cod 11 -","variedad_b":"cod 08 -","variedad_c":"cod 13 -"},
{"codigo_paquetes":"package_p_efficient_bean_moz1_206","variedad_a":"cod 01 -","variedad_b":"cod 10 -","variedad_c":"cod 05 -"},
{"codigo_paquetes":"package_p_efficient_bean_moz1_207","variedad_a":"cod 04 -","variedad_b":"cod 07 -","variedad_c":"cod 14 -"},
{"codigo_paquetes":"package_p_efficient_bean_moz1_208","variedad_a":"cod 15 -","variedad_b":"cod 09 -","variedad_c":"cod 03 -"},
{"codigo_paquetes":"package_p_efficient_bean_moz1_209","variedad_a":"cod 12 -","variedad_b":"cod 13 -","variedad_c":"cod 16 -"},
{"codigo_paquetes":"package_p_efficient_bean_moz1_210","variedad_a":"cod 02 -","variedad_b":"cod 07 -","variedad_c":"cod 10 -"},
{"codigo_paquetes":"package_p_efficient_bean_moz1_211","variedad_a":"cod 06 -","variedad_b":"cod 05 -","variedad_c":"cod 14 -"},
{"codigo_paquetes":"package_p_efficient_bean_moz1_212","variedad_a":"cod 07 -","variedad_b":"cod 08 -","variedad_c":"cod 15 -"},
{"codigo_paquetes":"package_p_efficient_bean_moz1_213","variedad_a":"cod 09 -","variedad_b":"cod 04 -","variedad_c":"cod 01 -"},
{"codigo_paquetes":"package_p_efficient_bean_moz1_214","variedad_a":"cod 11 -","variedad_b":"cod 13 -","variedad_c":"cod 12 -"},
{"codigo_paquetes":"package_p_efficient_bean_moz1_215","variedad_a":"cod 03 -","variedad_b":"cod 10 -","variedad_c":"cod 05 -"},
{"codigo_paquetes":"package_p_efficient_bean_moz1_216","variedad_a":"cod 08 -","variedad_b":"cod 12 -","variedad_c":"cod 02 -"},
{"codigo_paquetes":"package_p_efficient_bean_moz1_217","variedad_a":"cod 15 -","variedad_b":"cod 16 -","variedad_c":"cod 06 -"},
{"codigo_paquetes":"package_p_efficient_bean_moz1_218","variedad_a":"cod 14 -","variedad_b":"cod 03 -","variedad_c":"cod 04 -"},
{"codigo_paquetes":"package_p_efficient_bean_moz1_219","variedad_a":"cod 01 -","variedad_b":"cod 02 -","variedad_c":"cod 11 -"},
{"codigo_paquetes":"package_p_efficient_bean_moz1_220","variedad_a":"cod 06 -","variedad_b":"cod 13 -","variedad_c":"cod 07 -"}
]
