[
{"codigo_paquetes":"paquete_nic_postrera_2016_01","variedad_a":"INTA Precoz","variedad_b":"INTA Ferroso","variedad_c":"INTA Rojo (testigo)"},
{"codigo_paquetes":"paquete_nic_postrera_2016_02","variedad_a":"ALS 0532-6","variedad_b":"BRT 103-182","variedad_c":"PM2- Don Rey"},
{"codigo_paquetes":"paquete_nic_postrera_2016_03","variedad_a":"ALS 0532-6","variedad_b":"PM2- Don Rey","variedad_c":"SJC 730-79"},
{"codigo_paquetes":"paquete_nic_postrera_2016_04","variedad_a":"INTA Matagalpa","variedad_b":"INTA Centro Sur","variedad_c":"INTA Precoz"},
{"codigo_paquetes":"paquete_nic_postrera_2016_05","variedad_a":"INTA Ferroso","variedad_b":"PM2- Don Rey","variedad_c":"INTA Centro Sur"},
{"codigo_paquetes":"paquete_nic_postrera_2016_06","variedad_a":"INTA Precoz","variedad_b":"INTA Sequia","variedad_c":"INTA Rojo (testigo)"},
{"codigo_paquetes":"paquete_nic_postrera_2016_07","variedad_a":"SJC 730-79","variedad_b":"ALS 0532-6","variedad_c":"INTA Sequia"},
{"codigo_paquetes":"paquete_nic_postrera_2016_08","variedad_a":"INTA Centro Sur","variedad_b":"INTA Rojo (testigo)","variedad_c":"BRT 103-182"},
{"codigo_paquetes":"paquete_nic_postrera_2016_09","variedad_a":"PM2- Don Rey","variedad_b":"INTA Precoz","variedad_c":"INTA Matagalpa"},
{"codigo_paquetes":"paquete_nic_postrera_2016_10","variedad_a":"ALS 0532-6","variedad_b":"SJC 730-79","variedad_c":"INTA Ferroso"},
{"codigo_paquetes":"paquete_nic_postrera_2016_11","variedad_a":"BRT 103-182","variedad_b":"INTA Precoz","variedad_c":"INTA Sequia"},
{"codigo_paquetes":"paquete_nic_postrera_2016_12","variedad_a":"INTA Centro Sur","variedad_b":"INTA Matagalpa","variedad_c":"INTA Rojo (testigo)"},
{"codigo_paquetes":"paquete_nic_postrera_2016_13","variedad_a":"BRT 103-182","variedad_b":"PM2- Don Rey","variedad_c":"INTA Ferroso"},
{"codigo_paquetes":"paquete_nic_postrera_2016_14","variedad_a":"INTA Precoz","variedad_b":"SJC 730-79","variedad_c":"ALS 0532-6"},
{"codigo_paquetes":"paquete_nic_postrera_2016_15","variedad_a":"INTA Sequia","variedad_b":"INTA Matagalpa","variedad_c":"INTA Rojo (testigo)"},
{"codigo_paquetes":"paquete_nic_postrera_2016_16","variedad_a":"INTA Centro Sur","variedad_b":"BRT 103-182","variedad_c":"INTA Ferroso"},
{"codigo_paquetes":"paquete_nic_postrera_2016_17","variedad_a":"PM2- Don Rey","variedad_b":"ALS 0532-6","variedad_c":"INTA Precoz"},
{"codigo_paquetes":"paquete_nic_postrera_2016_18","variedad_a":"INTA Sequia","variedad_b":"SJC 730-79","variedad_c":"INTA Rojo (testigo)"},
{"codigo_paquetes":"paquete_nic_postrera_2016_19","variedad_a":"INTA Matagalpa","variedad_b":"BRT 103-182","variedad_c":"INTA Centro Sur"},
{"codigo_paquetes":"paquete_nic_postrera_2016_20","variedad_a":"BRT 103-182","variedad_b":"INTA Matagalpa","variedad_c":"INTA Sequia"},
{"codigo_paquetes":"paquete_nic_postrera_2016_21","variedad_a":"INTA Ferroso","variedad_b":"ALS 0532-6","variedad_c":"INTA Centro Sur"},
{"codigo_paquetes":"paquete_nic_postrera_2016_22","variedad_a":"SJC 730-79","variedad_b":"INTA Precoz","variedad_c":"PM2- Don Rey"},
{"codigo_paquetes":"paquete_nic_postrera_2016_23","variedad_a":"BRT 103-182","variedad_b":"INTA Rojo (testigo)","variedad_c":"INTA Matagalpa"},
{"codigo_paquetes":"paquete_nic_postrera_2016_24","variedad_a":"INTA Sequia","variedad_b":"INTA Centro Sur","variedad_c":"INTA Ferroso"},
{"codigo_paquetes":"paquete_nic_postrera_2016_25","variedad_a":"INTA Rojo (testigo)","variedad_b":"ALS 0532-6","variedad_c":"SJC 730-79"},
{"codigo_paquetes":"paquete_nic_postrera_2016_26","variedad_a":"INTA Precoz","variedad_b":"PM2- Don Rey","variedad_c":"INTA Sequia"},
{"codigo_paquetes":"paquete_nic_postrera_2016_27","variedad_a":"ALS 0532-6","variedad_b":"INTA Ferroso","variedad_c":"INTA Rojo (testigo)"},
{"codigo_paquetes":"paquete_nic_postrera_2016_28","variedad_a":"SJC 730-79","variedad_b":"BRT 103-182","variedad_c":"INTA Centro Sur"},
{"codigo_paquetes":"paquete_nic_postrera_2016_29","variedad_a":"PM2- Don Rey","variedad_b":"INTA Sequia","variedad_c":"INTA Matagalpa"},
{"codigo_paquetes":"paquete_nic_postrera_2016_30","variedad_a":"ALS 0532-6","variedad_b":"INTA Precoz","variedad_c":"INTA Rojo (testigo)"},
{"codigo_paquetes":"paquete_nic_postrera_2016_31","variedad_a":"SJC 730-79","variedad_b":"INTA Ferroso","variedad_c":"INTA Centro Sur"},
{"codigo_paquetes":"paquete_nic_postrera_2016_32","variedad_a":"BRT 103-182","variedad_b":"INTA Matagalpa","variedad_c":"PM2- Don Rey"},
{"codigo_paquetes":"paquete_nic_postrera_2016_33","variedad_a":"ALS 0532-6","variedad_b":"INTA Precoz","variedad_c":"INTA Sequia"},
{"codigo_paquetes":"paquete_nic_postrera_2016_34","variedad_a":"INTA Ferroso","variedad_b":"INTA Centro Sur","variedad_c":"INTA Rojo (testigo)"},
{"codigo_paquetes":"paquete_nic_postrera_2016_35","variedad_a":"INTA Matagalpa","variedad_b":"INTA Sequia","variedad_c":"ALS 0532-6"},
{"codigo_paquetes":"paquete_nic_postrera_2016_36","variedad_a":"INTA Centro Sur","variedad_b":"PM2- Don Rey","variedad_c":"INTA Rojo (testigo)"},
{"codigo_paquetes":"paquete_nic_postrera_2016_37","variedad_a":"INTA Precoz","variedad_b":"INTA Ferroso","variedad_c":"BRT 103-182"},
{"codigo_paquetes":"paquete_nic_postrera_2016_38","variedad_a":"INTA Matagalpa","variedad_b":"SJC 730-79","variedad_c":"ALS 0532-6"},
{"codigo_paquetes":"paquete_nic_postrera_2016_39","variedad_a":"INTA Precoz","variedad_b":"BRT 103-182","variedad_c":"INTA Sequia"},
{"codigo_paquetes":"paquete_nic_postrera_2016_40","variedad_a":"PM2- Don Rey","variedad_b":"INTA Matagalpa","variedad_c":"INTA Centro Sur"},
{"codigo_paquetes":"paquete_nic_postrera_2016_41","variedad_a":"ALS 0532-6","variedad_b":"INTA Precoz","variedad_c":"INTA Centro Sur"},
{"codigo_paquetes":"paquete_nic_postrera_2016_42","variedad_a":"INTA Sequia","variedad_b":"PM2- Don Rey","variedad_c":"SJC 730-79"},
{"codigo_paquetes":"paquete_nic_postrera_2016_43","variedad_a":"SJC 730-79","variedad_b":"INTA Rojo (testigo)","variedad_c":"BRT 103-182"}
]
