[
{"codigo_paquetes":"paquete_frijol_tunoza_01","variedad_a":"cod 10 - Maravilla 1","variedad_b":"cod 11 - Maravilla 2","variedad_c":"cod 13 - Maravilla 22"},
{"codigo_paquetes":"paquete_frijol_tunoza_02","variedad_a":"cod 08 - Redoblante","variedad_b":"cod 12 - Maravilla 15","variedad_c":"cod 14 - Vidac 104"},
{"codigo_paquetes":"paquete_frijol_tunoza_03","variedad_a":"cod 09 - Ecar 110","variedad_b":"cod 08 - Redoblante","variedad_c":"cod 10 - Maravilla 1"},
{"codigo_paquetes":"paquete_frijol_tunoza_04","variedad_a":"cod 07 - Pueblo Nuevo JM","variedad_b":"cod 13 - Maravilla 22","variedad_c":"cod 12 - Maravilla 15"},
{"codigo_paquetes":"paquete_frijol_tunoza_05","variedad_a":"cod 12 - Maravilla 15","variedad_b":"cod 14 - Vidac 104","variedad_c":"cod 07 - Pueblo Nuevo JM"},
{"codigo_paquetes":"paquete_frijol_tunoza_06","variedad_a":"cod 11 - Maravilla 2","variedad_b":"cod 09 - Ecar 110","variedad_c":"cod 08 - Redoblante"},
{"codigo_paquetes":"paquete_frijol_tunoza_07","variedad_a":"cod 13 - Maravilla 22","variedad_b":"cod 07 - Pueblo Nuevo JM","variedad_c":"cod 11 - Maravilla 2"},
{"codigo_paquetes":"paquete_frijol_tunoza_08","variedad_a":"cod 14 - Vidac 104","variedad_b":"cod 10 - Maravilla 1","variedad_c":"cod 07 - Pueblo Nuevo JM"},
{"codigo_paquetes":"paquete_frijol_tunoza_09","variedad_a":"cod 13 - Maravilla 22","variedad_b":"cod 14 - Vidac 104","variedad_c":"cod 09 - Ecar 110"},
{"codigo_paquetes":"paquete_frijol_tunoza_10","variedad_a":"cod 08 - Redoblante","variedad_b":"cod 11 - Maravilla 2","variedad_c":"cod 12 - Maravilla 15"},
{"codigo_paquetes":"paquete_frijol_tunoza_11","variedad_a":"cod 09 - Ecar 110","variedad_b":"cod 12 - Maravilla 15","variedad_c":"cod 13 - Maravilla 22"},
{"codigo_paquetes":"paquete_frijol_tunoza_12","variedad_a":"cod 11 - Maravilla 2","variedad_b":"cod 10 - Maravilla 1","variedad_c":"cod 14 - Vidac 104"},
{"codigo_paquetes":"paquete_frijol_tunoza_13","variedad_a":"cod 14 - Vidac 104","variedad_b":"cod 08 - Redoblante","variedad_c":"cod 09 - Ecar 110"},
{"codigo_paquetes":"paquete_frijol_tunoza_14","variedad_a":"cod 07 - Pueblo Nuevo JM","variedad_b":"cod 13 - Maravilla 22","variedad_c":"cod 10 - Maravilla 1"},
{"codigo_paquetes":"paquete_frijol_tunoza_15","variedad_a":"cod 12 - Maravilla 15","variedad_b":"cod 09 - Ecar 110","variedad_c":"cod 08 - Redoblante"}
]
