[
{"codigo_paquetes":"paquete_epm_2017_nic_001","variedad_a":"ERSEQ 8","variedad_b":"ERSAT 6","variedad_c":"ERSAT 4"},
{"codigo_paquetes":"paquete_epm_2017_nic_002","variedad_a":"ERSAT 7","variedad_b":"ERSAT 9","variedad_c":"ERSEQ 12"},
{"codigo_paquetes":"paquete_epm_2017_nic_003","variedad_a":"cod 08 - Redoblante","variedad_b":"ERSEQ 1","variedad_c":"ERSEQ 23"},
{"codigo_paquetes":"paquete_epm_2017_nic_004","variedad_a":"ERSEQ 16","variedad_b":"ERSEQ 23","variedad_c":"cod 08 - Redoblante"},
{"codigo_paquetes":"paquete_epm_2017_nic_005","variedad_a":"ERSEQ 1","variedad_b":"ERSEQ 12","variedad_c":"ERSAT 7"},
{"codigo_paquetes":"paquete_epm_2017_nic_006","variedad_a":"ERSAT 9","variedad_b":"ERSAT 4","variedad_c":"ERSEQ 16"},
{"codigo_paquetes":"paquete_epm_2017_nic_007","variedad_a":"ERSEQ 12","variedad_b":"ERSEQ 8","variedad_c":"ERSAT 6"},
{"codigo_paquetes":"paquete_epm_2017_nic_008","variedad_a":"ERSEQ 1","variedad_b":"ERSEQ 8","variedad_c":"ERSAT 9"},
{"codigo_paquetes":"paquete_epm_2017_nic_009","variedad_a":"ERSAT 6","variedad_b":"ERSEQ 16","variedad_c":"ERSAT 4"},
{"codigo_paquetes":"paquete_epm_2017_nic_010","variedad_a":"ERSEQ 23","variedad_b":"cod 08 - Redoblante","variedad_c":"ERSAT 7"},
{"codigo_paquetes":"paquete_epm_2017_nic_011","variedad_a":"ERSAT 4","variedad_b":"ERSEQ 12","variedad_c":"ERSEQ 8"},
{"codigo_paquetes":"paquete_epm_2017_nic_012","variedad_a":"cod 08 - Redoblante","variedad_b":"ERSAT 7","variedad_c":"ERSEQ 1"},
{"codigo_paquetes":"paquete_epm_2017_nic_013","variedad_a":"ERSEQ 16","variedad_b":"ERSEQ 23","variedad_c":"ERSAT 6"},
{"codigo_paquetes":"paquete_epm_2017_nic_014","variedad_a":"ERSEQ 8","variedad_b":"cod 08 - Redoblante","variedad_c":"ERSAT 9"},
{"codigo_paquetes":"paquete_epm_2017_nic_015","variedad_a":"ERSAT 7","variedad_b":"ERSAT 6","variedad_c":"ERSEQ 12"},
{"codigo_paquetes":"paquete_epm_2017_nic_016","variedad_a":"ERSAT 9","variedad_b":"ERSAT 4","variedad_c":"ERSEQ 1"},
{"codigo_paquetes":"paquete_epm_2017_nic_017","variedad_a":"ERSEQ 23","variedad_b":"ERSEQ 1","variedad_c":"ERSEQ 16"},
{"codigo_paquetes":"paquete_epm_2017_nic_018","variedad_a":"ERSAT 6","variedad_b":"ERSAT 7","variedad_c":"cod 08 - Redoblante"},
{"codigo_paquetes":"paquete_epm_2017_nic_019","variedad_a":"ERSAT 4","variedad_b":"ERSEQ 16","variedad_c":"ERSEQ 23"},
{"codigo_paquetes":"paquete_epm_2017_nic_020","variedad_a":"ERSEQ 12","variedad_b":"ERSAT 9","variedad_c":"ERSEQ 8"},
{"codigo_paquetes":"paquete_epm_2017_nic_021","variedad_a":"ERSAT 7","variedad_b":"ERSEQ 23","variedad_c":"ERSEQ 12"},
{"codigo_paquetes":"paquete_epm_2017_nic_022","variedad_a":"ERSAT 9","variedad_b":"ERSAT 6","variedad_c":"ERSAT 4"},
{"codigo_paquetes":"paquete_epm_2017_nic_023","variedad_a":"ERSEQ 1","variedad_b":"ERSEQ 8","variedad_c":"ERSEQ 16"},
{"codigo_paquetes":"paquete_epm_2017_nic_024","variedad_a":"cod 08 - Redoblante","variedad_b":"ERSAT 4","variedad_c":"ERSEQ 8"},
{"codigo_paquetes":"paquete_epm_2017_nic_025","variedad_a":"ERSEQ 16","variedad_b":"ERSAT 9","variedad_c":"ERSAT 6"},
{"codigo_paquetes":"paquete_epm_2017_nic_026","variedad_a":"ERSEQ 12","variedad_b":"cod 08 - Redoblante","variedad_c":"ERSEQ 1"},
{"codigo_paquetes":"paquete_epm_2017_nic_027","variedad_a":"ERSEQ 23","variedad_b":"ERSAT 7","variedad_c":"ERSAT 9"},
{"codigo_paquetes":"paquete_epm_2017_nic_028","variedad_a":"ERSAT 6","variedad_b":"ERSEQ 1","variedad_c":"ERSEQ 23"},
{"codigo_paquetes":"paquete_epm_2017_nic_029","variedad_a":"cod 08 - Redoblante","variedad_b":"ERSEQ 16","variedad_c":"ERSAT 7"},
{"codigo_paquetes":"paquete_epm_2017_nic_030","variedad_a":"ERSEQ 8","variedad_b":"ERSEQ 23","variedad_c":"ERSAT 4"},
{"codigo_paquetes":"paquete_epm_2017_nic_031","variedad_a":"ERSAT 4","variedad_b":"ERSEQ 12","variedad_c":"ERSAT 9"},
{"codigo_paquetes":"paquete_epm_2017_nic_032","variedad_a":"ERSAT 7","variedad_b":"ERSEQ 8","variedad_c":"ERSEQ 12"},
{"codigo_paquetes":"paquete_epm_2017_nic_033","variedad_a":"ERSEQ 1","variedad_b":"ERSAT 6","variedad_c":"cod 08 - Redoblante"},
{"codigo_paquetes":"paquete_epm_2017_nic_034","variedad_a":"ERSEQ 16","variedad_b":"ERSAT 4","variedad_c":"ERSEQ 1"},
{"codigo_paquetes":"paquete_epm_2017_nic_035","variedad_a":"ERSEQ 8","variedad_b":"cod 08 - Redoblante","variedad_c":"ERSAT 6"},
{"codigo_paquetes":"paquete_epm_2017_nic_036","variedad_a":"ERSAT 9","variedad_b":"ERSEQ 16","variedad_c":"ERSEQ 23"},
{"codigo_paquetes":"paquete_epm_2017_nic_037","variedad_a":"ERSEQ 12","variedad_b":"ERSAT 7","variedad_c":"cod 08 - Redoblante"},
{"codigo_paquetes":"paquete_epm_2017_nic_038","variedad_a":"ERSAT 6","variedad_b":"ERSAT 9","variedad_c":"ERSAT 7"},
{"codigo_paquetes":"paquete_epm_2017_nic_039","variedad_a":"ERSEQ 23","variedad_b":"ERSEQ 1","variedad_c":"ERSEQ 12"},
{"codigo_paquetes":"paquete_epm_2017_nic_040","variedad_a":"ERSAT 4","variedad_b":"ERSEQ 8","variedad_c":"ERSEQ 16"},
{"codigo_paquetes":"paquete_epm_2017_nic_041","variedad_a":"cod 08 - Redoblante","variedad_b":"ERSEQ 23","variedad_c":"ERSAT 4"},
{"codigo_paquetes":"paquete_epm_2017_nic_042","variedad_a":"ERSAT 9","variedad_b":"ERSEQ 12","variedad_c":"ERSEQ 16"},
{"codigo_paquetes":"paquete_epm_2017_nic_043","variedad_a":"ERSAT 7","variedad_b":"ERSEQ 1","variedad_c":"ERSEQ 8"},
{"codigo_paquetes":"paquete_epm_2017_nic_044","variedad_a":"ERSAT 4","variedad_b":"ERSEQ 12","variedad_c":"ERSAT 6"},
{"codigo_paquetes":"paquete_epm_2017_nic_045","variedad_a":"ERSEQ 16","variedad_b":"ERSAT 6","variedad_c":"ERSEQ 1"},
{"codigo_paquetes":"paquete_epm_2017_nic_046","variedad_a":"ERSEQ 8","variedad_b":"cod 08 - Redoblante","variedad_c":"ERSEQ 23"},
{"codigo_paquetes":"paquete_epm_2017_nic_047","variedad_a":"cod 08 - Redoblante","variedad_b":"ERSAT 7","variedad_c":"ERSAT 9"},
{"codigo_paquetes":"paquete_epm_2017_nic_048","variedad_a":"ERSEQ 23","variedad_b":"ERSEQ 16","variedad_c":"ERSAT 7"},
{"codigo_paquetes":"paquete_epm_2017_nic_049","variedad_a":"ERSAT 6","variedad_b":"ERSAT 9","variedad_c":"ERSEQ 8"},
{"codigo_paquetes":"paquete_epm_2017_nic_050","variedad_a":"ERSEQ 1","variedad_b":"ERSAT 4","variedad_c":"ERSEQ 12"},
{"codigo_paquetes":"paquete_epm_2017_nic_051","variedad_a":"ERSEQ 12","variedad_b":"ERSEQ 8","variedad_c":"ERSEQ 23"},
{"codigo_paquetes":"paquete_epm_2017_nic_052","variedad_a":"ERSEQ 16","variedad_b":"ERSAT 4","variedad_c":"cod 08 - Redoblante"},
{"codigo_paquetes":"paquete_epm_2017_nic_053","variedad_a":"ERSAT 7","variedad_b":"ERSEQ 1","variedad_c":"ERSAT 9"},
{"codigo_paquetes":"paquete_epm_2017_nic_054","variedad_a":"ERSEQ 23","variedad_b":"ERSAT 7","variedad_c":"ERSAT 6"},
{"codigo_paquetes":"paquete_epm_2017_nic_055","variedad_a":"ERSEQ 8","variedad_b":"ERSAT 9","variedad_c":"ERSAT 4"},
{"codigo_paquetes":"paquete_epm_2017_nic_056","variedad_a":"ERSAT 6","variedad_b":"ERSEQ 12","variedad_c":"ERSEQ 16"},
{"codigo_paquetes":"paquete_epm_2017_nic_057","variedad_a":"ERSEQ 1","variedad_b":"cod 08 - Redoblante","variedad_c":"ERSEQ 8"},
{"codigo_paquetes":"paquete_epm_2017_nic_058","variedad_a":"ERSAT 9","variedad_b":"ERSEQ 23","variedad_c":"cod 08 - Redoblante"},
{"codigo_paquetes":"paquete_epm_2017_nic_059","variedad_a":"ERSAT 4","variedad_b":"ERSEQ 16","variedad_c":"ERSAT 7"},
{"codigo_paquetes":"paquete_epm_2017_nic_060","variedad_a":"ERSEQ 12","variedad_b":"ERSAT 6","variedad_c":"ERSEQ 1"},
{"codigo_paquetes":"paquete_epm_2017_nic_061","variedad_a":"cod 08 - Redoblante","variedad_b":"ERSAT 6","variedad_c":"ERSAT 4"},
{"codigo_paquetes":"paquete_epm_2017_nic_062","variedad_a":"ERSAT 7","variedad_b":"ERSEQ 8","variedad_c":"ERSEQ 12"},
{"codigo_paquetes":"paquete_epm_2017_nic_063","variedad_a":"ERSEQ 1","variedad_b":"ERSAT 9","variedad_c":"ERSEQ 16"},
{"codigo_paquetes":"paquete_epm_2017_nic_064","variedad_a":"ERSAT 4","variedad_b":"ERSEQ 12","variedad_c":"ERSEQ 23"},
{"codigo_paquetes":"paquete_epm_2017_nic_065","variedad_a":"ERSEQ 23","variedad_b":"ERSAT 7","variedad_c":"ERSEQ 1"},
{"codigo_paquetes":"paquete_epm_2017_nic_066","variedad_a":"ERSEQ 8","variedad_b":"ERSEQ 16","variedad_c":"ERSAT 9"},
{"codigo_paquetes":"paquete_epm_2017_nic_067","variedad_a":"ERSEQ 16","variedad_b":"cod 08 - Redoblante","variedad_c":"ERSAT 6"},
{"codigo_paquetes":"paquete_epm_2017_nic_068","variedad_a":"ERSAT 6","variedad_b":"ERSEQ 23","variedad_c":"ERSEQ 8"},
{"codigo_paquetes":"paquete_epm_2017_nic_069","variedad_a":"ERSAT 9","variedad_b":"ERSEQ 12","variedad_c":"cod 08 - Redoblante"},
{"codigo_paquetes":"paquete_epm_2017_nic_070","variedad_a":"ERSEQ 1","variedad_b":"ERSAT 4","variedad_c":"ERSAT 7"},
{"codigo_paquetes":"paquete_epm_2017_nic_071","variedad_a":"ERSAT 7","variedad_b":"ERSEQ 16","variedad_c":"ERSAT 6"},
{"codigo_paquetes":"paquete_epm_2017_nic_072","variedad_a":"cod 08 - Redoblante","variedad_b":"ERSAT 9","variedad_c":"ERSAT 4"},
{"codigo_paquetes":"paquete_epm_2017_nic_073","variedad_a":"ERSEQ 12","variedad_b":"ERSEQ 1","variedad_c":"ERSEQ 8"},
{"codigo_paquetes":"paquete_epm_2017_nic_074","variedad_a":"ERSAT 9","variedad_b":"ERSAT 6","variedad_c":"ERSEQ 23"},
{"codigo_paquetes":"paquete_epm_2017_nic_075","variedad_a":"ERSEQ 16","variedad_b":"ERSAT 4","variedad_c":"ERSEQ 12"},
{"codigo_paquetes":"paquete_epm_2017_nic_076","variedad_a":"ERSEQ 8","variedad_b":"ERSEQ 23","variedad_c":"ERSAT 7"},
{"codigo_paquetes":"paquete_epm_2017_nic_077","variedad_a":"cod 08 - Redoblante","variedad_b":"ERSAT 7","variedad_c":"ERSEQ 1"},
{"codigo_paquetes":"paquete_epm_2017_nic_078","variedad_a":"ERSEQ 8","variedad_b":"cod 08 - Redoblante","variedad_c":"ERSEQ 16"},
{"codigo_paquetes":"paquete_epm_2017_nic_079","variedad_a":"ERSEQ 23","variedad_b":"ERSAT 6","variedad_c":"ERSEQ 12"},
{"codigo_paquetes":"paquete_epm_2017_nic_080","variedad_a":"ERSAT 6","variedad_b":"ERSEQ 1","variedad_c":"ERSAT 9"},
{"codigo_paquetes":"paquete_epm_2017_nic_081","variedad_a":"ERSAT 4","variedad_b":"ERSEQ 1","variedad_c":"ERSEQ 23"},
{"codigo_paquetes":"paquete_epm_2017_nic_082","variedad_a":"ERSAT 7","variedad_b":"ERSAT 9","variedad_c":"ERSEQ 16"},
{"codigo_paquetes":"paquete_epm_2017_nic_083","variedad_a":"ERSEQ 12","variedad_b":"ERSAT 4","variedad_c":"cod 08 - Redoblante"},
{"codigo_paquetes":"paquete_epm_2017_nic_084","variedad_a":"ERSEQ 16","variedad_b":"ERSEQ 8","variedad_c":"ERSAT 6"},
{"codigo_paquetes":"paquete_epm_2017_nic_085","variedad_a":"ERSAT 9","variedad_b":"ERSEQ 23","variedad_c":"ERSAT 4"},
{"codigo_paquetes":"paquete_epm_2017_nic_086","variedad_a":"ERSEQ 12","variedad_b":"cod 08 - Redoblante","variedad_c":"ERSEQ 8"},
{"codigo_paquetes":"paquete_epm_2017_nic_087","variedad_a":"ERSEQ 1","variedad_b":"ERSEQ 16","variedad_c":"ERSAT 7"},
{"codigo_paquetes":"paquete_epm_2017_nic_088","variedad_a":"ERSAT 4","variedad_b":"ERSAT 7","variedad_c":"ERSEQ 8"},
{"codigo_paquetes":"paquete_epm_2017_nic_089","variedad_a":"cod 08 - Redoblante","variedad_b":"ERSEQ 1","variedad_c":"ERSAT 9"},
{"codigo_paquetes":"paquete_epm_2017_nic_090","variedad_a":"ERSEQ 23","variedad_b":"ERSEQ 12","variedad_c":"ERSAT 6"},
{"codigo_paquetes":"paquete_epm_2017_nic_091","variedad_a":"ERSAT 6","variedad_b":"ERSAT 7","variedad_c":"cod 08 - Redoblante"},
{"codigo_paquetes":"paquete_epm_2017_nic_092","variedad_a":"ERSEQ 23","variedad_b":"ERSEQ 8","variedad_c":"ERSEQ 1"},
{"codigo_paquetes":"paquete_epm_2017_nic_093","variedad_a":"ERSEQ 16","variedad_b":"ERSAT 4","variedad_c":"ERSEQ 12"},
{"codigo_paquetes":"paquete_epm_2017_nic_094","variedad_a":"ERSAT 6","variedad_b":"ERSEQ 12","variedad_c":"ERSAT 9"},
{"codigo_paquetes":"paquete_epm_2017_nic_095","variedad_a":"ERSAT 9","variedad_b":"cod 08 - Redoblante","variedad_c":"ERSEQ 16"},
{"codigo_paquetes":"paquete_epm_2017_nic_096","variedad_a":"ERSAT 7","variedad_b":"ERSEQ 23","variedad_c":"ERSAT 4"},
{"codigo_paquetes":"paquete_epm_2017_nic_097","variedad_a":"ERSEQ 8","variedad_b":"ERSAT 6","variedad_c":"ERSEQ 1"},
{"codigo_paquetes":"paquete_epm_2017_nic_098","variedad_a":"ERSEQ 8","variedad_b":"ERSEQ 16","variedad_c":"ERSAT 7"},
{"codigo_paquetes":"paquete_epm_2017_nic_099","variedad_a":"ERSEQ 1","variedad_b":"ERSAT 4","variedad_c":"cod 08 - Redoblante"},
{"codigo_paquetes":"paquete_epm_2017_nic_100","variedad_a":"ERSEQ 12","variedad_b":"ERSAT 9","variedad_c":"ERSEQ 23"},
{"codigo_paquetes":"paquete_epm_2017_nic_101","variedad_a":"ERSAT 7","variedad_b":"ERSEQ 8","variedad_c":"ERSAT 9"},
{"codigo_paquetes":"paquete_epm_2017_nic_102","variedad_a":"cod 08 - Redoblante","variedad_b":"ERSEQ 23","variedad_c":"ERSAT 6"},
{"codigo_paquetes":"paquete_epm_2017_nic_103","variedad_a":"ERSEQ 1","variedad_b":"ERSEQ 16","variedad_c":"ERSEQ 12"},
{"codigo_paquetes":"paquete_epm_2017_nic_104","variedad_a":"ERSAT 4","variedad_b":"ERSEQ 12","variedad_c":"ERSAT 7"},
{"codigo_paquetes":"paquete_epm_2017_nic_105","variedad_a":"ERSAT 9","variedad_b":"ERSAT 6","variedad_c":"ERSEQ 1"},
{"codigo_paquetes":"paquete_epm_2017_nic_106","variedad_a":"ERSEQ 16","variedad_b":"ERSEQ 23","variedad_c":"ERSAT 4"},
{"codigo_paquetes":"paquete_epm_2017_nic_107","variedad_a":"cod 08 - Redoblante","variedad_b":"ERSAT 7","variedad_c":"ERSEQ 8"},
{"codigo_paquetes":"paquete_epm_2017_nic_108","variedad_a":"ERSAT 6","variedad_b":"cod 08 - Redoblante","variedad_c":"ERSEQ 12"},
{"codigo_paquetes":"paquete_epm_2017_nic_109","variedad_a":"ERSEQ 23","variedad_b":"ERSEQ 8","variedad_c":"ERSEQ 16"},
{"codigo_paquetes":"paquete_epm_2017_nic_110","variedad_a":"ERSAT 4","variedad_b":"ERSEQ 1","variedad_c":"ERSEQ 8"},
{"codigo_paquetes":"paquete_epm_2017_nic_111","variedad_a":"ERSEQ 23","variedad_b":"ERSAT 9","variedad_c":"cod 08 - Redoblante"},
{"codigo_paquetes":"paquete_epm_2017_nic_112","variedad_a":"ERSAT 7","variedad_b":"ERSAT 9","variedad_c":"ERSAT 4"},
{"codigo_paquetes":"paquete_epm_2017_nic_113","variedad_a":"ERSEQ 1","variedad_b":"ERSAT 7","variedad_c":"ERSAT 6"},
{"codigo_paquetes":"paquete_epm_2017_nic_114","variedad_a":"ERSEQ 12","variedad_b":"cod 08 - Redoblante","variedad_c":"ERSEQ 16"},
{"codigo_paquetes":"paquete_epm_2017_nic_115","variedad_a":"ERSAT 9","variedad_b":"ERSEQ 12","variedad_c":"ERSEQ 1"},
{"codigo_paquetes":"paquete_epm_2017_nic_116","variedad_a":"ERSAT 6","variedad_b":"ERSAT 4","variedad_c":"ERSEQ 23"},
{"codigo_paquetes":"paquete_epm_2017_nic_117","variedad_a":"ERSEQ 8","variedad_b":"ERSEQ 16","variedad_c":"ERSAT 4"},
{"codigo_paquetes":"paquete_epm_2017_nic_118","variedad_a":"ERSEQ 16","variedad_b":"ERSEQ 12","variedad_c":"ERSAT 7"},
{"codigo_paquetes":"paquete_epm_2017_nic_119","variedad_a":"cod 08 - Redoblante","variedad_b":"ERSAT 6","variedad_c":"ERSAT 9"},
{"codigo_paquetes":"paquete_epm_2017_nic_120","variedad_a":"ERSAT 9","variedad_b":"ERSEQ 8","variedad_c":"ERSEQ 23"},
{"codigo_paquetes":"paquete_epm_2017_nic_121","variedad_a":"ERSEQ 16","variedad_b":"ERSEQ 1","variedad_c":"cod 08 - Redoblante"},
{"codigo_paquetes":"paquete_epm_2017_nic_122","variedad_a":"ERSAT 7","variedad_b":"ERSEQ 8","variedad_c":"ERSAT 6"},
{"codigo_paquetes":"paquete_epm_2017_nic_123","variedad_a":"ERSEQ 12","variedad_b":"cod 08 - Redoblante","variedad_c":"ERSEQ 23"},
{"codigo_paquetes":"paquete_epm_2017_nic_124","variedad_a":"ERSAT 4","variedad_b":"ERSAT 6","variedad_c":"ERSEQ 1"},
{"codigo_paquetes":"paquete_epm_2017_nic_125","variedad_a":"ERSEQ 1","variedad_b":"ERSAT 9","variedad_c":"ERSEQ 8"},
{"codigo_paquetes":"paquete_epm_2017_nic_126","variedad_a":"ERSEQ 23","variedad_b":"ERSEQ 16","variedad_c":"ERSEQ 12"},
{"codigo_paquetes":"paquete_epm_2017_nic_127","variedad_a":"ERSAT 4","variedad_b":"ERSAT 7","variedad_c":"cod 08 - Redoblante"},
{"codigo_paquetes":"paquete_epm_2017_nic_128","variedad_a":"ERSEQ 8","variedad_b":"ERSEQ 12","variedad_c":"ERSEQ 16"},
{"codigo_paquetes":"paquete_epm_2017_nic_129","variedad_a":"ERSAT 6","variedad_b":"ERSAT 4","variedad_c":"ERSAT 7"},
{"codigo_paquetes":"paquete_epm_2017_nic_130","variedad_a":"ERSEQ 1","variedad_b":"ERSEQ 23","variedad_c":"ERSAT 9"}
]
