[
{"codigo_paquetes":"package_epm_nicaragua_2016_001","variedad_a":"ALS 0532-6","variedad_b":"INTA Precoz","variedad_c":"INTA Sequ?a"},
{"codigo_paquetes":"package_epm_nicaragua_2016_002","variedad_a":"INTA Ferroso","variedad_b":"INTA Matagalpa","variedad_c":"SJC 730-79"},
{"codigo_paquetes":"package_epm_nicaragua_2016_003","variedad_a":"BRT 103-182","variedad_b":"INTA Rojo","variedad_c":"PM2-Don Rey"},
{"codigo_paquetes":"package_epm_nicaragua_2016_004","variedad_a":"INTA Sequ?a","variedad_b":"SJC 730-79","variedad_c":"INTA Centro Sur"},
{"codigo_paquetes":"package_epm_nicaragua_2016_005","variedad_a":"INTA Matagalpa","variedad_b":"BRT 103-182","variedad_c":"INTA Precoz"},
{"codigo_paquetes":"package_epm_nicaragua_2016_006","variedad_a":"INTA Centro Sur","variedad_b":"INTA Ferroso","variedad_c":"INTA Rojo"},
{"codigo_paquetes":"package_epm_nicaragua_2016_007","variedad_a":"PM2-Don Rey","variedad_b":"INTA Sequ?a","variedad_c":"ALS 0532-6"},
{"codigo_paquetes":"package_epm_nicaragua_2016_008","variedad_a":"INTA Precoz","variedad_b":"INTA Centro Sur","variedad_c":"INTA Matagalpa"},
{"codigo_paquetes":"package_epm_nicaragua_2016_009","variedad_a":"SJC 730-79","variedad_b":"ALS 0532-6","variedad_c":"INTA Ferroso"},
{"codigo_paquetes":"package_epm_nicaragua_2016_010","variedad_a":"INTA Rojo","variedad_b":"PM2-Don Rey","variedad_c":"BRT 103-182"},
{"codigo_paquetes":"package_epm_nicaragua_2016_011","variedad_a":"BRT 103-182","variedad_b":"INTA Ferroso","variedad_c":"INTA Rojo"},
{"codigo_paquetes":"package_epm_nicaragua_2016_012","variedad_a":"ALS 0532-6","variedad_b":"INTA Centro Sur","variedad_c":"PM2-Don Rey"},
{"codigo_paquetes":"package_epm_nicaragua_2016_013","variedad_a":"INTA Precoz","variedad_b":"INTA Sequ?a","variedad_c":"SJC 730-79"},
{"codigo_paquetes":"package_epm_nicaragua_2016_014","variedad_a":"INTA Centro Sur","variedad_b":"INTA Rojo","variedad_c":"INTA Matagalpa"},
{"codigo_paquetes":"package_epm_nicaragua_2016_015","variedad_a":"INTA Ferroso","variedad_b":"SJC 730-79","variedad_c":"INTA Sequ?a"},
{"codigo_paquetes":"package_epm_nicaragua_2016_016","variedad_a":"INTA Matagalpa","variedad_b":"PM2-Don Rey","variedad_c":"ALS 0532-6"},
{"codigo_paquetes":"package_epm_nicaragua_2016_017","variedad_a":"INTA Rojo","variedad_b":"BRT 103-182","variedad_c":"INTA Precoz"},
{"codigo_paquetes":"package_epm_nicaragua_2016_018","variedad_a":"PM2-Don Rey","variedad_b":"INTA Matagalpa","variedad_c":"SJC 730-79"},
{"codigo_paquetes":"package_epm_nicaragua_2016_019","variedad_a":"INTA Sequ?a","variedad_b":"INTA Precoz","variedad_c":"INTA Centro Sur"},
{"codigo_paquetes":"package_epm_nicaragua_2016_020","variedad_a":"BRT 103-182","variedad_b":"ALS 0532-6","variedad_c":"INTA Ferroso"},
{"codigo_paquetes":"package_epm_nicaragua_2016_021","variedad_a":"ALS 0532-6","variedad_b":"PM2-Don Rey","variedad_c":"BRT 103-182"},
{"codigo_paquetes":"package_epm_nicaragua_2016_022","variedad_a":"INTA Centro Sur","variedad_b":"INTA Matagalpa","variedad_c":"INTA Sequ?a"},
{"codigo_paquetes":"package_epm_nicaragua_2016_023","variedad_a":"INTA Ferroso","variedad_b":"INTA Precoz","variedad_c":"INTA Rojo"},
{"codigo_paquetes":"package_epm_nicaragua_2016_024","variedad_a":"SJC 730-79","variedad_b":"ALS 0532-6","variedad_c":"PM2-Don Rey"},
{"codigo_paquetes":"package_epm_nicaragua_2016_025","variedad_a":"INTA Precoz","variedad_b":"BRT 103-182","variedad_c":"INTA Centro Sur"},
{"codigo_paquetes":"package_epm_nicaragua_2016_026","variedad_a":"INTA Rojo","variedad_b":"INTA Sequ?a","variedad_c":"SJC 730-79"},
{"codigo_paquetes":"package_epm_nicaragua_2016_027","variedad_a":"PM2-Don Rey","variedad_b":"INTA Ferroso","variedad_c":"INTA Matagalpa"},
{"codigo_paquetes":"package_epm_nicaragua_2016_028","variedad_a":"INTA Centro Sur","variedad_b":"INTA Rojo","variedad_c":"ALS 0532-6"},
{"codigo_paquetes":"package_epm_nicaragua_2016_029","variedad_a":"INTA Matagalpa","variedad_b":"SJC 730-79","variedad_c":"INTA Precoz"},
{"codigo_paquetes":"package_epm_nicaragua_2016_030","variedad_a":"INTA Sequ?a","variedad_b":"BRT 103-182","variedad_c":"INTA Ferroso"},
{"codigo_paquetes":"package_epm_nicaragua_2016_031","variedad_a":"INTA Precoz","variedad_b":"INTA Sequ?a","variedad_c":"PM2-Don Rey"},
{"codigo_paquetes":"package_epm_nicaragua_2016_032","variedad_a":"ALS 0532-6","variedad_b":"INTA Matagalpa","variedad_c":"BRT 103-182"},
{"codigo_paquetes":"package_epm_nicaragua_2016_033","variedad_a":"SJC 730-79","variedad_b":"INTA Centro Sur","variedad_c":"INTA Ferroso"},
{"codigo_paquetes":"package_epm_nicaragua_2016_034","variedad_a":"BRT 103-182","variedad_b":"PM2-Don Rey","variedad_c":"INTA Rojo"},
{"codigo_paquetes":"package_epm_nicaragua_2016_035","variedad_a":"INTA Ferroso","variedad_b":"ALS 0532-6","variedad_c":"INTA Precoz"},
{"codigo_paquetes":"package_epm_nicaragua_2016_036","variedad_a":"INTA Matagalpa","variedad_b":"INTA Centro Sur","variedad_c":"INTA Sequ?a"},
{"codigo_paquetes":"package_epm_nicaragua_2016_037","variedad_a":"INTA Rojo","variedad_b":"SJC 730-79","variedad_c":"INTA Sequ?a"},
{"codigo_paquetes":"package_epm_nicaragua_2016_038","variedad_a":"PM2-Don Rey","variedad_b":"SJC 730-79","variedad_c":"ALS 0532-6"},
{"codigo_paquetes":"package_epm_nicaragua_2016_039","variedad_a":"INTA Precoz","variedad_b":"INTA Rojo","variedad_c":"INTA Centro Sur"},
{"codigo_paquetes":"package_epm_nicaragua_2016_040","variedad_a":"BRT 103-182","variedad_b":"INTA Ferroso","variedad_c":"INTA Matagalpa"},
{"codigo_paquetes":"package_epm_nicaragua_2016_041","variedad_a":"SJC 730-79","variedad_b":"INTA Precoz","variedad_c":"INTA Matagalpa"},
{"codigo_paquetes":"package_epm_nicaragua_2016_042","variedad_a":"INTA Sequ?a","variedad_b":"INTA Ferroso","variedad_c":"PM2-Don Rey"},
{"codigo_paquetes":"package_epm_nicaragua_2016_043","variedad_a":"ALS 0532-6","variedad_b":"INTA Centro Sur","variedad_c":"BRT 103-182"},
{"codigo_paquetes":"package_epm_nicaragua_2016_044","variedad_a":"INTA Matagalpa","variedad_b":"ALS 0532-6","variedad_c":"INTA Rojo"},
{"codigo_paquetes":"package_epm_nicaragua_2016_045","variedad_a":"PM2-Don Rey","variedad_b":"BRT 103-182","variedad_c":"INTA Precoz"},
{"codigo_paquetes":"package_epm_nicaragua_2016_046","variedad_a":"INTA Centro Sur","variedad_b":"INTA Ferroso","variedad_c":"SJC 730-79"},
{"codigo_paquetes":"package_epm_nicaragua_2016_047","variedad_a":"INTA Rojo","variedad_b":"INTA Sequ?a","variedad_c":"BRT 103-182"},
{"codigo_paquetes":"package_epm_nicaragua_2016_048","variedad_a":"INTA Sequ?a","variedad_b":"INTA Precoz","variedad_c":"ALS 0532-6"},
{"codigo_paquetes":"package_epm_nicaragua_2016_049","variedad_a":"SJC 730-79","variedad_b":"INTA Rojo","variedad_c":"PM2-Don Rey"},
{"codigo_paquetes":"package_epm_nicaragua_2016_050","variedad_a":"INTA Ferroso","variedad_b":"INTA Matagalpa","variedad_c":"INTA Centro Sur"},
{"codigo_paquetes":"package_epm_nicaragua_2016_051","variedad_a":"INTA Precoz","variedad_b":"INTA Rojo","variedad_c":"INTA Ferroso"},
{"codigo_paquetes":"package_epm_nicaragua_2016_052","variedad_a":"INTA Matagalpa","variedad_b":"INTA Sequ?a","variedad_c":"SJC 730-79"},
{"codigo_paquetes":"package_epm_nicaragua_2016_053","variedad_a":"ALS 0532-6","variedad_b":"PM2-Don Rey","variedad_c":"INTA Centro Sur"},
{"codigo_paquetes":"package_epm_nicaragua_2016_054","variedad_a":"BRT 103-182","variedad_b":"ALS 0532-6","variedad_c":"INTA Ferroso"},
{"codigo_paquetes":"package_epm_nicaragua_2016_055","variedad_a":"PM2-Don Rey","variedad_b":"INTA Matagalpa","variedad_c":"INTA Precoz"},
{"codigo_paquetes":"package_epm_nicaragua_2016_056","variedad_a":"INTA Centro Sur","variedad_b":"SJC 730-79","variedad_c":"BRT 103-182"},
{"codigo_paquetes":"package_epm_nicaragua_2016_057","variedad_a":"INTA Rojo","variedad_b":"INTA Centro Sur","variedad_c":"INTA Sequ?a"},
{"codigo_paquetes":"package_epm_nicaragua_2016_058","variedad_a":"INTA Matagalpa","variedad_b":"BRT 103-182","variedad_c":"INTA Rojo"},
{"codigo_paquetes":"package_epm_nicaragua_2016_059","variedad_a":"INTA Sequ?a","variedad_b":"INTA Precoz","variedad_c":"ALS 0532-6"},
{"codigo_paquetes":"package_epm_nicaragua_2016_060","variedad_a":"INTA Ferroso","variedad_b":"PM2-Don Rey","variedad_c":"SJC 730-79"},
{"codigo_paquetes":"package_epm_nicaragua_2016_061","variedad_a":"BRT 103-182","variedad_b":"INTA Sequ?a","variedad_c":"PM2-Don Rey"},
{"codigo_paquetes":"package_epm_nicaragua_2016_062","variedad_a":"INTA Ferroso","variedad_b":"INTA Precoz","variedad_c":"INTA Rojo"},
{"codigo_paquetes":"package_epm_nicaragua_2016_063","variedad_a":"SJC 730-79","variedad_b":"ALS 0532-6","variedad_c":"INTA Matagalpa"},
{"codigo_paquetes":"package_epm_nicaragua_2016_064","variedad_a":"INTA Centro Sur","variedad_b":"INTA Ferroso","variedad_c":"INTA Matagalpa"},
{"codigo_paquetes":"package_epm_nicaragua_2016_065","variedad_a":"INTA Rojo","variedad_b":"PM2-Don Rey","variedad_c":"ALS 0532-6"},
{"codigo_paquetes":"package_epm_nicaragua_2016_066","variedad_a":"INTA Precoz","variedad_b":"SJC 730-79","variedad_c":"BRT 103-182"},
{"codigo_paquetes":"package_epm_nicaragua_2016_067","variedad_a":"SJC 730-79","variedad_b":"INTA Centro Sur","variedad_c":"INTA Sequ?a"},
{"codigo_paquetes":"package_epm_nicaragua_2016_068","variedad_a":"ALS 0532-6","variedad_b":"BRT 103-182","variedad_c":"INTA Centro Sur"},
{"codigo_paquetes":"package_epm_nicaragua_2016_069","variedad_a":"INTA Sequ?a","variedad_b":"INTA Matagalpa","variedad_c":"INTA Rojo"},
{"codigo_paquetes":"package_epm_nicaragua_2016_070","variedad_a":"PM2-Don Rey","variedad_b":"INTA Ferroso","variedad_c":"INTA Precoz"},
{"codigo_paquetes":"package_epm_nicaragua_2016_071","variedad_a":"ALS 0532-6","variedad_b":"INTA Sequ?a","variedad_c":"INTA Ferroso"},
{"codigo_paquetes":"package_epm_nicaragua_2016_072","variedad_a":"BRT 103-182","variedad_b":"INTA Matagalpa","variedad_c":"PM2-Don Rey"},
{"codigo_paquetes":"package_epm_nicaragua_2016_073","variedad_a":"INTA Centro Sur","variedad_b":"INTA Rojo","variedad_c":"INTA Precoz"},
{"codigo_paquetes":"package_epm_nicaragua_2016_074","variedad_a":"INTA Matagalpa","variedad_b":"ALS 0532-6","variedad_c":"SJC 730-79"},
{"codigo_paquetes":"package_epm_nicaragua_2016_075","variedad_a":"INTA Rojo","variedad_b":"SJC 730-79","variedad_c":"INTA Ferroso"},
{"codigo_paquetes":"package_epm_nicaragua_2016_076","variedad_a":"INTA Sequ?a","variedad_b":"PM2-Don Rey","variedad_c":"INTA Centro Sur"},
{"codigo_paquetes":"package_epm_nicaragua_2016_077","variedad_a":"SJC 730-79","variedad_b":"INTA Precoz","variedad_c":"BRT 103-182"},
{"codigo_paquetes":"package_epm_nicaragua_2016_078","variedad_a":"INTA Ferroso","variedad_b":"INTA Centro Sur","variedad_c":"INTA Matagalpa"},
{"codigo_paquetes":"package_epm_nicaragua_2016_079","variedad_a":"BRT 103-182","variedad_b":"INTA Rojo","variedad_c":"ALS 0532-6"},
{"codigo_paquetes":"package_epm_nicaragua_2016_080","variedad_a":"INTA Precoz","variedad_b":"PM2-Don Rey","variedad_c":"INTA Sequ?a"},
{"codigo_paquetes":"package_epm_nicaragua_2016_081","variedad_a":"INTA Matagalpa","variedad_b":"INTA Rojo","variedad_c":"INTA Sequ?a"},
{"codigo_paquetes":"package_epm_nicaragua_2016_082","variedad_a":"PM2-Don Rey","variedad_b":"ALS 0532-6","variedad_c":"INTA Ferroso"},
{"codigo_paquetes":"package_epm_nicaragua_2016_083","variedad_a":"INTA Centro Sur","variedad_b":"BRT 103-182","variedad_c":"SJC 730-79"},
{"codigo_paquetes":"package_epm_nicaragua_2016_084","variedad_a":"ALS 0532-6","variedad_b":"INTA Centro Sur","variedad_c":"INTA Precoz"},
{"codigo_paquetes":"package_epm_nicaragua_2016_085","variedad_a":"PM2-Don Rey","variedad_b":"BRT 103-182","variedad_c":"INTA Matagalpa"},
{"codigo_paquetes":"package_epm_nicaragua_2016_086","variedad_a":"INTA Ferroso","variedad_b":"SJC 730-79","variedad_c":"INTA Rojo"},
{"codigo_paquetes":"package_epm_nicaragua_2016_087","variedad_a":"INTA Precoz","variedad_b":"INTA Ferroso","variedad_c":"INTA Sequ?a"},
{"codigo_paquetes":"package_epm_nicaragua_2016_088","variedad_a":"SJC 730-79","variedad_b":"INTA Matagalpa","variedad_c":"INTA Precoz"},
{"codigo_paquetes":"package_epm_nicaragua_2016_089","variedad_a":"INTA Rojo","variedad_b":"INTA Sequ?a","variedad_c":"INTA Centro Sur"},
{"codigo_paquetes":"package_epm_nicaragua_2016_090","variedad_a":"ALS 0532-6","variedad_b":"BRT 103-182","variedad_c":"PM2-Don Rey"},
{"codigo_paquetes":"package_epm_nicaragua_2016_091","variedad_a":"INTA Sequ?a","variedad_b":"PM2-Don Rey","variedad_c":"SJC 730-79"},
{"codigo_paquetes":"package_epm_nicaragua_2016_092","variedad_a":"INTA Matagalpa","variedad_b":"INTA Rojo","variedad_c":"ALS 0532-6"},
{"codigo_paquetes":"package_epm_nicaragua_2016_093","variedad_a":"INTA Centro Sur","variedad_b":"INTA Ferroso","variedad_c":"BRT 103-182"},
{"codigo_paquetes":"package_epm_nicaragua_2016_094","variedad_a":"INTA Rojo","variedad_b":"INTA Precoz","variedad_c":"PM2-Don Rey"},
{"codigo_paquetes":"package_epm_nicaragua_2016_095","variedad_a":"SJC 730-79","variedad_b":"ALS 0532-6","variedad_c":"INTA Centro Sur"},
{"codigo_paquetes":"package_epm_nicaragua_2016_096","variedad_a":"BRT 103-182","variedad_b":"INTA Sequ?a","variedad_c":"INTA Matagalpa"},
{"codigo_paquetes":"package_epm_nicaragua_2016_097","variedad_a":"INTA Ferroso","variedad_b":"INTA Precoz","variedad_c":"ALS 0532-6"},
{"codigo_paquetes":"package_epm_nicaragua_2016_098","variedad_a":"INTA Ferroso","variedad_b":"SJC 730-79","variedad_c":"INTA Rojo"},
{"codigo_paquetes":"package_epm_nicaragua_2016_099","variedad_a":"INTA Precoz","variedad_b":"INTA Centro Sur","variedad_c":"INTA Matagalpa"},
{"codigo_paquetes":"package_epm_nicaragua_2016_100","variedad_a":"INTA Sequ?a","variedad_b":"PM2-Don Rey","variedad_c":"BRT 103-182"},
{"codigo_paquetes":"package_epm_nicaragua_2016_101","variedad_a":"INTA Centro Sur","variedad_b":"INTA Rojo","variedad_c":"INTA Sequ?a"},
{"codigo_paquetes":"package_epm_nicaragua_2016_102","variedad_a":"PM2-Don Rey","variedad_b":"INTA Matagalpa","variedad_c":"SJC 730-79"},
{"codigo_paquetes":"package_epm_nicaragua_2016_103","variedad_a":"ALS 0532-6","variedad_b":"BRT 103-182","variedad_c":"INTA Precoz"},
{"codigo_paquetes":"package_epm_nicaragua_2016_104","variedad_a":"BRT 103-182","variedad_b":"INTA Centro Sur","variedad_c":"INTA Ferroso"},
{"codigo_paquetes":"package_epm_nicaragua_2016_105","variedad_a":"INTA Rojo","variedad_b":"INTA Precoz","variedad_c":"PM2-Don Rey"},
{"codigo_paquetes":"package_epm_nicaragua_2016_106","variedad_a":"INTA Sequ?a","variedad_b":"SJC 730-79","variedad_c":"ALS 0532-6"},
{"codigo_paquetes":"package_epm_nicaragua_2016_107","variedad_a":"INTA Matagalpa","variedad_b":"INTA Sequ?a","variedad_c":"INTA Ferroso"},
{"codigo_paquetes":"package_epm_nicaragua_2016_108","variedad_a":"PM2-Don Rey","variedad_b":"ALS 0532-6","variedad_c":"INTA Ferroso"},
{"codigo_paquetes":"package_epm_nicaragua_2016_109","variedad_a":"SJC 730-79","variedad_b":"BRT 103-182","variedad_c":"INTA Rojo"},
{"codigo_paquetes":"package_epm_nicaragua_2016_110","variedad_a":"INTA Precoz","variedad_b":"INTA Matagalpa","variedad_c":"INTA Centro Sur"},
{"codigo_paquetes":"package_epm_nicaragua_2016_111","variedad_a":"INTA Precoz","variedad_b":"INTA Ferroso","variedad_c":"SJC 730-79"},
{"codigo_paquetes":"package_epm_nicaragua_2016_112","variedad_a":"INTA Centro Sur","variedad_b":"INTA Sequ?a","variedad_c":"PM2-Don Rey"},
{"codigo_paquetes":"package_epm_nicaragua_2016_113","variedad_a":"ALS 0532-6","variedad_b":"INTA Matagalpa","variedad_c":"INTA Rojo"},
{"codigo_paquetes":"package_epm_nicaragua_2016_114","variedad_a":"INTA Matagalpa","variedad_b":"PM2-Don Rey","variedad_c":"BRT 103-182"},
{"codigo_paquetes":"package_epm_nicaragua_2016_115","variedad_a":"BRT 103-182","variedad_b":"ALS 0532-6","variedad_c":"INTA Centro Sur"},
{"codigo_paquetes":"package_epm_nicaragua_2016_116","variedad_a":"INTA Rojo","variedad_b":"INTA Precoz","variedad_c":"INTA Sequ?a"},
{"codigo_paquetes":"package_epm_nicaragua_2016_117","variedad_a":"INTA Ferroso","variedad_b":"INTA Centro Sur","variedad_c":"SJC 730-79"},
{"codigo_paquetes":"package_epm_nicaragua_2016_118","variedad_a":"INTA Sequ?a","variedad_b":"SJC 730-79","variedad_c":"ALS 0532-6"},
{"codigo_paquetes":"package_epm_nicaragua_2016_119","variedad_a":"PM2-Don Rey","variedad_b":"INTA Ferroso","variedad_c":"INTA Rojo"},
{"codigo_paquetes":"package_epm_nicaragua_2016_120","variedad_a":"BRT 103-182","variedad_b":"INTA Matagalpa","variedad_c":"INTA Precoz"},
{"codigo_paquetes":"package_epm_nicaragua_2016_121","variedad_a":"INTA Ferroso","variedad_b":"INTA Sequ?a","variedad_c":"INTA Matagalpa"},
{"codigo_paquetes":"package_epm_nicaragua_2016_122","variedad_a":"SJC 730-79","variedad_b":"INTA Precoz","variedad_c":"PM2-Don Rey"},
{"codigo_paquetes":"package_epm_nicaragua_2016_123","variedad_a":"INTA Centro Sur","variedad_b":"INTA Rojo","variedad_c":"BRT 103-182"},
{"codigo_paquetes":"package_epm_nicaragua_2016_124","variedad_a":"ALS 0532-6","variedad_b":"INTA Ferroso","variedad_c":"INTA Precoz"},
{"codigo_paquetes":"package_epm_nicaragua_2016_125","variedad_a":"INTA Matagalpa","variedad_b":"PM2-Don Rey","variedad_c":"INTA Centro Sur"},
{"codigo_paquetes":"package_epm_nicaragua_2016_126","variedad_a":"SJC 730-79","variedad_b":"ALS 0532-6","variedad_c":"BRT 103-182"},
{"codigo_paquetes":"package_epm_nicaragua_2016_127","variedad_a":"INTA Precoz","variedad_b":"INTA Rojo","variedad_c":"INTA Sequ?a"},
{"codigo_paquetes":"package_epm_nicaragua_2016_128","variedad_a":"ALS 0532-6","variedad_b":"INTA Centro Sur","variedad_c":"INTA Ferroso"},
{"codigo_paquetes":"package_epm_nicaragua_2016_129","variedad_a":"INTA Sequ?a","variedad_b":"SJC 730-79","variedad_c":"PM2-Don Rey"},
{"codigo_paquetes":"package_epm_nicaragua_2016_130","variedad_a":"INTA Rojo","variedad_b":"BRT 103-182","variedad_c":"INTA Matagalpa"},
{"codigo_paquetes":"package_epm_nicaragua_2016_131","variedad_a":"PM2-Don Rey","variedad_b":"BRT 103-182","variedad_c":"INTA Ferroso"},
{"codigo_paquetes":"package_epm_nicaragua_2016_132","variedad_a":"INTA Matagalpa","variedad_b":"INTA Sequ?a","variedad_c":"ALS 0532-6"},
{"codigo_paquetes":"package_epm_nicaragua_2016_133","variedad_a":"INTA Centro Sur","variedad_b":"INTA Precoz","variedad_c":"SJC 730-79"},
{"codigo_paquetes":"package_epm_nicaragua_2016_134","variedad_a":"INTA Ferroso","variedad_b":"PM2-Don Rey","variedad_c":"INTA Rojo"},
{"codigo_paquetes":"package_epm_nicaragua_2016_135","variedad_a":"BRT 103-182","variedad_b":"ALS 0532-6","variedad_c":"INTA Precoz"},
{"codigo_paquetes":"package_epm_nicaragua_2016_136","variedad_a":"INTA Rojo","variedad_b":"INTA Centro Sur","variedad_c":"INTA Matagalpa"},
{"codigo_paquetes":"package_epm_nicaragua_2016_137","variedad_a":"SJC 730-79","variedad_b":"INTA Ferroso","variedad_c":"INTA Sequ?a"},
{"codigo_paquetes":"package_epm_nicaragua_2016_138","variedad_a":"INTA Precoz","variedad_b":"INTA Rojo","variedad_c":"INTA Sequ?a"},
{"codigo_paquetes":"package_epm_nicaragua_2016_139","variedad_a":"ALS 0532-6","variedad_b":"SJC 730-79","variedad_c":"INTA Centro Sur"},
{"codigo_paquetes":"package_epm_nicaragua_2016_140","variedad_a":"PM2-Don Rey","variedad_b":"INTA Matagalpa","variedad_c":"SJC 730-79"},
{"codigo_paquetes":"package_epm_nicaragua_2016_141","variedad_a":"INTA Centro Sur","variedad_b":"INTA Ferroso","variedad_c":"BRT 103-182"},
{"codigo_paquetes":"package_epm_nicaragua_2016_142","variedad_a":"INTA Sequ?a","variedad_b":"BRT 103-182","variedad_c":"PM2-Don Rey"},
{"codigo_paquetes":"package_epm_nicaragua_2016_143","variedad_a":"INTA Matagalpa","variedad_b":"INTA Precoz","variedad_c":"ALS 0532-6"},
{"codigo_paquetes":"package_epm_nicaragua_2016_144","variedad_a":"INTA Ferroso","variedad_b":"ALS 0532-6","variedad_c":"INTA Rojo"},
{"codigo_paquetes":"package_epm_nicaragua_2016_145","variedad_a":"INTA Precoz","variedad_b":"PM2-Don Rey","variedad_c":"INTA Centro Sur"},
{"codigo_paquetes":"package_epm_nicaragua_2016_146","variedad_a":"INTA Rojo","variedad_b":"SJC 730-79","variedad_c":"BRT 103-182"},
{"codigo_paquetes":"package_epm_nicaragua_2016_147","variedad_a":"INTA Sequ?a","variedad_b":"INTA Centro Sur","variedad_c":"INTA Matagalpa"},
{"codigo_paquetes":"package_epm_nicaragua_2016_148","variedad_a":"PM2-Don Rey","variedad_b":"INTA Matagalpa","variedad_c":"INTA Ferroso"},
{"codigo_paquetes":"package_epm_nicaragua_2016_149","variedad_a":"BRT 103-182","variedad_b":"INTA Rojo","variedad_c":"INTA Precoz"},
{"codigo_paquetes":"package_epm_nicaragua_2016_150","variedad_a":"SJC 730-79","variedad_b":"INTA Centro Sur","variedad_c":"ALS 0532-6"},
{"codigo_paquetes":"package_epm_nicaragua_2016_151","variedad_a":"INTA Ferroso","variedad_b":"INTA Sequ?a","variedad_c":"SJC 730-79"},
{"codigo_paquetes":"package_epm_nicaragua_2016_152","variedad_a":"INTA Matagalpa","variedad_b":"INTA Rojo","variedad_c":"INTA Sequ?a"},
{"codigo_paquetes":"package_epm_nicaragua_2016_153","variedad_a":"ALS 0532-6","variedad_b":"BRT 103-182","variedad_c":"PM2-Don Rey"},
{"codigo_paquetes":"package_epm_nicaragua_2016_154","variedad_a":"INTA Precoz","variedad_b":"ALS 0532-6","variedad_c":"INTA Matagalpa"},
{"codigo_paquetes":"package_epm_nicaragua_2016_155","variedad_a":"INTA Centro Sur","variedad_b":"INTA Ferroso","variedad_c":"INTA Rojo"},
{"codigo_paquetes":"package_epm_nicaragua_2016_156","variedad_a":"INTA Sequ?a","variedad_b":"PM2-Don Rey","variedad_c":"INTA Precoz"},
{"codigo_paquetes":"package_epm_nicaragua_2016_157","variedad_a":"BRT 103-182","variedad_b":"SJC 730-79","variedad_c":"INTA Ferroso"},
{"codigo_paquetes":"package_epm_nicaragua_2016_158","variedad_a":"BRT 103-182","variedad_b":"INTA Matagalpa","variedad_c":"INTA Centro Sur"},
{"codigo_paquetes":"package_epm_nicaragua_2016_159","variedad_a":"INTA Rojo","variedad_b":"PM2-Don Rey","variedad_c":"SJC 730-79"},
{"codigo_paquetes":"package_epm_nicaragua_2016_160","variedad_a":"INTA Centro Sur","variedad_b":"INTA Precoz","variedad_c":"INTA Sequ?a"},
{"codigo_paquetes":"package_epm_nicaragua_2016_161","variedad_a":"SJC 730-79","variedad_b":"INTA Precoz","variedad_c":"ALS 0532-6"},
{"codigo_paquetes":"package_epm_nicaragua_2016_162","variedad_a":"ALS 0532-6","variedad_b":"INTA Sequ?a","variedad_c":"INTA Ferroso"},
{"codigo_paquetes":"package_epm_nicaragua_2016_163","variedad_a":"PM2-Don Rey","variedad_b":"INTA Matagalpa","variedad_c":"INTA Rojo"},
{"codigo_paquetes":"package_epm_nicaragua_2016_164","variedad_a":"INTA Rojo","variedad_b":"INTA Sequ?a","variedad_c":"BRT 103-182"},
{"codigo_paquetes":"package_epm_nicaragua_2016_165","variedad_a":"INTA Matagalpa","variedad_b":"ALS 0532-6","variedad_c":"INTA Precoz"},
{"codigo_paquetes":"package_epm_nicaragua_2016_166","variedad_a":"INTA Ferroso","variedad_b":"INTA Centro Sur","variedad_c":"PM2-Don Rey"},
{"codigo_paquetes":"package_epm_nicaragua_2016_167","variedad_a":"INTA Precoz","variedad_b":"SJC 730-79","variedad_c":"BRT 103-182"},
{"codigo_paquetes":"package_epm_nicaragua_2016_168","variedad_a":"SJC 730-79","variedad_b":"INTA Ferroso","variedad_c":"INTA Matagalpa"},
{"codigo_paquetes":"package_epm_nicaragua_2016_169","variedad_a":"PM2-Don Rey","variedad_b":"BRT 103-182","variedad_c":"INTA Centro Sur"},
{"codigo_paquetes":"package_epm_nicaragua_2016_170","variedad_a":"INTA Sequ?a","variedad_b":"INTA Rojo","variedad_c":"ALS 0532-6"},
{"codigo_paquetes":"package_epm_nicaragua_2016_171","variedad_a":"INTA Centro Sur","variedad_b":"INTA Precoz","variedad_c":"INTA Sequ?a"},
{"codigo_paquetes":"package_epm_nicaragua_2016_172","variedad_a":"ALS 0532-6","variedad_b":"PM2-Don Rey","variedad_c":"SJC 730-79"},
{"codigo_paquetes":"package_epm_nicaragua_2016_173","variedad_a":"BRT 103-182","variedad_b":"INTA Ferroso","variedad_c":"INTA Rojo"},
{"codigo_paquetes":"package_epm_nicaragua_2016_174","variedad_a":"INTA Matagalpa","variedad_b":"INTA Rojo","variedad_c":"INTA Centro Sur"},
{"codigo_paquetes":"package_epm_nicaragua_2016_175","variedad_a":"INTA Sequ?a","variedad_b":"INTA Matagalpa","variedad_c":"PM2-Don Rey"},
{"codigo_paquetes":"package_epm_nicaragua_2016_176","variedad_a":"INTA Precoz","variedad_b":"ALS 0532-6","variedad_c":"BRT 103-182"},
{"codigo_paquetes":"package_epm_nicaragua_2016_177","variedad_a":"INTA Ferroso","variedad_b":"SJC 730-79","variedad_c":"INTA Precoz"},
{"codigo_paquetes":"package_epm_nicaragua_2016_178","variedad_a":"ALS 0532-6","variedad_b":"INTA Centro Sur","variedad_c":"INTA Ferroso"},
{"codigo_paquetes":"package_epm_nicaragua_2016_179","variedad_a":"SJC 730-79","variedad_b":"BRT 103-182","variedad_c":"INTA Matagalpa"},
{"codigo_paquetes":"package_epm_nicaragua_2016_180","variedad_a":"INTA Rojo","variedad_b":"INTA Sequ?a","variedad_c":"PM2-Don Rey"},
{"codigo_paquetes":"package_epm_nicaragua_2016_181","variedad_a":"PM2-Don Rey","variedad_b":"BRT 103-182","variedad_c":"INTA Centro Sur"},
{"codigo_paquetes":"package_epm_nicaragua_2016_182","variedad_a":"INTA Ferroso","variedad_b":"INTA Precoz","variedad_c":"INTA Sequ?a"},
{"codigo_paquetes":"package_epm_nicaragua_2016_183","variedad_a":"INTA Rojo","variedad_b":"SJC 730-79","variedad_c":"ALS 0532-6"},
{"codigo_paquetes":"package_epm_nicaragua_2016_184","variedad_a":"INTA Matagalpa","variedad_b":"PM2-Don Rey","variedad_c":"INTA Precoz"},
{"codigo_paquetes":"package_epm_nicaragua_2016_185","variedad_a":"INTA Centro Sur","variedad_b":"INTA Ferroso","variedad_c":"INTA Rojo"},
{"codigo_paquetes":"package_epm_nicaragua_2016_186","variedad_a":"INTA Sequ?a","variedad_b":"ALS 0532-6","variedad_c":"INTA Matagalpa"},
{"codigo_paquetes":"package_epm_nicaragua_2016_187","variedad_a":"BRT 103-182","variedad_b":"INTA Sequ?a","variedad_c":"SJC 730-79"},
{"codigo_paquetes":"package_epm_nicaragua_2016_188","variedad_a":"INTA Precoz","variedad_b":"INTA Centro Sur","variedad_c":"SJC 730-79"},
{"codigo_paquetes":"package_epm_nicaragua_2016_189","variedad_a":"ALS 0532-6","variedad_b":"BRT 103-182","variedad_c":"INTA Ferroso"},
{"codigo_paquetes":"package_epm_nicaragua_2016_190","variedad_a":"PM2-Don Rey","variedad_b":"INTA Matagalpa","variedad_c":"INTA Rojo"},
{"codigo_paquetes":"package_epm_nicaragua_2016_191","variedad_a":"SJC 730-79","variedad_b":"INTA Ferroso","variedad_c":"PM2-Don Rey"},
{"codigo_paquetes":"package_epm_nicaragua_2016_192","variedad_a":"INTA Centro Sur","variedad_b":"INTA Matagalpa","variedad_c":"BRT 103-182"},
{"codigo_paquetes":"package_epm_nicaragua_2016_193","variedad_a":"INTA Precoz","variedad_b":"INTA Rojo","variedad_c":"ALS 0532-6"},
{"codigo_paquetes":"package_epm_nicaragua_2016_194","variedad_a":"INTA Sequ?a","variedad_b":"PM2-Don Rey","variedad_c":"INTA Centro Sur"},
{"codigo_paquetes":"package_epm_nicaragua_2016_195","variedad_a":"INTA Ferroso","variedad_b":"INTA Precoz","variedad_c":"INTA Sequ?a"},
{"codigo_paquetes":"package_epm_nicaragua_2016_196","variedad_a":"INTA Rojo","variedad_b":"SJC 730-79","variedad_c":"BRT 103-182"},
{"codigo_paquetes":"package_epm_nicaragua_2016_197","variedad_a":"INTA Matagalpa","variedad_b":"INTA Sequ?a","variedad_c":"ALS 0532-6"},
{"codigo_paquetes":"package_epm_nicaragua_2016_198","variedad_a":"BRT 103-182","variedad_b":"PM2-Don Rey","variedad_c":"INTA Precoz"},
{"codigo_paquetes":"package_epm_nicaragua_2016_199","variedad_a":"SJC 730-79","variedad_b":"INTA Centro Sur","variedad_c":"INTA Rojo"},
{"codigo_paquetes":"package_epm_nicaragua_2016_200","variedad_a":"INTA Ferroso","variedad_b":"ALS 0532-6","variedad_c":"INTA Matagalpa"},
{"codigo_paquetes":"package_epm_nicaragua_2016_201","variedad_a":"PM2-Don Rey","variedad_b":"INTA Rojo","variedad_c":"ALS 0532-6"},
{"codigo_paquetes":"package_epm_nicaragua_2016_202","variedad_a":"INTA Precoz","variedad_b":"SJC 730-79","variedad_c":"INTA Ferroso"},
{"codigo_paquetes":"package_epm_nicaragua_2016_203","variedad_a":"BRT 103-182","variedad_b":"INTA Centro Sur","variedad_c":"INTA Matagalpa"},
{"codigo_paquetes":"package_epm_nicaragua_2016_204","variedad_a":"INTA Rojo","variedad_b":"INTA Ferroso","variedad_c":"INTA Sequ?a"},
{"codigo_paquetes":"package_epm_nicaragua_2016_205","variedad_a":"INTA Centro Sur","variedad_b":"INTA Matagalpa","variedad_c":"PM2-Don Rey"},
{"codigo_paquetes":"package_epm_nicaragua_2016_206","variedad_a":"INTA Sequ?a","variedad_b":"BRT 103-182","variedad_c":"INTA Precoz"},
{"codigo_paquetes":"package_epm_nicaragua_2016_207","variedad_a":"SJC 730-79","variedad_b":"ALS 0532-6","variedad_c":"BRT 103-182"},
{"codigo_paquetes":"package_epm_nicaragua_2016_208","variedad_a":"ALS 0532-6","variedad_b":"INTA Sequ?a","variedad_c":"INTA Centro Sur"},
{"codigo_paquetes":"package_epm_nicaragua_2016_209","variedad_a":"INTA Matagalpa","variedad_b":"INTA Precoz","variedad_c":"PM2-Don Rey"},
{"codigo_paquetes":"package_epm_nicaragua_2016_210","variedad_a":"INTA Centro Sur","variedad_b":"INTA Rojo","variedad_c":"SJC 730-79"},
{"codigo_paquetes":"package_epm_nicaragua_2016_211","variedad_a":"ALS 0532-6","variedad_b":"INTA Matagalpa","variedad_c":"INTA Ferroso"},
{"codigo_paquetes":"package_epm_nicaragua_2016_212","variedad_a":"PM2-Don Rey","variedad_b":"INTA Rojo","variedad_c":"SJC 730-79"},
{"codigo_paquetes":"package_epm_nicaragua_2016_213","variedad_a":"BRT 103-182","variedad_b":"INTA Ferroso","variedad_c":"INTA Precoz"},
{"codigo_paquetes":"package_epm_nicaragua_2016_214","variedad_a":"INTA Matagalpa","variedad_b":"SJC 730-79","variedad_c":"INTA Sequ?a"},
{"codigo_paquetes":"package_epm_nicaragua_2016_215","variedad_a":"INTA Ferroso","variedad_b":"INTA Sequ?a","variedad_c":"INTA Rojo"},
{"codigo_paquetes":"package_epm_nicaragua_2016_216","variedad_a":"PM2-Don Rey","variedad_b":"BRT 103-182","variedad_c":"INTA Centro Sur"},
{"codigo_paquetes":"package_epm_nicaragua_2016_217","variedad_a":"INTA Rojo","variedad_b":"INTA Precoz","variedad_c":"ALS 0532-6"},
{"codigo_paquetes":"package_epm_nicaragua_2016_218","variedad_a":"SJC 730-79","variedad_b":"ALS 0532-6","variedad_c":"BRT 103-182"},
{"codigo_paquetes":"package_epm_nicaragua_2016_219","variedad_a":"INTA Sequ?a","variedad_b":"INTA Centro Sur","variedad_c":"INTA Ferroso"},
{"codigo_paquetes":"package_epm_nicaragua_2016_220","variedad_a":"ALS 0532-6","variedad_b":"PM2-Don Rey","variedad_c":"INTA Matagalpa"},
{"codigo_paquetes":"package_epm_nicaragua_2016_221","variedad_a":"INTA Precoz","variedad_b":"INTA Centro Sur","variedad_c":"SJC 730-79"},
{"codigo_paquetes":"package_epm_nicaragua_2016_222","variedad_a":"BRT 103-182","variedad_b":"INTA Ferroso","variedad_c":"INTA Matagalpa"},
{"codigo_paquetes":"package_epm_nicaragua_2016_223","variedad_a":"INTA Rojo","variedad_b":"INTA Sequ?a","variedad_c":"PM2-Don Rey"},
{"codigo_paquetes":"package_epm_nicaragua_2016_224","variedad_a":"INTA Ferroso","variedad_b":"PM2-Don Rey","variedad_c":"INTA Precoz"},
{"codigo_paquetes":"package_epm_nicaragua_2016_225","variedad_a":"INTA Matagalpa","variedad_b":"SJC 730-79","variedad_c":"INTA Sequ?a"},
{"codigo_paquetes":"package_epm_nicaragua_2016_226","variedad_a":"INTA Centro Sur","variedad_b":"BRT 103-182","variedad_c":"INTA Rojo"},
{"codigo_paquetes":"package_epm_nicaragua_2016_227","variedad_a":"INTA Precoz","variedad_b":"ALS 0532-6","variedad_c":"INTA Centro Sur"},
{"codigo_paquetes":"package_epm_nicaragua_2016_228","variedad_a":"INTA Matagalpa","variedad_b":"INTA Precoz","variedad_c":"INTA Rojo"},
{"codigo_paquetes":"package_epm_nicaragua_2016_229","variedad_a":"PM2-Don Rey","variedad_b":"SJC 730-79","variedad_c":"BRT 103-182"},
{"codigo_paquetes":"package_epm_nicaragua_2016_230","variedad_a":"INTA Sequ?a","variedad_b":"ALS 0532-6","variedad_c":"INTA Ferroso"},
{"codigo_paquetes":"package_epm_nicaragua_2016_231","variedad_a":"PM2-Don Rey","variedad_b":"INTA Matagalpa","variedad_c":"ALS 0532-6"},
{"codigo_paquetes":"package_epm_nicaragua_2016_232","variedad_a":"SJC 730-79","variedad_b":"INTA Centro Sur","variedad_c":"INTA Sequ?a"},
{"codigo_paquetes":"package_epm_nicaragua_2016_233","variedad_a":"BRT 103-182","variedad_b":"INTA Ferroso","variedad_c":"INTA Precoz"},
{"codigo_paquetes":"package_epm_nicaragua_2016_234","variedad_a":"INTA Sequ?a","variedad_b":"INTA Rojo","variedad_c":"PM2-Don Rey"},
{"codigo_paquetes":"package_epm_nicaragua_2016_235","variedad_a":"INTA Ferroso","variedad_b":"INTA Rojo","variedad_c":"INTA Matagalpa"},
{"codigo_paquetes":"package_epm_nicaragua_2016_236","variedad_a":"ALS 0532-6","variedad_b":"INTA Precoz","variedad_c":"SJC 730-79"},
{"codigo_paquetes":"package_epm_nicaragua_2016_237","variedad_a":"INTA Rojo","variedad_b":"BRT 103-182","variedad_c":"INTA Centro Sur"},
{"codigo_paquetes":"package_epm_nicaragua_2016_238","variedad_a":"INTA Centro Sur","variedad_b":"INTA Matagalpa","variedad_c":"ALS 0532-6"},
{"codigo_paquetes":"package_epm_nicaragua_2016_239","variedad_a":"INTA Precoz","variedad_b":"PM2-Don Rey","variedad_c":"INTA Ferroso"},
{"codigo_paquetes":"package_epm_nicaragua_2016_240","variedad_a":"SJC 730-79","variedad_b":"INTA Sequ?a","variedad_c":"BRT 103-182"},
{"codigo_paquetes":"package_epm_nicaragua_2016_241","variedad_a":"INTA Matagalpa","variedad_b":"INTA Precoz","variedad_c":"INTA Sequ?a"},
{"codigo_paquetes":"package_epm_nicaragua_2016_242","variedad_a":"ALS 0532-6","variedad_b":"INTA Rojo","variedad_c":"PM2-Don Rey"},
{"codigo_paquetes":"package_epm_nicaragua_2016_243","variedad_a":"BRT 103-182","variedad_b":"INTA Centro Sur","variedad_c":"SJC 730-79"},
{"codigo_paquetes":"package_epm_nicaragua_2016_244","variedad_a":"INTA Ferroso","variedad_b":"PM2-Don Rey","variedad_c":"BRT 103-182"},
{"codigo_paquetes":"package_epm_nicaragua_2016_245","variedad_a":"INTA Centro Sur","variedad_b":"INTA Sequ?a","variedad_c":"INTA Ferroso"},
{"codigo_paquetes":"package_epm_nicaragua_2016_246","variedad_a":"INTA Rojo","variedad_b":"SJC 730-79","variedad_c":"INTA Matagalpa"},
{"codigo_paquetes":"package_epm_nicaragua_2016_247","variedad_a":"SJC 730-79","variedad_b":"ALS 0532-6","variedad_c":"INTA Precoz"},
{"codigo_paquetes":"package_epm_nicaragua_2016_248","variedad_a":"INTA Sequ?a","variedad_b":"INTA Ferroso","variedad_c":"INTA Rojo"},
{"codigo_paquetes":"package_epm_nicaragua_2016_249","variedad_a":"ALS 0532-6","variedad_b":"INTA Matagalpa","variedad_c":"INTA Centro Sur"},
{"codigo_paquetes":"package_epm_nicaragua_2016_250","variedad_a":"INTA Precoz","variedad_b":"BRT 103-182","variedad_c":"PM2-Don Rey"},
{"codigo_paquetes":"package_epm_nicaragua_2016_251","variedad_a":"BRT 103-182","variedad_b":"INTA Sequ?a","variedad_c":"ALS 0532-6"},
{"codigo_paquetes":"package_epm_nicaragua_2016_252","variedad_a":"INTA Ferroso","variedad_b":"INTA Matagalpa","variedad_c":"INTA Precoz"},
{"codigo_paquetes":"package_epm_nicaragua_2016_253","variedad_a":"PM2-Don Rey","variedad_b":"INTA Centro Sur","variedad_c":"INTA Rojo"},
{"codigo_paquetes":"package_epm_nicaragua_2016_254","variedad_a":"INTA Sequ?a","variedad_b":"PM2-Don Rey","variedad_c":"SJC 730-79"},
{"codigo_paquetes":"package_epm_nicaragua_2016_255","variedad_a":"SJC 730-79","variedad_b":"BRT 103-182","variedad_c":"INTA Ferroso"},
{"codigo_paquetes":"package_epm_nicaragua_2016_256","variedad_a":"INTA Centro Sur","variedad_b":"INTA Precoz","variedad_c":"ALS 0532-6"},
{"codigo_paquetes":"package_epm_nicaragua_2016_257","variedad_a":"INTA Rojo","variedad_b":"SJC 730-79","variedad_c":"INTA Matagalpa"},
{"codigo_paquetes":"package_epm_nicaragua_2016_258","variedad_a":"PM2-Don Rey","variedad_b":"ALS 0532-6","variedad_c":"INTA Ferroso"},
{"codigo_paquetes":"package_epm_nicaragua_2016_259","variedad_a":"BRT 103-182","variedad_b":"INTA Rojo","variedad_c":"INTA Sequ?a"},
{"codigo_paquetes":"package_epm_nicaragua_2016_260","variedad_a":"INTA Matagalpa","variedad_b":"SJC 730-79","variedad_c":"INTA Centro Sur"},
{"codigo_paquetes":"package_epm_nicaragua_2016_261","variedad_a":"INTA Precoz","variedad_b":"INTA Matagalpa","variedad_c":"INTA Sequ?a"},
{"codigo_paquetes":"package_epm_nicaragua_2016_262","variedad_a":"ALS 0532-6","variedad_b":"INTA Rojo","variedad_c":"BRT 103-182"},
{"codigo_paquetes":"package_epm_nicaragua_2016_263","variedad_a":"INTA Centro Sur","variedad_b":"INTA Ferroso","variedad_c":"INTA Precoz"},
{"codigo_paquetes":"package_epm_nicaragua_2016_264","variedad_a":"INTA Rojo","variedad_b":"INTA Centro Sur","variedad_c":"PM2-Don Rey"},
{"codigo_paquetes":"package_epm_nicaragua_2016_265","variedad_a":"INTA Sequ?a","variedad_b":"PM2-Don Rey","variedad_c":"INTA Matagalpa"},
{"codigo_paquetes":"package_epm_nicaragua_2016_266","variedad_a":"INTA Ferroso","variedad_b":"BRT 103-182","variedad_c":"SJC 730-79"},
{"codigo_paquetes":"package_epm_nicaragua_2016_267","variedad_a":"PM2-Don Rey","variedad_b":"INTA Precoz","variedad_c":"ALS 0532-6"},
{"codigo_paquetes":"package_epm_nicaragua_2016_268","variedad_a":"INTA Precoz","variedad_b":"SJC 730-79","variedad_c":"INTA Rojo"},
{"codigo_paquetes":"package_epm_nicaragua_2016_269","variedad_a":"INTA Matagalpa","variedad_b":"ALS 0532-6","variedad_c":"INTA Ferroso"},
{"codigo_paquetes":"package_epm_nicaragua_2016_270","variedad_a":"BRT 103-182","variedad_b":"INTA Sequ?a","variedad_c":"INTA Centro Sur"},
{"codigo_paquetes":"package_epm_nicaragua_2016_271","variedad_a":"SJC 730-79","variedad_b":"INTA Centro Sur","variedad_c":"INTA Matagalpa"},
{"codigo_paquetes":"package_epm_nicaragua_2016_272","variedad_a":"INTA Precoz","variedad_b":"INTA Sequ?a","variedad_c":"BRT 103-182"},
{"codigo_paquetes":"package_epm_nicaragua_2016_273","variedad_a":"ALS 0532-6","variedad_b":"INTA Ferroso","variedad_c":"INTA Rojo"},
{"codigo_paquetes":"package_epm_nicaragua_2016_274","variedad_a":"INTA Ferroso","variedad_b":"BRT 103-182","variedad_c":"PM2-Don Rey"},
{"codigo_paquetes":"package_epm_nicaragua_2016_275","variedad_a":"INTA Rojo","variedad_b":"PM2-Don Rey","variedad_c":"INTA Centro Sur"},
{"codigo_paquetes":"package_epm_nicaragua_2016_276","variedad_a":"INTA Matagalpa","variedad_b":"INTA Precoz","variedad_c":"INTA Sequ?a"},
{"codigo_paquetes":"package_epm_nicaragua_2016_277","variedad_a":"SJC 730-79","variedad_b":"INTA Ferroso","variedad_c":"ALS 0532-6"},
{"codigo_paquetes":"package_epm_nicaragua_2016_278","variedad_a":"INTA Sequ?a","variedad_b":"ALS 0532-6","variedad_c":"PM2-Don Rey"},
{"codigo_paquetes":"package_epm_nicaragua_2016_279","variedad_a":"INTA Precoz","variedad_b":"INTA Rojo","variedad_c":"SJC 730-79"},
{"codigo_paquetes":"package_epm_nicaragua_2016_280","variedad_a":"ALS 0532-6","variedad_b":"INTA Matagalpa","variedad_c":"BRT 103-182"},
{"codigo_paquetes":"package_epm_nicaragua_2016_281","variedad_a":"INTA Centro Sur","variedad_b":"INTA Ferroso","variedad_c":"INTA Precoz"},
{"codigo_paquetes":"package_epm_nicaragua_2016_282","variedad_a":"INTA Centro Sur","variedad_b":"INTA Matagalpa","variedad_c":"SJC 730-79"},
{"codigo_paquetes":"package_epm_nicaragua_2016_283","variedad_a":"BRT 103-182","variedad_b":"SJC 730-79","variedad_c":"INTA Sequ?a"},
{"codigo_paquetes":"package_epm_nicaragua_2016_284","variedad_a":"PM2-Don Rey","variedad_b":"INTA Rojo","variedad_c":"INTA Ferroso"},
{"codigo_paquetes":"package_epm_nicaragua_2016_285","variedad_a":"INTA Rojo","variedad_b":"BRT 103-182","variedad_c":"INTA Precoz"},
{"codigo_paquetes":"package_epm_nicaragua_2016_286","variedad_a":"INTA Matagalpa","variedad_b":"PM2-Don Rey","variedad_c":"INTA Centro Sur"},
{"codigo_paquetes":"package_epm_nicaragua_2016_287","variedad_a":"INTA Sequ?a","variedad_b":"ALS 0532-6","variedad_c":"INTA Rojo"},
{"codigo_paquetes":"package_epm_nicaragua_2016_288","variedad_a":"INTA Ferroso","variedad_b":"INTA Sequ?a","variedad_c":"INTA Matagalpa"},
{"codigo_paquetes":"package_epm_nicaragua_2016_289","variedad_a":"PM2-Don Rey","variedad_b":"INTA Precoz","variedad_c":"ALS 0532-6"},
{"codigo_paquetes":"package_epm_nicaragua_2016_290","variedad_a":"SJC 730-79","variedad_b":"INTA Centro Sur","variedad_c":"INTA Rojo"},
{"codigo_paquetes":"package_epm_nicaragua_2016_291","variedad_a":"ALS 0532-6","variedad_b":"INTA Matagalpa","variedad_c":"BRT 103-182"},
{"codigo_paquetes":"package_epm_nicaragua_2016_292","variedad_a":"INTA Centro Sur","variedad_b":"INTA Ferroso","variedad_c":"INTA Precoz"},
{"codigo_paquetes":"package_epm_nicaragua_2016_293","variedad_a":"BRT 103-182","variedad_b":"PM2-Don Rey","variedad_c":"SJC 730-79"},
{"codigo_paquetes":"package_epm_nicaragua_2016_294","variedad_a":"INTA Precoz","variedad_b":"SJC 730-79","variedad_c":"INTA Sequ?a"},
{"codigo_paquetes":"package_epm_nicaragua_2016_295","variedad_a":"INTA Ferroso","variedad_b":"INTA Rojo","variedad_c":"BRT 103-182"},
{"codigo_paquetes":"package_epm_nicaragua_2016_296","variedad_a":"INTA Sequ?a","variedad_b":"ALS 0532-6","variedad_c":"INTA Centro Sur"},
{"codigo_paquetes":"package_epm_nicaragua_2016_297","variedad_a":"INTA Matagalpa","variedad_b":"INTA Ferroso","variedad_c":"PM2-Don Rey"},
{"codigo_paquetes":"package_epm_nicaragua_2016_298","variedad_a":"INTA Rojo","variedad_b":"INTA Precoz","variedad_c":"INTA Matagalpa"},
{"codigo_paquetes":"package_epm_nicaragua_2016_299","variedad_a":"BRT 103-182","variedad_b":"INTA Centro Sur","variedad_c":"INTA Sequ?a"},
{"codigo_paquetes":"package_epm_nicaragua_2016_300","variedad_a":"PM2-Don Rey","variedad_b":"INTA Precoz","variedad_c":"ALS 0532-6"},
{"codigo_paquetes":"package_epm_nicaragua_2016_301","variedad_a":"SJC 730-79","variedad_b":"ALS 0532-6","variedad_c":"INTA Rojo"},
{"codigo_paquetes":"package_epm_nicaragua_2016_302","variedad_a":"INTA Matagalpa","variedad_b":"INTA Sequ?a","variedad_c":"BRT 103-182"},
{"codigo_paquetes":"package_epm_nicaragua_2016_303","variedad_a":"INTA Centro Sur","variedad_b":"PM2-Don Rey","variedad_c":"INTA Ferroso"},
{"codigo_paquetes":"package_epm_nicaragua_2016_304","variedad_a":"PM2-Don Rey","variedad_b":"BRT 103-182","variedad_c":"SJC 730-79"},
{"codigo_paquetes":"package_epm_nicaragua_2016_305","variedad_a":"INTA Sequ?a","variedad_b":"SJC 730-79","variedad_c":"INTA Precoz"},
{"codigo_paquetes":"package_epm_nicaragua_2016_306","variedad_a":"ALS 0532-6","variedad_b":"INTA Rojo","variedad_c":"INTA Ferroso"},
{"codigo_paquetes":"package_epm_nicaragua_2016_307","variedad_a":"ALS 0532-6","variedad_b":"INTA Centro Sur","variedad_c":"INTA Matagalpa"},
{"codigo_paquetes":"package_epm_nicaragua_2016_308","variedad_a":"INTA Ferroso","variedad_b":"BRT 103-182","variedad_c":"INTA Matagalpa"},
{"codigo_paquetes":"package_epm_nicaragua_2016_309","variedad_a":"INTA Precoz","variedad_b":"INTA Rojo","variedad_c":"PM2-Don Rey"},
{"codigo_paquetes":"package_epm_nicaragua_2016_310","variedad_a":"BRT 103-182","variedad_b":"INTA Sequ?a","variedad_c":"INTA Centro Sur"},
{"codigo_paquetes":"package_epm_nicaragua_2016_311","variedad_a":"INTA Rojo","variedad_b":"INTA Matagalpa","variedad_c":"SJC 730-79"},
{"codigo_paquetes":"package_epm_nicaragua_2016_312","variedad_a":"INTA Sequ?a","variedad_b":"PM2-Don Rey","variedad_c":"ALS 0532-6"},
{"codigo_paquetes":"package_epm_nicaragua_2016_313","variedad_a":"INTA Ferroso","variedad_b":"INTA Matagalpa","variedad_c":"INTA Precoz"},
{"codigo_paquetes":"package_epm_nicaragua_2016_314","variedad_a":"SJC 730-79","variedad_b":"INTA Centro Sur","variedad_c":"PM2-Don Rey"},
{"codigo_paquetes":"package_epm_nicaragua_2016_315","variedad_a":"INTA Rojo","variedad_b":"ALS 0532-6","variedad_c":"BRT 103-182"},
{"codigo_paquetes":"package_epm_nicaragua_2016_316","variedad_a":"INTA Precoz","variedad_b":"BRT 103-182","variedad_c":"INTA Sequ?a"},
{"codigo_paquetes":"package_epm_nicaragua_2016_317","variedad_a":"SJC 730-79","variedad_b":"INTA Ferroso","variedad_c":"ALS 0532-6"},
{"codigo_paquetes":"package_epm_nicaragua_2016_318","variedad_a":"INTA Centro Sur","variedad_b":"PM2-Don Rey","variedad_c":"INTA Ferroso"},
{"codigo_paquetes":"package_epm_nicaragua_2016_319","variedad_a":"INTA Sequ?a","variedad_b":"SJC 730-79","variedad_c":"INTA Rojo"},
{"codigo_paquetes":"package_epm_nicaragua_2016_320","variedad_a":"INTA Matagalpa","variedad_b":"INTA Precoz","variedad_c":"BRT 103-182"},
{"codigo_paquetes":"package_epm_nicaragua_2016_321","variedad_a":"PM2-Don Rey","variedad_b":"INTA Precoz","variedad_c":"INTA Centro Sur"},
{"codigo_paquetes":"package_epm_nicaragua_2016_322","variedad_a":"INTA Ferroso","variedad_b":"INTA Matagalpa","variedad_c":"INTA Rojo"},
{"codigo_paquetes":"package_epm_nicaragua_2016_323","variedad_a":"ALS 0532-6","variedad_b":"INTA Sequ?a","variedad_c":"INTA Centro Sur"},
{"codigo_paquetes":"package_epm_nicaragua_2016_324","variedad_a":"BRT 103-182","variedad_b":"SJC 730-79","variedad_c":"INTA Matagalpa"},
{"codigo_paquetes":"package_epm_nicaragua_2016_325","variedad_a":"INTA Precoz","variedad_b":"PM2-Don Rey","variedad_c":"SJC 730-79"},
{"codigo_paquetes":"package_epm_nicaragua_2016_326","variedad_a":"INTA Centro Sur","variedad_b":"INTA Rojo","variedad_c":"ALS 0532-6"},
{"codigo_paquetes":"package_epm_nicaragua_2016_327","variedad_a":"BRT 103-182","variedad_b":"INTA Ferroso","variedad_c":"INTA Sequ?a"},
{"codigo_paquetes":"package_epm_nicaragua_2016_328","variedad_a":"INTA Matagalpa","variedad_b":"ALS 0532-6","variedad_c":"SJC 730-79"},
{"codigo_paquetes":"package_epm_nicaragua_2016_329","variedad_a":"PM2-Don Rey","variedad_b":"INTA Sequ?a","variedad_c":"INTA Ferroso"},
{"codigo_paquetes":"package_epm_nicaragua_2016_330","variedad_a":"INTA Rojo","variedad_b":"SJC 730-79","variedad_c":"INTA Precoz"},
{"codigo_paquetes":"package_epm_nicaragua_2016_331","variedad_a":"INTA Centro Sur","variedad_b":"BRT 103-182","variedad_c":"INTA Precoz"},
{"codigo_paquetes":"package_epm_nicaragua_2016_332","variedad_a":"INTA Matagalpa","variedad_b":"INTA Sequ?a","variedad_c":"PM2-Don Rey"},
{"codigo_paquetes":"package_epm_nicaragua_2016_333","variedad_a":"ALS 0532-6","variedad_b":"INTA Centro Sur","variedad_c":"INTA Ferroso"},
{"codigo_paquetes":"package_epm_nicaragua_2016_334","variedad_a":"INTA Rojo","variedad_b":"ALS 0532-6","variedad_c":"INTA Sequ?a"},
{"codigo_paquetes":"package_epm_nicaragua_2016_335","variedad_a":"BRT 103-182","variedad_b":"INTA Matagalpa","variedad_c":"INTA Rojo"},
{"codigo_paquetes":"package_epm_nicaragua_2016_336","variedad_a":"SJC 730-79","variedad_b":"INTA Centro Sur","variedad_c":"PM2-Don Rey"},
{"codigo_paquetes":"package_epm_nicaragua_2016_337","variedad_a":"INTA Ferroso","variedad_b":"INTA Precoz","variedad_c":"INTA Matagalpa"},
{"codigo_paquetes":"package_epm_nicaragua_2016_338","variedad_a":"INTA Sequ?a","variedad_b":"BRT 103-182","variedad_c":"ALS 0532-6"},
{"codigo_paquetes":"package_epm_nicaragua_2016_339","variedad_a":"PM2-Don Rey","variedad_b":"INTA Ferroso","variedad_c":"SJC 730-79"},
{"codigo_paquetes":"package_epm_nicaragua_2016_340","variedad_a":"ALS 0532-6","variedad_b":"INTA Rojo","variedad_c":"INTA Centro Sur"},
{"codigo_paquetes":"package_epm_nicaragua_2016_341","variedad_a":"INTA Precoz","variedad_b":"INTA Centro Sur","variedad_c":"PM2-Don Rey"},
{"codigo_paquetes":"package_epm_nicaragua_2016_342","variedad_a":"SJC 730-79","variedad_b":"INTA Matagalpa","variedad_c":"BRT 103-182"},
{"codigo_paquetes":"package_epm_nicaragua_2016_343","variedad_a":"INTA Ferroso","variedad_b":"PM2-Don Rey","variedad_c":"INTA Sequ?a"},
{"codigo_paquetes":"package_epm_nicaragua_2016_344","variedad_a":"INTA Matagalpa","variedad_b":"INTA Precoz","variedad_c":"INTA Rojo"},
{"codigo_paquetes":"package_epm_nicaragua_2016_345","variedad_a":"INTA Rojo","variedad_b":"SJC 730-79","variedad_c":"ALS 0532-6"},
{"codigo_paquetes":"package_epm_nicaragua_2016_346","variedad_a":"INTA Sequ?a","variedad_b":"BRT 103-182","variedad_c":"INTA Ferroso"},
{"codigo_paquetes":"package_epm_nicaragua_2016_347","variedad_a":"INTA Centro Sur","variedad_b":"BRT 103-182","variedad_c":"INTA Precoz"},
{"codigo_paquetes":"package_epm_nicaragua_2016_348","variedad_a":"INTA Ferroso","variedad_b":"INTA Rojo","variedad_c":"INTA Matagalpa"},
{"codigo_paquetes":"package_epm_nicaragua_2016_349","variedad_a":"PM2-Don Rey","variedad_b":"SJC 730-79","variedad_c":"INTA Centro Sur"},
{"codigo_paquetes":"package_epm_nicaragua_2016_350","variedad_a":"ALS 0532-6","variedad_b":"INTA Sequ?a","variedad_c":"BRT 103-182"}
]
