[
{"observadores":"chocolate_tanzania_1","name_user":null,"name_family":null,"village":null,"district":null,"telephone":null,"gender":null,"age":null,"location_altitude":null,"location_longitude":null,"location_latitude":null,"planting_date":null,"harvest_date":null,"did_you_like_the_experiment":null,"do_you_like_chocolate":null,"codigo_paquetes":null,"caracteristica_1":"Which_is_sweeter-(A/B/C)","better_variedad_1":null,"worse_variedad_1":null,"caracteristica_2":"Which_is_bitter-(A/B/C)","better_variedad_2":null,"worse_variedad_2":null,"caracteristica_3":"Which_is_darker-(A/B/C)","better_variedad_3":null,"worse_variedad_3":null,"caracteristica_4":"Which_has_whiter_colour-(A/B/C)","better_variedad_4":null,"worse_variedad_4":null,"caracteristica_5":"Overall_performance-(A/B/C)","best_variedad_5":null,"worst_variedad_5":null,"caracteristica_6":"Overall_performance_VS_Local-(Better/Worse)","variedad_a_6":null,"variedad_b_6":null,"variedad_c_6":null},
{"observadores":"chocolate_tanzania_10","name_user":null,"name_family":null,"village":null,"district":null,"telephone":null,"gender":null,"age":null,"location_altitude":null,"location_longitude":null,"location_latitude":null,"planting_date":null,"harvest_date":null,"did_you_like_the_experiment":null,"do_you_like_chocolate":null,"codigo_paquetes":null,"caracteristica_1":"Which_is_sweeter-(A/B/C)","better_variedad_1":null,"worse_variedad_1":null,"caracteristica_2":"Which_is_bitter-(A/B/C)","better_variedad_2":null,"worse_variedad_2":null,"caracteristica_3":"Which_is_darker-(A/B/C)","better_variedad_3":null,"worse_variedad_3":null,"caracteristica_4":"Which_has_whiter_colour-(A/B/C)","better_variedad_4":null,"worse_variedad_4":null,"caracteristica_5":"Overall_performance-(A/B/C)","best_variedad_5":null,"worst_variedad_5":null,"caracteristica_6":"Overall_performance_VS_Local-(Better/Worse)","variedad_a_6":null,"variedad_b_6":null,"variedad_c_6":null},
{"observadores":"chocolate_tanzania_11","name_user":null,"name_family":null,"village":null,"district":null,"telephone":null,"gender":null,"age":null,"location_altitude":null,"location_longitude":null,"location_latitude":null,"planting_date":null,"harvest_date":null,"did_you_like_the_experiment":null,"do_you_like_chocolate":null,"codigo_paquetes":null,"caracteristica_1":"Which_is_sweeter-(A/B/C)","better_variedad_1":null,"worse_variedad_1":null,"caracteristica_2":"Which_is_bitter-(A/B/C)","better_variedad_2":null,"worse_variedad_2":null,"caracteristica_3":"Which_is_darker-(A/B/C)","better_variedad_3":null,"worse_variedad_3":null,"caracteristica_4":"Which_has_whiter_colour-(A/B/C)","better_variedad_4":null,"worse_variedad_4":null,"caracteristica_5":"Overall_performance-(A/B/C)","best_variedad_5":null,"worst_variedad_5":null,"caracteristica_6":"Overall_performance_VS_Local-(Better/Worse)","variedad_a_6":null,"variedad_b_6":null,"variedad_c_6":null},
{"observadores":"chocolate_tanzania_12","name_user":null,"name_family":null,"village":null,"district":null,"telephone":null,"gender":null,"age":null,"location_altitude":null,"location_longitude":null,"location_latitude":null,"planting_date":null,"harvest_date":null,"did_you_like_the_experiment":null,"do_you_like_chocolate":null,"codigo_paquetes":null,"caracteristica_1":"Which_is_sweeter-(A/B/C)","better_variedad_1":null,"worse_variedad_1":null,"caracteristica_2":"Which_is_bitter-(A/B/C)","better_variedad_2":null,"worse_variedad_2":null,"caracteristica_3":"Which_is_darker-(A/B/C)","better_variedad_3":null,"worse_variedad_3":null,"caracteristica_4":"Which_has_whiter_colour-(A/B/C)","better_variedad_4":null,"worse_variedad_4":null,"caracteristica_5":"Overall_performance-(A/B/C)","best_variedad_5":null,"worst_variedad_5":null,"caracteristica_6":"Overall_performance_VS_Local-(Better/Worse)","variedad_a_6":null,"variedad_b_6":null,"variedad_c_6":null},
{"observadores":"chocolate_tanzania_13","name_user":null,"name_family":null,"village":null,"district":null,"telephone":null,"gender":null,"age":null,"location_altitude":null,"location_longitude":null,"location_latitude":null,"planting_date":null,"harvest_date":null,"did_you_like_the_experiment":null,"do_you_like_chocolate":null,"codigo_paquetes":null,"caracteristica_1":"Which_is_sweeter-(A/B/C)","better_variedad_1":null,"worse_variedad_1":null,"caracteristica_2":"Which_is_bitter-(A/B/C)","better_variedad_2":null,"worse_variedad_2":null,"caracteristica_3":"Which_is_darker-(A/B/C)","better_variedad_3":null,"worse_variedad_3":null,"caracteristica_4":"Which_has_whiter_colour-(A/B/C)","better_variedad_4":null,"worse_variedad_4":null,"caracteristica_5":"Overall_performance-(A/B/C)","best_variedad_5":null,"worst_variedad_5":null,"caracteristica_6":"Overall_performance_VS_Local-(Better/Worse)","variedad_a_6":null,"variedad_b_6":null,"variedad_c_6":null},
{"observadores":"chocolate_tanzania_14","name_user":null,"name_family":null,"village":null,"district":null,"telephone":null,"gender":null,"age":null,"location_altitude":null,"location_longitude":null,"location_latitude":null,"planting_date":null,"harvest_date":null,"did_you_like_the_experiment":null,"do_you_like_chocolate":null,"codigo_paquetes":null,"caracteristica_1":"Which_is_sweeter-(A/B/C)","better_variedad_1":null,"worse_variedad_1":null,"caracteristica_2":"Which_is_bitter-(A/B/C)","better_variedad_2":null,"worse_variedad_2":null,"caracteristica_3":"Which_is_darker-(A/B/C)","better_variedad_3":null,"worse_variedad_3":null,"caracteristica_4":"Which_has_whiter_colour-(A/B/C)","better_variedad_4":null,"worse_variedad_4":null,"caracteristica_5":"Overall_performance-(A/B/C)","best_variedad_5":null,"worst_variedad_5":null,"caracteristica_6":"Overall_performance_VS_Local-(Better/Worse)","variedad_a_6":null,"variedad_b_6":null,"variedad_c_6":null},
{"observadores":"chocolate_tanzania_2","name_user":null,"name_family":null,"village":null,"district":null,"telephone":null,"gender":null,"age":null,"location_altitude":null,"location_longitude":null,"location_latitude":null,"planting_date":null,"harvest_date":null,"did_you_like_the_experiment":null,"do_you_like_chocolate":null,"codigo_paquetes":null,"caracteristica_1":"Which_is_sweeter-(A/B/C)","better_variedad_1":null,"worse_variedad_1":null,"caracteristica_2":"Which_is_bitter-(A/B/C)","better_variedad_2":null,"worse_variedad_2":null,"caracteristica_3":"Which_is_darker-(A/B/C)","better_variedad_3":null,"worse_variedad_3":null,"caracteristica_4":"Which_has_whiter_colour-(A/B/C)","better_variedad_4":null,"worse_variedad_4":null,"caracteristica_5":"Overall_performance-(A/B/C)","best_variedad_5":null,"worst_variedad_5":null,"caracteristica_6":"Overall_performance_VS_Local-(Better/Worse)","variedad_a_6":null,"variedad_b_6":null,"variedad_c_6":null},
{"observadores":"chocolate_tanzania_3","name_user":null,"name_family":null,"village":null,"district":null,"telephone":null,"gender":null,"age":null,"location_altitude":null,"location_longitude":null,"location_latitude":null,"planting_date":null,"harvest_date":null,"did_you_like_the_experiment":null,"do_you_like_chocolate":null,"codigo_paquetes":null,"caracteristica_1":"Which_is_sweeter-(A/B/C)","better_variedad_1":null,"worse_variedad_1":null,"caracteristica_2":"Which_is_bitter-(A/B/C)","better_variedad_2":null,"worse_variedad_2":null,"caracteristica_3":"Which_is_darker-(A/B/C)","better_variedad_3":null,"worse_variedad_3":null,"caracteristica_4":"Which_has_whiter_colour-(A/B/C)","better_variedad_4":null,"worse_variedad_4":null,"caracteristica_5":"Overall_performance-(A/B/C)","best_variedad_5":null,"worst_variedad_5":null,"caracteristica_6":"Overall_performance_VS_Local-(Better/Worse)","variedad_a_6":null,"variedad_b_6":null,"variedad_c_6":null},
{"observadores":"chocolate_tanzania_4","name_user":null,"name_family":null,"village":null,"district":null,"telephone":null,"gender":null,"age":null,"location_altitude":null,"location_longitude":null,"location_latitude":null,"planting_date":null,"harvest_date":null,"did_you_like_the_experiment":null,"do_you_like_chocolate":null,"codigo_paquetes":null,"caracteristica_1":"Which_is_sweeter-(A/B/C)","better_variedad_1":null,"worse_variedad_1":null,"caracteristica_2":"Which_is_bitter-(A/B/C)","better_variedad_2":null,"worse_variedad_2":null,"caracteristica_3":"Which_is_darker-(A/B/C)","better_variedad_3":null,"worse_variedad_3":null,"caracteristica_4":"Which_has_whiter_colour-(A/B/C)","better_variedad_4":null,"worse_variedad_4":null,"caracteristica_5":"Overall_performance-(A/B/C)","best_variedad_5":null,"worst_variedad_5":null,"caracteristica_6":"Overall_performance_VS_Local-(Better/Worse)","variedad_a_6":null,"variedad_b_6":null,"variedad_c_6":null},
{"observadores":"chocolate_tanzania_5","name_user":null,"name_family":null,"village":null,"district":null,"telephone":null,"gender":null,"age":null,"location_altitude":null,"location_longitude":null,"location_latitude":null,"planting_date":null,"harvest_date":null,"did_you_like_the_experiment":null,"do_you_like_chocolate":null,"codigo_paquetes":null,"caracteristica_1":"Which_is_sweeter-(A/B/C)","better_variedad_1":null,"worse_variedad_1":null,"caracteristica_2":"Which_is_bitter-(A/B/C)","better_variedad_2":null,"worse_variedad_2":null,"caracteristica_3":"Which_is_darker-(A/B/C)","better_variedad_3":null,"worse_variedad_3":null,"caracteristica_4":"Which_has_whiter_colour-(A/B/C)","better_variedad_4":null,"worse_variedad_4":null,"caracteristica_5":"Overall_performance-(A/B/C)","best_variedad_5":null,"worst_variedad_5":null,"caracteristica_6":"Overall_performance_VS_Local-(Better/Worse)","variedad_a_6":null,"variedad_b_6":null,"variedad_c_6":null},
{"observadores":"chocolate_tanzania_6","name_user":null,"name_family":null,"village":null,"district":null,"telephone":null,"gender":null,"age":null,"location_altitude":null,"location_longitude":null,"location_latitude":null,"planting_date":null,"harvest_date":null,"did_you_like_the_experiment":null,"do_you_like_chocolate":null,"codigo_paquetes":null,"caracteristica_1":"Which_is_sweeter-(A/B/C)","better_variedad_1":null,"worse_variedad_1":null,"caracteristica_2":"Which_is_bitter-(A/B/C)","better_variedad_2":null,"worse_variedad_2":null,"caracteristica_3":"Which_is_darker-(A/B/C)","better_variedad_3":null,"worse_variedad_3":null,"caracteristica_4":"Which_has_whiter_colour-(A/B/C)","better_variedad_4":null,"worse_variedad_4":null,"caracteristica_5":"Overall_performance-(A/B/C)","best_variedad_5":null,"worst_variedad_5":null,"caracteristica_6":"Overall_performance_VS_Local-(Better/Worse)","variedad_a_6":null,"variedad_b_6":null,"variedad_c_6":null},
{"observadores":"chocolate_tanzania_7","name_user":null,"name_family":null,"village":null,"district":null,"telephone":null,"gender":null,"age":null,"location_altitude":null,"location_longitude":null,"location_latitude":null,"planting_date":null,"harvest_date":null,"did_you_like_the_experiment":null,"do_you_like_chocolate":null,"codigo_paquetes":null,"caracteristica_1":"Which_is_sweeter-(A/B/C)","better_variedad_1":null,"worse_variedad_1":null,"caracteristica_2":"Which_is_bitter-(A/B/C)","better_variedad_2":null,"worse_variedad_2":null,"caracteristica_3":"Which_is_darker-(A/B/C)","better_variedad_3":null,"worse_variedad_3":null,"caracteristica_4":"Which_has_whiter_colour-(A/B/C)","better_variedad_4":null,"worse_variedad_4":null,"caracteristica_5":"Overall_performance-(A/B/C)","best_variedad_5":null,"worst_variedad_5":null,"caracteristica_6":"Overall_performance_VS_Local-(Better/Worse)","variedad_a_6":null,"variedad_b_6":null,"variedad_c_6":null},
{"observadores":"chocolate_tanzania_8","name_user":null,"name_family":null,"village":null,"district":null,"telephone":null,"gender":null,"age":null,"location_altitude":null,"location_longitude":null,"location_latitude":null,"planting_date":null,"harvest_date":null,"did_you_like_the_experiment":null,"do_you_like_chocolate":null,"codigo_paquetes":null,"caracteristica_1":"Which_is_sweeter-(A/B/C)","better_variedad_1":null,"worse_variedad_1":null,"caracteristica_2":"Which_is_bitter-(A/B/C)","better_variedad_2":null,"worse_variedad_2":null,"caracteristica_3":"Which_is_darker-(A/B/C)","better_variedad_3":null,"worse_variedad_3":null,"caracteristica_4":"Which_has_whiter_colour-(A/B/C)","better_variedad_4":null,"worse_variedad_4":null,"caracteristica_5":"Overall_performance-(A/B/C)","best_variedad_5":null,"worst_variedad_5":null,"caracteristica_6":"Overall_performance_VS_Local-(Better/Worse)","variedad_a_6":null,"variedad_b_6":null,"variedad_c_6":null},
{"observadores":"chocolate_tanzania_9","name_user":null,"name_family":null,"village":null,"district":null,"telephone":null,"gender":null,"age":null,"location_altitude":null,"location_longitude":null,"location_latitude":null,"planting_date":null,"harvest_date":null,"did_you_like_the_experiment":null,"do_you_like_chocolate":null,"codigo_paquetes":null,"caracteristica_1":"Which_is_sweeter-(A/B/C)","better_variedad_1":null,"worse_variedad_1":null,"caracteristica_2":"Which_is_bitter-(A/B/C)","better_variedad_2":null,"worse_variedad_2":null,"caracteristica_3":"Which_is_darker-(A/B/C)","better_variedad_3":null,"worse_variedad_3":null,"caracteristica_4":"Which_has_whiter_colour-(A/B/C)","better_variedad_4":null,"worse_variedad_4":null,"caracteristica_5":"Overall_performance-(A/B/C)","best_variedad_5":null,"worst_variedad_5":null,"caracteristica_6":"Overall_performance_VS_Local-(Better/Worse)","variedad_a_6":null,"variedad_b_6":null,"variedad_c_6":null}
]
