[
{"codigo_paquetes":"package 1","variedad_a":"Swiss White","variedad_b":"Dark Sea Salt 47","variedad_c":"Dark 85"},
{"codigo_paquetes":"package 10","variedad_a":"Dark 85","variedad_b":"Belgian Milk 31","variedad_c":"Swiss White"},
{"codigo_paquetes":"package 11","variedad_a":"Swiss White","variedad_b":"Intense Orange","variedad_c":"Dark Sea Salt 47"},
{"codigo_paquetes":"package 12","variedad_a":"Belgian Milk 31","variedad_b":"Swiss White","variedad_c":"Dark 85"},
{"codigo_paquetes":"package 13","variedad_a":"Dark Sea Salt 47","variedad_b":"Intense Orange","variedad_c":"Dark 85"},
{"codigo_paquetes":"package 14","variedad_a":"Swiss White","variedad_b":"Dark 85","variedad_c":"Intense Orange"},
{"codigo_paquetes":"package 2","variedad_a":"Intense Orange","variedad_b":"Belgian Milk 31","variedad_c":"Swiss White"},
{"codigo_paquetes":"package 3","variedad_a":"Dark Sea Salt 47","variedad_b":"Belgian Milk 31","variedad_c":"Dark 85"},
{"codigo_paquetes":"package 4","variedad_a":"Swiss White","variedad_b":"Dark 85","variedad_c":"Intense Orange"},
{"codigo_paquetes":"package 5","variedad_a":"Intense Orange","variedad_b":"Belgian Milk 31","variedad_c":"Dark Sea Salt 47"},
{"codigo_paquetes":"package 6","variedad_a":"Dark 85","variedad_b":"Dark Sea Salt 47","variedad_c":"Swiss White"},
{"codigo_paquetes":"package 7","variedad_a":"Dark 85","variedad_b":"Belgian Milk 31","variedad_c":"Intense Orange"},
{"codigo_paquetes":"package 8","variedad_a":"Swiss White","variedad_b":"Dark Sea Salt 47","variedad_c":"Belgian Milk 31"},
{"codigo_paquetes":"package 9","variedad_a":"Intense Orange","variedad_b":"Dark 85","variedad_c":"Dark Sea Salt 47"}
]
