[
{"codigo_paquetes":"package 1","variedad_a":"TZA4226","variedad_b":"GBK 000365","variedad_c":"TZA4222"},
{"codigo_paquetes":"package 10","variedad_a":"TZA3965","variedad_b":"TZA4171","variedad_c":"GBK028460"},
{"codigo_paquetes":"package 100","variedad_a":"TZA4021","variedad_b":"TZA3949","variedad_c":"GBK 033984"},
{"codigo_paquetes":"package 101","variedad_a":"TZA4369","variedad_b":"TZA4171","variedad_c":"TZA3991"},
{"codigo_paquetes":"package 102","variedad_a":"GBK000441","variedad_b":"TZA3965","variedad_c":"TZA3991"},
{"codigo_paquetes":"package 103","variedad_a":"TZA3935","variedad_b":"GBK 034278","variedad_c":"GBK033644"},
{"codigo_paquetes":"package 104","variedad_a":"GBK033644","variedad_b":"TZA3935","variedad_c":"GBK028460"},
{"codigo_paquetes":"package 105","variedad_a":"TZA3949","variedad_b":"GBK000441","variedad_c":"GBK 000108"},
{"codigo_paquetes":"package 106","variedad_a":"GBK 000365","variedad_b":"GBK033644","variedad_c":"GBK 000108"},
{"codigo_paquetes":"package 107","variedad_a":"GBK033644","variedad_b":"TZA4027","variedad_c":"GBK000441"},
{"codigo_paquetes":"package 108","variedad_a":"GBK 034278","variedad_b":"TZA4004","variedad_c":"GBK 000108"},
{"codigo_paquetes":"package 109","variedad_a":"GBK 000365","variedad_b":"GBK000441","variedad_c":"GBK 034278"},
{"codigo_paquetes":"package 11","variedad_a":"TZA3965","variedad_b":"GBK 033984","variedad_c":"TZA4021"},
{"codigo_paquetes":"package 110","variedad_a":"TZA4189","variedad_b":"TZA3991","variedad_c":"TZA4226"},
{"codigo_paquetes":"package 111","variedad_a":"TZA3991","variedad_b":"GBK000441","variedad_c":"TZA4021"},
{"codigo_paquetes":"package 112","variedad_a":"TZA3949","variedad_b":"TZA4021","variedad_c":"TZA4222"},
{"codigo_paquetes":"package 113","variedad_a":"GBK000441","variedad_b":"TZA4021","variedad_c":"TZA3949"},
{"codigo_paquetes":"package 114","variedad_a":"GBK033644","variedad_b":"TZA3965","variedad_c":"TZA4004"},
{"codigo_paquetes":"package 115","variedad_a":"GBK033644","variedad_b":"TZA4171","variedad_c":"GBK 033984"},
{"codigo_paquetes":"package 116","variedad_a":"TZA4021","variedad_b":"TZA4369","variedad_c":"GBK000441"},
{"codigo_paquetes":"package 117","variedad_a":"GBK 000108","variedad_b":"GBK 000365","variedad_c":"TZA4171"},
{"codigo_paquetes":"package 118","variedad_a":"TZA4004","variedad_b":"GBK 033984","variedad_c":"TZA3949"},
{"codigo_paquetes":"package 119","variedad_a":"GBK 034278","variedad_b":"TZA4004","variedad_c":"GBK 033984"},
{"codigo_paquetes":"package 12","variedad_a":"TZA4027","variedad_b":"TZA3965","variedad_c":"TZA3991"},
{"codigo_paquetes":"package 120","variedad_a":"TZA3991","variedad_b":"GBK 034278","variedad_c":"TZA4189"},
{"codigo_paquetes":"package 121","variedad_a":"TZA4027","variedad_b":"TZA3991","variedad_c":"TZA4189"},
{"codigo_paquetes":"package 122","variedad_a":"GBK000441","variedad_b":"TZA3991","variedad_c":"TZA4027"},
{"codigo_paquetes":"package 123","variedad_a":"TZA3935","variedad_b":"TZA4226","variedad_c":"GBK028460"},
{"codigo_paquetes":"package 124","variedad_a":"TZA4369","variedad_b":"TZA3965","variedad_c":"GBK 034278"},
{"codigo_paquetes":"package 125","variedad_a":"TZA4369","variedad_b":"TZA4027","variedad_c":"GBK 034278"},
{"codigo_paquetes":"package 126","variedad_a":"GBK000441","variedad_b":"GBK 000108","variedad_c":"GBK 000365"},
{"codigo_paquetes":"package 127","variedad_a":"TZA4021","variedad_b":"TZA4171","variedad_c":"GBK028460"},
{"codigo_paquetes":"package 128","variedad_a":"TZA4222","variedad_b":"GBK 033984","variedad_c":"TZA4369"},
{"codigo_paquetes":"package 129","variedad_a":"GBK028460","variedad_b":"TZA3935","variedad_c":"GBK032089"},
{"codigo_paquetes":"package 13","variedad_a":"TZA4027","variedad_b":"GBK 000365","variedad_c":"TZA4222"},
{"codigo_paquetes":"package 130","variedad_a":"GBK 000365","variedad_b":"TZA4004","variedad_c":"GBK 000108"},
{"codigo_paquetes":"package 131","variedad_a":"GBK 000365","variedad_b":"GBK 034278","variedad_c":"TZA4222"},
{"codigo_paquetes":"package 132","variedad_a":"TZA3949","variedad_b":"TZA4027","variedad_c":"GBK 033984"},
{"codigo_paquetes":"package 133","variedad_a":"GBK 034278","variedad_b":"GBK032089","variedad_c":"TZA4004"},
{"codigo_paquetes":"package 134","variedad_a":"TZA3935","variedad_b":"GBK 000108","variedad_c":"TZA4171"},
{"codigo_paquetes":"package 135","variedad_a":"TZA4171","variedad_b":"TZA4189","variedad_c":"TZA3949"},
{"codigo_paquetes":"package 136","variedad_a":"TZA3949","variedad_b":"TZA4004","variedad_c":"GBK028460"},
{"codigo_paquetes":"package 137","variedad_a":"GBK 000365","variedad_b":"TZA4369","variedad_c":"TZA4027"},
{"codigo_paquetes":"package 138","variedad_a":"TZA4369","variedad_b":"GBK 000108","variedad_c":"TZA3991"},
{"codigo_paquetes":"package 139","variedad_a":"TZA4226","variedad_b":"TZA4189","variedad_c":"TZA3949"},
{"codigo_paquetes":"package 14","variedad_a":"GBK 034278","variedad_b":"TZA4021","variedad_c":"GBK 000365"},
{"codigo_paquetes":"package 140","variedad_a":"GBK033644","variedad_b":"TZA3965","variedad_c":"TZA4226"},
{"codigo_paquetes":"package 141","variedad_a":"TZA3949","variedad_b":"TZA3935","variedad_c":"TZA4171"},
{"codigo_paquetes":"package 142","variedad_a":"TZA3935","variedad_b":"TZA4027","variedad_c":"TZA4004"},
{"codigo_paquetes":"package 143","variedad_a":"TZA4004","variedad_b":"TZA3949","variedad_c":"TZA4226"},
{"codigo_paquetes":"package 144","variedad_a":"GBK 034278","variedad_b":"TZA4021","variedad_c":"GBK 033984"},
{"codigo_paquetes":"package 145","variedad_a":"GBK 000365","variedad_b":"TZA4004","variedad_c":"TZA3991"},
{"codigo_paquetes":"package 146","variedad_a":"TZA4004","variedad_b":"GBK033644","variedad_c":"GBK000441"},
{"codigo_paquetes":"package 147","variedad_a":"GBK032089","variedad_b":"GBK033644","variedad_c":"TZA4189"},
{"codigo_paquetes":"package 148","variedad_a":"GBK032089","variedad_b":"TZA4189","variedad_c":"GBK 034278"},
{"codigo_paquetes":"package 149","variedad_a":"TZA4369","variedad_b":"TZA3949","variedad_c":"TZA3965"},
{"codigo_paquetes":"package 15","variedad_a":"GBK 034278","variedad_b":"TZA3991","variedad_c":"GBK033644"},
{"codigo_paquetes":"package 150","variedad_a":"TZA4027","variedad_b":"GBK 034278","variedad_c":"GBK 033984"},
{"codigo_paquetes":"package 151","variedad_a":"GBK032089","variedad_b":"GBK 000365","variedad_c":"TZA4021"},
{"codigo_paquetes":"package 152","variedad_a":"TZA4021","variedad_b":"GBK033644","variedad_c":"TZA4004"},
{"codigo_paquetes":"package 153","variedad_a":"TZA4171","variedad_b":"GBK000441","variedad_c":"TZA4189"},
{"codigo_paquetes":"package 154","variedad_a":"TZA4369","variedad_b":"GBK028460","variedad_c":"TZA3949"},
{"codigo_paquetes":"package 155","variedad_a":"TZA3965","variedad_b":"GBK032089","variedad_c":"GBK028460"},
{"codigo_paquetes":"package 156","variedad_a":"TZA3935","variedad_b":"GBK 033984","variedad_c":"GBK 034278"},
{"codigo_paquetes":"package 157","variedad_a":"TZA3935","variedad_b":"GBK 033984","variedad_c":"GBK033644"},
{"codigo_paquetes":"package 158","variedad_a":"TZA3935","variedad_b":"GBK 034278","variedad_c":"TZA3991"},
{"codigo_paquetes":"package 159","variedad_a":"GBK 033984","variedad_b":"TZA4369","variedad_c":"TZA4226"},
{"codigo_paquetes":"package 16","variedad_a":"TZA4021","variedad_b":"GBK 000108","variedad_c":"TZA4189"},
{"codigo_paquetes":"package 160","variedad_a":"TZA3949","variedad_b":"GBK032089","variedad_c":"TZA4226"},
{"codigo_paquetes":"package 161","variedad_a":"GBK032089","variedad_b":"GBK 000108","variedad_c":"GBK028460"},
{"codigo_paquetes":"package 162","variedad_a":"TZA3991","variedad_b":"TZA4004","variedad_c":"TZA4189"},
{"codigo_paquetes":"package 163","variedad_a":"TZA3991","variedad_b":"TZA4189","variedad_c":"TZA3965"},
{"codigo_paquetes":"package 164","variedad_a":"TZA3949","variedad_b":"GBK000441","variedad_c":"GBK 034278"},
{"codigo_paquetes":"package 165","variedad_a":"GBK 033984","variedad_b":"TZA4189","variedad_c":"TZA4027"},
{"codigo_paquetes":"package 166","variedad_a":"GBK028460","variedad_b":"TZA4021","variedad_c":"TZA4222"},
{"codigo_paquetes":"package 167","variedad_a":"TZA3965","variedad_b":"TZA4004","variedad_c":"TZA4189"},
{"codigo_paquetes":"package 168","variedad_a":"GBK 033984","variedad_b":"GBK032089","variedad_c":"GBK000441"},
{"codigo_paquetes":"package 169","variedad_a":"TZA4189","variedad_b":"GBK 033984","variedad_c":"TZA3965"},
{"codigo_paquetes":"package 17","variedad_a":"GBK028460","variedad_b":"GBK 000365","variedad_c":"TZA4027"},
{"codigo_paquetes":"package 170","variedad_a":"TZA3965","variedad_b":"GBK 000108","variedad_c":"TZA4171"},
{"codigo_paquetes":"package 171","variedad_a":"TZA3965","variedad_b":"TZA3991","variedad_c":"GBK 000365"},
{"codigo_paquetes":"package 172","variedad_a":"TZA4021","variedad_b":"GBK 000365","variedad_c":"GBK 034278"},
{"codigo_paquetes":"package 173","variedad_a":"GBK 034278","variedad_b":"TZA4027","variedad_c":"GBK 000108"},
{"codigo_paquetes":"package 174","variedad_a":"GBK 034278","variedad_b":"TZA4189","variedad_c":"TZA4226"},
{"codigo_paquetes":"package 175","variedad_a":"TZA4021","variedad_b":"TZA4222","variedad_c":"TZA3965"},
{"codigo_paquetes":"package 176","variedad_a":"TZA3949","variedad_b":"TZA3991","variedad_c":"TZA4226"},
{"codigo_paquetes":"package 177","variedad_a":"TZA4222","variedad_b":"TZA4021","variedad_c":"GBK033644"},
{"codigo_paquetes":"package 178","variedad_a":"GBK 000365","variedad_b":"TZA4226","variedad_c":"TZA3935"},
{"codigo_paquetes":"package 179","variedad_a":"TZA4021","variedad_b":"GBK 000365","variedad_c":"GBK 034278"},
{"codigo_paquetes":"package 18","variedad_a":"TZA3991","variedad_b":"TZA3935","variedad_c":"TZA4004"},
{"codigo_paquetes":"package 180","variedad_a":"TZA4021","variedad_b":"TZA4226","variedad_c":"GBK028460"},
{"codigo_paquetes":"package 181","variedad_a":"TZA4369","variedad_b":"TZA3949","variedad_c":"TZA4004"},
{"codigo_paquetes":"package 182","variedad_a":"TZA4027","variedad_b":"GBK 034278","variedad_c":"TZA4369"},
{"codigo_paquetes":"package 183","variedad_a":"GBK032089","variedad_b":"TZA4226","variedad_c":"TZA4171"},
{"codigo_paquetes":"package 184","variedad_a":"TZA3949","variedad_b":"TZA3991","variedad_c":"GBK 000108"},
{"codigo_paquetes":"package 185","variedad_a":"TZA3965","variedad_b":"TZA4004","variedad_c":"TZA4171"},
{"codigo_paquetes":"package 186","variedad_a":"GBK028460","variedad_b":"GBK 034278","variedad_c":"TZA4171"},
{"codigo_paquetes":"package 187","variedad_a":"TZA4369","variedad_b":"TZA3935","variedad_c":"TZA4222"},
{"codigo_paquetes":"package 188","variedad_a":"GBK033644","variedad_b":"TZA3991","variedad_c":"TZA4021"},
{"codigo_paquetes":"package 189","variedad_a":"GBK028460","variedad_b":"TZA4222","variedad_c":"TZA4171"},
{"codigo_paquetes":"package 19","variedad_a":"TZA3965","variedad_b":"TZA4171","variedad_c":"GBK 000108"},
{"codigo_paquetes":"package 190","variedad_a":"GBK 000108","variedad_b":"TZA4369","variedad_c":"GBK033644"},
{"codigo_paquetes":"package 191","variedad_a":"GBK028460","variedad_b":"TZA4004","variedad_c":"TZA4021"},
{"codigo_paquetes":"package 192","variedad_a":"TZA4021","variedad_b":"TZA3965","variedad_c":"TZA4171"},
{"codigo_paquetes":"package 193","variedad_a":"TZA4369","variedad_b":"TZA3949","variedad_c":"GBK 034278"},
{"codigo_paquetes":"package 194","variedad_a":"GBK 000365","variedad_b":"GBK033644","variedad_c":"GBK028460"},
{"codigo_paquetes":"package 195","variedad_a":"TZA4189","variedad_b":"GBK000441","variedad_c":"TZA4226"},
{"codigo_paquetes":"package 196","variedad_a":"TZA4226","variedad_b":"TZA4027","variedad_c":"TZA4021"},
{"codigo_paquetes":"package 197","variedad_a":"TZA3935","variedad_b":"TZA4369","variedad_c":"GBK 000108"},
{"codigo_paquetes":"package 198","variedad_a":"TZA4021","variedad_b":"TZA3949","variedad_c":"GBK000441"},
{"codigo_paquetes":"package 199","variedad_a":"GBK000441","variedad_b":"GBK 034278","variedad_c":"GBK 000108"},
{"codigo_paquetes":"package 2","variedad_a":"TZA4027","variedad_b":"GBK028460","variedad_c":"TZA4021"},
{"codigo_paquetes":"package 20","variedad_a":"TZA4027","variedad_b":"GBK 034278","variedad_c":"GBK028460"},
{"codigo_paquetes":"package 200","variedad_a":"TZA3949","variedad_b":"GBK 000108","variedad_c":"GBK000441"},
{"codigo_paquetes":"package 201","variedad_a":"TZA4027","variedad_b":"TZA3965","variedad_c":"GBK 000365"},
{"codigo_paquetes":"package 202","variedad_a":"TZA4222","variedad_b":"TZA4004","variedad_c":"GBK032089"},
{"codigo_paquetes":"package 203","variedad_a":"TZA3991","variedad_b":"TZA4222","variedad_c":"GBK033644"},
{"codigo_paquetes":"package 204","variedad_a":"TZA4004","variedad_b":"TZA4027","variedad_c":"TZA4171"},
{"codigo_paquetes":"package 205","variedad_a":"TZA3949","variedad_b":"TZA4369","variedad_c":"GBK032089"},
{"codigo_paquetes":"package 206","variedad_a":"GBK 033984","variedad_b":"GBK028460","variedad_c":"TZA3949"},
{"codigo_paquetes":"package 207","variedad_a":"GBK032089","variedad_b":"GBK 034278","variedad_c":"TZA3935"},
{"codigo_paquetes":"package 208","variedad_a":"TZA4369","variedad_b":"GBK 000108","variedad_c":"GBK 033984"},
{"codigo_paquetes":"package 209","variedad_a":"TZA3935","variedad_b":"TZA4222","variedad_c":"TZA4369"},
{"codigo_paquetes":"package 21","variedad_a":"TZA4369","variedad_b":"GBK 000108","variedad_c":"GBK032089"},
{"codigo_paquetes":"package 210","variedad_a":"TZA4222","variedad_b":"GBK 033984","variedad_c":"GBK 034278"},
{"codigo_paquetes":"package 211","variedad_a":"TZA4027","variedad_b":"GBK032089","variedad_c":"TZA3965"},
{"codigo_paquetes":"package 212","variedad_a":"TZA3949","variedad_b":"TZA4189","variedad_c":"GBK032089"},
{"codigo_paquetes":"package 213","variedad_a":"GBK 034278","variedad_b":"GBK033644","variedad_c":"GBK000441"},
{"codigo_paquetes":"package 214","variedad_a":"TZA4027","variedad_b":"TZA3991","variedad_c":"TZA3965"},
{"codigo_paquetes":"package 215","variedad_a":"TZA3949","variedad_b":"TZA4021","variedad_c":"TZA3965"},
{"codigo_paquetes":"package 216","variedad_a":"TZA4226","variedad_b":"TZA4171","variedad_c":"GBK028460"},
{"codigo_paquetes":"package 217","variedad_a":"GBK 000108","variedad_b":"TZA3935","variedad_c":"GBK 033984"},
{"codigo_paquetes":"package 218","variedad_a":"GBK 000365","variedad_b":"GBK 000108","variedad_c":"TZA4004"},
{"codigo_paquetes":"package 219","variedad_a":"GBK000441","variedad_b":"TZA3991","variedad_c":"TZA4027"},
{"codigo_paquetes":"package 22","variedad_a":"GBK032089","variedad_b":"GBK 033984","variedad_c":"TZA4021"},
{"codigo_paquetes":"package 220","variedad_a":"TZA3991","variedad_b":"TZA4004","variedad_c":"TZA4171"},
{"codigo_paquetes":"package 221","variedad_a":"TZA4171","variedad_b":"TZA4004","variedad_c":"TZA3991"},
{"codigo_paquetes":"package 222","variedad_a":"TZA3949","variedad_b":"TZA4189","variedad_c":"TZA4226"},
{"codigo_paquetes":"package 223","variedad_a":"TZA4226","variedad_b":"TZA3991","variedad_c":"GBK032089"},
{"codigo_paquetes":"package 224","variedad_a":"GBK000441","variedad_b":"GBK032089","variedad_c":"GBK028460"},
{"codigo_paquetes":"package 225","variedad_a":"TZA4004","variedad_b":"TZA4021","variedad_c":"TZA4189"},
{"codigo_paquetes":"package 226","variedad_a":"GBK 000365","variedad_b":"TZA4171","variedad_c":"TZA3935"},
{"codigo_paquetes":"package 227","variedad_a":"TZA4226","variedad_b":"TZA4171","variedad_c":"TZA4189"},
{"codigo_paquetes":"package 228","variedad_a":"TZA3935","variedad_b":"GBK028460","variedad_c":"GBK032089"},
{"codigo_paquetes":"package 229","variedad_a":"TZA4027","variedad_b":"GBK000441","variedad_c":"GBK033644"},
{"codigo_paquetes":"package 23","variedad_a":"GBK 000108","variedad_b":"GBK000441","variedad_c":"TZA4171"},
{"codigo_paquetes":"package 230","variedad_a":"TZA4369","variedad_b":"TZA3991","variedad_c":"GBK032089"},
{"codigo_paquetes":"package 231","variedad_a":"TZA4222","variedad_b":"GBK 034278","variedad_c":"GBK032089"},
{"codigo_paquetes":"package 232","variedad_a":"TZA4021","variedad_b":"TZA4222","variedad_c":"GBK 000365"},
{"codigo_paquetes":"package 233","variedad_a":"TZA4004","variedad_b":"TZA3949","variedad_c":"GBK000441"},
{"codigo_paquetes":"package 234","variedad_a":"TZA4226","variedad_b":"TZA4021","variedad_c":"GBK033644"},
{"codigo_paquetes":"package 235","variedad_a":"TZA4226","variedad_b":"TZA4004","variedad_c":"GBK000441"},
{"codigo_paquetes":"package 236","variedad_a":"GBK 033984","variedad_b":"TZA4021","variedad_c":"GBK032089"},
{"codigo_paquetes":"package 237","variedad_a":"TZA4369","variedad_b":"TZA3949","variedad_c":"TZA4021"},
{"codigo_paquetes":"package 238","variedad_a":"GBK 033984","variedad_b":"TZA3965","variedad_c":"GBK 000365"},
{"codigo_paquetes":"package 239","variedad_a":"GBK032089","variedad_b":"GBK 033984","variedad_c":"GBK000441"},
{"codigo_paquetes":"package 24","variedad_a":"TZA4222","variedad_b":"TZA4021","variedad_c":"TZA4226"},
{"codigo_paquetes":"package 240","variedad_a":"TZA4226","variedad_b":"TZA4171","variedad_c":"TZA4222"},
{"codigo_paquetes":"package 241","variedad_a":"TZA3965","variedad_b":"GBK028460","variedad_c":"GBK033644"},
{"codigo_paquetes":"package 242","variedad_a":"TZA4222","variedad_b":"TZA4369","variedad_c":"GBK 034278"},
{"codigo_paquetes":"package 243","variedad_a":"GBK 033984","variedad_b":"GBK028460","variedad_c":"GBK 000365"},
{"codigo_paquetes":"package 244","variedad_a":"TZA3965","variedad_b":"GBK 000365","variedad_c":"TZA3991"},
{"codigo_paquetes":"package 245","variedad_a":"TZA4189","variedad_b":"TZA4004","variedad_c":"TZA4027"},
{"codigo_paquetes":"package 246","variedad_a":"GBK033644","variedad_b":"TZA3965","variedad_c":"TZA4171"},
{"codigo_paquetes":"package 247","variedad_a":"GBK 000108","variedad_b":"GBK000441","variedad_c":"GBK 033984"},
{"codigo_paquetes":"package 248","variedad_a":"GBK000441","variedad_b":"TZA4226","variedad_c":"TZA4021"},
{"codigo_paquetes":"package 249","variedad_a":"TZA4171","variedad_b":"GBK033644","variedad_c":"TZA3935"},
{"codigo_paquetes":"package 25","variedad_a":"TZA3991","variedad_b":"TZA4021","variedad_c":"GBK 033984"},
{"codigo_paquetes":"package 250","variedad_a":"TZA3949","variedad_b":"TZA4004","variedad_c":"TZA4369"},
{"codigo_paquetes":"package 251","variedad_a":"TZA4021","variedad_b":"TZA4027","variedad_c":"TZA3991"},
{"codigo_paquetes":"package 252","variedad_a":"GBK028460","variedad_b":"TZA3949","variedad_c":"TZA4222"},
{"codigo_paquetes":"package 253","variedad_a":"TZA3949","variedad_b":"GBK028460","variedad_c":"TZA3965"},
{"codigo_paquetes":"package 254","variedad_a":"GBK 033984","variedad_b":"TZA4171","variedad_c":"GBK 000108"},
{"codigo_paquetes":"package 255","variedad_a":"TZA3949","variedad_b":"TZA3935","variedad_c":"GBK 033984"},
{"codigo_paquetes":"package 256","variedad_a":"TZA4189","variedad_b":"TZA4171","variedad_c":"TZA4004"},
{"codigo_paquetes":"package 257","variedad_a":"TZA4222","variedad_b":"TZA3991","variedad_c":"TZA3949"},
{"codigo_paquetes":"package 258","variedad_a":"TZA3991","variedad_b":"GBK028460","variedad_c":"TZA3949"},
{"codigo_paquetes":"package 259","variedad_a":"TZA3935","variedad_b":"GBK 000108","variedad_c":"TZA3965"},
{"codigo_paquetes":"package 26","variedad_a":"TZA4027","variedad_b":"TZA3965","variedad_c":"TZA4004"},
{"codigo_paquetes":"package 260","variedad_a":"GBK 000108","variedad_b":"TZA3935","variedad_c":"GBK028460"},
{"codigo_paquetes":"package 261","variedad_a":"TZA4004","variedad_b":"GBK000441","variedad_c":"GBK033644"},
{"codigo_paquetes":"package 262","variedad_a":"TZA4222","variedad_b":"TZA4027","variedad_c":"TZA4226"},
{"codigo_paquetes":"package 263","variedad_a":"TZA4021","variedad_b":"GBK033644","variedad_c":"GBK 034278"},
{"codigo_paquetes":"package 264","variedad_a":"TZA4189","variedad_b":"GBK028460","variedad_c":"TZA4226"},
{"codigo_paquetes":"package 265","variedad_a":"TZA4027","variedad_b":"TZA4369","variedad_c":"GBK 033984"},
{"codigo_paquetes":"package 266","variedad_a":"TZA4226","variedad_b":"TZA4004","variedad_c":"TZA4021"},
{"codigo_paquetes":"package 267","variedad_a":"TZA4189","variedad_b":"TZA3935","variedad_c":"GBK000441"},
{"codigo_paquetes":"package 268","variedad_a":"TZA3935","variedad_b":"TZA3965","variedad_c":"TZA4171"},
{"codigo_paquetes":"package 269","variedad_a":"GBK033644","variedad_b":"TZA3935","variedad_c":"TZA4171"},
{"codigo_paquetes":"package 27","variedad_a":"TZA4027","variedad_b":"TZA4369","variedad_c":"TZA3965"},
{"codigo_paquetes":"package 270","variedad_a":"TZA4369","variedad_b":"TZA3965","variedad_c":"TZA4171"},
{"codigo_paquetes":"package 271","variedad_a":"TZA3935","variedad_b":"GBK000441","variedad_c":"GBK 000365"},
{"codigo_paquetes":"package 272","variedad_a":"GBK 000365","variedad_b":"TZA4027","variedad_c":"TZA4021"},
{"codigo_paquetes":"package 273","variedad_a":"TZA4021","variedad_b":"GBK032089","variedad_c":"TZA3991"},
{"codigo_paquetes":"package 274","variedad_a":"TZA3935","variedad_b":"GBK 034278","variedad_c":"TZA4027"},
{"codigo_paquetes":"package 275","variedad_a":"TZA3991","variedad_b":"TZA3949","variedad_c":"GBK 034278"},
{"codigo_paquetes":"package 276","variedad_a":"GBK 000365","variedad_b":"GBK028460","variedad_c":"TZA4021"},
{"codigo_paquetes":"package 277","variedad_a":"TZA3965","variedad_b":"GBK 000365","variedad_c":"TZA3991"},
{"codigo_paquetes":"package 278","variedad_a":"GBK 033984","variedad_b":"GBK 000365","variedad_c":"TZA4004"},
{"codigo_paquetes":"package 279","variedad_a":"TZA4226","variedad_b":"TZA4021","variedad_c":"TZA4171"},
{"codigo_paquetes":"package 28","variedad_a":"GBK 000365","variedad_b":"TZA4189","variedad_c":"TZA4004"},
{"codigo_paquetes":"package 280","variedad_a":"TZA3949","variedad_b":"TZA4189","variedad_c":"TZA3965"},
{"codigo_paquetes":"package 281","variedad_a":"GBK 000108","variedad_b":"TZA4369","variedad_c":"GBK 000365"},
{"codigo_paquetes":"package 282","variedad_a":"TZA4027","variedad_b":"TZA4369","variedad_c":"TZA4021"},
{"codigo_paquetes":"package 283","variedad_a":"TZA4226","variedad_b":"GBK000441","variedad_c":"GBK032089"},
{"codigo_paquetes":"package 284","variedad_a":"TZA3935","variedad_b":"GBK028460","variedad_c":"GBK 034278"},
{"codigo_paquetes":"package 285","variedad_a":"GBK032089","variedad_b":"GBK000441","variedad_c":"TZA3965"},
{"codigo_paquetes":"package 286","variedad_a":"TZA4222","variedad_b":"TZA4004","variedad_c":"TZA4189"},
{"codigo_paquetes":"package 287","variedad_a":"TZA4004","variedad_b":"GBK033644","variedad_c":"TZA3991"},
{"codigo_paquetes":"package 288","variedad_a":"GBK033644","variedad_b":"TZA4004","variedad_c":"TZA3991"},
{"codigo_paquetes":"package 289","variedad_a":"GBK 034278","variedad_b":"TZA4226","variedad_c":"GBK 033984"},
{"codigo_paquetes":"package 29","variedad_a":"TZA4369","variedad_b":"GBK032089","variedad_c":"TZA4004"},
{"codigo_paquetes":"package 290","variedad_a":"GBK028460","variedad_b":"TZA3965","variedad_c":"GBK 000108"},
{"codigo_paquetes":"package 291","variedad_a":"TZA4222","variedad_b":"TZA4171","variedad_c":"GBK 034278"},
{"codigo_paquetes":"package 292","variedad_a":"TZA4222","variedad_b":"TZA3949","variedad_c":"GBK028460"},
{"codigo_paquetes":"package 293","variedad_a":"TZA4171","variedad_b":"TZA4027","variedad_c":"TZA4189"},
{"codigo_paquetes":"package 294","variedad_a":"GBK032089","variedad_b":"TZA3935","variedad_c":"TZA4189"},
{"codigo_paquetes":"package 295","variedad_a":"TZA4222","variedad_b":"GBK 033984","variedad_c":"TZA4021"},
{"codigo_paquetes":"package 296","variedad_a":"TZA3949","variedad_b":"TZA3965","variedad_c":"GBK000441"},
{"codigo_paquetes":"package 297","variedad_a":"TZA3991","variedad_b":"GBK 000108","variedad_c":"TZA4021"},
{"codigo_paquetes":"package 298","variedad_a":"TZA4004","variedad_b":"TZA4171","variedad_c":"GBK032089"},
{"codigo_paquetes":"package 299","variedad_a":"TZA4369","variedad_b":"TZA4021","variedad_c":"TZA3949"},
{"codigo_paquetes":"package 3","variedad_a":"GBK000441","variedad_b":"TZA3935","variedad_c":"TZA4027"},
{"codigo_paquetes":"package 30","variedad_a":"TZA4369","variedad_b":"GBK 033984","variedad_c":"TZA4226"},
{"codigo_paquetes":"package 300","variedad_a":"GBK028460","variedad_b":"GBK 000108","variedad_c":"GBK 000365"},
{"codigo_paquetes":"package 301","variedad_a":"TZA3935","variedad_b":"GBK000441","variedad_c":"TZA4171"},
{"codigo_paquetes":"package 302","variedad_a":"TZA3949","variedad_b":"TZA3965","variedad_c":"GBK028460"},
{"codigo_paquetes":"package 303","variedad_a":"TZA3965","variedad_b":"GBK 000365","variedad_c":"TZA4027"},
{"codigo_paquetes":"package 304","variedad_a":"TZA4222","variedad_b":"GBK033644","variedad_c":"TZA4027"},
{"codigo_paquetes":"package 305","variedad_a":"TZA3965","variedad_b":"GBK 000365","variedad_c":"TZA4222"},
{"codigo_paquetes":"package 306","variedad_a":"GBK033644","variedad_b":"GBK 033984","variedad_c":"GBK032089"},
{"codigo_paquetes":"package 307","variedad_a":"TZA4226","variedad_b":"TZA4189","variedad_c":"TZA4171"},
{"codigo_paquetes":"package 308","variedad_a":"GBK 000108","variedad_b":"GBK 000365","variedad_c":"TZA4222"},
{"codigo_paquetes":"package 309","variedad_a":"GBK028460","variedad_b":"TZA3935","variedad_c":"GBK 000108"},
{"codigo_paquetes":"package 31","variedad_a":"TZA4027","variedad_b":"TZA3935","variedad_c":"GBK 034278"},
{"codigo_paquetes":"package 310","variedad_a":"TZA4004","variedad_b":"GBK 034278","variedad_c":"TZA3935"},
{"codigo_paquetes":"package 311","variedad_a":"GBK032089","variedad_b":"GBK 033984","variedad_c":"GBK000441"},
{"codigo_paquetes":"package 312","variedad_a":"GBK 033984","variedad_b":"TZA4226","variedad_c":"GBK 000108"},
{"codigo_paquetes":"package 313","variedad_a":"TZA4222","variedad_b":"GBK000441","variedad_c":"TZA3949"},
{"codigo_paquetes":"package 314","variedad_a":"TZA3965","variedad_b":"GBK 000365","variedad_c":"TZA4004"},
{"codigo_paquetes":"package 315","variedad_a":"GBK 000108","variedad_b":"TZA4189","variedad_c":"TZA4004"},
{"codigo_paquetes":"package 316","variedad_a":"TZA4027","variedad_b":"GBK 000365","variedad_c":"TZA3965"},
{"codigo_paquetes":"package 317","variedad_a":"TZA4369","variedad_b":"GBK 000365","variedad_c":"TZA4222"},
{"codigo_paquetes":"package 318","variedad_a":"TZA4369","variedad_b":"TZA4226","variedad_c":"GBK 033984"},
{"codigo_paquetes":"package 319","variedad_a":"GBK032089","variedad_b":"TZA3991","variedad_c":"GBK 034278"},
{"codigo_paquetes":"package 32","variedad_a":"GBK000441","variedad_b":"GBK 034278","variedad_c":"GBK032089"},
{"codigo_paquetes":"package 320","variedad_a":"TZA4226","variedad_b":"TZA4369","variedad_c":"TZA4021"},
{"codigo_paquetes":"package 321","variedad_a":"TZA4021","variedad_b":"TZA3991","variedad_c":"TZA3949"},
{"codigo_paquetes":"package 322","variedad_a":"GBK033644","variedad_b":"TZA3991","variedad_c":"GBK000441"},
{"codigo_paquetes":"package 323","variedad_a":"GBK 000108","variedad_b":"TZA3935","variedad_c":"TZA3991"},
{"codigo_paquetes":"package 324","variedad_a":"GBK028460","variedad_b":"TZA3935","variedad_c":"TZA4027"},
{"codigo_paquetes":"package 325","variedad_a":"TZA4189","variedad_b":"TZA3935","variedad_c":"TZA4369"},
{"codigo_paquetes":"package 326","variedad_a":"TZA3991","variedad_b":"TZA4171","variedad_c":"GBK 000108"},
{"codigo_paquetes":"package 327","variedad_a":"GBK 034278","variedad_b":"GBK 033984","variedad_c":"TZA4369"},
{"codigo_paquetes":"package 328","variedad_a":"TZA4222","variedad_b":"GBK033644","variedad_c":"TZA4027"},
{"codigo_paquetes":"package 329","variedad_a":"GBK 033984","variedad_b":"GBK 034278","variedad_c":"GBK000441"},
{"codigo_paquetes":"package 33","variedad_a":"TZA3965","variedad_b":"GBK032089","variedad_c":"GBK033644"},
{"codigo_paquetes":"package 330","variedad_a":"TZA4027","variedad_b":"TZA4021","variedad_c":"GBK 000365"},
{"codigo_paquetes":"package 331","variedad_a":"GBK 034278","variedad_b":"TZA4222","variedad_c":"GBK032089"},
{"codigo_paquetes":"package 332","variedad_a":"GBK000441","variedad_b":"GBK 034278","variedad_c":"TZA3991"},
{"codigo_paquetes":"package 333","variedad_a":"TZA3991","variedad_b":"GBK028460","variedad_c":"TZA4222"},
{"codigo_paquetes":"package 334","variedad_a":"GBK 034278","variedad_b":"TZA4027","variedad_c":"GBK 033984"},
{"codigo_paquetes":"package 335","variedad_a":"GBK033644","variedad_b":"TZA3965","variedad_c":"GBK032089"},
{"codigo_paquetes":"package 336","variedad_a":"TZA3991","variedad_b":"GBK028460","variedad_c":"TZA4189"},
{"codigo_paquetes":"package 337","variedad_a":"TZA4226","variedad_b":"TZA4222","variedad_c":"GBK032089"},
{"codigo_paquetes":"package 338","variedad_a":"TZA4027","variedad_b":"TZA4004","variedad_c":"GBK 000365"},
{"codigo_paquetes":"package 339","variedad_a":"TZA3965","variedad_b":"TZA4226","variedad_c":"GBK000441"},
{"codigo_paquetes":"package 34","variedad_a":"GBK028460","variedad_b":"TZA3949","variedad_c":"TZA3935"},
{"codigo_paquetes":"package 340","variedad_a":"TZA3991","variedad_b":"GBK033644","variedad_c":"GBK032089"},
{"codigo_paquetes":"package 341","variedad_a":"TZA3935","variedad_b":"TZA4222","variedad_c":"GBK028460"},
{"codigo_paquetes":"package 342","variedad_a":"GBK 033984","variedad_b":"GBK032089","variedad_c":"TZA3949"},
{"codigo_paquetes":"package 343","variedad_a":"GBK 000365","variedad_b":"TZA4189","variedad_c":"GBK 033984"},
{"codigo_paquetes":"package 344","variedad_a":"TZA3965","variedad_b":"TZA4189","variedad_c":"GBK 000365"},
{"codigo_paquetes":"package 345","variedad_a":"TZA3991","variedad_b":"TZA4226","variedad_c":"TZA4369"},
{"codigo_paquetes":"package 346","variedad_a":"GBK 000108","variedad_b":"GBK 033984","variedad_c":"TZA3965"},
{"codigo_paquetes":"package 347","variedad_a":"TZA3991","variedad_b":"TZA4369","variedad_c":"TZA4226"},
{"codigo_paquetes":"package 348","variedad_a":"TZA4226","variedad_b":"GBK 000108","variedad_c":"TZA4027"},
{"codigo_paquetes":"package 349","variedad_a":"TZA4222","variedad_b":"TZA4021","variedad_c":"TZA4189"},
{"codigo_paquetes":"package 35","variedad_a":"TZA4004","variedad_b":"GBK033644","variedad_c":"TZA3949"},
{"codigo_paquetes":"package 350","variedad_a":"GBK 000108","variedad_b":"TZA4189","variedad_c":"GBK028460"},
{"codigo_paquetes":"package 351","variedad_a":"GBK032089","variedad_b":"TZA4189","variedad_c":"TZA4027"},
{"codigo_paquetes":"package 352","variedad_a":"TZA4222","variedad_b":"TZA3965","variedad_c":"GBK 000108"},
{"codigo_paquetes":"package 353","variedad_a":"GBK 000108","variedad_b":"GBK 000365","variedad_c":"TZA4226"},
{"codigo_paquetes":"package 354","variedad_a":"GBK033644","variedad_b":"GBK032089","variedad_c":"TZA4171"},
{"codigo_paquetes":"package 355","variedad_a":"GBK000441","variedad_b":"GBK 000108","variedad_c":"GBK028460"},
{"codigo_paquetes":"package 356","variedad_a":"TZA3949","variedad_b":"TZA4226","variedad_c":"GBK 000108"},
{"codigo_paquetes":"package 36","variedad_a":"TZA4369","variedad_b":"GBK032089","variedad_c":"GBK 000108"},
{"codigo_paquetes":"package 37","variedad_a":"TZA4222","variedad_b":"GBK028460","variedad_c":"TZA4226"},
{"codigo_paquetes":"package 38","variedad_a":"TZA3991","variedad_b":"TZA3935","variedad_c":"GBK 033984"},
{"codigo_paquetes":"package 39","variedad_a":"GBK 033984","variedad_b":"TZA4189","variedad_c":"TZA4222"},
{"codigo_paquetes":"package 4","variedad_a":"TZA4004","variedad_b":"GBK 000108","variedad_c":"GBK 034278"},
{"codigo_paquetes":"package 40","variedad_a":"TZA3991","variedad_b":"GBK033644","variedad_c":"TZA3949"},
{"codigo_paquetes":"package 41","variedad_a":"TZA4027","variedad_b":"TZA3935","variedad_c":"GBK028460"},
{"codigo_paquetes":"package 42","variedad_a":"TZA3935","variedad_b":"GBK033644","variedad_c":"TZA4027"},
{"codigo_paquetes":"package 43","variedad_a":"TZA4226","variedad_b":"TZA4021","variedad_c":"TZA3949"},
{"codigo_paquetes":"package 44","variedad_a":"TZA4004","variedad_b":"GBK033644","variedad_c":"GBK000441"},
{"codigo_paquetes":"package 45","variedad_a":"TZA4369","variedad_b":"GBK 000108","variedad_c":"GBK028460"},
{"codigo_paquetes":"package 46","variedad_a":"TZA4021","variedad_b":"TZA4226","variedad_c":"TZA3991"},
{"codigo_paquetes":"package 47","variedad_a":"TZA3991","variedad_b":"TZA3965","variedad_c":"TZA4171"},
{"codigo_paquetes":"package 48","variedad_a":"TZA4021","variedad_b":"GBK 000365","variedad_c":"GBK032089"},
{"codigo_paquetes":"package 49","variedad_a":"TZA4021","variedad_b":"GBK 000365","variedad_c":"GBK032089"},
{"codigo_paquetes":"package 5","variedad_a":"TZA3991","variedad_b":"TZA3949","variedad_c":"TZA4171"},
{"codigo_paquetes":"package 50","variedad_a":"TZA4021","variedad_b":"TZA4369","variedad_c":"GBK033644"},
{"codigo_paquetes":"package 51","variedad_a":"GBK 000108","variedad_b":"GBK033644","variedad_c":"TZA4369"},
{"codigo_paquetes":"package 52","variedad_a":"GBK 033984","variedad_b":"TZA3949","variedad_c":"GBK032089"},
{"codigo_paquetes":"package 53","variedad_a":"TZA4171","variedad_b":"GBK 033984","variedad_c":"TZA4189"},
{"codigo_paquetes":"package 54","variedad_a":"TZA3991","variedad_b":"GBK 000365","variedad_c":"GBK028460"},
{"codigo_paquetes":"package 55","variedad_a":"TZA4027","variedad_b":"TZA3965","variedad_c":"TZA4171"},
{"codigo_paquetes":"package 56","variedad_a":"GBK033644","variedad_b":"GBK032089","variedad_c":"GBK028460"},
{"codigo_paquetes":"package 57","variedad_a":"TZA4004","variedad_b":"TZA3949","variedad_c":"TZA3965"},
{"codigo_paquetes":"package 58","variedad_a":"TZA3949","variedad_b":"GBK028460","variedad_c":"TZA4369"},
{"codigo_paquetes":"package 59","variedad_a":"TZA4027","variedad_b":"GBK033644","variedad_c":"TZA4171"},
{"codigo_paquetes":"package 6","variedad_a":"TZA3935","variedad_b":"GBK 034278","variedad_c":"GBK 000108"},
{"codigo_paquetes":"package 60","variedad_a":"TZA3949","variedad_b":"GBK033644","variedad_c":"GBK 000108"},
{"codigo_paquetes":"package 61","variedad_a":"GBK032089","variedad_b":"GBK 033984","variedad_c":"GBK 000365"},
{"codigo_paquetes":"package 62","variedad_a":"GBK 000365","variedad_b":"TZA4222","variedad_c":"GBK033644"},
{"codigo_paquetes":"package 63","variedad_a":"TZA4004","variedad_b":"GBK028460","variedad_c":"TZA3965"},
{"codigo_paquetes":"package 64","variedad_a":"TZA3991","variedad_b":"GBK033644","variedad_c":"TZA4369"},
{"codigo_paquetes":"package 65","variedad_a":"TZA3965","variedad_b":"GBK028460","variedad_c":"TZA4189"},
{"codigo_paquetes":"package 66","variedad_a":"TZA4021","variedad_b":"TZA3935","variedad_c":"GBK028460"},
{"codigo_paquetes":"package 67","variedad_a":"GBK 000365","variedad_b":"TZA4189","variedad_c":"GBK 034278"},
{"codigo_paquetes":"package 68","variedad_a":"TZA4021","variedad_b":"TZA4027","variedad_c":"GBK033644"},
{"codigo_paquetes":"package 69","variedad_a":"TZA4189","variedad_b":"GBK000441","variedad_c":"TZA3965"},
{"codigo_paquetes":"package 7","variedad_a":"GBK032089","variedad_b":"TZA4004","variedad_c":"TZA4222"},
{"codigo_paquetes":"package 70","variedad_a":"TZA4369","variedad_b":"GBK 034278","variedad_c":"TZA3935"},
{"codigo_paquetes":"package 71","variedad_a":"TZA4189","variedad_b":"GBK000441","variedad_c":"TZA3965"},
{"codigo_paquetes":"package 72","variedad_a":"GBK 033984","variedad_b":"TZA4021","variedad_c":"TZA3965"},
{"codigo_paquetes":"package 73","variedad_a":"TZA4004","variedad_b":"GBK 000108","variedad_c":"TZA3965"},
{"codigo_paquetes":"package 74","variedad_a":"GBK 000365","variedad_b":"TZA3935","variedad_c":"GBK000441"},
{"codigo_paquetes":"package 75","variedad_a":"TZA4369","variedad_b":"TZA4004","variedad_c":"GBK 034278"},
{"codigo_paquetes":"package 76","variedad_a":"GBK032089","variedad_b":"TZA4222","variedad_c":"TZA4027"},
{"codigo_paquetes":"package 77","variedad_a":"TZA3965","variedad_b":"GBK 000108","variedad_c":"GBK033644"},
{"codigo_paquetes":"package 78","variedad_a":"GBK032089","variedad_b":"TZA3991","variedad_c":"GBK000441"},
{"codigo_paquetes":"package 79","variedad_a":"GBK000441","variedad_b":"GBK028460","variedad_c":"GBK032089"},
{"codigo_paquetes":"package 8","variedad_a":"TZA4004","variedad_b":"TZA4226","variedad_c":"TZA3949"},
{"codigo_paquetes":"package 80","variedad_a":"GBK000441","variedad_b":"GBK028460","variedad_c":"GBK032089"},
{"codigo_paquetes":"package 81","variedad_a":"GBK000441","variedad_b":"GBK033644","variedad_c":"GBK 033984"},
{"codigo_paquetes":"package 82","variedad_a":"TZA4021","variedad_b":"TZA4189","variedad_c":"GBK 034278"},
{"codigo_paquetes":"package 83","variedad_a":"GBK 000365","variedad_b":"TZA3935","variedad_c":"TZA4027"},
{"codigo_paquetes":"package 84","variedad_a":"TZA4189","variedad_b":"TZA3935","variedad_c":"GBK000441"},
{"codigo_paquetes":"package 85","variedad_a":"GBK 000365","variedad_b":"GBK028460","variedad_c":"GBK000441"},
{"codigo_paquetes":"package 86","variedad_a":"GBK 000108","variedad_b":"GBK000441","variedad_c":"GBK028460"},
{"codigo_paquetes":"package 87","variedad_a":"TZA4027","variedad_b":"GBK033644","variedad_c":"TZA3991"},
{"codigo_paquetes":"package 88","variedad_a":"GBK 000365","variedad_b":"GBK000441","variedad_c":"TZA3935"},
{"codigo_paquetes":"package 89","variedad_a":"GBK 033984","variedad_b":"TZA4021","variedad_c":"GBK000441"},
{"codigo_paquetes":"package 9","variedad_a":"TZA4171","variedad_b":"TZA4021","variedad_c":"TZA3935"},
{"codigo_paquetes":"package 90","variedad_a":"TZA4189","variedad_b":"TZA4171","variedad_c":"TZA3935"},
{"codigo_paquetes":"package 91","variedad_a":"GBK032089","variedad_b":"TZA3991","variedad_c":"TZA4369"},
{"codigo_paquetes":"package 92","variedad_a":"TZA4021","variedad_b":"TZA3935","variedad_c":"TZA3965"},
{"codigo_paquetes":"package 93","variedad_a":"GBK028460","variedad_b":"TZA4222","variedad_c":"TZA3949"},
{"codigo_paquetes":"package 94","variedad_a":"TZA4171","variedad_b":"GBK032089","variedad_c":"TZA4369"},
{"codigo_paquetes":"package 95","variedad_a":"GBK032089","variedad_b":"TZA4369","variedad_c":"TZA3991"},
{"codigo_paquetes":"package 96","variedad_a":"GBK033644","variedad_b":"TZA4004","variedad_c":"GBK000441"},
{"codigo_paquetes":"package 97","variedad_a":"TZA3949","variedad_b":"GBK 034278","variedad_c":"TZA3965"},
{"codigo_paquetes":"package 98","variedad_a":"TZA3991","variedad_b":"GBK 034278","variedad_c":"TZA4171"},
{"codigo_paquetes":"package 99","variedad_a":"TZA4004","variedad_b":"TZA4171","variedad_c":"GBK 034278"}
]
