[
{"codigo_paquetes":"package 1","variedad_a":"Nachingwea","variedad_b":"Pendo","variedad_c":"mangaka 2009"},
{"codigo_paquetes":"package 10","variedad_a":"Nach(nsinjiro) 2013","variedad_b":"Naliendele","variedad_c":"Nachingwea"},
{"codigo_paquetes":"package 100","variedad_a":"Nachingwea","variedad_b":"Nach(nsinjiro) 2013","variedad_c":"Pendo"},
{"codigo_paquetes":"package 101","variedad_a":"Pendo","variedad_b":"Naliendele","variedad_c":"mangaka 2009"},
{"codigo_paquetes":"package 102","variedad_a":"Nachingwea","variedad_b":"mangaka 2009","variedad_c":"Nach(nsinjiro) 2013"},
{"codigo_paquetes":"package 103","variedad_a":"Naliendele","variedad_b":"Pendo","variedad_c":"Nachingwea"},
{"codigo_paquetes":"package 104","variedad_a":"Pendo","variedad_b":"mangaka 2009","variedad_c":"Nach(nsinjiro) 2013"},
{"codigo_paquetes":"package 105","variedad_a":"Nach(nsinjiro) 2013","variedad_b":"Naliendele","variedad_c":"Nachingwea"},
{"codigo_paquetes":"package 106","variedad_a":"Pendo","variedad_b":"Nachingwea","variedad_c":"mangaka 2009"},
{"codigo_paquetes":"package 107","variedad_a":"mangaka 2009","variedad_b":"Naliendele","variedad_c":"Nach(nsinjiro) 2013"},
{"codigo_paquetes":"package 108","variedad_a":"Nachingwea","variedad_b":"Nach(nsinjiro) 2013","variedad_c":"Pendo"},
{"codigo_paquetes":"package 109","variedad_a":"Naliendele","variedad_b":"Nachingwea","variedad_c":"mangaka 2009"},
{"codigo_paquetes":"package 11","variedad_a":"Pendo","variedad_b":"mangaka 2009","variedad_c":"Naliendele"},
{"codigo_paquetes":"package 110","variedad_a":"Nach(nsinjiro) 2013","variedad_b":"Naliendele","variedad_c":"Pendo"},
{"codigo_paquetes":"package 111","variedad_a":"Nachingwea","variedad_b":"mangaka 2009","variedad_c":"Pendo"},
{"codigo_paquetes":"package 112","variedad_a":"Nach(nsinjiro) 2013","variedad_b":"mangaka 2009","variedad_c":"Naliendele"},
{"codigo_paquetes":"package 113","variedad_a":"Naliendele","variedad_b":"Nachingwea","variedad_c":"Pendo"},
{"codigo_paquetes":"package 114","variedad_a":"mangaka 2009","variedad_b":"Pendo","variedad_c":"Nach(nsinjiro) 2013"},
{"codigo_paquetes":"package 115","variedad_a":"Naliendele","variedad_b":"Nachingwea","variedad_c":"Nach(nsinjiro) 2013"},
{"codigo_paquetes":"package 116","variedad_a":"Naliendele","variedad_b":"mangaka 2009","variedad_c":"Pendo"},
{"codigo_paquetes":"package 117","variedad_a":"Nach(nsinjiro) 2013","variedad_b":"Nachingwea","variedad_c":"mangaka 2009"},
{"codigo_paquetes":"package 118","variedad_a":"Nach(nsinjiro) 2013","variedad_b":"Naliendele","variedad_c":"Pendo"},
{"codigo_paquetes":"package 119","variedad_a":"mangaka 2009","variedad_b":"Naliendele","variedad_c":"Nachingwea"},
{"codigo_paquetes":"package 12","variedad_a":"Nachingwea","variedad_b":"Nach(nsinjiro) 2013","variedad_c":"Pendo"},
{"codigo_paquetes":"package 120","variedad_a":"Nachingwea","variedad_b":"Pendo","variedad_c":"Nach(nsinjiro) 2013"},
{"codigo_paquetes":"package 121","variedad_a":"Pendo","variedad_b":"Naliendele","variedad_c":"mangaka 2009"},
{"codigo_paquetes":"package 122","variedad_a":"Nachingwea","variedad_b":"mangaka 2009","variedad_c":"Nach(nsinjiro) 2013"},
{"codigo_paquetes":"package 123","variedad_a":"Naliendele","variedad_b":"Nachingwea","variedad_c":"Pendo"},
{"codigo_paquetes":"package 124","variedad_a":"mangaka 2009","variedad_b":"Nach(nsinjiro) 2013","variedad_c":"Pendo"},
{"codigo_paquetes":"package 125","variedad_a":"Naliendele","variedad_b":"Nachingwea","variedad_c":"Nach(nsinjiro) 2013"},
{"codigo_paquetes":"package 126","variedad_a":"Pendo","variedad_b":"mangaka 2009","variedad_c":"Nachingwea"},
{"codigo_paquetes":"package 127","variedad_a":"Nach(nsinjiro) 2013","variedad_b":"Naliendele","variedad_c":"mangaka 2009"},
{"codigo_paquetes":"package 128","variedad_a":"Nachingwea","variedad_b":"Nach(nsinjiro) 2013","variedad_c":"Pendo"},
{"codigo_paquetes":"package 129","variedad_a":"mangaka 2009","variedad_b":"Naliendele","variedad_c":"Nachingwea"},
{"codigo_paquetes":"package 13","variedad_a":"Naliendele","variedad_b":"mangaka 2009","variedad_c":"Nachingwea"},
{"codigo_paquetes":"package 130","variedad_a":"Pendo","variedad_b":"Naliendele","variedad_c":"Nach(nsinjiro) 2013"},
{"codigo_paquetes":"package 131","variedad_a":"mangaka 2009","variedad_b":"Nachingwea","variedad_c":"Pendo"},
{"codigo_paquetes":"package 132","variedad_a":"mangaka 2009","variedad_b":"Naliendele","variedad_c":"Nach(nsinjiro) 2013"},
{"codigo_paquetes":"package 133","variedad_a":"Nachingwea","variedad_b":"Pendo","variedad_c":"Naliendele"},
{"codigo_paquetes":"package 134","variedad_a":"mangaka 2009","variedad_b":"Nach(nsinjiro) 2013","variedad_c":"Pendo"},
{"codigo_paquetes":"package 135","variedad_a":"Nachingwea","variedad_b":"Nach(nsinjiro) 2013","variedad_c":"Naliendele"},
{"codigo_paquetes":"package 136","variedad_a":"Pendo","variedad_b":"Naliendele","variedad_c":"mangaka 2009"},
{"codigo_paquetes":"package 137","variedad_a":"mangaka 2009","variedad_b":"Nachingwea","variedad_c":"Nach(nsinjiro) 2013"},
{"codigo_paquetes":"package 138","variedad_a":"Nach(nsinjiro) 2013","variedad_b":"Pendo","variedad_c":"Naliendele"},
{"codigo_paquetes":"package 139","variedad_a":"mangaka 2009","variedad_b":"Nachingwea","variedad_c":"Naliendele"},
{"codigo_paquetes":"package 14","variedad_a":"Nach(nsinjiro) 2013","variedad_b":"mangaka 2009","variedad_c":"Pendo"},
{"codigo_paquetes":"package 140","variedad_a":"Nach(nsinjiro) 2013","variedad_b":"Pendo","variedad_c":"Nachingwea"},
{"codigo_paquetes":"package 141","variedad_a":"Naliendele","variedad_b":"Pendo","variedad_c":"mangaka 2009"},
{"codigo_paquetes":"package 142","variedad_a":"Nachingwea","variedad_b":"Nach(nsinjiro) 2013","variedad_c":"mangaka 2009"},
{"codigo_paquetes":"package 143","variedad_a":"Nachingwea","variedad_b":"Pendo","variedad_c":"Naliendele"},
{"codigo_paquetes":"package 144","variedad_a":"Nach(nsinjiro) 2013","variedad_b":"Pendo","variedad_c":"mangaka 2009"},
{"codigo_paquetes":"package 145","variedad_a":"Nachingwea","variedad_b":"Nach(nsinjiro) 2013","variedad_c":"Naliendele"},
{"codigo_paquetes":"package 146","variedad_a":"Nachingwea","variedad_b":"Pendo","variedad_c":"mangaka 2009"},
{"codigo_paquetes":"package 147","variedad_a":"mangaka 2009","variedad_b":"Naliendele","variedad_c":"Nach(nsinjiro) 2013"},
{"codigo_paquetes":"package 148","variedad_a":"Nach(nsinjiro) 2013","variedad_b":"Nachingwea","variedad_c":"Pendo"},
{"codigo_paquetes":"package 149","variedad_a":"Nachingwea","variedad_b":"mangaka 2009","variedad_c":"Naliendele"},
{"codigo_paquetes":"package 15","variedad_a":"Nach(nsinjiro) 2013","variedad_b":"Naliendele","variedad_c":"Nachingwea"},
{"codigo_paquetes":"package 150","variedad_a":"Nach(nsinjiro) 2013","variedad_b":"Pendo","variedad_c":"Naliendele"},
{"codigo_paquetes":"package 16","variedad_a":"Nachingwea","variedad_b":"Pendo","variedad_c":"mangaka 2009"},
{"codigo_paquetes":"package 17","variedad_a":"Naliendele","variedad_b":"mangaka 2009","variedad_c":"Nach(nsinjiro) 2013"},
{"codigo_paquetes":"package 18","variedad_a":"Naliendele","variedad_b":"Nachingwea","variedad_c":"Pendo"},
{"codigo_paquetes":"package 19","variedad_a":"Nachingwea","variedad_b":"Nach(nsinjiro) 2013","variedad_c":"mangaka 2009"},
{"codigo_paquetes":"package 2","variedad_a":"Nach(nsinjiro) 2013","variedad_b":"Naliendele","variedad_c":"mangaka 2009"},
{"codigo_paquetes":"package 20","variedad_a":"Nach(nsinjiro) 2013","variedad_b":"Pendo","variedad_c":"Naliendele"},
{"codigo_paquetes":"package 21","variedad_a":"Naliendele","variedad_b":"Nachingwea","variedad_c":"mangaka 2009"},
{"codigo_paquetes":"package 22","variedad_a":"Pendo","variedad_b":"Nachingwea","variedad_c":"Nach(nsinjiro) 2013"},
{"codigo_paquetes":"package 23","variedad_a":"Pendo","variedad_b":"Naliendele","variedad_c":"mangaka 2009"},
{"codigo_paquetes":"package 24","variedad_a":"mangaka 2009","variedad_b":"Nach(nsinjiro) 2013","variedad_c":"Nachingwea"},
{"codigo_paquetes":"package 25","variedad_a":"Nach(nsinjiro) 2013","variedad_b":"Pendo","variedad_c":"Naliendele"},
{"codigo_paquetes":"package 26","variedad_a":"Nachingwea","variedad_b":"mangaka 2009","variedad_c":"Pendo"},
{"codigo_paquetes":"package 27","variedad_a":"Nach(nsinjiro) 2013","variedad_b":"Naliendele","variedad_c":"mangaka 2009"},
{"codigo_paquetes":"package 28","variedad_a":"Nachingwea","variedad_b":"Pendo","variedad_c":"Naliendele"},
{"codigo_paquetes":"package 29","variedad_a":"Nach(nsinjiro) 2013","variedad_b":"mangaka 2009","variedad_c":"Pendo"},
{"codigo_paquetes":"package 3","variedad_a":"Pendo","variedad_b":"Naliendele","variedad_c":"Nachingwea"},
{"codigo_paquetes":"package 30","variedad_a":"Nach(nsinjiro) 2013","variedad_b":"Nachingwea","variedad_c":"Naliendele"},
{"codigo_paquetes":"package 31","variedad_a":"mangaka 2009","variedad_b":"Pendo","variedad_c":"Naliendele"},
{"codigo_paquetes":"package 32","variedad_a":"Nach(nsinjiro) 2013","variedad_b":"Pendo","variedad_c":"Nachingwea"},
{"codigo_paquetes":"package 33","variedad_a":"Naliendele","variedad_b":"mangaka 2009","variedad_c":"Nachingwea"},
{"codigo_paquetes":"package 34","variedad_a":"mangaka 2009","variedad_b":"Pendo","variedad_c":"Nach(nsinjiro) 2013"},
{"codigo_paquetes":"package 35","variedad_a":"Naliendele","variedad_b":"Nach(nsinjiro) 2013","variedad_c":"Nachingwea"},
{"codigo_paquetes":"package 36","variedad_a":"Pendo","variedad_b":"Nachingwea","variedad_c":"mangaka 2009"},
{"codigo_paquetes":"package 37","variedad_a":"mangaka 2009","variedad_b":"Nach(nsinjiro) 2013","variedad_c":"Naliendele"},
{"codigo_paquetes":"package 38","variedad_a":"Nachingwea","variedad_b":"Naliendele","variedad_c":"Pendo"},
{"codigo_paquetes":"package 39","variedad_a":"mangaka 2009","variedad_b":"Nach(nsinjiro) 2013","variedad_c":"Nachingwea"},
{"codigo_paquetes":"package 4","variedad_a":"Pendo","variedad_b":"Nach(nsinjiro) 2013","variedad_c":"mangaka 2009"},
{"codigo_paquetes":"package 40","variedad_a":"Nach(nsinjiro) 2013","variedad_b":"Pendo","variedad_c":"Naliendele"},
{"codigo_paquetes":"package 41","variedad_a":"mangaka 2009","variedad_b":"Nachingwea","variedad_c":"Naliendele"},
{"codigo_paquetes":"package 42","variedad_a":"Nach(nsinjiro) 2013","variedad_b":"Pendo","variedad_c":"Nachingwea"},
{"codigo_paquetes":"package 43","variedad_a":"mangaka 2009","variedad_b":"Naliendele","variedad_c":"Pendo"},
{"codigo_paquetes":"package 44","variedad_a":"Nachingwea","variedad_b":"Nach(nsinjiro) 2013","variedad_c":"mangaka 2009"},
{"codigo_paquetes":"package 45","variedad_a":"Naliendele","variedad_b":"Pendo","variedad_c":"Nach(nsinjiro) 2013"},
{"codigo_paquetes":"package 46","variedad_a":"mangaka 2009","variedad_b":"Pendo","variedad_c":"Nachingwea"},
{"codigo_paquetes":"package 47","variedad_a":"Naliendele","variedad_b":"Nach(nsinjiro) 2013","variedad_c":"mangaka 2009"},
{"codigo_paquetes":"package 48","variedad_a":"Naliendele","variedad_b":"Pendo","variedad_c":"Nachingwea"},
{"codigo_paquetes":"package 49","variedad_a":"mangaka 2009","variedad_b":"Nach(nsinjiro) 2013","variedad_c":"Pendo"},
{"codigo_paquetes":"package 5","variedad_a":"Nachingwea","variedad_b":"Naliendele","variedad_c":"Nach(nsinjiro) 2013"},
{"codigo_paquetes":"package 50","variedad_a":"Naliendele","variedad_b":"Nachingwea","variedad_c":"Nach(nsinjiro) 2013"},
{"codigo_paquetes":"package 51","variedad_a":"mangaka 2009","variedad_b":"Pendo","variedad_c":"Naliendele"},
{"codigo_paquetes":"package 52","variedad_a":"Pendo","variedad_b":"Nach(nsinjiro) 2013","variedad_c":"Nachingwea"},
{"codigo_paquetes":"package 53","variedad_a":"mangaka 2009","variedad_b":"Naliendele","variedad_c":"Nachingwea"},
{"codigo_paquetes":"package 54","variedad_a":"Pendo","variedad_b":"Nach(nsinjiro) 2013","variedad_c":"mangaka 2009"},
{"codigo_paquetes":"package 55","variedad_a":"Nach(nsinjiro) 2013","variedad_b":"Nachingwea","variedad_c":"Naliendele"},
{"codigo_paquetes":"package 56","variedad_a":"mangaka 2009","variedad_b":"Nachingwea","variedad_c":"Pendo"},
{"codigo_paquetes":"package 57","variedad_a":"Naliendele","variedad_b":"Nach(nsinjiro) 2013","variedad_c":"mangaka 2009"},
{"codigo_paquetes":"package 58","variedad_a":"Pendo","variedad_b":"Nachingwea","variedad_c":"Naliendele"},
{"codigo_paquetes":"package 59","variedad_a":"Nachingwea","variedad_b":"mangaka 2009","variedad_c":"Nach(nsinjiro) 2013"},
{"codigo_paquetes":"package 6","variedad_a":"Pendo","variedad_b":"Naliendele","variedad_c":"mangaka 2009"},
{"codigo_paquetes":"package 60","variedad_a":"Nach(nsinjiro) 2013","variedad_b":"Naliendele","variedad_c":"Pendo"},
{"codigo_paquetes":"package 61","variedad_a":"mangaka 2009","variedad_b":"Naliendele","variedad_c":"Nachingwea"},
{"codigo_paquetes":"package 62","variedad_a":"Nachingwea","variedad_b":"Pendo","variedad_c":"Nach(nsinjiro) 2013"},
{"codigo_paquetes":"package 63","variedad_a":"Pendo","variedad_b":"mangaka 2009","variedad_c":"Naliendele"},
{"codigo_paquetes":"package 64","variedad_a":"Nach(nsinjiro) 2013","variedad_b":"mangaka 2009","variedad_c":"Nachingwea"},
{"codigo_paquetes":"package 65","variedad_a":"Nach(nsinjiro) 2013","variedad_b":"Naliendele","variedad_c":"Pendo"},
{"codigo_paquetes":"package 66","variedad_a":"Pendo","variedad_b":"mangaka 2009","variedad_c":"Nachingwea"},
{"codigo_paquetes":"package 67","variedad_a":"mangaka 2009","variedad_b":"Naliendele","variedad_c":"Nach(nsinjiro) 2013"},
{"codigo_paquetes":"package 68","variedad_a":"Pendo","variedad_b":"Naliendele","variedad_c":"Nachingwea"},
{"codigo_paquetes":"package 69","variedad_a":"Nach(nsinjiro) 2013","variedad_b":"mangaka 2009","variedad_c":"Pendo"},
{"codigo_paquetes":"package 7","variedad_a":"mangaka 2009","variedad_b":"Nachingwea","variedad_c":"Nach(nsinjiro) 2013"},
{"codigo_paquetes":"package 70","variedad_a":"Naliendele","variedad_b":"Nachingwea","variedad_c":"Nach(nsinjiro) 2013"},
{"codigo_paquetes":"package 71","variedad_a":"mangaka 2009","variedad_b":"Pendo","variedad_c":"Naliendele"},
{"codigo_paquetes":"package 72","variedad_a":"Nach(nsinjiro) 2013","variedad_b":"Nachingwea","variedad_c":"Pendo"},
{"codigo_paquetes":"package 73","variedad_a":"mangaka 2009","variedad_b":"Naliendele","variedad_c":"Nachingwea"},
{"codigo_paquetes":"package 74","variedad_a":"mangaka 2009","variedad_b":"Nach(nsinjiro) 2013","variedad_c":"Pendo"},
{"codigo_paquetes":"package 75","variedad_a":"Nachingwea","variedad_b":"Nach(nsinjiro) 2013","variedad_c":"Naliendele"},
{"codigo_paquetes":"package 76","variedad_a":"Naliendele","variedad_b":"Pendo","variedad_c":"mangaka 2009"},
{"codigo_paquetes":"package 77","variedad_a":"mangaka 2009","variedad_b":"Nachingwea","variedad_c":"Nach(nsinjiro) 2013"},
{"codigo_paquetes":"package 78","variedad_a":"Pendo","variedad_b":"Naliendele","variedad_c":"Nachingwea"},
{"codigo_paquetes":"package 79","variedad_a":"Naliendele","variedad_b":"Nach(nsinjiro) 2013","variedad_c":"mangaka 2009"},
{"codigo_paquetes":"package 8","variedad_a":"Naliendele","variedad_b":"Pendo","variedad_c":"Nach(nsinjiro) 2013"},
{"codigo_paquetes":"package 80","variedad_a":"Nachingwea","variedad_b":"Pendo","variedad_c":"Nach(nsinjiro) 2013"},
{"codigo_paquetes":"package 81","variedad_a":"Nachingwea","variedad_b":"Naliendele","variedad_c":"mangaka 2009"},
{"codigo_paquetes":"package 82","variedad_a":"Pendo","variedad_b":"Naliendele","variedad_c":"Nach(nsinjiro) 2013"},
{"codigo_paquetes":"package 83","variedad_a":"Pendo","variedad_b":"mangaka 2009","variedad_c":"Nachingwea"},
{"codigo_paquetes":"package 84","variedad_a":"Naliendele","variedad_b":"Nach(nsinjiro) 2013","variedad_c":"mangaka 2009"},
{"codigo_paquetes":"package 85","variedad_a":"Pendo","variedad_b":"Nach(nsinjiro) 2013","variedad_c":"Nachingwea"},
{"codigo_paquetes":"package 86","variedad_a":"Naliendele","variedad_b":"Nachingwea","variedad_c":"mangaka 2009"},
{"codigo_paquetes":"package 87","variedad_a":"mangaka 2009","variedad_b":"Pendo","variedad_c":"Nach(nsinjiro) 2013"},
{"codigo_paquetes":"package 88","variedad_a":"Naliendele","variedad_b":"Nachingwea","variedad_c":"Pendo"},
{"codigo_paquetes":"package 89","variedad_a":"Nach(nsinjiro) 2013","variedad_b":"Nachingwea","variedad_c":"mangaka 2009"},
{"codigo_paquetes":"package 9","variedad_a":"Pendo","variedad_b":"Nachingwea","variedad_c":"mangaka 2009"},
{"codigo_paquetes":"package 90","variedad_a":"Nach(nsinjiro) 2013","variedad_b":"Naliendele","variedad_c":"Pendo"},
{"codigo_paquetes":"package 91","variedad_a":"Nachingwea","variedad_b":"Pendo","variedad_c":"mangaka 2009"},
{"codigo_paquetes":"package 92","variedad_a":"Nach(nsinjiro) 2013","variedad_b":"Naliendele","variedad_c":"mangaka 2009"},
{"codigo_paquetes":"package 93","variedad_a":"Pendo","variedad_b":"Nachingwea","variedad_c":"Naliendele"},
{"codigo_paquetes":"package 94","variedad_a":"Pendo","variedad_b":"mangaka 2009","variedad_c":"Nach(nsinjiro) 2013"},
{"codigo_paquetes":"package 95","variedad_a":"Nach(nsinjiro) 2013","variedad_b":"Nachingwea","variedad_c":"Naliendele"},
{"codigo_paquetes":"package 96","variedad_a":"Pendo","variedad_b":"mangaka 2009","variedad_c":"Naliendele"},
{"codigo_paquetes":"package 97","variedad_a":"Nach(nsinjiro) 2013","variedad_b":"Nachingwea","variedad_c":"mangaka 2009"},
{"codigo_paquetes":"package 98","variedad_a":"Pendo","variedad_b":"Naliendele","variedad_c":"Nach(nsinjiro) 2013"},
{"codigo_paquetes":"package 99","variedad_a":"Naliendele","variedad_b":"mangaka 2009","variedad_c":"Nachingwea"}
]
