[
{"codigo_paquetes":"package_wheat_18_01","variedad_a":"sicho","variedad_b":"select","variedad_c":"nduna"},
{"codigo_paquetes":"package_wheat_18_02","variedad_a":"shungu","variedad_b":"nduna","variedad_c":"sicho"},
{"codigo_paquetes":"package_wheat_18_03","variedad_a":"nduna","variedad_b":"shungu","variedad_c":"select"},
{"codigo_paquetes":"package_wheat_18_04","variedad_a":"select","variedad_b":"sicho","variedad_c":"shungu"},
{"codigo_paquetes":"package_wheat_18_05","variedad_a":"shungu","variedad_b":"sicho","variedad_c":"select"},
{"codigo_paquetes":"package_wheat_18_06","variedad_a":"select","variedad_b":"shungu","variedad_c":"nduna"},
{"codigo_paquetes":"package_wheat_18_07","variedad_a":"nduna","variedad_b":"select","variedad_c":"sicho"},
{"codigo_paquetes":"package_wheat_18_08","variedad_a":"sicho","variedad_b":"nduna","variedad_c":"shungu"},
{"codigo_paquetes":"package_wheat_18_09","variedad_a":"shungu","variedad_b":"sicho","variedad_c":"select"},
{"codigo_paquetes":"package_wheat_18_10","variedad_a":"sicho","variedad_b":"select","variedad_c":"nduna"},
{"codigo_paquetes":"package_wheat_18_11","variedad_a":"select","variedad_b":"nduna","variedad_c":"shungu"},
{"codigo_paquetes":"package_wheat_18_12","variedad_a":"nduna","variedad_b":"shungu","variedad_c":"sicho"},
{"codigo_paquetes":"package_wheat_18_13","variedad_a":"sicho","variedad_b":"select","variedad_c":"nduna"},
{"codigo_paquetes":"package_wheat_18_14","variedad_a":"shungu","variedad_b":"nduna","variedad_c":"select"},
{"codigo_paquetes":"package_wheat_18_15","variedad_a":"select","variedad_b":"shungu","variedad_c":"sicho"},
{"codigo_paquetes":"package_wheat_18_16","variedad_a":"nduna","variedad_b":"sicho","variedad_c":"shungu"},
{"codigo_paquetes":"package_wheat_18_17","variedad_a":"sicho","variedad_b":"select","variedad_c":"nduna"},
{"codigo_paquetes":"package_wheat_18_18","variedad_a":"shungu","variedad_b":"nduna","variedad_c":"select"}
]
