,trial,crop,planting_date_avg,New edited date,planting_date_min,planting_date_min-edited,planting_date_max,planting_date_max-edited
1,2017_amh_achefer_fingermillet,fingermillet,09/10/2009,16/06/2017,09/10/2009,16/06/2017,09/10/2009,16/06/2017
2,2017_amh_bdu_habru_sorghum,sorghum,11/11/2009,18/07/2017,02/11/2009,09/07/2017,19/11/2009,26/07/2017
3,2017_amh_dejen_tef,teff,02/12/2009,08/08/2017,15/11/2009,22/07/2017,25/12/2009,31/08/2017
4,2017_amh_dera_fingermillet,fingermillet,10/10/2009,17/06/2017,03/10/2009,10/06/2017,09/11/2009,16/07/2017
5,2017_amh_faggeta_fingermillet,fingermillet,09/11/2009,16/07/2017,09/11/2009,16/07/2017,11/11/2009,18/07/2017
6,2017_amh_faggeta_tef,teff,09/11/2009,16/07/2017,09/11/2009,16/07/2017,11/11/2009,18/07/2017
7,2017_amh_habru_sorghum,sorghum,11/11/2009,18/07/2017,02/11/2009,09/07/2017,19/11/2009,26/07/2017
8,2017_amh_meket_wheat,breadwheat,30/10/2009,07/07/2017,03/10/2009,10/06/2017,30/11/2009,06/08/2017
9,2017_amh_meket_wheat,durumwheat,30/10/2009,07/07/2017,03/10/2009,10/06/2017,30/11/2009,06/08/2017
10,2017_amh_meket_wheat,wheat,30/10/2009,07/07/2017,03/10/2009,10/06/2017,30/11/2009,06/08/2017
11,2017_oe_fedis_sorghum,sorghum,18/11/2009,25/07/2017,15/11/2009,22/07/2017,21/11/2009,28/07/2017
12,2017_osw_bosat_2kebele_sorghum,sorghum,13/07/2017,13/07/2017,06/06/2017,06/06/2017,30/07/2017,30/07/2017
13,2017_osw_bosat_haricotbean,commonbean,07/07/2017,07/07/2017,12/06/2017,12/06/2017,29/07/2017,29/07/2017
14,2017_osw_bosat_haricotbean,haricotbean,07/07/2017,07/07/2017,12/06/2017,12/06/2017,29/07/2017,29/07/2017
15,2017_osw_dugda_foodbarley,barley,08/07/2017,08/07/2017,21/06/2017,21/06/2017,12/08/2017,12/08/2017
16,2017_osw_goro_haricotbean,haricotbean,24/07/2017,24/07/2017,24/07/2017,24/07/2017,24/07/2017,24/07/2017
17,2017_osw_goro_haricotbean,commonbean,24/07/2017,24/07/2017,24/07/2017,24/07/2017,24/07/2017,24/07/2017
18,2017_osw_lume_dugda_sire_fababean,fababean,15/07/2017,15/07/2017,11/07/2017,11/07/2017,24/07/2017,24/07/2017
19,2017_osw_sire_foodbarley,barley,21/05/2017,21/05/2017,04/05/2017,04/05/2017,24/05/2017,24/05/2017
20,2017_osw_tole_chickpea,chickpea,06/08/2017,06/08/2017,01/08/2017,01/08/2017,24/08/2017,24/08/2017
21,2017_snnpr_chena_fababean,fababean,02/09/2017,02/09/2017,13/08/2017,13/08/2017,12/09/2017,12/09/2017
22,2017_snnpr_dalochahumbo_tef,teff,09/07/2017,07/09/2017,04/08/2017,04/08/2017,08/09/2017,08/09/2017
23,2017_snnpr_derashe_sorghum,sorghum,17/05/2017,17/05/2017,01/05/2017,01/05/2017,19/05/2017,19/05/2017
24,2017_snnpr_kedidagamela_haricotbean,commonbean,12/08/2009,20/04/2017,04/08/2009,12/04/2017,22/08/2009,30/04/2017
25,2017_snnpr_kedidagamela_haricotbean,haricotbean,12/08/2009,20/04/2017,04/08/2009,12/04/2017,22/08/2009,30/04/2017
26,2017_tigray_adwa_wheat,breadwheat,16/07/2017,16/07/2017,13/07/2017,13/07/2017,20/07/2017,20/07/2017
27,2017_tigray_adwa_wheat,wheat,16/07/2017,16/07/2017,13/07/2017,13/07/2017,20/07/2017,20/07/2017
28,2018_amh_achefer_haricotbean,commonbean,21/10/2010,28/06/2018,04/10/2010,11/06/2018,20/11/2010,27/07/2018
29,2018_amh_achefer_haricotbean,haricotbean,21/10/2010,28/06/2018,04/10/2010,11/06/2018,20/11/2010,27/07/2018
30,2018_amh_dabat_wheat,breadwheat,14/11/2010,21/07/2018,27/06/2018,27/06/2018,28/07/2018,28/07/2018
31,2018_amh_dabat_wheat,wheat,14/11/2010,21/07/2018,27/06/2018,27/06/2018,28/07/2018,28/07/2018
32,2018_amh_dejen_fababean,fababean,08/07/2018,08/07/2018,01/07/2018,01/07/2018,11/07/2018,11/07/2018
33,2018_amh_dera_fingermillet,fingermillet,18/10/2010,25/06/2018,15/09/2010,23/05/2018,11/11/2010,18/07/2018
34,2018_amh_fagita_tef,teff,24/10/2010,01/07/2018,15/10/2010,22/06/2018,28/10/2010,05/07/2018
35,2018_amh_gonchasiso_teff,teff,23/07/2018,23/07/2018,05/07/2018,05/07/2018,24/07/2018,24/07/2018
36,2018_amh_gonchasiso_wheat,breadwheat,23/07/2018,23/07/2018,12/07/2018,12/07/2018,29/07/2018,29/07/2018
37,2018_amh_habru_sorghum,sorghum,26/11/2010,02/08/2018,03/11/2010,10/07/2018,30/11/2010,06/08/2018
38,2018_amh_habru_tef,teff,20/07/2018,20/07/2018,10/07/2018,10/07/2018,01/08/2018,01/08/2018
39,2018_amh_meket_wheat2,breadwheat,10/07/2018,10/07/2018,03/07/2018,03/07/2018,30/07/2018,30/07/2018
40,2018_amh_meket_wheat2,wheat,10/07/2018,10/07/2018,03/07/2018,03/07/2018,30/07/2018,30/07/2018
41,2018_amh_northachefer_tef,teff,22/11/2010,29/07/2018,02/11/2010,09/07/2018,25/12/2010,31/08/2018
42,2018_amhara_bdu_fieldpea,fieldpea,13/07/2018,13/07/2018,08/07/2018,08/07/2018,15/07/2018,15/07/2018
43,2018_oe_chiro_haricotbean,haricotbean,15/11/2010,22/07/2018,03/11/2010,10/07/2018,01/12/2010,07/08/2018
44,2018_oe_chiro_haricotbean,commonbean,15/11/2010,22/07/2018,03/11/2010,10/07/2018,01/12/2010,07/08/2018
45,2018_oe_chiro_maize,maize,22/10/2010,29/06/2018,02/10/2010,09/06/2018,21/11/2010,28/07/2018
46,2018_oe_doba_chickpea,chickpea,17/12/2010,23/08/2018,04/12/2010,10/08/2018,30/12/2010,05/09/2018
47,2018_oe_doba_maize,maize,26/10/2010,03/07/2018,03/10/2010,10/06/2018,29/11/2010,05/08/2018
48,2018_oe_doba_wheat,breadwheat,23/11/2010,30/07/2018,12/11/2010,19/07/2018,29/11/2010,05/08/2018
49,2018_oe_doba_wheat,wheat,23/11/2010,30/07/2018,12/11/2010,19/07/2018,29/11/2010,05/08/2018
50,2018_oe_fedis_durumwheat,durumwheat,18/11/2010,28/08/2018,03/01/2011,07/08/2018,16/12/2015,18/09/2018
51,2018_oe_girawa_tef,teff,20/12/2010,26/08/2018,04/12/2010,10/08/2018,05/01/2011,15/09/2018
52,2018_oe_grawa_haricotbean,haricotbean,15/12/2010,21/08/2018,13/12/2010,19/08/2018,26/12/2010,01/09/2018
53,2018_oe_grawa_haricotbean,commonbean,15/12/2010,21/08/2018,13/12/2010,19/08/2018,26/12/2010,01/09/2018
54,2018_oe_grawa_wheat,breadwheat,06/12/2010,12/08/2018,16/11/2010,23/07/2018,27/12/2010,02/09/2018
55,2018_oe_jarso_wheat,breadwheat,10/11/2010,17/07/2018,10/10/2010,17/06/2018,16/11/2010,23/07/2018
56,2018_oe_jarso_wheat,wheat,10/11/2010,17/07/2018,10/10/2010,17/06/2018,16/11/2010,23/07/2018
57,2018_oe_meta_hakabas_maize,maize,13/10/2010,20/06/2018,02/10/2010,09/06/2018,26/11/2010,02/08/2018
58,2018_oe_meta_haqabas_maize,maize,14/10/2010,21/06/2018,02/10/2010,09/06/2018,26/11/2010,02/08/2018
59,2018_oe_meta_haricotbean,commonbean,14/10/2010,21/06/2018,01/10/2010,08/06/2018,12/11/2010,19/07/2018
60,2018_oe_meta_haricotbean,haricotbean,14/10/2010,21/06/2018,01/10/2010,08/06/2018,12/11/2010,19/07/2018
61,2018_oe_meta_walensu_maize,maize,24/10/2010,01/07/2018,20/10/2010,27/06/2018,29/10/2010,06/07/2018
62,2018_oe_oda_bultum_chickpea,chickpea,24/10/2010,01/07/2018,13/10/2010,20/06/2018,29/10/2010,06/07/2018
63,2018_orosw_bojichekorsa_haricotbean,commonbean,11/08/2018,11/08/2018,09/08/2018,09/08/2018,16/08/2018,16/08/2018
64,2018_orosw_bojichekorsa_haricotbean,haricotbean,11/08/2018,11/08/2018,09/08/2018,09/08/2018,16/08/2018,16/08/2018
65,2018_orosw_bojichekorsa_tef,teff,18/08/2018,18/08/2018,18/08/2018,18/08/2018,18/08/2018,18/08/2018
66,2018_orosw_bojisayo_fingermillet,fingermillet,19/08/2018,19/08/2018,11/08/2018,11/08/2018,05/09/2018,05/09/2018
67,2018_orosw_bore_wheat,breadwheat,NaN,,Inf,Inf,#NAME?,
68,2018_orosw_boset_tef,teff,17/07/2018,17/07/2018,14/06/2018,14/06/2018,29/07/2018,29/07/2018
69,2018_orosw_dugda_chickpea,chickpea,07/08/2018,07/08/2018,03/07/2018,03/07/2018,30/08/2018,30/08/2018
70,2018_orosw_dugda_foodbarley,barley,21/06/2018,21/06/2018,20/03/2018,20/06/2018,24/07/2018,24/07/2018
71,2018_orosw_goro_chickpea,chickpea,13/08/2018,13/08/2018,03/07/2018,03/07/2018,30/08/2018,30/08/2018
72,2018_orosw_gorobale_blackcumin,blackcumin,18/09/2018,18/09/2018,08/09/2018,08/09/2018,27/09/2018,27/09/2018
73,2018_orosw_gorobale_chickpea,chickpea,19/09/2018,19/09/2018,17/09/2018,17/09/2018,23/09/2018,23/09/2018
74,2018_orosw_gorobale_tef,teff,28/09/2018,28/09/2018,10/09/2018,10/09/2018,23/10/2018,23/10/2018
75,2018_orosw_lome_fababean,fababean,27/06/2018,27/06/2018,20/06/2011,20/06/2018,24/07/2018,24/07/2018
76,2018_orosw_sayo_breadwheat,breadwheat,03/09/2018,03/09/2018,05/08/2018,05/08/2018,09/09/2018,09/09/2018
77,2018_orosw_sayo_foodbarley,barley,18/09/2018,18/09/2018,18/09/2018,18/09/2018,18/09/2018,18/09/2018
78,2018_orosw_sinana_fababean,fababean,19/08/2018,19/08/2018,03/08/2018,03/08/2018,30/08/2018,30/08/2018
79,2018_orosw_sinana_fieldpea,fieldpea,23/08/2018,23/08/2018,14/08/2018,14/08/2018,30/08/2018,30/08/2018
80,2018_orosw_sinana_foodbarley,barley,04/08/2018,04/08/2018,15/07/2018,15/07/2018,28/08/2018,28/08/2018
81,2018_orosw_sire_barley,barley,23/06/2018,23/06/2018,20/06/2011,20/06/2018,24/07/2018,24/07/2018
82,2018_orosw_tole_fababean,fababean,10/06/2018,10/06/2018,11/02/2018,01/06/2018,30/06/2018,30/06/2018
83,2018_orosw_tole_lentil,lentil,13/09/2018,13/09/2018,04/09/2018,04/09/2018,20/09/2018,20/09/2018
84,2018_osw_boset_haricotbean,commonbean,22/06/2018,22/06/2018,01/06/2011,01/06/2018,30/06/2018,30/06/2018
85,2018_osw_boset_haricotbean,haricotbean,22/03/2018,22/06/2018,01/06/2011,01/06/2018,30/06/2018,30/06/2018
86,2018_osw_boset_sorghum,sorghum,21/06/2018,21/06/2018,07/05/2018,07/05/2018,31/07/2018,31/07/2018
87,2018_snnp_chena_barley,barley,10/12/2010,16/08/2018,08/12/2010,14/08/2018,13/12/2010,19/08/2018
88,2018_snnp_dalocha_wheat,breadwheat,04/12/2010,10/08/2018,26/11/2010,02/08/2018,06/12/2010,12/08/2018
89,2018_snnp_damotgale_adedamot_hbean,commonbean,22/12/2010,28/08/2018,13/12/2010,19/08/2018,29/12/2010,04/09/2018
90,2018_snnp_damotgale_adedamot_hbean,haricotbean,22/12/2010,28/08/2018,13/12/2010,19/08/2018,29/12/2010,04/09/2018
91,2018_snnp_damotgale_adekoyisha_haricotbean,commonbean,22/12/2010,28/08/2018,14/12/2010,20/08/2018,29/12/2010,04/09/2018
92,2018_snnp_damotgale_adekoyisha_haricotbean,haricotbean,22/12/2010,28/08/2018,14/12/2010,20/08/2018,29/12/2010,04/09/2018
93,2018_snnp_damotgale_buge_tef,teff,21/12/2010,27/08/2018,17/12/2010,23/08/2018,30/12/2010,05/09/2018
94,2018_snnp_damotgale_gacheno_tef,teff,26/12/2010,01/09/2018,22/12/2010,28/08/2018,03/01/2011,13/09/2018
95,2018_snnp_halaba_fingermillet,fingermillet,09/09/2010,17/05/2018,03/09/2010,11/05/2018,14/09/2010,22/05/2018
96,2018_snnp_humbo_haricotbean,haricotbean,17/08/2010,25/04/2018,14/08/2010,22/04/2018,19/08/2010,27/04/2018
97,2018_snnp_lemo_tef,teff,05/12/2010,11/08/2018,30/11/2010,06/08/2018,10/12/2010,16/08/2018
98,2018_snnp_lemo_wheat,breadwheat,26/11/2010,02/08/2018,14/11/2010,21/07/2018,29/11/2010,05/08/2018
99,2018_snnp_lemo_wheat,durumwheat,26/11/2010,02/08/2018,14/11/2010,21/07/2018,29/11/2010,05/08/2018
100,2018_snnp_lemo_wheat,wheat,26/11/2010,02/08/2018,14/11/2010,21/07/2018,29/11/2010,05/08/2018
101,2018_snnpr_chena_fababean,fababean,10/12/2010,16/08/2018,07/12/2010,13/08/2018,13/12/2010,19/08/2018
102,2018_snnpr_derashe_sorghum,sorghum,04/07/2010,13/03/2018,13/06/2010,20/02/2018,21/07/2010,30/03/2018
103,2018_snnpr_kedidagamela_haricotbean,haricotbean,14/07/2010,23/03/2018,06/07/2010,15/03/2018,27/07/2010,05/04/2018
104,2018_snnpr_kedidagamela_haricotbean,commonbean,14/07/2010,23/03/2018,06/07/2010,15/03/2018,27/07/2010,05/04/2018
105,2019_ade_sibaye_tef,teff,23/12/2011,29/08/2019,21/12/2011,27/08/2019,27/12/2011,02/09/2019
106,2019_amh_dabat_barley,barley,05/11/2011,12/07/2019,01/11/2011,08/07/2019,11/11/2011,18/07/2019
107,2019_amh_dabat_fababean,fababean,10/10/2011,17/06/2019,10/10/2011,17/06/2019,10/10/2011,17/06/2019
108,2019_amh_dejen_barley,barley,08/10/2011,15/06/2019,03/10/2011,10/06/2019,11/10/2011,18/06/2019
109,2019_amh_dera_fingermillet2,fingermillet,16/10/2011,23/06/2019,03/10/2011,10/06/2019,26/10/2011,03/07/2019
110,2019_amh_dera_fmillet,fingermillet,16/10/2011,23/06/2019,03/10/2011,10/06/2019,26/10/2011,03/07/2019
111,2019_amh_fagita_fmillet,fingermillet,22/10/2011,29/06/2019,14/10/2011,21/06/2019,01/11/2011,08/07/2019
112,2019_amh_fagita_tef,teff,23/10/2011,30/06/2019,18/10/2011,25/06/2019,28/10/2011,05/07/2019
113,2019_amh_gonchasiso_tef,teff,17/11/2011,24/07/2019,01/11/2011,08/07/2019,30-Nov,06/08/2019
114,2019_amh_gonchasiso_wheat,breadwheat,11/11/2011,18/07/2019,01/11/2011,08/07/2019,25/11/2011,01/08/2019
115,2019_amh_habru_k34_tef,teff,06/08/2019,06/08/2019,05/08/2019,05/08/2019,08/08/2019,08/08/2019
116,2019_amh_harbu_k35_tef,teff,09/08/2019,09/08/2019,01/08/2019,01/08/2019,24/08/2019,24/08/2019
117,2019_amh_meket_barley,barley,NaN,24/06/2019,Inf,20/06/2019,#NAME?,27/06/2019
118,2019_amh_meket_wheat,breadwheat,18/10/2011,25/06/2019,11/10/2011,18/06/2019,28/10/2011,05/07/2019
119,2019_amh_meket_wheat,durumwheat,18/10/2011,25/06/2019,11/10/2011,18/06/2019,28/10/2011,05/07/2019
120,2019_amh_nachefer_ambeshen_tef,teff,NaN,23/07/2019,Inf,09/07/2019,#NAME?,06/08/2019
121,2019_amh_nachefer_libendankura_tef,teff,NaN,27/06/2019,Inf,23/06/2019,#NAME?,27/06/2019
122,2019_amh_nachefer_senkor_tef,teff,07/10/2011,14/06/2019,03/10/2011,10/06/2019,11/11/2011,18/07/2019
123,2019_amh_nachefer_tef,teff,07/10/2011,14/06/2019,02/10/2011,09/06/2019,11/11/2011,18/07/2019
124,2019_amhara_metema_sesame,sesame,08/07/2011,17/03/2019,01/07/2011,10/03/2019,11/07/2011,20/03/2019
125,2019_amhara_metema_soyabean2,soybean,04/11/2011,11/07/2019,01/11/2011,08/07/2019,11/11/2011,18/07/2019
126,2019_amhara_na_senkor_tef,teff,07/11/2011,14/07/2019,03/11/2011,10/07/2019,11/11/2011,18/07/2019
127,2019_dalocha_gk_tef,teff,14/11/2011,21/07/2019,12/11/2011,19/07/2019,18/11/2011,25/07/2019
128,2019_harobulluk_wheat,breadwheat,25/07/2019,25/07/2019,17/07/2019,17/07/2019,04/08/2019,04/08/2019
129,2019_humbo_abella_hbean,haricotbean,17/06/2011,24/02/2019,12/05/2011,20/01/2019,11/08/2011,19/04/2019
130,2019_humbo_abella_hbean,commonbean,17/06/2011,24/02/2019,12/05/2011,20/01/2019,11/08/2011,19/04/2019
131,2019_humbo_koisha_hbean,commonbean,NaN,25/04/2019,Inf,23/04/2019,#NAME?,30/04/2019
132,2019_humbo_koisha_hbean,haricotbean,NaN,25/04/2019,Inf,23/04/2019,#NAME?,30/04/2019
133,2019_kedidagamela_haricotbean,haricotbean,23/08/2011,01/05/2019,11/08/2011,19/04/2019,28/11/2011,04/08/2019
134,2019_kedidagamela_haricotbean,commonbean,23/08/2011,01/05/2019,11/08/2011,19/04/2019,28/11/2011,04/08/2019
135,2019_oe_chiro_haricotbean,haricotbean,08/11/2011,15/07/2019,01/11/2011,08/07/2019,11/12/2011,17/08/2019
136,2019_oe_chiro_haricotbean,commonbean,08/11/2011,15/07/2019,01/11/2011,08/07/2019,11/12/2011,17/08/2019
137,2019_oe_chiro_sorghum,sorghum,17/11/2011,24/07/2019,10/11/2011,17/07/2019,10/12/2011,16/08/2019
138,2019_oe_chiro_tef,teff,01/12/2011,07/08/2019,01/12/2011,07/08/2019,01/12/2011,07/08/2019
139,2019_oe_doba_haricotbean,commonbean,14/11/2011,21/07/2019,04/11/2011,11/07/2019,29/11/2011,05/08/2019
140,2019_oe_doba_haricotbean,haricotbean,14/11/2011,21/07/2019,04/11/2011,11/07/2019,29/11/2011,05/08/2019
141,2019_oe_doba_maize1,maize,28/09/2011,05/06/2019,13/09/2011,21/05/2019,30/10/2011,07/07/2019
142,2019_oe_doba_wheat,breadwheat,18/11/2011,25/07/2019,02/11/2011,09/07/2019,30/11/2011,06/08/2019
143,2019_oe_doba_wheat,durumwheat,18/11/2011,25/07/2019,02/11/2011,09/07/2019,30/11/2011,06/08/2019
144,2019_oe_girawa_fababean,fababean,12/05/2011,20/01/2019,12/05/2011,20/01/2019,12/05/2011,20/01/2019
145,2019_oe_girawa_sorghum,sorghum,NaN,04/07/2019,Inf,20/06/2019,#NAME?,13/08/2019
146,2019_oe_girawa_tef,teff,NaN,24/08/2019,Inf,19/08/2019,#NAME?,28/08/2019
147,2019_oe_jarso_maize,maize,14/09/2011,22/05/2019,05/09/2011,13/05/2019,22/09/2011,30/05/2019
148,2019_oe_jarso_wheat,breadwheat,25/11/2011,01/08/2019,02/11/2011,09/07/2019,11/12/2011,17/08/2019
149,2019_oe_jarso_wheat,durumwheat,25/11/2011,01/08/2019,02/11/2011,09/07/2019,11/12/2011,17/08/2019
150,2019_oe_kersa_fababean,fababean,03/12/2011,09/08/2019,03/12/2011,09/08/2019,03/12/2011,09/08/2019
151,2019_oe_kurfa_chale_maize,maize,22/09/2011,30/05/2019,15/09/2011,23/05/2019,10/10/2011,17/06/2019
152,2019_oe_kurfa_chale_wheat,breadwheat,08/12/2011,14/08/2019,23/11/2011,30/07/2019,21/12/2011,27/08/2019
153,2019_oe_meta_haricotbean,commonbean,14/11/2011,21/07/2019,09/11/2011,16/07/2019,25/11/2011,01/08/2019
154,2019_oe_meta_haricotbean,haricotbean,14/11/2011,21/07/2019,09/11/2011,16/07/2019,25/11/2011,01/08/2019
155,2019_oe_meta_sorghum,sorghum,23/09/2011,31/05/2019,28/08/2011,06/05/2019,23/11/2011,30/07/2019
156,2019_oe_meta_tef,teff,16/12/2011,22/08/2019,12/12/2011,18/08/2019,21/12/2011,27/08/2019
157,2019_oe_meta_wheat,breadwheat,20/11/2011,27/07/2019,17/11/2011,24/07/2019,25/11/2011,01/08/2019
158,2019_oe_meta_wheat,durumwheat,20/11/2011,27/07/2019,17/11/2011,24/07/2019,25/11/2011,01/08/2019
159,2019_oeast_chiro_maize1,maize,NaN,02/06/2019,Inf,20/05/2019,#NAME?,02/07/2019
160,2019_oromiasw_gudeyabilla_wheat,breadwheat,23/07/2019,23/07/2019,14/07/2019,14/07/2019,04/08/2019,04/08/2019
161,2019_osw_balegoro_chickpea,chickpea,NaN,01/10/2019,Inf,20/09/2019,#NAME?,04/11/2019
162,2019_osw_balegoro_tef,teff,NaN,02/10/2019,Inf,16/09/2019,#NAME?,26/10/2019
163,2019_osw_bore_fababean,fababean,20/11/2011,27/07/2019,14/11/2011,21/07/2019,28/11/2011,04/08/2019
164,2019_osw_bore_foodbarley,barley,20/11/2011,27/07/2019,18/11/2011,25/07/2019,25/11/2011,01/08/2019
165,2019_osw_bore_tef,teff,NaN,13/10/2019,Inf,03/10/2019,#NAME?,09/11/2019
166,2019_osw_boset_haricotbean,commonbean,15/07/2019,15/07/2019,07/07/2019,07/07/2019,23/07/2019,23/07/2019
167,2019_osw_boset_haricotbean,haricotbean,15/07/2019,15/07/2019,07/07/2019,07/07/2019,23/07/2019,23/07/2019
168,2019_osw_boset_tef,teff,14/07/2019,14/07/2019,04/07/2019,04/07/2019,29/07/2019,29/07/2019
169,2019_osw_dugda_foodbarley,barley,NaN,27/07/2019,Inf,12/07/2019,#NAME?,30/07/2019
170,2019_osw_dugda_haricotbean,commonbean,13/07/2019,13/07/2019,02/07/2019,02/07/2019,29/07/2019,29/07/2019
171,2019_osw_dugda_haricotbean,haricotbean,13/07/2019,13/07/2019,02/07/2019,02/07/2019,29/07/2019,29/07/2019
172,2019_osw_gbhbu_bwheat,breadwheat,NaN,25/07/2019,Inf,07/07/2019,#NAME?,04/08/2019
173,2019_osw_gbhbu_tef,teff,NaN,25/07/2019,Inf,04/07/2019,#NAME?,04/08/2019
174,2019_osw_goro_blackcumin,blackcumin,NaN,30/10/2019,Inf,14/10/2019,#NAME?,09/11/2019
175,2019_osw_goro_fababean,fababean,NaN,,Inf,Inf,#NAME?,
176,2019_osw_goro_haricotbean,commonbean,NaN,,Inf,Inf,#NAME?,
177,2019_osw_goro_haricotbean,haricotbean,NaN,,Inf,Inf,#NAME?,
178,2019_osw_lume_haricotbean,commonbean,12/07/2019,12/07/2019,28/06/2019,28/06/2019,27/07/2019,27/07/2019
179,2019_osw_lume_haricotbean,haricotbean,12/07/2019,12/07/2019,28/06/2019,28/06/2019,27/07/2019,27/07/2019
180,2019_osw_lume_tef,teff,24/07/2019,24/07/2019,05/07/2019,05/07/2019,08/08/2019,08/08/2019
181,2019_osw_sayoboji_fmillet,fingermillet,01/08/2019,01/08/2019,17/07/2019,17/07/2019,07/09/2019,07/09/2019
182,2019_osw_sinana_fababean,fababean,18/12/2011,24/08/2019,10/12/2011,16/08/2019,27/12/2011,02/09/2019
183,2019_osw_sinana_fieldpea,fieldpea,18/12/2011,24/08/2019,03/12/2011,09/08/2019,30/12/2011,05/09/2019
184,2019_osw_sinana_foodbarley,barley,16/12/2011,22/08/2019,01/12/2011,07/08/2019,28/12/2011,03/09/2019
185,2019_osw_sinana_oat,oat,17/12/2011,23/08/2019,07/12/2011,13/08/2019,30/12/2011,05/09/2019
186,2019_osw_sire_haricotbean,commonbean,12/06/2019,12/06/2019,06/06/2019,06/06/2019,20/06/2019,20/06/2019
187,2019_osw_sire_haricotbean,haricotbean,12/06/2019,12/06/2019,06/06/2019,06/06/2019,20/06/2019,20/06/2019
188,2019_osw_sire_wheat,breadwheat,NaN,,Inf,Inf,#NAME?,
189,2019_osw_tole_fababean,fababean,10/10/2011,17/06/2019,06/10/2011,13/06/2019,14/11/2011,21/07/2019
190,2019_osw_tole_wheat,breadwheat,NaN,,Inf,Inf,#NAME?,
191,2019_sayobojy_haricotbean2,commonbean,20/08/2019,20/08/2019,13/08/2019,13/08/2019,29/08/2019,29/08/2019
192,2019_sayobojy_haricotbean2,haricotbean,20/08/2019,20/08/2019,13/08/2019,13/08/2019,29/08/2019,29/08/2019
193,2019_snnpr_adilo_hbean,haricotbean,17/12/2011,23/08/2019,12/12/2011,18/08/2019,24/12/2011,30/08/2019
194,2019_snnpr_adilo_hbean,commonbean,17/12/2011,23/08/2019,12/12/2011,18/08/2019,24/12/2011,30/08/2019
195,2019_snnpr_adilo_tef,teff,27/06/2011,06/03/2019,12/06/2011,19/02/2019,11/07/2011,20/03/2019
196,2019_snnpr_anlemo_tef,teff,19/11/2011,26/07/2019,19/11/2011,26/07/2019,20/11/2011,27/07/2019
197,2019_snnpr_anlemo_wheat,breadwheat,23/11/2011,30/07/2019,22/11/2011,29/07/2019,25/11/2011,01/08/2019
198,2019_snnpr_chena_fababean,fababean,16/12/2011,22/08/2019,06/12/2011,12/08/2019,30/12/2011,05/09/2019
199,2019_snnpr_chena_wheat,breadwheat,NaN,,Inf,Inf,#NAME?,
200,2019_snnpr_dalocha_et_wheat,breadwheat,15/11/2011,22/07/2019,12/11/2011,19/07/2019,18/11/2011,25/07/2019
201,2019_snnpr_dalocha_md_haricotbean,commonbean,16/11/2011,23/07/2019,10/11/2011,17/07/2019,19/11/2011,26/07/2019
202,2019_snnpr_dalocha_md_haricotbean,haricotbean,16/11/2011,23/07/2019,10/11/2011,17/07/2019,19/11/2011,26/07/2019
203,2019_snnpr_dalocha_ws_tef,teff,15/11/2011,22/07/2019,12/11/2011,19/07/2019,18/11/2011,25/07/2019
204,2019_snnpr_dgale_haricotbean,commonbean,22/01/2012,03/10/2019,01/12/2011,07/08/2019,30/01/2012,11/10/2019
205,2019_snnpr_dgale_haricotbean,haricotbean,22/01/2012,03/10/2019,01/12/2011,07/08/2019,30/01/2012,11/10/2019
206,2019_snnpr_halaba_fmillet,fingermillet,10/11/2011,17/07/2019,09/10/2011,16/06/2019,09/12/2011,15/08/2019
207,2019_snnpr_halaba_haricotbean,haricotbean,08/12/2011,14/08/2019,03/12/2011,09/08/2019,15/12/2011,21/08/2019
208,2019_snnpr_halaba_tef,teff,22/12/2011,28/08/2019,19/12/2011,25/08/2019,25/12/2011,31/08/2019
209,2019_snnpr_humbo_kwangella_hbean,commonbean,NaN,05/05/2019,Inf,23/04/2019,#NAME?,08/05/2019
210,2019_snnpr_humbo_kwangella_hbean,haricotbean,NaN,05/05/2019,Inf,23/04/2019,#NAME?,08/05/2019
211,2019_snnpr_humbo_shochora_tef,teff,NaN,24/07/2019,Inf,22/07/2019,#NAME?,06/08/2019
212,2019_snnpr_jinka_alga_fmillet,fingermillet,12/08/2011,20/04/2019,09/08/2011,17/04/2019,16/08/2011,24/04/2019
213,2019_snnpr_jinka_bala_fmillet,fingermillet,05/08/2011,13/04/2019,01/08/2011,09/04/2019,16/08/2011,24/04/2019
214,2019_snnpr_jinka_baytsemal_fmillet,fingermillet,16/08/2011,24/04/2019,01/08/2011,09/04/2019,30/08/2011,08/05/2019
215,2019_snnpr_jinka_kaysa_fmillet,fingermillet,18/08/2011,26/04/2019,02/08/2011,10/04/2019,30/08/2011,08/05/2019
216,2019_snnpr_lemo_tef,teff,19/12/2011,25/08/2019,11/12/2011,17/08/2019,20/12/2011,26/08/2019
217,2019_snnpr_lemo_wheat,breadwheat,24/11/2011,31/07/2019,03/11/2011,10/07/2019,10/12/2011,16/08/2019
218,2019_snnpr_shgale_haricotbean,haricotbean,27/12/2011,02/09/2019,24/12/2011,30/08/2019,30/12/2011,05/09/2019
219,2019_snnpr_shgale_haricotbean,commonbean,27/12/2011,02/09/2019,24/12/2011,30/08/2019,30/12/2011,05/09/2019
220,2019_snnpr_shishonde_hbean,haricotbean,24/11/2011,31/07/2019,19/11/2011,26/07/2019,29/11/2011,05/08/2019
221,2019_snnpr_shishonde_hbean,commonbean,24/11/2011,31/07/2019,19/11/2011,26/07/2019,29/11/2011,05/08/2019
222,2019_snnpr_shishonde_wheat,breadwheat,25/11/2011,01/08/2019,19/11/2011,26/07/2019,29/11/2011,05/08/2019
223,2019_snnpr_zamine_zibaye_tef,teff,22/12/2011,28/08/2019,17/12/2011,23/08/2019,29/12/2011,04/09/2019
224,2019_tig_adwa_wheat,breadwheat,09/11/2011,16/07/2019,01/11/2011,08/07/2019,11/11/2011,18/07/2019
225,2019_tig_asgedetsembela_fmillet,fingermillet,11/10/2011,18/06/2019,28/09/2011,05/06/2019,10/11/2011,17/07/2019
226,2019_tig_asgedetsimbela_sorghum,sorghum,27/10/2011,04/07/2019,01/10/2011,08/06/2019,26/11/2011,02/08/2019
227,2019_tig_axum_faba_bean2,fababean,19/10/2011,26/06/2019,06/10/2011,13/06/2019,10/11/2011,17/07/2019
228,2019_tig_enderta_foodbarley,barley,07/11/2011,14/07/2019,01/11/2011,08/07/2019,11/11/2011,18/07/2019
229,2019_tig_enderta_wheat,breadwheat,07/10/2011,14/06/2019,11/08/2011,19/04/2019,11/11/2011,18/07/2019
230,2019_tig_kilteawulaelo_durumwheat,durumwheat,10/11/2011,17/07/2019,11/10/2011,18/06/2019,22/11/2011,29/07/2019
231,2019_tig_laelayadyabo_fmiilet,fingermillet,17/10/2011,24/06/2019,03/10/2011,10/06/2019,10/11/2011,17/07/2019
232,2019_tig_raya_alamata_foodbarley,barley,08/11/2011,15/07/2019,01/11/2011,08/07/2019,09/11/2011,16/07/2019
233,2019_tig_raya_alamata_sorghum,sorghum,28/11/2011,04/08/2019,01/11/2011,08/07/2019,30/11/2011,06/08/2019
234,2019_tig_raya_alamata_wheat,breadwheat,NaN,,Inf,Inf,#NAME?,
235,2019_tig_tahitay_adiabo_sorghum,sorghum,04/11/2011,11/07/2019,01/11/2011,08/07/2019,11/11/2011,18/07/2019
236,_issd_osw_bosat_furda,commonbean,09/07/2017,09/07/2017,12/06/2017,12/06/2017,29/07/2017,29/07/2017
237,adwa_wheat,breadwheat,16/07/2017,16/07/2017,13/07/2017,13/07/2017,20/07/2017,20/07/2017
238,dejen_fababean_issd_bdu,fababean,NaN,04/07/2018,Inf,01/07/2018,#NAME?,07/07/2018
239,illuababora_bure_haricotbean_2018,commonbean,NaN,,Inf,Inf,#NAME?,#NAME?
240,illuababora_bure_haricotbean_2018,haricotbean,NaN,,Inf,Inf,#NAME?,#NAME?
241,illuababora_bure_millet_2018,fingermillet,NaN,,Inf,Inf,#NAME?,#NAME?
242,illuababora_bure_sorghum_2018,sorghum,NaN,,Inf,Inf,#NAME?,#NAME?
243,illuababora_bure_wheat_2018,durumwheat,NaN,,Inf,Inf,#NAME?,#NAME?
244,illuababora_bure_wheat_2018,wheat,NaN,,Inf,Inf,#NAME?,#NAME?
245,illuababora_bure_wheat_2018,breadwheat,NaN,,Inf,Inf,#NAME?,#NAME?
246,illuababora_hurumu_barley_2018,barley,NaN,,Inf,Inf,#NAME?,#NAME?
247,illuababora_hurumu_fababean_2018,fababean,NaN,,Inf,Inf,#NAME?,#NAME?
248,illuababora_hurumu_haricotbean_2018,commonbean,NaN,,Inf,Inf,#NAME?,#NAME?
249,illuababora_hurumu_haricotbean_2018,haricotbean,NaN,,Inf,Inf,#NAME?,#NAME?
250,illuababora_hurumu_wheat_2018,durumwheat,NaN,,Inf,Inf,#NAME?,#NAME?
251,illuababora_hurumu_wheat_2018,breadwheat,NaN,,Inf,Inf,#NAME?,#NAME?
252,illuababora_hurumu_wheat_2018,wheat,NaN,,Inf,Inf,#NAME?,#NAME?
253,illuababora_teff_2018,teff,NaN,,Inf,Inf,#NAME?,#NAME?
254,issd_ethiopia_osw_lume_faba_bean,fababean,19/07/2017,19/07/2017,09/07/2016,09/07/2017,24/07/2017,24/07/2017
255,issd_ethiopia_osw_sire_fababean,fababean,20/07/2017,20/07/2017,12/06/2017,12/06/2017,24/07/2017,24/07/2017
256,issd_ethiopia_oswu_sire_barley,barley,21/05/2017,21/05/2017,04/05/2017,04/05/2017,24/05/2017,24/05/2017
257,issd_osw_adola_tef2018,teff,26/08/2018,26/08/2018,25/08/2018,25/08/2018,27/08/2019,27/08/2018
258,issd_osw_bosat_butta_dalacha_gada_sorghum,sorghum,21/06/2017,21/06/2017,21/06/2017,21/06/2017,21/06/2017,21/06/2017
259,issd_osw_boset2018_haricotbean,commonbean,20/07/2018,26/07/2018,29/06/2018,29/06/2018,20/07/2019,26/07/2018
260,issd_osw_boset2018_haricotbean,haricotbean,20/07/2018,26/07/2018,29/06/2018,29/06/2018,20/07/2019,26/07/2018
261,issd_osw_dugda_3_kebeles_food_barley_2017,barley,08/07/2017,08/07/2017,21/06/2017,21/06/2017,12/08/2017,12/08/2017
262,issd_osw_dugda_fababean_1_kebele_2017,fababean,18/06/2017,18/06/2017,09/06/2017,09/06/2017,17/07/2017,17/07/2017
263,issd_osw_gorodistrict_4kebeles_commonbean,commonbean,NaN,,Inf,Inf,#NAME?,#NAME?
264,issdose_lume_haricotbean2019,commonbean,NaN,12/07/2019,Inf,28/06/2019,#NAME?,27/07/2019
265,jemal,durumwheat,NaN,,Inf,Inf,#NAME?,#NAME?
266,jemal,wheat,NaN,,Inf,Inf,#NAME?,#NAME?
267,jemal,breadwheat,NaN,,Inf,Inf,#NAME?,#NAME?
268,jimmazuria_omonada_tef_2018,teff,NaN,,Inf,Inf,#NAME?,#NAME?
269,jimmazuria_omonada_wheat_2018,durumwheat,NaN,,Inf,Inf,#NAME?,#NAME?
270,jimmazuria_omonada_wheat_2018,wheat,NaN,,Inf,Inf,#NAME?,#NAME?
271,jimmazuria_omonada_wheat_2018,breadwheat,NaN,,Inf,Inf,#NAME?,#NAME?
272,jimmazuria_tiruafeta_haricotbean_2018,commonbean,NaN,,Inf,Inf,#NAME?,#NAME?
273,jimmazuria_tiruafeta_haricotbean_2018,haricotbean,NaN,,Inf,Inf,#NAME?,#NAME?
274,jimmazuria_tiruafeta_teff_2018,teff,NaN,,Inf,Inf,#NAME?,#NAME?
275,mekelle_hs_dw_2018,durumwheat,NaN,,Inf,Inf,#NAME?,#NAME?
276,osw_issd_sorghum_bosat_buta_badhaso_2017,sorghum,09/06/2017,09/06/2017,11/05/2017,11/05/2017,13/07/2017,13/07/2017
277,osw_issd_tole_all_keb_chickpea_,chickpea,21/06/2017,21/06/2017,01/05/2017,01/05/2017,12/06/2017,22/06/2017
278,osw_issd_tole_chickpea_2017,chickpea,05/08/2017,05/08/2017,30/07/2017,30/07/2017,24/08/2017,24/08/2017
279,snnpr_2019_chenafababean,fababean,09/12/2011,15/08/2019,06/12/2011,12/08/2019,12/12/2011,18/08/2019
280,temben_barley,barley,18/07/2017,18/07/2017,17/07/2017,17/07/2017,20/07/2017,20/07/2017
281,tigray_issdmu_tsimbla_selam_sorghum,sorghum,14/06/2017,14/06/2017,03/06/2017,03/06/2017,12/07/2017,12/07/2017
282,tigray_mu_selam_sorghum,sorghum,01/07/2017,01/07/2017,02/06/2017,02/06/2017,01/08/2017,01/08/2017
283,tigray_muissdadwa__bread_wheat,breadwheat,26/07/2017,26/07/2017,03/07/2017,03/07/2017,30/07/2017,30/07/2017